        7 crates/kernel-gga-1b/src/lib.rs
        7 crates/kernel-gga-1c/src/lib.rs
       53 crates/kernel-lda/src/lib.rs
       95 crates/kernel-lda/src/deferred.rs
       69 crates/kernel-gga/src/lib.rs
        7 crates/kernel-gga-10a/src/lib.rs
        7 crates/kernel-gga-10b/src/lib.rs
        7 crates/kernel-gga-10c/src/lib.rs
        7 crates/kernel-gga-10d/src/lib.rs
       10 crates/kernel-gga-11/src/lib.rs
        7 crates/kernel-gga-1a/src/lib.rs
        7 crates/kernel-gga-1d/src/lib.rs
       21 crates/kernel-gga-20/src/lib.rs
       23 crates/kernel-gga-21/src/lib.rs
       26 crates/kernel-gga-22/src/lib.rs
        7 crates/kernel-gga-2a/src/lib.rs
       11 crates/kernel-gga-12/src/lib.rs
       11 crates/kernel-gga-13/src/lib.rs
       12 crates/kernel-gga-14/src/lib.rs
       12 crates/kernel-gga-15/src/lib.rs
       12 crates/kernel-gga-16/src/lib.rs
       15 crates/kernel-gga-17/src/lib.rs
       17 crates/kernel-gga-18/src/lib.rs
       18 crates/kernel-gga-19/src/lib.rs
        7 crates/kernel-gga-2b/src/lib.rs
        7 crates/kernel-gga-2c/src/lib.rs
        7 crates/kernel-gga-2d/src/lib.rs
        7 crates/kernel-gga-4d/src/lib.rs
        7 crates/kernel-gga-4e/src/lib.rs
        7 crates/kernel-gga-4f/src/lib.rs
        7 crates/kernel-gga-4g/src/lib.rs
        7 crates/kernel-gga-5a/src/lib.rs
        7 crates/kernel-gga-3a/src/lib.rs
        7 crates/kernel-gga-3b/src/lib.rs
        7 crates/kernel-gga-3c/src/lib.rs
        7 crates/kernel-gga-3d/src/lib.rs
        7 crates/kernel-gga-3e/src/lib.rs
        7 crates/kernel-gga-4a/src/lib.rs
        7 crates/kernel-gga-4b/src/lib.rs
        7 crates/kernel-gga-4c/src/lib.rs
        7 crates/kernel-gga-5b/src/lib.rs
        7 crates/kernel-gga-5c/src/lib.rs
        7 crates/kernel-gga-5d/src/lib.rs
        7 crates/kernel-gga-5e/src/lib.rs
        7 crates/kernel-gga-7c/src/lib.rs
        7 crates/kernel-gga-8c/src/lib.rs
        8 crates/kernel-gga-8d/src/lib.rs
        7 crates/kernel-gga-5f/src/lib.rs
        7 crates/kernel-gga-5g/src/lib.rs
        7 crates/kernel-gga-6a/src/lib.rs
        7 crates/kernel-gga-6b/src/lib.rs
        7 crates/kernel-gga-6c/src/lib.rs
        7 crates/kernel-gga-6d/src/lib.rs
        7 crates/kernel-gga-7a/src/lib.rs
        7 crates/kernel-gga-7b/src/lib.rs
        7 crates/kernel-gga-9a/src/lib.rs
        7 crates/kernel-gga-7d/src/lib.rs
        7 crates/kernel-gga-8a/src/lib.rs
        7 crates/kernel-gga-8b/src/lib.rs
        7 crates/kernel-gga-9b/src/lib.rs
        7 crates/kernel-gga-9c/src/lib.rs
      123 crates/kernel-mgga/src/lib.rs
      111 crates/kernel-mgga/src/deferred.rs
        7 crates/kernel-mgga-10a/src/lib.rs
        7 crates/kernel-mgga-10b/src/lib.rs
        7 crates/kernel-mgga-11a/src/lib.rs
        7 crates/kernel-mgga-11b/src/lib.rs
        7 crates/kernel-mgga-11c/src/lib.rs
        7 crates/kernel-mgga-12a/src/lib.rs
        7 crates/kernel-mgga-12b/src/lib.rs
        7 crates/kernel-mgga-12c/src/lib.rs
        7 crates/kernel-mgga-12d/src/lib.rs
        7 crates/kernel-mgga-15c/src/lib.rs
        7 crates/kernel-mgga-15d/src/lib.rs
        7 crates/kernel-mgga-14g/src/lib.rs
        7 crates/kernel-mgga-14h/src/lib.rs
        7 crates/kernel-mgga-14i/src/lib.rs
        7 crates/kernel-mgga-14j/src/lib.rs
        7 crates/kernel-mgga-14k/src/lib.rs
        7 crates/kernel-mgga-14l/src/lib.rs
        7 crates/kernel-mgga-15a/src/lib.rs
        7 crates/kernel-mgga-15b/src/lib.rs
        7 crates/kernel-mgga-13a/src/lib.rs
        7 crates/kernel-mgga-13b/src/lib.rs
        7 crates/kernel-mgga-14a/src/lib.rs
        7 crates/kernel-mgga-14b/src/lib.rs
        7 crates/kernel-mgga-14c/src/lib.rs
        7 crates/kernel-mgga-14d/src/lib.rs
        7 crates/kernel-mgga-14e/src/lib.rs
        7 crates/kernel-mgga-14f/src/lib.rs
        7 crates/kernel-mgga-15e/src/lib.rs
        7 crates/kernel-mgga-15f/src/lib.rs
        7 crates/kernel-mgga-15g/src/lib.rs
        7 crates/kernel-mgga-15h/src/lib.rs
        8 crates/kernel-mgga-16/src/lib.rs
        9 crates/kernel-mgga-17/src/lib.rs
        7 crates/kernel-mgga-18a/src/lib.rs
        7 crates/kernel-mgga-18b/src/lib.rs
        7 crates/kernel-mgga-18c/src/lib.rs
        7 crates/kernel-mgga-19a/src/lib.rs
        7 crates/kernel-mgga-19b/src/lib.rs
        7 crates/kernel-mgga-19c/src/lib.rs
        7 crates/kernel-mgga-19d/src/lib.rs
        7 crates/kernel-mgga-19e/src/lib.rs
        7 crates/kernel-mgga-19f/src/lib.rs
        7 crates/kernel-mgga-19g/src/lib.rs
        7 crates/kernel-mgga-20a/src/lib.rs
        7 crates/kernel-mgga-20b/src/lib.rs
        7 crates/kernel-mgga-1a/src/lib.rs
        7 crates/kernel-mgga-1b/src/lib.rs
        7 crates/kernel-mgga-1c/src/lib.rs
        7 crates/kernel-mgga-1d/src/lib.rs
        7 crates/kernel-mgga-20c/src/lib.rs
        7 crates/kernel-mgga-20d/src/lib.rs
       11 crates/kernel-mgga-21/src/lib.rs
        7 crates/kernel-mgga-22a/src/lib.rs
        7 crates/kernel-mgga-20e/src/lib.rs
        7 crates/kernel-mgga-20f/src/lib.rs
        7 crates/kernel-mgga-20g/src/lib.rs
        7 crates/kernel-mgga-20h/src/lib.rs
        7 crates/kernel-mgga-20i/src/lib.rs
        7 crates/kernel-mgga-20j/src/lib.rs
        7 crates/kernel-mgga-20k/src/lib.rs
        7 crates/kernel-mgga-20l/src/lib.rs
        7 crates/kernel-mgga-22b/src/lib.rs
        7 crates/kernel-mgga-22c/src/lib.rs
        7 crates/kernel-mgga-22d/src/lib.rs
        8 crates/kernel-mgga-23/src/lib.rs
        7 crates/kernel-mgga-24a/src/lib.rs
        7 crates/kernel-mgga-24b/src/lib.rs
        7 crates/kernel-mgga-25a/src/lib.rs
        7 crates/kernel-mgga-25b/src/lib.rs
        7 crates/kernel-mgga-26a/src/lib.rs
        7 crates/kernel-mgga-26b/src/lib.rs
        7 crates/kernel-mgga-27a/src/lib.rs
        7 crates/kernel-mgga-27b/src/lib.rs
        7 crates/kernel-mgga-27c/src/lib.rs
       10 crates/kernel-mgga-28/src/lib.rs
       12 crates/kernel-mgga-29/src/lib.rs
       14 crates/kernel-mgga-35/src/lib.rs
        7 crates/kernel-mgga-36a/src/lib.rs
        7 crates/kernel-mgga-36b/src/lib.rs
        7 crates/kernel-mgga-37a/src/lib.rs
        7 crates/kernel-mgga-37b/src/lib.rs
        7 crates/kernel-mgga-7c/src/lib.rs
        7 crates/kernel-mgga-7d/src/lib.rs
        7 crates/kernel-mgga-3a/src/lib.rs
        7 crates/kernel-mgga-3b/src/lib.rs
        7 crates/kernel-mgga-4a/src/lib.rs
        7 crates/kernel-mgga-4b/src/lib.rs
        9 crates/kernel-mgga-5/src/lib.rs
        8 crates/kernel-mgga-6/src/lib.rs
        7 crates/kernel-mgga-7a/src/lib.rs
        7 crates/kernel-mgga-7b/src/lib.rs
        7 crates/kernel-mgga-7e/src/lib.rs
        7 crates/kernel-mgga-8a/src/lib.rs
        7 crates/kernel-mgga-8b/src/lib.rs
        7 crates/kernel-mgga-8c/src/lib.rs
        7 crates/kernel-mgga-8d/src/lib.rs
        7 crates/kernel-mgga-8e/src/lib.rs
        7 crates/kernel-mgga-8f/src/lib.rs
        7 crates/kernel-mgga-9a/src/lib.rs
        7 crates/kernel-mgga-9b/src/lib.rs
        7 crates/kernel-mgga-2a/src/lib.rs
        7 crates/kernel-mgga-2b/src/lib.rs
       11 crates/kernel-mgga-30/src/lib.rs
        8 crates/kernel-mgga-31/src/lib.rs
        7 crates/kernel-mgga-32a/src/lib.rs
        7 crates/kernel-mgga-32b/src/lib.rs
       10 crates/kernel-mgga-33/src/lib.rs
       14 crates/kernel-mgga-34/src/lib.rs
      102 crates/kernel-lda/src/lda_c_vwn_3/exc_unpol.rs
     2199 crates/kernel-lda/src/lda_c_vwn_3/lxc_pol.rs
      225 crates/kernel-lda/src/lda_c_vwn_3/vxc_unpol.rs
     1440 crates/kernel-lda/src/lda_c_vwn_3/kxc_pol.rs
      808 crates/kernel-lda/src/lda_c_vwn_3/kxc_unpol.rs
      683 crates/kernel-lda/src/lda_c_vwn_3/fxc_pol.rs
      445 crates/kernel-lda/src/lda_c_vwn_3/fxc_unpol.rs
       26 crates/kernel-lda/src/lda_c_vwn_3/mod.rs
      305 crates/kernel-lda/src/lda_c_vwn_3/vxc_pol.rs
     1007 crates/kernel-lda/src/lda_c_vwn_3/lxc_unpol.rs
      128 crates/kernel-lda/src/lda_c_vwn_3/exc_pol.rs
       52 crates/kernel-lda/src/lda_c_gk72/exc_unpol.rs
      138 crates/kernel-lda/src/lda_c_gk72/lxc_pol.rs
       65 crates/kernel-lda/src/lda_c_gk72/vxc_unpol.rs
      117 crates/kernel-lda/src/lda_c_gk72/kxc_pol.rs
      102 crates/kernel-lda/src/lda_c_gk72/kxc_unpol.rs
       93 crates/kernel-lda/src/lda_c_gk72/fxc_pol.rs
       84 crates/kernel-lda/src/lda_c_gk72/fxc_unpol.rs
       26 crates/kernel-lda/src/lda_c_gk72/mod.rs
       70 crates/kernel-lda/src/lda_c_gk72/vxc_pol.rs
      115 crates/kernel-lda/src/lda_c_gk72/lxc_unpol.rs
       55 crates/kernel-lda/src/lda_c_gk72/exc_pol.rs
       93 crates/kernel-lda/src/lda_c_pw/exc_unpol.rs
     1144 crates/kernel-lda/src/lda_c_pw/lxc_pol.rs
      124 crates/kernel-lda/src/lda_c_pw/vxc_unpol.rs
      776 crates/kernel-lda/src/lda_c_pw/kxc_pol.rs
      270 crates/kernel-lda/src/lda_c_pw/kxc_unpol.rs
      425 crates/kernel-lda/src/lda_c_pw/fxc_pol.rs
      186 crates/kernel-lda/src/lda_c_pw/fxc_unpol.rs
       26 crates/kernel-lda/src/lda_c_pw/mod.rs
      225 crates/kernel-lda/src/lda_c_pw/vxc_pol.rs
      301 crates/kernel-lda/src/lda_c_pw/lxc_unpol.rs
      142 crates/kernel-lda/src/lda_c_pw/exc_pol.rs
       59 crates/kernel-lda/src/lda_xc_teter93/exc_unpol.rs
      553 crates/kernel-lda/src/lda_xc_teter93/lxc_pol.rs
       74 crates/kernel-lda/src/lda_xc_teter93/vxc_unpol.rs
      364 crates/kernel-lda/src/lda_xc_teter93/kxc_pol.rs
      110 crates/kernel-lda/src/lda_xc_teter93/kxc_unpol.rs
      215 crates/kernel-lda/src/lda_xc_teter93/fxc_pol.rs
       90 crates/kernel-lda/src/lda_xc_teter93/fxc_unpol.rs
       26 crates/kernel-lda/src/lda_xc_teter93/mod.rs
      124 crates/kernel-lda/src/lda_xc_teter93/vxc_pol.rs
      119 crates/kernel-lda/src/lda_xc_teter93/lxc_unpol.rs
       75 crates/kernel-lda/src/lda_xc_teter93/exc_pol.rs
      250 crates/kernel-lda/src/lda_xc_ksdt/exc_unpol.rs
    13969 crates/kernel-lda/src/lda_xc_ksdt/lxc_pol.rs
      476 crates/kernel-lda/src/lda_xc_ksdt/vxc_unpol.rs
     6523 crates/kernel-lda/src/lda_xc_ksdt/kxc_pol.rs
     1671 crates/kernel-lda/src/lda_xc_ksdt/kxc_unpol.rs
     2303 crates/kernel-lda/src/lda_xc_ksdt/fxc_pol.rs
      885 crates/kernel-lda/src/lda_xc_ksdt/fxc_unpol.rs
       26 crates/kernel-lda/src/lda_xc_ksdt/mod.rs
      819 crates/kernel-lda/src/lda_xc_ksdt/vxc_pol.rs
     2040 crates/kernel-lda/src/lda_xc_ksdt/lxc_unpol.rs
      310 crates/kernel-lda/src/lda_xc_ksdt/exc_pol.rs
       33 crates/kernel-lda/src/lda_xc_1d_ehwlrg/exc_unpol.rs
       86 crates/kernel-lda/src/lda_xc_1d_ehwlrg/lxc_pol.rs
       39 crates/kernel-lda/src/lda_xc_1d_ehwlrg/vxc_unpol.rs
       72 crates/kernel-lda/src/lda_xc_1d_ehwlrg/kxc_pol.rs
       57 crates/kernel-lda/src/lda_xc_1d_ehwlrg/kxc_unpol.rs
       57 crates/kernel-lda/src/lda_xc_1d_ehwlrg/fxc_pol.rs
       48 crates/kernel-lda/src/lda_xc_1d_ehwlrg/fxc_unpol.rs
       26 crates/kernel-lda/src/lda_xc_1d_ehwlrg/mod.rs
       44 crates/kernel-lda/src/lda_xc_1d_ehwlrg/vxc_pol.rs
       63 crates/kernel-lda/src/lda_xc_1d_ehwlrg/lxc_unpol.rs
       36 crates/kernel-lda/src/lda_xc_1d_ehwlrg/exc_pol.rs
       97 crates/kernel-lda/src/lda_c_vwn_2/exc_unpol.rs
     1595 crates/kernel-lda/src/lda_c_vwn_2/lxc_pol.rs
      207 crates/kernel-lda/src/lda_c_vwn_2/vxc_unpol.rs
     1163 crates/kernel-lda/src/lda_c_vwn_2/kxc_pol.rs
      738 crates/kernel-lda/src/lda_c_vwn_2/kxc_unpol.rs
      600 crates/kernel-lda/src/lda_c_vwn_2/fxc_pol.rs
      406 crates/kernel-lda/src/lda_c_vwn_2/fxc_unpol.rs
       26 crates/kernel-lda/src/lda_c_vwn_2/mod.rs
      282 crates/kernel-lda/src/lda_c_vwn_2/vxc_pol.rs
      939 crates/kernel-lda/src/lda_c_vwn_2/lxc_unpol.rs
      123 crates/kernel-lda/src/lda_c_vwn_2/exc_pol.rs
       34 crates/kernel-lda/src/lda_c_gombas/exc_unpol.rs
      123 crates/kernel-lda/src/lda_c_gombas/lxc_pol.rs
       47 crates/kernel-lda/src/lda_c_gombas/vxc_unpol.rs
      107 crates/kernel-lda/src/lda_c_gombas/kxc_pol.rs
       92 crates/kernel-lda/src/lda_c_gombas/kxc_unpol.rs
       75 crates/kernel-lda/src/lda_c_gombas/fxc_pol.rs
       66 crates/kernel-lda/src/lda_c_gombas/fxc_unpol.rs
       26 crates/kernel-lda/src/lda_c_gombas/mod.rs
       52 crates/kernel-lda/src/lda_c_gombas/vxc_pol.rs
      100 crates/kernel-lda/src/lda_c_gombas/lxc_unpol.rs
       37 crates/kernel-lda/src/lda_c_gombas/exc_pol.rs
      151 crates/kernel-gga-1b/src/gga_c_ft97/exc_unpol.rs
     6401 crates/kernel-gga-1b/src/gga_c_ft97/lxc_pol_part20_v4rho3sigma_6.rs
     9338 crates/kernel-gga-1b/src/gga_c_ft97/lxc_pol_part13_v4rho4_3.rs
    10906 crates/kernel-gga-1b/src/gga_c_ft97/lxc_pol_part12_v4rho4_2.rs
       34 crates/kernel-gga-1b/src/gga_c_ft97/lxc_pol_part21_v4rho3sigma_7.rs
     8980 crates/kernel-gga-1b/src/gga_c_ft97/lxc_pol_part11_v4rho4_1.rs
     6600 crates/kernel-gga-1b/src/gga_c_ft97/lxc_pol_part17_v4rho3sigma_3.rs
     6674 crates/kernel-gga-1b/src/gga_c_ft97/lxc_pol_part22_v4rho3sigma_8.rs
       11 crates/kernel-gga-1b/src/gga_c_ft97/mod.rs
      911 crates/kernel-gga-1b/src/gga_c_ft97/vxc_pol.rs
     3310 crates/kernel-gga-1c/src/gga_c_ft97/lxc_pol_part16_v4rho3sigma_2.rs
     1700 crates/kernel-gga-1c/src/gga_c_ft97/lxc_pol_part33_v4sigma4.rs
     2849 crates/kernel-gga-1c/src/gga_c_ft97/kxc_pol_part1_v3rho3_0.rs
     3647 crates/kernel-gga-1c/src/gga_c_ft97/lxc_pol_part25_v4rho2sigma2_0_v4rho2sigma2_1_v4rho2sigma2_2_v4rho2sigma2_3_v4rho2sigma2_4.rs
     2153 crates/kernel-gga-1c/src/gga_c_ft97/kxc_unpol.rs
     3740 crates/kernel-gga-1c/src/gga_c_ft97/lxc_pol_part0_zk_vrho_vsigma_v2rho2_v2rhosigma_v2sigma2.rs
     3739 crates/kernel-gga-1c/src/gga_c_ft97/fxc_pol.rs
     1311 crates/kernel-gga-1c/src/gga_c_ft97/kxc_pol_part9_v3sigma3.rs
      871 crates/kernel-gga-1c/src/gga_c_ft97/fxc_unpol.rs
     1938 crates/kernel-gga-1c/src/gga_c_ft97/lxc_pol_part7_v3rho2sigma_8.rs
     3350 crates/kernel-gga-1c/src/gga_c_ft97/lxc_pol_part23_v4rho3sigma_9_v4rho3sigma_10.rs
     3248 crates/kernel-gga-1c/src/gga_c_ft97/lxc_pol_part29_v4rho2sigma2_12_v4rho2sigma2_13_v4rho2sigma2_14_v4rho2sigma2_15_v4rho2sigma2_16.rs
     1938 crates/kernel-gga-1c/src/gga_c_ft97/kxc_pol_part7_v3rho2sigma_8.rs
     2849 crates/kernel-gga-1c/src/gga_c_ft97/lxc_pol_part1_v3rho3_0.rs
     3650 crates/kernel-gga-1c/src/gga_c_ft97/lxc_pol_part30_v4rho2sigma2_17.rs
       19 crates/kernel-gga-1c/src/gga_c_ft97/mod.rs
     3389 crates/kernel-gga-1c/src/gga_c_ft97/lxc_unpol.rs
     3220 crates/kernel-gga-1c/src/gga_c_ft97/lxc_pol_part26_v4rho2sigma2_5.rs
       64 crates/kernel-lda/src/lda_c_ml1/exc_unpol.rs
     4229 crates/kernel-lda/src/lda_c_ml1/lxc_pol.rs
       76 crates/kernel-lda/src/lda_c_ml1/vxc_unpol.rs
     1784 crates/kernel-lda/src/lda_c_ml1/kxc_pol.rs
      115 crates/kernel-lda/src/lda_c_ml1/kxc_unpol.rs
      557 crates/kernel-lda/src/lda_c_ml1/fxc_pol.rs
       95 crates/kernel-lda/src/lda_c_ml1/fxc_unpol.rs
       26 crates/kernel-lda/src/lda_c_ml1/mod.rs
      194 crates/kernel-lda/src/lda_c_ml1/vxc_pol.rs
      124 crates/kernel-lda/src/lda_c_ml1/lxc_unpol.rs
       89 crates/kernel-lda/src/lda_c_ml1/exc_pol.rs
      145 crates/kernel-lda/src/lda_c_pmgb06/exc_unpol.rs
     9854 crates/kernel-lda/src/lda_c_pmgb06/lxc_pol.rs
      226 crates/kernel-lda/src/lda_c_pmgb06/vxc_unpol.rs
     4073 crates/kernel-lda/src/lda_c_pmgb06/kxc_pol.rs
      477 crates/kernel-lda/src/lda_c_pmgb06/kxc_unpol.rs
     1478 crates/kernel-lda/src/lda_c_pmgb06/fxc_pol.rs
      340 crates/kernel-lda/src/lda_c_pmgb06/fxc_unpol.rs
       26 crates/kernel-lda/src/lda_c_pmgb06/mod.rs
      536 crates/kernel-lda/src/lda_c_pmgb06/vxc_pol.rs
      559 crates/kernel-lda/src/lda_c_pmgb06/lxc_unpol.rs
      222 crates/kernel-lda/src/lda_c_pmgb06/exc_pol.rs
       62 crates/kernel-lda/src/lda_c_chachiyo/exc_unpol.rs
      321 crates/kernel-lda/src/lda_c_chachiyo/lxc_pol.rs
       74 crates/kernel-lda/src/lda_c_chachiyo/vxc_unpol.rs
      246 crates/kernel-lda/src/lda_c_chachiyo/kxc_pol.rs
      112 crates/kernel-lda/src/lda_c_chachiyo/kxc_unpol.rs
      168 crates/kernel-lda/src/lda_c_chachiyo/fxc_pol.rs
       93 crates/kernel-lda/src/lda_c_chachiyo/fxc_unpol.rs
       26 crates/kernel-lda/src/lda_c_chachiyo/mod.rs
      107 crates/kernel-lda/src/lda_c_chachiyo/vxc_pol.rs
      130 crates/kernel-lda/src/lda_c_chachiyo/lxc_unpol.rs
       77 crates/kernel-lda/src/lda_c_chachiyo/exc_pol.rs
       39 crates/kernel-lda/src/lda_x/exc_unpol.rs
      423 crates/kernel-lda/src/lda_x/lxc_pol.rs
       46 crates/kernel-lda/src/lda_x/vxc_unpol.rs
      290 crates/kernel-lda/src/lda_x/kxc_pol.rs
       57 crates/kernel-lda/src/lda_x/kxc_unpol.rs
      172 crates/kernel-lda/src/lda_x/fxc_pol.rs
       51 crates/kernel-lda/src/lda_x/fxc_unpol.rs
       26 crates/kernel-lda/src/lda_x/mod.rs
      100 crates/kernel-lda/src/lda_x/vxc_pol.rs
       62 crates/kernel-lda/src/lda_x/lxc_unpol.rs
       57 crates/kernel-lda/src/lda_x/exc_pol.rs
       69 crates/kernel-lda/src/lda_c_vwn_4/exc_unpol.rs
     1386 crates/kernel-lda/src/lda_c_vwn_4/lxc_pol.rs
      123 crates/kernel-lda/src/lda_c_vwn_4/vxc_unpol.rs
      949 crates/kernel-lda/src/lda_c_vwn_4/kxc_pol.rs
      369 crates/kernel-lda/src/lda_c_vwn_4/kxc_unpol.rs
      482 crates/kernel-lda/src/lda_c_vwn_4/fxc_pol.rs
      218 crates/kernel-lda/src/lda_c_vwn_4/fxc_unpol.rs
       26 crates/kernel-lda/src/lda_c_vwn_4/mod.rs
      228 crates/kernel-lda/src/lda_c_vwn_4/vxc_pol.rs
      445 crates/kernel-lda/src/lda_c_vwn_4/lxc_unpol.rs
      106 crates/kernel-lda/src/lda_c_vwn_4/exc_pol.rs
       53 crates/kernel-lda/src/lda_c_2d_prm/exc_unpol.rs
      201 crates/kernel-lda/src/lda_c_2d_prm/lxc_pol.rs
       76 crates/kernel-lda/src/lda_c_2d_prm/vxc_unpol.rs
      172 crates/kernel-lda/src/lda_c_2d_prm/kxc_pol.rs
      157 crates/kernel-lda/src/lda_c_2d_prm/kxc_unpol.rs
      120 crates/kernel-lda/src/lda_c_2d_prm/fxc_pol.rs
      111 crates/kernel-lda/src/lda_c_2d_prm/fxc_unpol.rs
       26 crates/kernel-lda/src/lda_c_2d_prm/mod.rs
       81 crates/kernel-lda/src/lda_c_2d_prm/vxc_pol.rs
      178 crates/kernel-lda/src/lda_c_2d_prm/lxc_unpol.rs
       56 crates/kernel-lda/src/lda_c_2d_prm/exc_pol.rs
       59 crates/kernel-lda/src/lda_x_rel/exc_unpol.rs
      534 crates/kernel-lda/src/lda_x_rel/lxc_pol.rs
       75 crates/kernel-lda/src/lda_x_rel/vxc_unpol.rs
      359 crates/kernel-lda/src/lda_x_rel/kxc_pol.rs
      110 crates/kernel-lda/src/lda_x_rel/kxc_unpol.rs
      217 crates/kernel-lda/src/lda_x_rel/fxc_pol.rs
       92 crates/kernel-lda/src/lda_x_rel/fxc_unpol.rs
       26 crates/kernel-lda/src/lda_x_rel/mod.rs
      129 crates/kernel-lda/src/lda_x_rel/vxc_pol.rs
      121 crates/kernel-lda/src/lda_x_rel/lxc_unpol.rs
       77 crates/kernel-lda/src/lda_x_rel/exc_pol.rs
      135 crates/kernel-lda/src/lda_c_pw_erf/exc_unpol.rs
    11263 crates/kernel-lda/src/lda_c_pw_erf/lxc_pol.rs
      227 crates/kernel-lda/src/lda_c_pw_erf/vxc_unpol.rs
     4538 crates/kernel-lda/src/lda_c_pw_erf/kxc_pol.rs
      560 crates/kernel-lda/src/lda_c_pw_erf/kxc_unpol.rs
     1579 crates/kernel-lda/src/lda_c_pw_erf/fxc_pol.rs
      364 crates/kernel-lda/src/lda_c_pw_erf/fxc_unpol.rs
       26 crates/kernel-lda/src/lda_c_pw_erf/mod.rs
      548 crates/kernel-lda/src/lda_c_pw_erf/vxc_pol.rs
      697 crates/kernel-lda/src/lda_c_pw_erf/lxc_unpol.rs
      218 crates/kernel-lda/src/lda_c_pw_erf/exc_pol.rs
       69 crates/kernel-lda/src/lda_c_vwn/exc_unpol.rs
     1386 crates/kernel-lda/src/lda_c_vwn/lxc_pol.rs
      123 crates/kernel-lda/src/lda_c_vwn/vxc_unpol.rs
      949 crates/kernel-lda/src/lda_c_vwn/kxc_pol.rs
      369 crates/kernel-lda/src/lda_c_vwn/kxc_unpol.rs
      482 crates/kernel-lda/src/lda_c_vwn/fxc_pol.rs
      218 crates/kernel-lda/src/lda_c_vwn/fxc_unpol.rs
       26 crates/kernel-lda/src/lda_c_vwn/mod.rs
      228 crates/kernel-lda/src/lda_c_vwn/vxc_pol.rs
      445 crates/kernel-lda/src/lda_c_vwn/lxc_unpol.rs
      106 crates/kernel-lda/src/lda_c_vwn/exc_pol.rs
       77 crates/kernel-lda/src/lda_x_erf/exc_unpol.rs
     1483 crates/kernel-lda/src/lda_x_erf/lxc_pol.rs
      105 crates/kernel-lda/src/lda_x_erf/vxc_unpol.rs
     1043 crates/kernel-lda/src/lda_x_erf/kxc_pol.rs
      164 crates/kernel-lda/src/lda_x_erf/kxc_unpol.rs
      562 crates/kernel-lda/src/lda_x_erf/fxc_pol.rs
      129 crates/kernel-lda/src/lda_x_erf/fxc_unpol.rs
       26 crates/kernel-lda/src/lda_x_erf/mod.rs
      268 crates/kernel-lda/src/lda_x_erf/vxc_pol.rs
      182 crates/kernel-lda/src/lda_x_erf/lxc_unpol.rs
      125 crates/kernel-lda/src/lda_x_erf/exc_pol.rs
       38 crates/kernel-lda/src/lda_k_gds08_worker/exc_unpol.rs
      652 crates/kernel-lda/src/lda_k_gds08_worker/lxc_pol.rs
       45 crates/kernel-lda/src/lda_k_gds08_worker/vxc_unpol.rs
      370 crates/kernel-lda/src/lda_k_gds08_worker/kxc_pol.rs
       58 crates/kernel-lda/src/lda_k_gds08_worker/kxc_unpol.rs
      197 crates/kernel-lda/src/lda_k_gds08_worker/fxc_pol.rs
       52 crates/kernel-lda/src/lda_k_gds08_worker/fxc_unpol.rs
       26 crates/kernel-lda/src/lda_k_gds08_worker/mod.rs
      107 crates/kernel-lda/src/lda_k_gds08_worker/vxc_pol.rs
       65 crates/kernel-lda/src/lda_k_gds08_worker/lxc_unpol.rs
       61 crates/kernel-lda/src/lda_k_gds08_worker/exc_pol.rs
       58 crates/kernel-lda/src/lda_c_1d_csc/exc_unpol.rs
      510 crates/kernel-lda/src/lda_c_1d_csc/lxc_pol.rs
       75 crates/kernel-lda/src/lda_c_1d_csc/vxc_unpol.rs
      360 crates/kernel-lda/src/lda_c_1d_csc/kxc_pol.rs
      147 crates/kernel-lda/src/lda_c_1d_csc/kxc_unpol.rs
      218 crates/kernel-lda/src/lda_c_1d_csc/fxc_pol.rs
      105 crates/kernel-lda/src/lda_c_1d_csc/fxc_unpol.rs
       26 crates/kernel-lda/src/lda_c_1d_csc/mod.rs
      133 crates/kernel-lda/src/lda_c_1d_csc/vxc_pol.rs
      165 crates/kernel-lda/src/lda_c_1d_csc/lxc_unpol.rs
       95 crates/kernel-lda/src/lda_c_1d_csc/exc_pol.rs
       35 crates/kernel-lda/src/lda_x_sloc/exc_unpol.rs
      363 crates/kernel-lda/src/lda_x_sloc/lxc_pol.rs
       39 crates/kernel-lda/src/lda_x_sloc/vxc_unpol.rs
      223 crates/kernel-lda/src/lda_x_sloc/kxc_pol.rs
       53 crates/kernel-lda/src/lda_x_sloc/kxc_unpol.rs
      128 crates/kernel-lda/src/lda_x_sloc/fxc_pol.rs
       46 crates/kernel-lda/src/lda_x_sloc/fxc_unpol.rs
       26 crates/kernel-lda/src/lda_x_sloc/mod.rs
       76 crates/kernel-lda/src/lda_x_sloc/vxc_pol.rs
       59 crates/kernel-lda/src/lda_x_sloc/lxc_unpol.rs
       49 crates/kernel-lda/src/lda_x_sloc/exc_pol.rs
      118 crates/kernel-lda/src/lda_c_w20/exc_unpol.rs
      977 crates/kernel-lda/src/lda_c_w20/lxc_pol.rs
      194 crates/kernel-lda/src/lda_c_w20/vxc_unpol.rs
      718 crates/kernel-lda/src/lda_c_w20/kxc_pol.rs
      567 crates/kernel-lda/src/lda_c_w20/kxc_unpol.rs
      408 crates/kernel-lda/src/lda_c_w20/fxc_pol.rs
      333 crates/kernel-lda/src/lda_c_w20/fxc_unpol.rs
       26 crates/kernel-lda/src/lda_c_w20/mod.rs
      224 crates/kernel-lda/src/lda_c_w20/vxc_pol.rs
      725 crates/kernel-lda/src/lda_c_w20/lxc_unpol.rs
      133 crates/kernel-lda/src/lda_c_w20/exc_pol.rs
       67 crates/kernel-gga-20/src/gga_x_bayesian/exc_unpol.rs
     1058 crates/kernel-gga-20/src/gga_x_bayesian/lxc_pol.rs
      100 crates/kernel-gga-20/src/gga_x_bayesian/vxc_unpol.rs
      679 crates/kernel-gga-20/src/gga_x_bayesian/kxc_pol.rs
      235 crates/kernel-gga-20/src/gga_x_bayesian/kxc_unpol.rs
      354 crates/kernel-gga-20/src/gga_x_bayesian/fxc_pol.rs
      154 crates/kernel-gga-20/src/gga_x_bayesian/fxc_unpol.rs
       25 crates/kernel-gga-20/src/gga_x_bayesian/mod.rs
      181 crates/kernel-gga-20/src/gga_x_bayesian/vxc_pol.rs
      300 crates/kernel-gga-20/src/gga_x_bayesian/lxc_unpol.rs
       99 crates/kernel-gga-20/src/gga_x_bayesian/exc_pol.rs
       66 crates/kernel-gga-20/src/gga_x_kt/exc_unpol.rs
     1531 crates/kernel-gga-20/src/gga_x_kt/lxc_pol.rs
       93 crates/kernel-gga-20/src/gga_x_kt/vxc_unpol.rs
      946 crates/kernel-gga-20/src/gga_x_kt/kxc_pol.rs
      165 crates/kernel-gga-20/src/gga_x_kt/kxc_unpol.rs
      406 crates/kernel-gga-20/src/gga_x_kt/fxc_pol.rs
      125 crates/kernel-gga-20/src/gga_x_kt/fxc_unpol.rs
       25 crates/kernel-gga-20/src/gga_x_kt/mod.rs
      189 crates/kernel-gga-20/src/gga_x_kt/vxc_pol.rs
      185 crates/kernel-gga-20/src/gga_x_kt/lxc_unpol.rs
      102 crates/kernel-gga-20/src/gga_x_kt/exc_pol.rs
       63 crates/kernel-gga-20/src/gga_x_cap/exc_unpol.rs
     1094 crates/kernel-gga-20/src/gga_x_cap/lxc_pol.rs
      103 crates/kernel-gga-20/src/gga_x_cap/vxc_unpol.rs
      675 crates/kernel-gga-20/src/gga_x_cap/kxc_pol.rs
      264 crates/kernel-gga-20/src/gga_x_cap/kxc_unpol.rs
      349 crates/kernel-gga-20/src/gga_x_cap/fxc_pol.rs
      160 crates/kernel-gga-20/src/gga_x_cap/fxc_unpol.rs
       25 crates/kernel-gga-20/src/gga_x_cap/mod.rs
      176 crates/kernel-gga-20/src/gga_x_cap/vxc_pol.rs
      336 crates/kernel-gga-20/src/gga_x_cap/lxc_unpol.rs
       93 crates/kernel-gga-20/src/gga_x_cap/exc_pol.rs
       64 crates/kernel-gga-20/src/gga_x_ak13/exc_unpol.rs
     1015 crates/kernel-gga-20/src/gga_x_ak13/lxc_pol.rs
      102 crates/kernel-gga-20/src/gga_x_ak13/vxc_unpol.rs
      629 crates/kernel-gga-20/src/gga_x_ak13/kxc_pol.rs
      233 crates/kernel-gga-20/src/gga_x_ak13/kxc_unpol.rs
      336 crates/kernel-gga-20/src/gga_x_ak13/fxc_pol.rs
      158 crates/kernel-gga-20/src/gga_x_ak13/fxc_unpol.rs
       25 crates/kernel-gga-20/src/gga_x_ak13/mod.rs
      168 crates/kernel-gga-20/src/gga_x_ak13/vxc_pol.rs
      291 crates/kernel-gga-20/src/gga_x_ak13/lxc_unpol.rs
       92 crates/kernel-gga-20/src/gga_x_ak13/exc_pol.rs
       70 crates/kernel-gga-20/src/gga_x_pbeint/exc_unpol.rs
     1095 crates/kernel-gga-20/src/gga_x_pbeint/lxc_pol.rs
      117 crates/kernel-gga-20/src/gga_x_pbeint/vxc_unpol.rs
      698 crates/kernel-gga-20/src/gga_x_pbeint/kxc_pol.rs
      252 crates/kernel-gga-20/src/gga_x_pbeint/kxc_unpol.rs
      377 crates/kernel-gga-20/src/gga_x_pbeint/fxc_pol.rs
      176 crates/kernel-gga-20/src/gga_x_pbeint/fxc_unpol.rs
       25 crates/kernel-gga-20/src/gga_x_pbeint/mod.rs
      193 crates/kernel-gga-20/src/gga_x_pbeint/vxc_pol.rs
      291 crates/kernel-gga-20/src/gga_x_pbeint/lxc_unpol.rs
       98 crates/kernel-gga-20/src/gga_x_pbeint/exc_pol.rs
       53 crates/kernel-gga-20/src/gga_x_lag/exc_unpol.rs
     1560 crates/kernel-gga-20/src/gga_x_lag/lxc_pol.rs
       82 crates/kernel-gga-20/src/gga_x_lag/vxc_unpol.rs
      836 crates/kernel-gga-20/src/gga_x_lag/kxc_pol.rs
      223 crates/kernel-gga-20/src/gga_x_lag/kxc_unpol.rs
      374 crates/kernel-gga-20/src/gga_x_lag/fxc_pol.rs
      140 crates/kernel-gga-20/src/gga_x_lag/fxc_unpol.rs
       25 crates/kernel-gga-20/src/gga_x_lag/mod.rs
      165 crates/kernel-gga-20/src/gga_x_lag/vxc_pol.rs
      284 crates/kernel-gga-20/src/gga_x_lag/lxc_unpol.rs
       84 crates/kernel-gga-20/src/gga_x_lag/exc_pol.rs
       72 crates/kernel-gga-20/src/gga_x_ssb_sw/exc_unpol.rs
      953 crates/kernel-gga-20/src/gga_x_ssb_sw/lxc_pol.rs
      109 crates/kernel-gga-20/src/gga_x_ssb_sw/vxc_unpol.rs
      631 crates/kernel-gga-20/src/gga_x_ssb_sw/kxc_pol.rs
      218 crates/kernel-gga-20/src/gga_x_ssb_sw/kxc_unpol.rs
      356 crates/kernel-gga-20/src/gga_x_ssb_sw/fxc_pol.rs
      157 crates/kernel-gga-20/src/gga_x_ssb_sw/fxc_unpol.rs
       25 crates/kernel-gga-20/src/gga_x_ssb_sw/mod.rs
      199 crates/kernel-gga-20/src/gga_x_ssb_sw/vxc_pol.rs
      251 crates/kernel-gga-20/src/gga_x_ssb_sw/lxc_unpol.rs
      112 crates/kernel-gga-20/src/gga_x_ssb_sw/exc_pol.rs
       73 crates/kernel-gga-20/src/gga_k_apbeint/exc_unpol.rs
     1097 crates/kernel-gga-20/src/gga_k_apbeint/lxc_pol.rs
      120 crates/kernel-gga-20/src/gga_k_apbeint/vxc_unpol.rs
      700 crates/kernel-gga-20/src/gga_k_apbeint/kxc_pol.rs
      256 crates/kernel-gga-20/src/gga_k_apbeint/kxc_unpol.rs
      379 crates/kernel-gga-20/src/gga_k_apbeint/fxc_pol.rs
      179 crates/kernel-gga-20/src/gga_k_apbeint/fxc_unpol.rs
       25 crates/kernel-gga-20/src/gga_k_apbeint/mod.rs
      197 crates/kernel-gga-20/src/gga_k_apbeint/vxc_pol.rs
      295 crates/kernel-gga-20/src/gga_k_apbeint/lxc_unpol.rs
      103 crates/kernel-gga-20/src/gga_k_apbeint/exc_pol.rs
       85 crates/kernel-gga-20/src/gga_k_mpbe/exc_unpol.rs
     1005 crates/kernel-gga-20/src/gga_k_mpbe/lxc_pol.rs
      128 crates/kernel-gga-20/src/gga_k_mpbe/vxc_unpol.rs
      658 crates/kernel-gga-20/src/gga_k_mpbe/kxc_pol.rs
      244 crates/kernel-gga-20/src/gga_k_mpbe/kxc_unpol.rs
      373 crates/kernel-gga-20/src/gga_k_mpbe/fxc_pol.rs
      177 crates/kernel-gga-20/src/gga_k_mpbe/fxc_unpol.rs
       25 crates/kernel-gga-20/src/gga_k_mpbe/mod.rs
      219 crates/kernel-gga-20/src/gga_k_mpbe/vxc_pol.rs
      292 crates/kernel-gga-20/src/gga_k_mpbe/lxc_unpol.rs
      126 crates/kernel-gga-20/src/gga_k_mpbe/exc_pol.rs
       74 crates/kernel-gga-20/src/gga_x_sg4/exc_unpol.rs
      981 crates/kernel-gga-20/src/gga_x_sg4/lxc_pol.rs
      103 crates/kernel-gga-20/src/gga_x_sg4/vxc_unpol.rs
      634 crates/kernel-gga-20/src/gga_x_sg4/kxc_pol.rs
      227 crates/kernel-gga-20/src/gga_x_sg4/kxc_unpol.rs
      346 crates/kernel-gga-20/src/gga_x_sg4/fxc_pol.rs
      156 crates/kernel-gga-20/src/gga_x_sg4/fxc_unpol.rs
       25 crates/kernel-gga-20/src/gga_x_sg4/mod.rs
      182 crates/kernel-gga-20/src/gga_x_sg4/vxc_pol.rs
      276 crates/kernel-gga-20/src/gga_x_sg4/lxc_unpol.rs
      111 crates/kernel-gga-20/src/gga_x_sg4/exc_pol.rs
       69 crates/kernel-gga-20/src/gga_x_wc/exc_unpol.rs
     1062 crates/kernel-gga-20/src/gga_x_wc/lxc_pol.rs
      100 crates/kernel-gga-20/src/gga_x_wc/vxc_unpol.rs
      655 crates/kernel-gga-20/src/gga_x_wc/kxc_pol.rs
      229 crates/kernel-gga-20/src/gga_x_wc/kxc_unpol.rs
      342 crates/kernel-gga-20/src/gga_x_wc/fxc_pol.rs
      159 crates/kernel-gga-20/src/gga_x_wc/fxc_unpol.rs
       25 crates/kernel-gga-20/src/gga_x_wc/mod.rs
      168 crates/kernel-gga-20/src/gga_x_wc/vxc_pol.rs
      271 crates/kernel-gga-20/src/gga_x_wc/lxc_unpol.rs
      101 crates/kernel-gga-20/src/gga_x_wc/exc_pol.rs
       68 crates/kernel-gga-20/src/gga_x_s12/exc_unpol.rs
     1023 crates/kernel-gga-20/src/gga_x_s12/lxc_pol.rs
       99 crates/kernel-gga-20/src/gga_x_s12/vxc_unpol.rs
      640 crates/kernel-gga-20/src/gga_x_s12/kxc_pol.rs
      227 crates/kernel-gga-20/src/gga_x_s12/kxc_unpol.rs
      336 crates/kernel-gga-20/src/gga_x_s12/fxc_pol.rs
      146 crates/kernel-gga-20/src/gga_x_s12/fxc_unpol.rs
       25 crates/kernel-gga-20/src/gga_x_s12/mod.rs
      186 crates/kernel-gga-20/src/gga_x_s12/vxc_pol.rs
      290 crates/kernel-gga-20/src/gga_x_s12/lxc_unpol.rs
      105 crates/kernel-gga-20/src/gga_x_s12/exc_pol.rs
       71 crates/kernel-gga-20/src/gga_c_chachiyo/exc_unpol.rs
     1204 crates/kernel-gga-20/src/gga_c_chachiyo/lxc_pol.rs
      105 crates/kernel-gga-20/src/gga_c_chachiyo/vxc_unpol.rs
      632 crates/kernel-gga-20/src/gga_c_chachiyo/kxc_pol.rs
      244 crates/kernel-gga-20/src/gga_c_chachiyo/kxc_unpol.rs
      311 crates/kernel-gga-20/src/gga_c_chachiyo/fxc_pol.rs
      167 crates/kernel-gga-20/src/gga_c_chachiyo/fxc_unpol.rs
       25 crates/kernel-gga-20/src/gga_c_chachiyo/mod.rs
      156 crates/kernel-gga-20/src/gga_c_chachiyo/vxc_pol.rs
      297 crates/kernel-gga-20/src/gga_c_chachiyo/lxc_unpol.rs
       92 crates/kernel-gga-20/src/gga_c_chachiyo/exc_pol.rs
       66 crates/kernel-gga-21/src/gga_x_vmt/exc_unpol.rs
      960 crates/kernel-gga-21/src/gga_x_vmt/lxc_pol.rs
      105 crates/kernel-gga-21/src/gga_x_vmt/vxc_unpol.rs
      606 crates/kernel-gga-21/src/gga_x_vmt/kxc_pol.rs
      219 crates/kernel-gga-21/src/gga_x_vmt/kxc_unpol.rs
      322 crates/kernel-gga-21/src/gga_x_vmt/fxc_pol.rs
      153 crates/kernel-gga-21/src/gga_x_vmt/fxc_unpol.rs
       25 crates/kernel-gga-21/src/gga_x_vmt/mod.rs
      174 crates/kernel-gga-21/src/gga_x_vmt/vxc_pol.rs
      266 crates/kernel-gga-21/src/gga_x_vmt/lxc_unpol.rs
       96 crates/kernel-gga-21/src/gga_x_vmt/exc_pol.rs
       48 crates/kernel-gga-21/src/gga_c_w94/exc_unpol.rs
     1255 crates/kernel-gga-21/src/gga_c_w94/lxc_pol.rs
       67 crates/kernel-gga-21/src/gga_c_w94/vxc_unpol.rs
      544 crates/kernel-gga-21/src/gga_c_w94/kxc_pol.rs
      133 crates/kernel-gga-21/src/gga_c_w94/kxc_unpol.rs
      217 crates/kernel-gga-21/src/gga_c_w94/fxc_pol.rs
       96 crates/kernel-gga-21/src/gga_c_w94/fxc_unpol.rs
       25 crates/kernel-gga-21/src/gga_c_w94/mod.rs
      106 crates/kernel-gga-21/src/gga_c_w94/vxc_pol.rs
      161 crates/kernel-gga-21/src/gga_c_w94/lxc_unpol.rs
       67 crates/kernel-gga-21/src/gga_c_w94/exc_pol.rs
       60 crates/kernel-gga-21/src/gga_k_rational_p/exc_unpol.rs
     1071 crates/kernel-gga-21/src/gga_k_rational_p/lxc_pol.rs
       77 crates/kernel-gga-21/src/gga_k_rational_p/vxc_unpol.rs
      605 crates/kernel-gga-21/src/gga_k_rational_p/kxc_pol.rs
      172 crates/kernel-gga-21/src/gga_k_rational_p/kxc_unpol.rs
      303 crates/kernel-gga-21/src/gga_k_rational_p/fxc_pol.rs
      117 crates/kernel-gga-21/src/gga_k_rational_p/fxc_unpol.rs
       25 crates/kernel-gga-21/src/gga_k_rational_p/mod.rs
      158 crates/kernel-gga-21/src/gga_k_rational_p/vxc_pol.rs
      220 crates/kernel-gga-21/src/gga_k_rational_p/lxc_unpol.rs
       94 crates/kernel-gga-21/src/gga_k_rational_p/exc_pol.rs
       70 crates/kernel-gga-21/src/gga_k_lkt/exc_unpol.rs
      891 crates/kernel-gga-21/src/gga_k_lkt/lxc_pol.rs
       94 crates/kernel-gga-21/src/gga_k_lkt/vxc_unpol.rs
      543 crates/kernel-gga-21/src/gga_k_lkt/kxc_pol.rs
      172 crates/kernel-gga-21/src/gga_k_lkt/kxc_unpol.rs
      305 crates/kernel-gga-21/src/gga_k_lkt/fxc_pol.rs
      129 crates/kernel-gga-21/src/gga_k_lkt/fxc_unpol.rs
       25 crates/kernel-gga-21/src/gga_k_lkt/mod.rs
      171 crates/kernel-gga-21/src/gga_k_lkt/vxc_pol.rs
      216 crates/kernel-gga-21/src/gga_k_lkt/lxc_unpol.rs
      103 crates/kernel-gga-21/src/gga_k_lkt/exc_pol.rs
       68 crates/kernel-gga-21/src/gga_x_b88/exc_unpol.rs
      963 crates/kernel-gga-21/src/gga_x_b88/lxc_pol.rs
      100 crates/kernel-gga-21/src/gga_x_b88/vxc_unpol.rs
      624 crates/kernel-gga-21/src/gga_x_b88/kxc_pol.rs
      229 crates/kernel-gga-21/src/gga_x_b88/kxc_unpol.rs
      333 crates/kernel-gga-21/src/gga_x_b88/fxc_pol.rs
      151 crates/kernel-gga-21/src/gga_x_b88/fxc_unpol.rs
       25 crates/kernel-gga-21/src/gga_x_b88/mod.rs
      176 crates/kernel-gga-21/src/gga_x_b88/vxc_pol.rs
      271 crates/kernel-gga-21/src/gga_x_b88/lxc_unpol.rs
       97 crates/kernel-gga-21/src/gga_x_b88/exc_pol.rs
       75 crates/kernel-gga-21/src/gga_x_pw86/exc_unpol.rs
      975 crates/kernel-gga-21/src/gga_x_pw86/lxc_pol.rs
      102 crates/kernel-gga-21/src/gga_x_pw86/vxc_unpol.rs
      582 crates/kernel-gga-21/src/gga_x_pw86/kxc_pol.rs
      170 crates/kernel-gga-21/src/gga_x_pw86/kxc_unpol.rs
      306 crates/kernel-gga-21/src/gga_x_pw86/fxc_pol.rs
      130 crates/kernel-gga-21/src/gga_x_pw86/fxc_unpol.rs
       25 crates/kernel-gga-21/src/gga_x_pw86/mod.rs
      179 crates/kernel-gga-21/src/gga_x_pw86/vxc_pol.rs
      206 crates/kernel-gga-21/src/gga_x_pw86/lxc_unpol.rs
      108 crates/kernel-gga-21/src/gga_x_pw86/exc_pol.rs
       63 crates/kernel-gga-21/src/gga_x_fd_lb94/exc_unpol.rs
      918 crates/kernel-gga-21/src/gga_x_fd_lb94/lxc_pol.rs
       84 crates/kernel-gga-21/src/gga_x_fd_lb94/vxc_unpol.rs
      569 crates/kernel-gga-21/src/gga_x_fd_lb94/kxc_pol.rs
      190 crates/kernel-gga-21/src/gga_x_fd_lb94/kxc_unpol.rs
      311 crates/kernel-gga-21/src/gga_x_fd_lb94/fxc_pol.rs
      137 crates/kernel-gga-21/src/gga_x_fd_lb94/fxc_unpol.rs
       25 crates/kernel-gga-21/src/gga_x_fd_lb94/mod.rs
      147 crates/kernel-gga-21/src/gga_x_fd_lb94/vxc_pol.rs
      233 crates/kernel-gga-21/src/gga_x_fd_lb94/lxc_unpol.rs
       92 crates/kernel-gga-21/src/gga_x_fd_lb94/exc_pol.rs
       63 crates/kernel-gga-21/src/gga_x_hcth_a/exc_unpol.rs
      955 crates/kernel-gga-21/src/gga_x_hcth_a/lxc_pol.rs
       91 crates/kernel-gga-21/src/gga_x_hcth_a/vxc_unpol.rs
      610 crates/kernel-gga-21/src/gga_x_hcth_a/kxc_pol.rs
      205 crates/kernel-gga-21/src/gga_x_hcth_a/kxc_unpol.rs
      335 crates/kernel-gga-21/src/gga_x_hcth_a/fxc_pol.rs
      142 crates/kernel-gga-21/src/gga_x_hcth_a/fxc_unpol.rs
       25 crates/kernel-gga-21/src/gga_x_hcth_a/mod.rs
      174 crates/kernel-gga-21/src/gga_x_hcth_a/vxc_pol.rs
      248 crates/kernel-gga-21/src/gga_x_hcth_a/lxc_unpol.rs
       97 crates/kernel-gga-21/src/gga_x_hcth_a/exc_pol.rs
       72 crates/kernel-gga-21/src/gga_c_op_xalpha/exc_unpol.rs
     1093 crates/kernel-gga-21/src/gga_c_op_xalpha/lxc_pol.rs
       92 crates/kernel-gga-21/src/gga_c_op_xalpha/vxc_unpol.rs
      611 crates/kernel-gga-21/src/gga_c_op_xalpha/kxc_pol.rs
      163 crates/kernel-gga-21/src/gga_c_op_xalpha/kxc_unpol.rs
      302 crates/kernel-gga-21/src/gga_c_op_xalpha/fxc_pol.rs
      122 crates/kernel-gga-21/src/gga_c_op_xalpha/fxc_unpol.rs
       25 crates/kernel-gga-21/src/gga_c_op_xalpha/mod.rs
      150 crates/kernel-gga-21/src/gga_c_op_xalpha/vxc_pol.rs
      196 crates/kernel-gga-21/src/gga_c_op_xalpha/lxc_unpol.rs
       87 crates/kernel-gga-21/src/gga_c_op_xalpha/exc_pol.rs
       69 crates/kernel-gga-21/src/gga_k_pw86/exc_unpol.rs
      961 crates/kernel-gga-21/src/gga_k_pw86/lxc_pol.rs
       95 crates/kernel-gga-21/src/gga_k_pw86/vxc_unpol.rs
      568 crates/kernel-gga-21/src/gga_k_pw86/kxc_pol.rs
      161 crates/kernel-gga-21/src/gga_k_pw86/kxc_unpol.rs
      295 crates/kernel-gga-21/src/gga_k_pw86/fxc_pol.rs
      121 crates/kernel-gga-21/src/gga_k_pw86/fxc_unpol.rs
       25 crates/kernel-gga-21/src/gga_k_pw86/mod.rs
      170 crates/kernel-gga-21/src/gga_k_pw86/vxc_pol.rs
      197 crates/kernel-gga-21/src/gga_k_pw86/lxc_unpol.rs
      102 crates/kernel-gga-21/src/gga_k_pw86/exc_pol.rs
       55 crates/kernel-gga-21/src/gga_x_2d_b88/exc_unpol.rs
      966 crates/kernel-gga-21/src/gga_x_2d_b88/lxc_pol.rs
       82 crates/kernel-gga-21/src/gga_x_2d_b88/vxc_unpol.rs
      621 crates/kernel-gga-21/src/gga_x_2d_b88/kxc_pol.rs
      193 crates/kernel-gga-21/src/gga_x_2d_b88/kxc_unpol.rs
      332 crates/kernel-gga-21/src/gga_x_2d_b88/fxc_pol.rs
      129 crates/kernel-gga-21/src/gga_x_2d_b88/fxc_unpol.rs
       25 crates/kernel-gga-21/src/gga_x_2d_b88/mod.rs
      169 crates/kernel-gga-21/src/gga_x_2d_b88/vxc_pol.rs
      235 crates/kernel-gga-21/src/gga_x_2d_b88/lxc_unpol.rs
       93 crates/kernel-gga-21/src/gga_x_2d_b88/exc_pol.rs
       65 crates/kernel-gga-21/src/gga_x_pbepow/exc_unpol.rs
      981 crates/kernel-gga-21/src/gga_x_pbepow/lxc_pol.rs
       99 crates/kernel-gga-21/src/gga_x_pbepow/vxc_unpol.rs
      638 crates/kernel-gga-21/src/gga_x_pbepow/kxc_pol.rs
      221 crates/kernel-gga-21/src/gga_x_pbepow/kxc_unpol.rs
      337 crates/kernel-gga-21/src/gga_x_pbepow/fxc_pol.rs
      149 crates/kernel-gga-21/src/gga_x_pbepow/fxc_unpol.rs
       25 crates/kernel-gga-21/src/gga_x_pbepow/mod.rs
      178 crates/kernel-gga-21/src/gga_x_pbepow/vxc_pol.rs
      260 crates/kernel-gga-21/src/gga_x_pbepow/lxc_unpol.rs
       94 crates/kernel-gga-21/src/gga_x_pbepow/exc_pol.rs
       47 crates/kernel-gga-21/src/gga_x_2d_b86/exc_unpol.rs
     1077 crates/kernel-gga-21/src/gga_x_2d_b86/lxc_pol.rs
       63 crates/kernel-gga-21/src/gga_x_2d_b86/vxc_unpol.rs
      603 crates/kernel-gga-21/src/gga_x_2d_b86/kxc_pol.rs
      130 crates/kernel-gga-21/src/gga_x_2d_b86/kxc_unpol.rs
      302 crates/kernel-gga-21/src/gga_x_2d_b86/fxc_pol.rs
       94 crates/kernel-gga-21/src/gga_x_2d_b86/fxc_unpol.rs
       25 crates/kernel-gga-21/src/gga_x_2d_b86/mod.rs
      145 crates/kernel-gga-21/src/gga_x_2d_b86/vxc_pol.rs
      159 crates/kernel-gga-21/src/gga_x_2d_b86/lxc_unpol.rs
       81 crates/kernel-gga-21/src/gga_x_2d_b86/exc_pol.rs
       74 crates/kernel-gga-21/src/gga_k_lgap/exc_unpol.rs
      990 crates/kernel-gga-21/src/gga_k_lgap/lxc_pol.rs
       99 crates/kernel-gga-21/src/gga_k_lgap/vxc_unpol.rs
      604 crates/kernel-gga-21/src/gga_k_lgap/kxc_pol.rs
      181 crates/kernel-gga-21/src/gga_k_lgap/kxc_unpol.rs
      328 crates/kernel-gga-21/src/gga_k_lgap/fxc_pol.rs
      133 crates/kernel-gga-21/src/gga_k_lgap/fxc_unpol.rs
       25 crates/kernel-gga-21/src/gga_k_lgap/mod.rs
      178 crates/kernel-gga-21/src/gga_k_lgap/vxc_pol.rs
      214 crates/kernel-gga-21/src/gga_k_lgap/lxc_unpol.rs
      109 crates/kernel-gga-21/src/gga_k_lgap/exc_pol.rs
       70 crates/kernel-gga-21/src/gga_k_llp/exc_unpol.rs
      964 crates/kernel-gga-21/src/gga_k_llp/lxc_pol.rs
      103 crates/kernel-gga-21/src/gga_k_llp/vxc_unpol.rs
      625 crates/kernel-gga-21/src/gga_k_llp/kxc_pol.rs
      233 crates/kernel-gga-21/src/gga_k_llp/kxc_unpol.rs
      334 crates/kernel-gga-21/src/gga_k_llp/fxc_pol.rs
      155 crates/kernel-gga-21/src/gga_k_llp/fxc_unpol.rs
       25 crates/kernel-gga-21/src/gga_k_llp/mod.rs
      179 crates/kernel-gga-21/src/gga_k_llp/vxc_pol.rs
      275 crates/kernel-gga-21/src/gga_k_llp/lxc_unpol.rs
      101 crates/kernel-gga-21/src/gga_k_llp/exc_pol.rs
       58 crates/kernel-gga-21/src/gga_c_wi/exc_unpol.rs
      860 crates/kernel-gga-21/src/gga_c_wi/lxc_pol.rs
       93 crates/kernel-gga-21/src/gga_c_wi/vxc_unpol.rs
      489 crates/kernel-gga-21/src/gga_c_wi/kxc_pol.rs
      282 crates/kernel-gga-21/src/gga_c_wi/kxc_unpol.rs
      226 crates/kernel-gga-21/src/gga_c_wi/fxc_pol.rs
      164 crates/kernel-gga-21/src/gga_c_wi/fxc_unpol.rs
       25 crates/kernel-gga-21/src/gga_c_wi/mod.rs
      109 crates/kernel-gga-21/src/gga_c_wi/vxc_pol.rs
      315 crates/kernel-gga-21/src/gga_c_wi/lxc_unpol.rs
       65 crates/kernel-gga-21/src/gga_c_wi/exc_pol.rs
       57 crates/kernel-gga-21/src/gga_x_b86/exc_unpol.rs
      933 crates/kernel-gga-21/src/gga_x_b86/lxc_pol.rs
       82 crates/kernel-gga-21/src/gga_x_b86/vxc_unpol.rs
      575 crates/kernel-gga-21/src/gga_x_b86/kxc_pol.rs
      182 crates/kernel-gga-21/src/gga_x_b86/kxc_unpol.rs
      304 crates/kernel-gga-21/src/gga_x_b86/fxc_pol.rs
      123 crates/kernel-gga-21/src/gga_x_b86/fxc_unpol.rs
       25 crates/kernel-gga-21/src/gga_x_b86/mod.rs
      154 crates/kernel-gga-21/src/gga_x_b86/vxc_pol.rs
      232 crates/kernel-gga-21/src/gga_x_b86/lxc_unpol.rs
       85 crates/kernel-gga-21/src/gga_x_b86/exc_pol.rs
       60 crates/kernel-gga-22/src/gga_x_ol2/exc_unpol.rs
      844 crates/kernel-gga-22/src/gga_x_ol2/lxc_pol.rs
       84 crates/kernel-gga-22/src/gga_x_ol2/vxc_unpol.rs
      533 crates/kernel-gga-22/src/gga_x_ol2/kxc_pol.rs
      166 crates/kernel-gga-22/src/gga_x_ol2/kxc_unpol.rs
      294 crates/kernel-gga-22/src/gga_x_ol2/fxc_pol.rs
      121 crates/kernel-gga-22/src/gga_x_ol2/fxc_unpol.rs
       25 crates/kernel-gga-22/src/gga_x_ol2/mod.rs
      155 crates/kernel-gga-22/src/gga_x_ol2/vxc_pol.rs
      192 crates/kernel-gga-22/src/gga_x_ol2/lxc_unpol.rs
       92 crates/kernel-gga-22/src/gga_x_ol2/exc_pol.rs
       63 crates/kernel-gga-22/src/gga_k_pg/exc_unpol.rs
      826 crates/kernel-gga-22/src/gga_k_pg/lxc_pol.rs
       78 crates/kernel-gga-22/src/gga_k_pg/vxc_unpol.rs
      506 crates/kernel-gga-22/src/gga_k_pg/kxc_pol.rs
      144 crates/kernel-gga-22/src/gga_k_pg/kxc_unpol.rs
      264 crates/kernel-gga-22/src/gga_k_pg/fxc_pol.rs
      108 crates/kernel-gga-22/src/gga_k_pg/fxc_unpol.rs
       25 crates/kernel-gga-22/src/gga_k_pg/mod.rs
      142 crates/kernel-gga-22/src/gga_k_pg/vxc_pol.rs
      174 crates/kernel-gga-22/src/gga_k_pg/lxc_unpol.rs
       91 crates/kernel-gga-22/src/gga_k_pg/exc_pol.rs
       63 crates/kernel-gga-22/src/gga_x_lsrpbe/exc_unpol.rs
      857 crates/kernel-gga-22/src/gga_x_lsrpbe/lxc_pol.rs
       83 crates/kernel-gga-22/src/gga_x_lsrpbe/vxc_unpol.rs
      516 crates/kernel-gga-22/src/gga_x_lsrpbe/kxc_pol.rs
      174 crates/kernel-gga-22/src/gga_x_lsrpbe/kxc_unpol.rs
      278 crates/kernel-gga-22/src/gga_x_lsrpbe/fxc_pol.rs
      128 crates/kernel-gga-22/src/gga_x_lsrpbe/fxc_unpol.rs
       25 crates/kernel-gga-22/src/gga_x_lsrpbe/mod.rs
      145 crates/kernel-gga-22/src/gga_x_lsrpbe/vxc_pol.rs
      214 crates/kernel-gga-22/src/gga_x_lsrpbe/lxc_unpol.rs
       93 crates/kernel-gga-22/src/gga_x_lsrpbe/exc_pol.rs
       52 crates/kernel-gga-22/src/gga_x_herman/exc_unpol.rs
      717 crates/kernel-gga-22/src/gga_x_herman/lxc_pol.rs
       65 crates/kernel-gga-22/src/gga_x_herman/vxc_unpol.rs
      437 crates/kernel-gga-22/src/gga_x_herman/kxc_pol.rs
       95 crates/kernel-gga-22/src/gga_x_herman/kxc_unpol.rs
      238 crates/kernel-gga-22/src/gga_x_herman/fxc_pol.rs
       79 crates/kernel-gga-22/src/gga_x_herman/fxc_unpol.rs
       25 crates/kernel-gga-22/src/gga_x_herman/mod.rs
      131 crates/kernel-gga-22/src/gga_x_herman/vxc_pol.rs
      113 crates/kernel-gga-22/src/gga_x_herman/lxc_unpol.rs
       81 crates/kernel-gga-22/src/gga_x_herman/exc_pol.rs
       67 crates/kernel-gga-22/src/gga_k_pearson/exc_unpol.rs
      860 crates/kernel-gga-22/src/gga_k_pearson/lxc_pol.rs
       90 crates/kernel-gga-22/src/gga_k_pearson/vxc_unpol.rs
      545 crates/kernel-gga-22/src/gga_k_pearson/kxc_pol.rs
      173 crates/kernel-gga-22/src/gga_k_pearson/kxc_unpol.rs
      299 crates/kernel-gga-22/src/gga_k_pearson/fxc_pol.rs
      126 crates/kernel-gga-22/src/gga_k_pearson/fxc_unpol.rs
       25 crates/kernel-gga-22/src/gga_k_pearson/mod.rs
      164 crates/kernel-gga-22/src/gga_k_pearson/vxc_pol.rs
      199 crates/kernel-gga-22/src/gga_k_pearson/lxc_unpol.rs
       98 crates/kernel-gga-22/src/gga_k_pearson/exc_pol.rs
       60 crates/kernel-gga-22/src/gga_k_ol1/exc_unpol.rs
      782 crates/kernel-gga-22/src/gga_k_ol1/lxc_pol.rs
       78 crates/kernel-gga-22/src/gga_k_ol1/vxc_unpol.rs
      470 crates/kernel-gga-22/src/gga_k_ol1/kxc_pol.rs
      124 crates/kernel-gga-22/src/gga_k_ol1/kxc_unpol.rs
      254 crates/kernel-gga-22/src/gga_k_ol1/fxc_pol.rs
       99 crates/kernel-gga-22/src/gga_k_ol1/fxc_unpol.rs
       25 crates/kernel-gga-22/src/gga_k_ol1/mod.rs
      142 crates/kernel-gga-22/src/gga_k_ol1/vxc_pol.rs
      145 crates/kernel-gga-22/src/gga_k_ol1/lxc_unpol.rs
       89 crates/kernel-gga-22/src/gga_k_ol1/exc_pol.rs
       59 crates/kernel-gga-22/src/gga_x_rpbe/exc_unpol.rs
      921 crates/kernel-gga-22/src/gga_x_rpbe/lxc_pol.rs
       74 crates/kernel-gga-22/src/gga_x_rpbe/vxc_unpol.rs
      560 crates/kernel-gga-22/src/gga_x_rpbe/kxc_pol.rs
      138 crates/kernel-gga-22/src/gga_x_rpbe/kxc_unpol.rs
      282 crates/kernel-gga-22/src/gga_x_rpbe/fxc_pol.rs
      102 crates/kernel-gga-22/src/gga_x_rpbe/fxc_unpol.rs
       25 crates/kernel-gga-22/src/gga_x_rpbe/mod.rs
      140 crates/kernel-gga-22/src/gga_x_rpbe/vxc_pol.rs
      164 crates/kernel-gga-22/src/gga_x_rpbe/lxc_unpol.rs
       86 crates/kernel-gga-22/src/gga_x_rpbe/exc_pol.rs
       63 crates/kernel-gga-22/src/gga_k_ol2/exc_unpol.rs
      846 crates/kernel-gga-22/src/gga_k_ol2/lxc_pol.rs
       88 crates/kernel-gga-22/src/gga_k_ol2/vxc_unpol.rs
      535 crates/kernel-gga-22/src/gga_k_ol2/kxc_pol.rs
      171 crates/kernel-gga-22/src/gga_k_ol2/kxc_unpol.rs
      296 crates/kernel-gga-22/src/gga_k_ol2/fxc_pol.rs
      126 crates/kernel-gga-22/src/gga_k_ol2/fxc_unpol.rs
       25 crates/kernel-gga-22/src/gga_k_ol2/mod.rs
      159 crates/kernel-gga-22/src/gga_k_ol2/vxc_pol.rs
      197 crates/kernel-gga-22/src/gga_k_ol2/lxc_unpol.rs
       97 crates/kernel-gga-22/src/gga_k_ol2/exc_pol.rs
       50 crates/kernel-gga-22/src/gga_x_pbea/exc_unpol.rs
      853 crates/kernel-gga-22/src/gga_x_pbea/lxc_pol.rs
       64 crates/kernel-gga-22/src/gga_x_pbea/vxc_unpol.rs
      507 crates/kernel-gga-22/src/gga_x_pbea/kxc_pol.rs
      116 crates/kernel-gga-22/src/gga_x_pbea/kxc_unpol.rs
      258 crates/kernel-gga-22/src/gga_x_pbea/fxc_pol.rs
       89 crates/kernel-gga-22/src/gga_x_pbea/fxc_unpol.rs
       25 crates/kernel-gga-22/src/gga_x_pbea/mod.rs
      129 crates/kernel-gga-22/src/gga_x_pbea/vxc_pol.rs
      140 crates/kernel-gga-22/src/gga_x_pbea/lxc_unpol.rs
       76 crates/kernel-gga-22/src/gga_x_pbea/exc_pol.rs
       63 crates/kernel-gga-22/src/gga_x_lspbe/exc_unpol.rs
      853 crates/kernel-gga-22/src/gga_x_lspbe/lxc_pol.rs
       90 crates/kernel-gga-22/src/gga_x_lspbe/vxc_unpol.rs
      519 crates/kernel-gga-22/src/gga_x_lspbe/kxc_pol.rs
      183 crates/kernel-gga-22/src/gga_x_lspbe/kxc_unpol.rs
      280 crates/kernel-gga-22/src/gga_x_lspbe/fxc_pol.rs
      135 crates/kernel-gga-22/src/gga_x_lspbe/fxc_unpol.rs
       25 crates/kernel-gga-22/src/gga_x_lspbe/mod.rs
      149 crates/kernel-gga-22/src/gga_x_lspbe/vxc_pol.rs
      220 crates/kernel-gga-22/src/gga_x_lspbe/lxc_unpol.rs
       93 crates/kernel-gga-22/src/gga_x_lspbe/exc_pol.rs
       58 crates/kernel-gga-22/src/gga_k_tflw/exc_unpol.rs
      742 crates/kernel-gga-22/src/gga_k_tflw/lxc_pol.rs
       71 crates/kernel-gga-22/src/gga_k_tflw/vxc_unpol.rs
      441 crates/kernel-gga-22/src/gga_k_tflw/kxc_pol.rs
      101 crates/kernel-gga-22/src/gga_k_tflw/kxc_unpol.rs
      242 crates/kernel-gga-22/src/gga_k_tflw/fxc_pol.rs
       85 crates/kernel-gga-22/src/gga_k_tflw/fxc_unpol.rs
       25 crates/kernel-gga-22/src/gga_k_tflw/mod.rs
      137 crates/kernel-gga-22/src/gga_k_tflw/vxc_pol.rs
      119 crates/kernel-gga-22/src/gga_k_tflw/lxc_unpol.rs
       88 crates/kernel-gga-22/src/gga_k_tflw/exc_pol.rs
       56 crates/kernel-gga-22/src/gga_x_pbe/exc_unpol.rs
      906 crates/kernel-gga-22/src/gga_x_pbe/lxc_pol.rs
       74 crates/kernel-gga-22/src/gga_x_pbe/vxc_unpol.rs
      538 crates/kernel-gga-22/src/gga_x_pbe/kxc_pol.rs
      140 crates/kernel-gga-22/src/gga_x_pbe/kxc_unpol.rs
      282 crates/kernel-gga-22/src/gga_x_pbe/fxc_pol.rs
      103 crates/kernel-gga-22/src/gga_x_pbe/fxc_unpol.rs
       25 crates/kernel-gga-22/src/gga_x_pbe/mod.rs
      147 crates/kernel-gga-22/src/gga_x_pbe/vxc_pol.rs
      165 crates/kernel-gga-22/src/gga_x_pbe/lxc_unpol.rs
       86 crates/kernel-gga-22/src/gga_x_pbe/exc_pol.rs
       53 crates/kernel-gga-22/src/gga_x_2d_b86_mgc/exc_unpol.rs
      818 crates/kernel-gga-22/src/gga_x_2d_b86_mgc/lxc_pol.rs
       74 crates/kernel-gga-22/src/gga_x_2d_b86_mgc/vxc_unpol.rs
      507 crates/kernel-gga-22/src/gga_x_2d_b86_mgc/kxc_pol.rs
      134 crates/kernel-gga-22/src/gga_x_2d_b86_mgc/kxc_unpol.rs
      284 crates/kernel-gga-22/src/gga_x_2d_b86_mgc/fxc_pol.rs
      103 crates/kernel-gga-22/src/gga_x_2d_b86_mgc/fxc_unpol.rs
       25 crates/kernel-gga-22/src/gga_x_2d_b86_mgc/mod.rs
      155 crates/kernel-gga-22/src/gga_x_2d_b86_mgc/vxc_pol.rs
      159 crates/kernel-gga-22/src/gga_x_2d_b86_mgc/lxc_unpol.rs
       89 crates/kernel-gga-22/src/gga_x_2d_b86_mgc/exc_pol.rs
       54 crates/kernel-gga-22/src/gga_x_g96/exc_unpol.rs
      897 crates/kernel-gga-22/src/gga_x_g96/lxc_pol.rs
       72 crates/kernel-gga-22/src/gga_x_g96/vxc_unpol.rs
      517 crates/kernel-gga-22/src/gga_x_g96/kxc_pol.rs
      142 crates/kernel-gga-22/src/gga_x_g96/kxc_unpol.rs
      267 crates/kernel-gga-22/src/gga_x_g96/fxc_pol.rs
      104 crates/kernel-gga-22/src/gga_x_g96/fxc_unpol.rs
       25 crates/kernel-gga-22/src/gga_x_g96/mod.rs
      134 crates/kernel-gga-22/src/gga_x_g96/vxc_pol.rs
      169 crates/kernel-gga-22/src/gga_x_g96/lxc_unpol.rs
       82 crates/kernel-gga-22/src/gga_x_g96/exc_pol.rs
       68 crates/kernel-gga-22/src/gga_k_exp4/exc_unpol.rs
      828 crates/kernel-gga-22/src/gga_k_exp4/lxc_pol.rs
       91 crates/kernel-gga-22/src/gga_k_exp4/vxc_unpol.rs
      509 crates/kernel-gga-22/src/gga_k_exp4/kxc_pol.rs
      170 crates/kernel-gga-22/src/gga_k_exp4/kxc_unpol.rs
      280 crates/kernel-gga-22/src/gga_k_exp4/fxc_pol.rs
      130 crates/kernel-gga-22/src/gga_k_exp4/fxc_unpol.rs
       25 crates/kernel-gga-22/src/gga_k_exp4/mod.rs
      151 crates/kernel-gga-22/src/gga_k_exp4/vxc_pol.rs
      197 crates/kernel-gga-22/src/gga_k_exp4/lxc_unpol.rs
       99 crates/kernel-gga-22/src/gga_k_exp4/exc_pol.rs
       58 crates/kernel-gga-22/src/gga_k_apbe/exc_unpol.rs
      908 crates/kernel-gga-22/src/gga_k_apbe/lxc_pol.rs
       76 crates/kernel-gga-22/src/gga_k_apbe/vxc_unpol.rs
      540 crates/kernel-gga-22/src/gga_k_apbe/kxc_pol.rs
      141 crates/kernel-gga-22/src/gga_k_apbe/kxc_unpol.rs
      284 crates/kernel-gga-22/src/gga_k_apbe/fxc_pol.rs
      104 crates/kernel-gga-22/src/gga_k_apbe/fxc_unpol.rs
       25 crates/kernel-gga-22/src/gga_k_apbe/mod.rs
      151 crates/kernel-gga-22/src/gga_k_apbe/vxc_pol.rs
      166 crates/kernel-gga-22/src/gga_k_apbe/lxc_unpol.rs
       91 crates/kernel-gga-22/src/gga_k_apbe/exc_pol.rs
       45 crates/kernel-gga-22/src/gga_x_2d_pbe/exc_unpol.rs
      876 crates/kernel-gga-22/src/gga_x_2d_pbe/lxc_pol.rs
       60 crates/kernel-gga-22/src/gga_x_2d_pbe/vxc_unpol.rs
      527 crates/kernel-gga-22/src/gga_x_2d_pbe/kxc_pol.rs
      113 crates/kernel-gga-22/src/gga_x_2d_pbe/kxc_unpol.rs
      277 crates/kernel-gga-22/src/gga_x_2d_pbe/fxc_pol.rs
       84 crates/kernel-gga-22/src/gga_x_2d_pbe/fxc_unpol.rs
       25 crates/kernel-gga-22/src/gga_x_2d_pbe/mod.rs
      139 crates/kernel-gga-22/src/gga_x_2d_pbe/vxc_pol.rs
      137 crates/kernel-gga-22/src/gga_x_2d_pbe/lxc_unpol.rs
       78 crates/kernel-gga-22/src/gga_x_2d_pbe/exc_pol.rs
       72 crates/kernel-gga-22/src/gga_k_lgap_ge/exc_unpol.rs
      789 crates/kernel-gga-22/src/gga_k_lgap_ge/lxc_pol.rs
       92 crates/kernel-gga-22/src/gga_k_lgap_ge/vxc_unpol.rs
      484 crates/kernel-gga-22/src/gga_k_lgap_ge/kxc_pol.rs
      143 crates/kernel-gga-22/src/gga_k_lgap_ge/kxc_unpol.rs
      275 crates/kernel-gga-22/src/gga_k_lgap_ge/fxc_pol.rs
      115 crates/kernel-gga-22/src/gga_k_lgap_ge/fxc_unpol.rs
       25 crates/kernel-gga-22/src/gga_k_lgap_ge/mod.rs
      164 crates/kernel-gga-22/src/gga_k_lgap_ge/vxc_pol.rs
      165 crates/kernel-gga-22/src/gga_k_lgap_ge/lxc_unpol.rs
      106 crates/kernel-gga-22/src/gga_k_lgap_ge/exc_pol.rs
       62 crates/kernel-gga-22/src/gga_x_c09x/exc_unpol.rs
      848 crates/kernel-gga-22/src/gga_x_c09x/lxc_pol.rs
       92 crates/kernel-gga-22/src/gga_x_c09x/vxc_unpol.rs
      513 crates/kernel-gga-22/src/gga_x_c09x/kxc_pol.rs
      168 crates/kernel-gga-22/src/gga_x_c09x/kxc_unpol.rs
      280 crates/kernel-gga-22/src/gga_x_c09x/fxc_pol.rs
      126 crates/kernel-gga-22/src/gga_x_c09x/fxc_unpol.rs
       25 crates/kernel-gga-22/src/gga_x_c09x/mod.rs
      153 crates/kernel-gga-22/src/gga_x_c09x/vxc_pol.rs
      204 crates/kernel-gga-22/src/gga_x_c09x/lxc_unpol.rs
       88 crates/kernel-gga-22/src/gga_x_c09x/exc_pol.rs
       63 crates/kernel-gga-22/src/gga_x_rge2/exc_unpol.rs
      949 crates/kernel-gga-22/src/gga_x_rge2/lxc_pol.rs
       84 crates/kernel-gga-22/src/gga_x_rge2/vxc_unpol.rs
      544 crates/kernel-gga-22/src/gga_x_rge2/kxc_pol.rs
      159 crates/kernel-gga-22/src/gga_x_rge2/kxc_unpol.rs
      278 crates/kernel-gga-22/src/gga_x_rge2/fxc_pol.rs
      114 crates/kernel-gga-22/src/gga_x_rge2/fxc_unpol.rs
       25 crates/kernel-gga-22/src/gga_x_rge2/mod.rs
      149 crates/kernel-gga-22/src/gga_x_rge2/vxc_pol.rs
      195 crates/kernel-gga-22/src/gga_x_rge2/lxc_unpol.rs
       90 crates/kernel-gga-22/src/gga_x_rge2/exc_pol.rs
     2700 crates/kernel-gga-2a/src/gga_x_wpbeh/kxc_pol_part1_v3rho3_0.rs
     3099 crates/kernel-gga-2a/src/gga_x_wpbeh/kxc_unpol.rs
     3470 crates/kernel-gga-2a/src/gga_x_wpbeh/lxc_pol_part14_v4rho3sigma_0_v4rho3sigma_1.rs
     3623 crates/kernel-gga-2a/src/gga_x_wpbeh/lxc_unpol_part0_zk_vrho_vsigma_v2rho2_v2rhosigma_v2sigma2_v3rho3_v3rho2sigma_v3rhosigma2_v3sigma3_v4rho4.rs
     3506 crates/kernel-gga-2a/src/gga_x_wpbeh/lxc_pol_part21_v4rho3sigma_11.rs
     3061 crates/kernel-gga-2a/src/gga_x_wpbeh/lxc_unpol_part2_v4rho2sigma2.rs
     3200 crates/kernel-gga-2a/src/gga_x_wpbeh/lxc_pol_part17_v4rho3sigma_5.rs
     3494 crates/kernel-gga-2a/src/gga_x_wpbeh/lxc_pol_part25_v4rho2sigma2_17.rs
     3689 crates/kernel-gga-2a/src/gga_x_wpbeh/lxc_pol_part2_v3rho3_1.rs
     3211 crates/kernel-gga-2a/src/gga_x_wpbeh/lxc_pol_part18_v4rho3sigma_6_v4rho3sigma_7.rs
     3689 crates/kernel-gga-2a/src/gga_x_wpbeh/kxc_pol_part2_v3rho3_1.rs
     2700 crates/kernel-gga-2a/src/gga_x_wpbeh/lxc_pol_part1_v3rho3_0.rs
     3752 crates/kernel-gga-2a/src/gga_x_wpbeh/lxc_pol_part3_v3rho3_2.rs
       18 crates/kernel-gga-2a/src/gga_x_wpbeh/mod.rs
     2670 crates/kernel-gga-2a/src/gga_x_wpbeh/lxc_unpol_part3_v4rhosigma3_v4sigma4.rs
      426 crates/kernel-gga-2a/src/gga_x_wpbeh/exc_pol.rs
     3510 crates/kernel-gga-2a/src/gga_x_wpbeh/lxc_pol_part22_v4rho2sigma2_0_v4rho2sigma2_1_v4rho2sigma2_2_v4rho2sigma2_3_v4rho2sigma2_4.rs
      104 crates/kernel-gga-12/src/gga_c_sogga11/exc_unpol.rs
     9841 crates/kernel-gga-12/src/gga_c_sogga11/lxc_pol.rs
      183 crates/kernel-gga-12/src/gga_c_sogga11/vxc_unpol.rs
     2927 crates/kernel-gga-12/src/gga_c_sogga11/kxc_pol.rs
      680 crates/kernel-gga-12/src/gga_c_sogga11/kxc_unpol.rs
      876 crates/kernel-gga-12/src/gga_c_sogga11/fxc_pol.rs
      359 crates/kernel-gga-12/src/gga_c_sogga11/fxc_unpol.rs
       25 crates/kernel-gga-12/src/gga_c_sogga11/mod.rs
      299 crates/kernel-gga-12/src/gga_c_sogga11/vxc_pol.rs
      958 crates/kernel-gga-12/src/gga_c_sogga11/lxc_unpol.rs
      142 crates/kernel-gga-12/src/gga_c_sogga11/exc_pol.rs
      122 crates/kernel-gga-12/src/gga_c_zvpbeloc/exc_unpol.rs
     8168 crates/kernel-gga-12/src/gga_c_zvpbeloc/lxc_pol.rs
      236 crates/kernel-gga-12/src/gga_c_zvpbeloc/vxc_unpol.rs
     3346 crates/kernel-gga-12/src/gga_c_zvpbeloc/kxc_pol.rs
      832 crates/kernel-gga-12/src/gga_c_zvpbeloc/kxc_unpol.rs
     1086 crates/kernel-gga-12/src/gga_c_zvpbeloc/fxc_pol.rs
      453 crates/kernel-gga-12/src/gga_c_zvpbeloc/fxc_unpol.rs
       25 crates/kernel-gga-12/src/gga_c_zvpbeloc/mod.rs
      380 crates/kernel-gga-12/src/gga_c_zvpbeloc/vxc_pol.rs
     1064 crates/kernel-gga-12/src/gga_c_zvpbeloc/lxc_unpol.rs
      165 crates/kernel-gga-12/src/gga_c_zvpbeloc/exc_pol.rs
      108 crates/kernel-gga-12/src/gga_c_regtpss/exc_unpol.rs
     7426 crates/kernel-gga-12/src/gga_c_regtpss/lxc_pol.rs
      228 crates/kernel-gga-12/src/gga_c_regtpss/vxc_unpol.rs
     3122 crates/kernel-gga-12/src/gga_c_regtpss/kxc_pol.rs
     1014 crates/kernel-gga-12/src/gga_c_regtpss/kxc_unpol.rs
     1049 crates/kernel-gga-12/src/gga_c_regtpss/fxc_pol.rs
      484 crates/kernel-gga-12/src/gga_c_regtpss/fxc_unpol.rs
       25 crates/kernel-gga-12/src/gga_c_regtpss/mod.rs
      375 crates/kernel-gga-12/src/gga_c_regtpss/vxc_pol.rs
     1425 crates/kernel-gga-12/src/gga_c_regtpss/lxc_unpol.rs
      147 crates/kernel-gga-12/src/gga_c_regtpss/exc_pol.rs
       62 crates/kernel-gga-12/src/gga_x_optx/exc_unpol.rs
      814 crates/kernel-gga-12/src/gga_x_optx/lxc_pol.rs
       84 crates/kernel-gga-12/src/gga_x_optx/vxc_unpol.rs
      506 crates/kernel-gga-12/src/gga_x_optx/kxc_pol.rs
      161 crates/kernel-gga-12/src/gga_x_optx/kxc_unpol.rs
      282 crates/kernel-gga-12/src/gga_x_optx/fxc_pol.rs
      121 crates/kernel-gga-12/src/gga_x_optx/fxc_unpol.rs
       25 crates/kernel-gga-12/src/gga_x_optx/mod.rs
      153 crates/kernel-gga-12/src/gga_x_optx/vxc_pol.rs
      185 crates/kernel-gga-12/src/gga_x_optx/lxc_unpol.rs
       91 crates/kernel-gga-12/src/gga_x_optx/exc_pol.rs
       60 crates/kernel-gga-13/src/gga_x_chachiyo/exc_unpol.rs
     2461 crates/kernel-gga-13/src/gga_x_chachiyo/lxc_pol.rs
       92 crates/kernel-gga-13/src/gga_x_chachiyo/vxc_unpol.rs
     1122 crates/kernel-gga-13/src/gga_x_chachiyo/kxc_pol.rs
      320 crates/kernel-gga-13/src/gga_x_chachiyo/kxc_unpol.rs
      458 crates/kernel-gga-13/src/gga_x_chachiyo/fxc_pol.rs
      163 crates/kernel-gga-13/src/gga_x_chachiyo/fxc_unpol.rs
       25 crates/kernel-gga-13/src/gga_x_chachiyo/mod.rs
      201 crates/kernel-gga-13/src/gga_x_chachiyo/vxc_pol.rs
      465 crates/kernel-gga-13/src/gga_x_chachiyo/lxc_unpol.rs
      103 crates/kernel-gga-13/src/gga_x_chachiyo/exc_pol.rs
      194 crates/kernel-gga-13/src/gga_xc_b97/exc_unpol.rs
     5822 crates/kernel-gga-13/src/gga_xc_b97/lxc_pol.rs
      341 crates/kernel-gga-13/src/gga_xc_b97/vxc_unpol.rs
     3509 crates/kernel-gga-13/src/gga_xc_b97/kxc_pol.rs
      819 crates/kernel-gga-13/src/gga_xc_b97/kxc_unpol.rs
     1643 crates/kernel-gga-13/src/gga_xc_b97/fxc_pol.rs
      561 crates/kernel-gga-13/src/gga_xc_b97/fxc_unpol.rs
       25 crates/kernel-gga-13/src/gga_xc_b97/mod.rs
      732 crates/kernel-gga-13/src/gga_xc_b97/vxc_pol.rs
     1003 crates/kernel-gga-13/src/gga_xc_b97/lxc_unpol.rs
      326 crates/kernel-gga-13/src/gga_xc_b97/exc_pol.rs
      110 crates/kernel-gga-13/src/gga_c_zpbeint/exc_unpol.rs
     7036 crates/kernel-gga-13/src/gga_c_zpbeint/lxc_pol.rs
      217 crates/kernel-gga-13/src/gga_c_zpbeint/vxc_unpol.rs
     3448 crates/kernel-gga-13/src/gga_c_zpbeint/kxc_pol.rs
      852 crates/kernel-gga-13/src/gga_c_zpbeint/kxc_unpol.rs
     1088 crates/kernel-gga-13/src/gga_c_zpbeint/fxc_pol.rs
      439 crates/kernel-gga-13/src/gga_c_zpbeint/fxc_unpol.rs
       25 crates/kernel-gga-13/src/gga_c_zpbeint/mod.rs
      374 crates/kernel-gga-13/src/gga_c_zpbeint/vxc_pol.rs
     1068 crates/kernel-gga-13/src/gga_c_zpbeint/lxc_unpol.rs
      152 crates/kernel-gga-13/src/gga_c_zpbeint/exc_pol.rs
      126 crates/kernel-gga-13/src/gga_c_pw91/exc_unpol.rs
     7109 crates/kernel-gga-13/src/gga_c_pw91/lxc_pol.rs
      235 crates/kernel-gga-13/src/gga_c_pw91/vxc_unpol.rs
     3353 crates/kernel-gga-13/src/gga_c_pw91/kxc_pol.rs
      764 crates/kernel-gga-13/src/gga_c_pw91/kxc_unpol.rs
     1174 crates/kernel-gga-13/src/gga_c_pw91/fxc_pol.rs
      436 crates/kernel-gga-13/src/gga_c_pw91/fxc_unpol.rs
       25 crates/kernel-gga-13/src/gga_c_pw91/mod.rs
      420 crates/kernel-gga-13/src/gga_c_pw91/vxc_pol.rs
      960 crates/kernel-gga-13/src/gga_c_pw91/lxc_unpol.rs
      172 crates/kernel-gga-13/src/gga_c_pw91/exc_pol.rs
      109 crates/kernel-gga-14/src/gga_x_sfat_pbe/exc_unpol.rs
     4699 crates/kernel-gga-14/src/gga_x_sfat_pbe/lxc_pol.rs
      207 crates/kernel-gga-14/src/gga_x_sfat_pbe/vxc_unpol.rs
     2604 crates/kernel-gga-14/src/gga_x_sfat_pbe/kxc_pol.rs
      663 crates/kernel-gga-14/src/gga_x_sfat_pbe/kxc_unpol.rs
     1264 crates/kernel-gga-14/src/gga_x_sfat_pbe/fxc_pol.rs
      400 crates/kernel-gga-14/src/gga_x_sfat_pbe/fxc_unpol.rs
       25 crates/kernel-gga-14/src/gga_x_sfat_pbe/mod.rs
      473 crates/kernel-gga-14/src/gga_x_sfat_pbe/vxc_pol.rs
      923 crates/kernel-gga-14/src/gga_x_sfat_pbe/lxc_unpol.rs
      191 crates/kernel-gga-14/src/gga_x_sfat_pbe/exc_pol.rs
      114 crates/kernel-gga-14/src/gga_x_sfat/exc_unpol.rs
     4547 crates/kernel-gga-14/src/gga_x_sfat/lxc_pol.rs
      218 crates/kernel-gga-14/src/gga_x_sfat/vxc_unpol.rs
     2677 crates/kernel-gga-14/src/gga_x_sfat/kxc_pol.rs
      737 crates/kernel-gga-14/src/gga_x_sfat/kxc_unpol.rs
     1298 crates/kernel-gga-14/src/gga_x_sfat/fxc_pol.rs
      447 crates/kernel-gga-14/src/gga_x_sfat/fxc_unpol.rs
       25 crates/kernel-gga-14/src/gga_x_sfat/mod.rs
      488 crates/kernel-gga-14/src/gga_x_sfat/vxc_pol.rs
      975 crates/kernel-gga-14/src/gga_x_sfat/lxc_unpol.rs
      199 crates/kernel-gga-14/src/gga_x_sfat/exc_pol.rs
      116 crates/kernel-gga-14/src/gga_c_pbe_vwn/exc_unpol.rs
     4642 crates/kernel-gga-14/src/gga_c_pbe_vwn/lxc_pol.rs
      221 crates/kernel-gga-14/src/gga_c_pbe_vwn/vxc_unpol.rs
     2466 crates/kernel-gga-14/src/gga_c_pbe_vwn/kxc_pol.rs
      761 crates/kernel-gga-14/src/gga_c_pbe_vwn/kxc_unpol.rs
      968 crates/kernel-gga-14/src/gga_c_pbe_vwn/fxc_pol.rs
      410 crates/kernel-gga-14/src/gga_c_pbe_vwn/fxc_unpol.rs
       25 crates/kernel-gga-14/src/gga_c_pbe_vwn/mod.rs
      391 crates/kernel-gga-14/src/gga_c_pbe_vwn/vxc_pol.rs
      975 crates/kernel-gga-14/src/gga_c_pbe_vwn/lxc_unpol.rs
      162 crates/kernel-gga-14/src/gga_c_pbe_vwn/exc_pol.rs
       75 crates/kernel-gga-14/src/gga_x_dk87/exc_unpol.rs
     1011 crates/kernel-gga-14/src/gga_x_dk87/lxc_pol.rs
      109 crates/kernel-gga-14/src/gga_x_dk87/vxc_unpol.rs
      656 crates/kernel-gga-14/src/gga_x_dk87/kxc_pol.rs
      240 crates/kernel-gga-14/src/gga_x_dk87/kxc_unpol.rs
      353 crates/kernel-gga-14/src/gga_x_dk87/fxc_pol.rs
      164 crates/kernel-gga-14/src/gga_x_dk87/fxc_unpol.rs
       25 crates/kernel-gga-14/src/gga_x_dk87/mod.rs
      184 crates/kernel-gga-14/src/gga_x_dk87/vxc_pol.rs
      287 crates/kernel-gga-14/src/gga_x_dk87/lxc_unpol.rs
      106 crates/kernel-gga-14/src/gga_x_dk87/exc_pol.rs
       81 crates/kernel-gga-14/src/gga_x_ft97/exc_unpol.rs
     5727 crates/kernel-gga-14/src/gga_x_ft97/lxc_pol.rs
      148 crates/kernel-gga-14/src/gga_x_ft97/vxc_unpol.rs
     3410 crates/kernel-gga-14/src/gga_x_ft97/kxc_pol.rs
      500 crates/kernel-gga-14/src/gga_x_ft97/kxc_unpol.rs
     1123 crates/kernel-gga-14/src/gga_x_ft97/fxc_pol.rs
      272 crates/kernel-gga-14/src/gga_x_ft97/fxc_unpol.rs
       25 crates/kernel-gga-14/src/gga_x_ft97/mod.rs
      361 crates/kernel-gga-14/src/gga_x_ft97/vxc_pol.rs
      641 crates/kernel-gga-14/src/gga_x_ft97/lxc_unpol.rs
      134 crates/kernel-gga-14/src/gga_x_ft97/exc_pol.rs
      101 crates/kernel-gga-15/src/gga_x_ityh_pbe/exc_unpol.rs
     3763 crates/kernel-gga-15/src/gga_x_ityh_pbe/lxc_pol.rs
      171 crates/kernel-gga-15/src/gga_x_ityh_pbe/vxc_unpol.rs
     2141 crates/kernel-gga-15/src/gga_x_ityh_pbe/kxc_pol.rs
      562 crates/kernel-gga-15/src/gga_x_ityh_pbe/kxc_unpol.rs
     1002 crates/kernel-gga-15/src/gga_x_ityh_pbe/fxc_pol.rs
      335 crates/kernel-gga-15/src/gga_x_ityh_pbe/fxc_unpol.rs
       25 crates/kernel-gga-15/src/gga_x_ityh_pbe/mod.rs
      385 crates/kernel-gga-15/src/gga_x_ityh_pbe/vxc_pol.rs
      764 crates/kernel-gga-15/src/gga_x_ityh_pbe/lxc_unpol.rs
      167 crates/kernel-gga-15/src/gga_x_ityh_pbe/exc_pol.rs
      101 crates/kernel-gga-15/src/gga_x_ityh/exc_unpol.rs
     3496 crates/kernel-gga-15/src/gga_x_ityh/lxc_pol.rs
      176 crates/kernel-gga-15/src/gga_x_ityh/vxc_unpol.rs
     2037 crates/kernel-gga-15/src/gga_x_ityh/kxc_pol.rs
      567 crates/kernel-gga-15/src/gga_x_ityh/kxc_unpol.rs
      951 crates/kernel-gga-15/src/gga_x_ityh/fxc_pol.rs
      335 crates/kernel-gga-15/src/gga_x_ityh/fxc_unpol.rs
       25 crates/kernel-gga-15/src/gga_x_ityh/mod.rs
      376 crates/kernel-gga-15/src/gga_x_ityh/vxc_pol.rs
      741 crates/kernel-gga-15/src/gga_x_ityh/lxc_unpol.rs
      171 crates/kernel-gga-15/src/gga_x_ityh/exc_pol.rs
       81 crates/kernel-gga-15/src/gga_x_pw91/exc_unpol.rs
     1203 crates/kernel-gga-15/src/gga_x_pw91/lxc_pol.rs
      132 crates/kernel-gga-15/src/gga_x_pw91/vxc_unpol.rs
      794 crates/kernel-gga-15/src/gga_x_pw91/kxc_pol.rs
      309 crates/kernel-gga-15/src/gga_x_pw91/kxc_unpol.rs
      430 crates/kernel-gga-15/src/gga_x_pw91/fxc_pol.rs
      203 crates/kernel-gga-15/src/gga_x_pw91/fxc_unpol.rs
       25 crates/kernel-gga-15/src/gga_x_pw91/mod.rs
      232 crates/kernel-gga-15/src/gga_x_pw91/vxc_pol.rs
      386 crates/kernel-gga-15/src/gga_x_pw91/lxc_unpol.rs
      119 crates/kernel-gga-15/src/gga_x_pw91/exc_pol.rs
      122 crates/kernel-gga-15/src/hyb_gga_xc_case21/exc_unpol.rs
     3392 crates/kernel-gga-15/src/hyb_gga_xc_case21/lxc_pol.rs
      199 crates/kernel-gga-15/src/hyb_gga_xc_case21/vxc_unpol.rs
     2006 crates/kernel-gga-15/src/hyb_gga_xc_case21/kxc_pol.rs
      488 crates/kernel-gga-15/src/hyb_gga_xc_case21/kxc_unpol.rs
      872 crates/kernel-gga-15/src/hyb_gga_xc_case21/fxc_pol.rs
      317 crates/kernel-gga-15/src/hyb_gga_xc_case21/fxc_unpol.rs
       25 crates/kernel-gga-15/src/hyb_gga_xc_case21/mod.rs
      386 crates/kernel-gga-15/src/hyb_gga_xc_case21/vxc_pol.rs
      583 crates/kernel-gga-15/src/hyb_gga_xc_case21/lxc_unpol.rs
      189 crates/kernel-gga-15/src/hyb_gga_xc_case21/exc_pol.rs
       92 crates/kernel-gga-15/src/gga_c_scan_e0/exc_unpol.rs
     4534 crates/kernel-gga-15/src/gga_c_scan_e0/lxc_pol.rs
      172 crates/kernel-gga-15/src/gga_c_scan_e0/vxc_unpol.rs
     2037 crates/kernel-gga-15/src/gga_c_scan_e0/kxc_pol.rs
      649 crates/kernel-gga-15/src/gga_c_scan_e0/kxc_unpol.rs
      764 crates/kernel-gga-15/src/gga_c_scan_e0/fxc_pol.rs
      347 crates/kernel-gga-15/src/gga_c_scan_e0/fxc_unpol.rs
       25 crates/kernel-gga-15/src/gga_c_scan_e0/mod.rs
      293 crates/kernel-gga-15/src/gga_c_scan_e0/vxc_pol.rs
      902 crates/kernel-gga-15/src/gga_c_scan_e0/lxc_unpol.rs
      132 crates/kernel-gga-15/src/gga_c_scan_e0/exc_pol.rs
      112 crates/kernel-gga-15/src/hyb_gga_x_cam_s12/exc_unpol.rs
     3541 crates/kernel-gga-15/src/hyb_gga_x_cam_s12/lxc_pol.rs
      190 crates/kernel-gga-15/src/hyb_gga_x_cam_s12/vxc_unpol.rs
     2043 crates/kernel-gga-15/src/hyb_gga_x_cam_s12/kxc_pol.rs
      576 crates/kernel-gga-15/src/hyb_gga_x_cam_s12/kxc_unpol.rs
      963 crates/kernel-gga-15/src/hyb_gga_x_cam_s12/fxc_pol.rs
      344 crates/kernel-gga-15/src/hyb_gga_x_cam_s12/fxc_unpol.rs
       25 crates/kernel-gga-15/src/hyb_gga_x_cam_s12/mod.rs
      400 crates/kernel-gga-15/src/hyb_gga_x_cam_s12/vxc_pol.rs
      782 crates/kernel-gga-15/src/hyb_gga_x_cam_s12/lxc_unpol.rs
      186 crates/kernel-gga-15/src/hyb_gga_x_cam_s12/exc_pol.rs
       88 crates/kernel-gga-16/src/gga_c_op_pbe/exc_unpol.rs
     3357 crates/kernel-gga-16/src/gga_c_op_pbe/lxc_pol.rs
      135 crates/kernel-gga-16/src/gga_c_op_pbe/vxc_unpol.rs
     1565 crates/kernel-gga-16/src/gga_c_op_pbe/kxc_pol.rs
      433 crates/kernel-gga-16/src/gga_c_op_pbe/kxc_unpol.rs
      561 crates/kernel-gga-16/src/gga_c_op_pbe/fxc_pol.rs
      235 crates/kernel-gga-16/src/gga_c_op_pbe/fxc_unpol.rs
       25 crates/kernel-gga-16/src/gga_c_op_pbe/mod.rs
      218 crates/kernel-gga-16/src/gga_c_op_pbe/vxc_pol.rs
      641 crates/kernel-gga-16/src/gga_c_op_pbe/lxc_unpol.rs
      109 crates/kernel-gga-16/src/gga_c_op_pbe/exc_pol.rs
       91 crates/kernel-gga-16/src/gga_c_op_b88/exc_unpol.rs
     3384 crates/kernel-gga-16/src/gga_c_op_b88/lxc_pol.rs
      145 crates/kernel-gga-16/src/gga_c_op_b88/vxc_unpol.rs
     1645 crates/kernel-gga-16/src/gga_c_op_b88/kxc_pol.rs
      483 crates/kernel-gga-16/src/gga_c_op_b88/kxc_unpol.rs
      609 crates/kernel-gga-16/src/gga_c_op_b88/fxc_pol.rs
      265 crates/kernel-gga-16/src/gga_c_op_b88/fxc_unpol.rs
       25 crates/kernel-gga-16/src/gga_c_op_b88/mod.rs
      239 crates/kernel-gga-16/src/gga_c_op_b88/vxc_pol.rs
      661 crates/kernel-gga-16/src/gga_c_op_b88/lxc_unpol.rs
      117 crates/kernel-gga-16/src/gga_c_op_b88/exc_pol.rs
      111 crates/kernel-gga-16/src/gga_c_p86vwn/exc_unpol.rs
     2971 crates/kernel-gga-16/src/gga_c_p86vwn/lxc_pol.rs
      198 crates/kernel-gga-16/src/gga_c_p86vwn/vxc_unpol.rs
     1708 crates/kernel-gga-16/src/gga_c_p86vwn/kxc_pol.rs
      597 crates/kernel-gga-16/src/gga_c_p86vwn/kxc_unpol.rs
      769 crates/kernel-gga-16/src/gga_c_p86vwn/fxc_pol.rs
      348 crates/kernel-gga-16/src/gga_c_p86vwn/fxc_unpol.rs
       25 crates/kernel-gga-16/src/gga_c_p86vwn/mod.rs
      343 crates/kernel-gga-16/src/gga_c_p86vwn/vxc_pol.rs
      699 crates/kernel-gga-16/src/gga_c_p86vwn/lxc_unpol.rs
      161 crates/kernel-gga-16/src/gga_c_p86vwn/exc_pol.rs
      113 crates/kernel-gga-16/src/gga_c_op_pw91/exc_unpol.rs
     3482 crates/kernel-gga-16/src/gga_c_op_pw91/lxc_pol.rs
      175 crates/kernel-gga-16/src/gga_c_op_pw91/vxc_unpol.rs
     1715 crates/kernel-gga-16/src/gga_c_op_pw91/kxc_pol.rs
      516 crates/kernel-gga-16/src/gga_c_op_pw91/kxc_unpol.rs
      667 crates/kernel-gga-16/src/gga_c_op_pw91/fxc_pol.rs
      300 crates/kernel-gga-16/src/gga_c_op_pw91/fxc_unpol.rs
       25 crates/kernel-gga-16/src/gga_c_op_pw91/mod.rs
      279 crates/kernel-gga-16/src/gga_c_op_pw91/vxc_pol.rs
      710 crates/kernel-gga-16/src/gga_c_op_pw91/lxc_unpol.rs
      145 crates/kernel-gga-16/src/gga_c_op_pw91/exc_pol.rs
      102 crates/kernel-gga-16/src/gga_x_ityh_optx/exc_unpol.rs
     3352 crates/kernel-gga-16/src/gga_x_ityh_optx/lxc_pol.rs
      171 crates/kernel-gga-16/src/gga_x_ityh_optx/vxc_unpol.rs
     1928 crates/kernel-gga-16/src/gga_x_ityh_optx/kxc_pol.rs
      496 crates/kernel-gga-16/src/gga_x_ityh_optx/kxc_unpol.rs
      929 crates/kernel-gga-16/src/gga_x_ityh_optx/fxc_pol.rs
      312 crates/kernel-gga-16/src/gga_x_ityh_optx/fxc_unpol.rs
       25 crates/kernel-gga-16/src/gga_x_ityh_optx/mod.rs
      375 crates/kernel-gga-16/src/gga_x_ityh_optx/vxc_pol.rs
      654 crates/kernel-gga-16/src/gga_x_ityh_optx/lxc_unpol.rs
      173 crates/kernel-gga-16/src/gga_x_ityh_optx/exc_pol.rs
       91 crates/kernel-gga-16/src/gga_c_lypr/exc_unpol.rs
     3755 crates/kernel-gga-16/src/gga_c_lypr/lxc_pol.rs
      151 crates/kernel-gga-16/src/gga_c_lypr/vxc_unpol.rs
     1974 crates/kernel-gga-16/src/gga_c_lypr/kxc_pol.rs
      372 crates/kernel-gga-16/src/gga_c_lypr/kxc_unpol.rs
      826 crates/kernel-gga-16/src/gga_c_lypr/fxc_pol.rs
      244 crates/kernel-gga-16/src/gga_c_lypr/fxc_unpol.rs
       25 crates/kernel-gga-16/src/gga_c_lypr/mod.rs
      341 crates/kernel-gga-16/src/gga_c_lypr/vxc_pol.rs
      440 crates/kernel-gga-16/src/gga_c_lypr/lxc_unpol.rs
      147 crates/kernel-gga-16/src/gga_c_lypr/exc_pol.rs
       96 crates/kernel-gga-17/src/gga_x_am05/exc_unpol.rs
     1760 crates/kernel-gga-17/src/gga_x_am05/lxc_pol.rs
      174 crates/kernel-gga-17/src/gga_x_am05/vxc_unpol.rs
     1154 crates/kernel-gga-17/src/gga_x_am05/kxc_pol.rs
      541 crates/kernel-gga-17/src/gga_x_am05/kxc_unpol.rs
      587 crates/kernel-gga-17/src/gga_x_am05/fxc_pol.rs
      304 crates/kernel-gga-17/src/gga_x_am05/fxc_unpol.rs
       25 crates/kernel-gga-17/src/gga_x_am05/mod.rs
      304 crates/kernel-gga-17/src/gga_x_am05/vxc_pol.rs
      690 crates/kernel-gga-17/src/gga_x_am05/lxc_unpol.rs
      143 crates/kernel-gga-17/src/gga_x_am05/exc_pol.rs
      111 crates/kernel-gga-17/src/gga_k_vt84f/exc_unpol.rs
     1653 crates/kernel-gga-17/src/gga_k_vt84f/lxc_pol.rs
      157 crates/kernel-gga-17/src/gga_k_vt84f/vxc_unpol.rs
      962 crates/kernel-gga-17/src/gga_k_vt84f/kxc_pol.rs
      393 crates/kernel-gga-17/src/gga_k_vt84f/kxc_unpol.rs
      500 crates/kernel-gga-17/src/gga_k_vt84f/fxc_pol.rs
      239 crates/kernel-gga-17/src/gga_k_vt84f/fxc_unpol.rs
       25 crates/kernel-gga-17/src/gga_k_vt84f/mod.rs
      275 crates/kernel-gga-17/src/gga_k_vt84f/vxc_pol.rs
      603 crates/kernel-gga-17/src/gga_k_vt84f/lxc_unpol.rs
      165 crates/kernel-gga-17/src/gga_k_vt84f/exc_pol.rs
       90 crates/kernel-gga-17/src/gga_x_beefvdw/exc_unpol.rs
     1827 crates/kernel-gga-17/src/gga_x_beefvdw/lxc_pol.rs
      155 crates/kernel-gga-17/src/gga_x_beefvdw/vxc_unpol.rs
     1332 crates/kernel-gga-17/src/gga_x_beefvdw/kxc_pol.rs
      559 crates/kernel-gga-17/src/gga_x_beefvdw/kxc_unpol.rs
      729 crates/kernel-gga-17/src/gga_x_beefvdw/fxc_pol.rs
      334 crates/kernel-gga-17/src/gga_x_beefvdw/fxc_unpol.rs
       25 crates/kernel-gga-17/src/gga_x_beefvdw/mod.rs
      290 crates/kernel-gga-17/src/gga_x_beefvdw/vxc_pol.rs
      676 crates/kernel-gga-17/src/gga_x_beefvdw/lxc_unpol.rs
      148 crates/kernel-gga-17/src/gga_x_beefvdw/exc_pol.rs
      154 crates/kernel-gga-17/src/gga_x_pbe_erf_gws/exc_unpol.rs
     1566 crates/kernel-gga-17/src/gga_x_pbe_erf_gws/lxc_pol.rs
      252 crates/kernel-gga-17/src/gga_x_pbe_erf_gws/vxc_unpol.rs
     1233 crates/kernel-gga-17/src/gga_x_pbe_erf_gws/kxc_pol.rs
      664 crates/kernel-gga-17/src/gga_x_pbe_erf_gws/kxc_unpol.rs
      713 crates/kernel-gga-17/src/gga_x_pbe_erf_gws/fxc_pol.rs
      409 crates/kernel-gga-17/src/gga_x_pbe_erf_gws/fxc_unpol.rs
       25 crates/kernel-gga-17/src/gga_x_pbe_erf_gws/mod.rs
      404 crates/kernel-gga-17/src/gga_x_pbe_erf_gws/vxc_pol.rs
      775 crates/kernel-gga-17/src/gga_x_pbe_erf_gws/lxc_unpol.rs
      219 crates/kernel-gga-17/src/gga_x_pbe_erf_gws/exc_pol.rs
       51 crates/kernel-gga-17/src/gga_c_ccdf/exc_unpol.rs
      611 crates/kernel-gga-17/src/gga_c_ccdf/lxc_pol.rs
       70 crates/kernel-gga-17/src/gga_c_ccdf/vxc_unpol.rs
      360 crates/kernel-gga-17/src/gga_c_ccdf/kxc_pol.rs
      228 crates/kernel-gga-17/src/gga_c_ccdf/kxc_unpol.rs
      175 crates/kernel-gga-17/src/gga_c_ccdf/fxc_pol.rs
      130 crates/kernel-gga-17/src/gga_c_ccdf/fxc_unpol.rs
       25 crates/kernel-gga-17/src/gga_c_ccdf/mod.rs
       84 crates/kernel-gga-17/src/gga_c_ccdf/vxc_pol.rs
      284 crates/kernel-gga-17/src/gga_c_ccdf/lxc_unpol.rs
       58 crates/kernel-gga-17/src/gga_c_ccdf/exc_pol.rs
       84 crates/kernel-gga-17/src/gga_c_op_g96/exc_unpol.rs
     3319 crates/kernel-gga-17/src/gga_c_op_g96/lxc_pol.rs
      131 crates/kernel-gga-17/src/gga_c_op_g96/vxc_unpol.rs
     1564 crates/kernel-gga-17/src/gga_c_op_g96/kxc_pol.rs
      434 crates/kernel-gga-17/src/gga_c_op_g96/kxc_unpol.rs
      565 crates/kernel-gga-17/src/gga_c_op_g96/fxc_pol.rs
      235 crates/kernel-gga-17/src/gga_c_op_g96/fxc_unpol.rs
       25 crates/kernel-gga-17/src/gga_c_op_g96/mod.rs
      215 crates/kernel-gga-17/src/gga_c_op_g96/vxc_pol.rs
      624 crates/kernel-gga-17/src/gga_c_op_g96/lxc_unpol.rs
      106 crates/kernel-gga-17/src/gga_c_op_g96/exc_pol.rs
      117 crates/kernel-gga-17/src/gga_x_n12/exc_unpol.rs
     1745 crates/kernel-gga-17/src/gga_x_n12/lxc_pol.rs
      185 crates/kernel-gga-17/src/gga_x_n12/vxc_unpol.rs
     1099 crates/kernel-gga-17/src/gga_x_n12/kxc_pol.rs
      380 crates/kernel-gga-17/src/gga_x_n12/kxc_unpol.rs
      629 crates/kernel-gga-17/src/gga_x_n12/fxc_pol.rs
      271 crates/kernel-gga-17/src/gga_x_n12/fxc_unpol.rs
       25 crates/kernel-gga-17/src/gga_x_n12/mod.rs
      360 crates/kernel-gga-17/src/gga_x_n12/vxc_pol.rs
      448 crates/kernel-gga-17/src/gga_x_n12/lxc_unpol.rs
      196 crates/kernel-gga-17/src/gga_x_n12/exc_pol.rs
       88 crates/kernel-gga-17/src/gga_x_bpccac/exc_unpol.rs
     1556 crates/kernel-gga-17/src/gga_x_bpccac/lxc_pol.rs
      152 crates/kernel-gga-17/src/gga_x_bpccac/vxc_unpol.rs
     1043 crates/kernel-gga-17/src/gga_x_bpccac/kxc_pol.rs
      469 crates/kernel-gga-17/src/gga_x_bpccac/kxc_unpol.rs
      526 crates/kernel-gga-17/src/gga_x_bpccac/fxc_pol.rs
      270 crates/kernel-gga-17/src/gga_x_bpccac/fxc_unpol.rs
       25 crates/kernel-gga-17/src/gga_x_bpccac/mod.rs
      251 crates/kernel-gga-17/src/gga_x_bpccac/vxc_pol.rs
      588 crates/kernel-gga-17/src/gga_x_bpccac/lxc_unpol.rs
      130 crates/kernel-gga-17/src/gga_x_bpccac/exc_pol.rs
       75 crates/kernel-gga-17/src/gga_x_ncap/exc_unpol.rs
     2245 crates/kernel-gga-17/src/gga_x_ncap/lxc_pol.rs
      153 crates/kernel-gga-17/src/gga_x_ncap/vxc_unpol.rs
     1315 crates/kernel-gga-17/src/gga_x_ncap/kxc_pol.rs
      630 crates/kernel-gga-17/src/gga_x_ncap/kxc_unpol.rs
      562 crates/kernel-gga-17/src/gga_x_ncap/fxc_pol.rs
      303 crates/kernel-gga-17/src/gga_x_ncap/fxc_unpol.rs
       25 crates/kernel-gga-17/src/gga_x_ncap/mod.rs
      252 crates/kernel-gga-17/src/gga_x_ncap/vxc_pol.rs
      937 crates/kernel-gga-17/src/gga_x_ncap/lxc_unpol.rs
      113 crates/kernel-gga-17/src/gga_x_ncap/exc_pol.rs
       94 crates/kernel-gga-18/src/gga_x_sogga11/exc_unpol.rs
     1555 crates/kernel-gga-18/src/gga_x_sogga11/lxc_pol.rs
      148 crates/kernel-gga-18/src/gga_x_sogga11/vxc_unpol.rs
      942 crates/kernel-gga-18/src/gga_x_sogga11/kxc_pol.rs
      407 crates/kernel-gga-18/src/gga_x_sogga11/kxc_unpol.rs
      499 crates/kernel-gga-18/src/gga_x_sogga11/fxc_pol.rs
      258 crates/kernel-gga-18/src/gga_x_sogga11/fxc_unpol.rs
       25 crates/kernel-gga-18/src/gga_x_sogga11/mod.rs
      242 crates/kernel-gga-18/src/gga_x_sogga11/vxc_pol.rs
      590 crates/kernel-gga-18/src/gga_x_sogga11/lxc_unpol.rs
      132 crates/kernel-gga-18/src/gga_x_sogga11/exc_pol.rs
       82 crates/kernel-gga-18/src/gga_x_vmt84/exc_unpol.rs
     1085 crates/kernel-gga-18/src/gga_x_vmt84/lxc_pol.rs
      121 crates/kernel-gga-18/src/gga_x_vmt84/vxc_unpol.rs
      705 crates/kernel-gga-18/src/gga_x_vmt84/kxc_pol.rs
      282 crates/kernel-gga-18/src/gga_x_vmt84/kxc_unpol.rs
      375 crates/kernel-gga-18/src/gga_x_vmt84/fxc_pol.rs
      189 crates/kernel-gga-18/src/gga_x_vmt84/fxc_unpol.rs
       25 crates/kernel-gga-18/src/gga_x_vmt84/mod.rs
      201 crates/kernel-gga-18/src/gga_x_vmt84/vxc_pol.rs
      344 crates/kernel-gga-18/src/gga_x_vmt84/lxc_unpol.rs
      119 crates/kernel-gga-18/src/gga_x_vmt84/exc_pol.rs
       70 crates/kernel-gga-18/src/gga_c_lyp/exc_unpol.rs
     1870 crates/kernel-gga-18/src/gga_c_lyp/lxc_pol.rs
      109 crates/kernel-gga-18/src/gga_c_lyp/vxc_unpol.rs
     1121 crates/kernel-gga-18/src/gga_c_lyp/kxc_pol.rs
      227 crates/kernel-gga-18/src/gga_c_lyp/kxc_unpol.rs
      531 crates/kernel-gga-18/src/gga_c_lyp/fxc_pol.rs
      159 crates/kernel-gga-18/src/gga_c_lyp/fxc_unpol.rs
       25 crates/kernel-gga-18/src/gga_c_lyp/mod.rs
      243 crates/kernel-gga-18/src/gga_c_lyp/vxc_pol.rs
      261 crates/kernel-gga-18/src/gga_c_lyp/lxc_unpol.rs
      115 crates/kernel-gga-18/src/gga_c_lyp/exc_pol.rs
       85 crates/kernel-gga-18/src/gga_x_lg93/exc_unpol.rs
     1643 crates/kernel-gga-18/src/gga_x_lg93/lxc_pol.rs
      127 crates/kernel-gga-18/src/gga_x_lg93/vxc_unpol.rs
      976 crates/kernel-gga-18/src/gga_x_lg93/kxc_pol.rs
      304 crates/kernel-gga-18/src/gga_x_lg93/kxc_unpol.rs
      466 crates/kernel-gga-18/src/gga_x_lg93/fxc_pol.rs
      194 crates/kernel-gga-18/src/gga_x_lg93/fxc_unpol.rs
       25 crates/kernel-gga-18/src/gga_x_lg93/mod.rs
      237 crates/kernel-gga-18/src/gga_x_lg93/vxc_pol.rs
      367 crates/kernel-gga-18/src/gga_x_lg93/lxc_unpol.rs
      130 crates/kernel-gga-18/src/gga_x_lg93/exc_pol.rs
       81 crates/kernel-gga-18/src/gga_x_q2d/exc_unpol.rs
     1655 crates/kernel-gga-18/src/gga_x_q2d/lxc_pol.rs
      124 crates/kernel-gga-18/src/gga_x_q2d/vxc_unpol.rs
     1006 crates/kernel-gga-18/src/gga_x_q2d/kxc_pol.rs
      323 crates/kernel-gga-18/src/gga_x_q2d/kxc_unpol.rs
      487 crates/kernel-gga-18/src/gga_x_q2d/fxc_pol.rs
      199 crates/kernel-gga-18/src/gga_x_q2d/fxc_unpol.rs
       25 crates/kernel-gga-18/src/gga_x_q2d/mod.rs
      245 crates/kernel-gga-18/src/gga_x_q2d/vxc_pol.rs
      387 crates/kernel-gga-18/src/gga_x_q2d/lxc_unpol.rs
      127 crates/kernel-gga-18/src/gga_x_q2d/exc_pol.rs
       97 crates/kernel-gga-18/src/gga_xc_th1/exc_unpol.rs
     1630 crates/kernel-gga-18/src/gga_xc_th1/lxc_pol.rs
      117 crates/kernel-gga-18/src/gga_xc_th1/vxc_unpol.rs
     1046 crates/kernel-gga-18/src/gga_xc_th1/kxc_pol.rs
      170 crates/kernel-gga-18/src/gga_xc_th1/kxc_unpol.rs
      573 crates/kernel-gga-18/src/gga_xc_th1/fxc_pol.rs
      142 crates/kernel-gga-18/src/gga_xc_th1/fxc_unpol.rs
       25 crates/kernel-gga-18/src/gga_xc_th1/mod.rs
      289 crates/kernel-gga-18/src/gga_xc_th1/vxc_pol.rs
      195 crates/kernel-gga-18/src/gga_xc_th1/lxc_unpol.rs
      170 crates/kernel-gga-18/src/gga_xc_th1/exc_pol.rs
       75 crates/kernel-gga-18/src/gga_c_am05/exc_unpol.rs
     1477 crates/kernel-gga-18/src/gga_c_am05/lxc_pol.rs
      127 crates/kernel-gga-18/src/gga_c_am05/vxc_unpol.rs
      905 crates/kernel-gga-18/src/gga_c_am05/kxc_pol.rs
      307 crates/kernel-gga-18/src/gga_c_am05/kxc_unpol.rs
      469 crates/kernel-gga-18/src/gga_c_am05/fxc_pol.rs
      212 crates/kernel-gga-18/src/gga_c_am05/fxc_unpol.rs
       25 crates/kernel-gga-18/src/gga_c_am05/mod.rs
      225 crates/kernel-gga-18/src/gga_c_am05/vxc_pol.rs
      372 crates/kernel-gga-18/src/gga_c_am05/lxc_unpol.rs
      117 crates/kernel-gga-18/src/gga_c_am05/exc_pol.rs
       97 crates/kernel-gga-18/src/gga_xc_th3/exc_unpol.rs
     1577 crates/kernel-gga-18/src/gga_xc_th3/lxc_pol.rs
      122 crates/kernel-gga-18/src/gga_xc_th3/vxc_unpol.rs
     1016 crates/kernel-gga-18/src/gga_xc_th3/kxc_pol.rs
      177 crates/kernel-gga-18/src/gga_xc_th3/kxc_unpol.rs
      568 crates/kernel-gga-18/src/gga_xc_th3/fxc_pol.rs
      147 crates/kernel-gga-18/src/gga_xc_th3/fxc_unpol.rs
       25 crates/kernel-gga-18/src/gga_xc_th3/mod.rs
      291 crates/kernel-gga-18/src/gga_xc_th3/vxc_pol.rs
      201 crates/kernel-gga-18/src/gga_xc_th3/lxc_unpol.rs
      174 crates/kernel-gga-18/src/gga_xc_th3/exc_pol.rs
       81 crates/kernel-gga-18/src/gga_k_meyer/exc_unpol.rs
     1570 crates/kernel-gga-18/src/gga_k_meyer/lxc_pol.rs
      133 crates/kernel-gga-18/src/gga_k_meyer/vxc_unpol.rs
     1011 crates/kernel-gga-18/src/gga_k_meyer/kxc_pol.rs
      435 crates/kernel-gga-18/src/gga_k_meyer/kxc_unpol.rs
      477 crates/kernel-gga-18/src/gga_k_meyer/fxc_pol.rs
      233 crates/kernel-gga-18/src/gga_k_meyer/fxc_unpol.rs
       25 crates/kernel-gga-18/src/gga_k_meyer/mod.rs
      229 crates/kernel-gga-18/src/gga_k_meyer/vxc_pol.rs
      589 crates/kernel-gga-18/src/gga_k_meyer/lxc_unpol.rs
      122 crates/kernel-gga-18/src/gga_k_meyer/exc_pol.rs
       96 crates/kernel-gga-18/src/gga_c_p86/exc_unpol.rs
     1922 crates/kernel-gga-18/src/gga_c_p86/lxc_pol.rs
      150 crates/kernel-gga-18/src/gga_c_p86/vxc_unpol.rs
     1016 crates/kernel-gga-18/src/gga_c_p86/kxc_pol.rs
      355 crates/kernel-gga-18/src/gga_c_p86/kxc_unpol.rs
      459 crates/kernel-gga-18/src/gga_c_p86/fxc_pol.rs
      230 crates/kernel-gga-18/src/gga_c_p86/fxc_unpol.rs
       25 crates/kernel-gga-18/src/gga_c_p86/mod.rs
      221 crates/kernel-gga-18/src/gga_c_p86/vxc_pol.rs
      405 crates/kernel-gga-18/src/gga_c_p86/lxc_unpol.rs
      125 crates/kernel-gga-18/src/gga_c_p86/exc_pol.rs
       60 crates/kernel-gga-18/src/gga_c_cs1/exc_unpol.rs
     1533 crates/kernel-gga-18/src/gga_c_cs1/lxc_pol.rs
      100 crates/kernel-gga-18/src/gga_c_cs1/vxc_unpol.rs
     1054 crates/kernel-gga-18/src/gga_c_cs1/kxc_pol.rs
      265 crates/kernel-gga-18/src/gga_c_cs1/kxc_unpol.rs
      488 crates/kernel-gga-18/src/gga_c_cs1/fxc_pol.rs
      165 crates/kernel-gga-18/src/gga_c_cs1/fxc_unpol.rs
       25 crates/kernel-gga-18/src/gga_c_cs1/mod.rs
      219 crates/kernel-gga-18/src/gga_c_cs1/vxc_pol.rs
      302 crates/kernel-gga-18/src/gga_c_cs1/lxc_unpol.rs
       99 crates/kernel-gga-18/src/gga_c_cs1/exc_pol.rs
       89 crates/kernel-gga-19/src/gga_x_ev93/exc_unpol.rs
     1414 crates/kernel-gga-19/src/gga_x_ev93/lxc_pol.rs
      124 crates/kernel-gga-19/src/gga_x_ev93/vxc_unpol.rs
      872 crates/kernel-gga-19/src/gga_x_ev93/kxc_pol.rs
      257 crates/kernel-gga-19/src/gga_x_ev93/kxc_unpol.rs
      425 crates/kernel-gga-19/src/gga_x_ev93/fxc_pol.rs
      175 crates/kernel-gga-19/src/gga_x_ev93/fxc_unpol.rs
       25 crates/kernel-gga-19/src/gga_x_ev93/mod.rs
      224 crates/kernel-gga-19/src/gga_x_ev93/vxc_pol.rs
      305 crates/kernel-gga-19/src/gga_x_ev93/lxc_unpol.rs
      127 crates/kernel-gga-19/src/gga_x_ev93/exc_pol.rs
       66 crates/kernel-gga-19/src/gga_x_pbetrans/exc_unpol.rs
     1448 crates/kernel-gga-19/src/gga_x_pbetrans/lxc_pol.rs
      109 crates/kernel-gga-19/src/gga_x_pbetrans/vxc_unpol.rs
      830 crates/kernel-gga-19/src/gga_x_pbetrans/kxc_pol.rs
      366 crates/kernel-gga-19/src/gga_x_pbetrans/kxc_unpol.rs
      375 crates/kernel-gga-19/src/gga_x_pbetrans/fxc_pol.rs
      197 crates/kernel-gga-19/src/gga_x_pbetrans/fxc_unpol.rs
       25 crates/kernel-gga-19/src/gga_x_pbetrans/mod.rs
      183 crates/kernel-gga-19/src/gga_x_pbetrans/vxc_pol.rs
      549 crates/kernel-gga-19/src/gga_x_pbetrans/lxc_unpol.rs
      100 crates/kernel-gga-19/src/gga_x_pbetrans/exc_pol.rs
       93 crates/kernel-gga-19/src/gga_k_dk/exc_unpol.rs
     1395 crates/kernel-gga-19/src/gga_k_dk/lxc_pol.rs
      132 crates/kernel-gga-19/src/gga_k_dk/vxc_unpol.rs
      861 crates/kernel-gga-19/src/gga_k_dk/kxc_pol.rs
      261 crates/kernel-gga-19/src/gga_k_dk/kxc_unpol.rs
      434 crates/kernel-gga-19/src/gga_k_dk/fxc_pol.rs
      183 crates/kernel-gga-19/src/gga_k_dk/fxc_unpol.rs
       25 crates/kernel-gga-19/src/gga_k_dk/mod.rs
      241 crates/kernel-gga-19/src/gga_k_dk/vxc_pol.rs
      304 crates/kernel-gga-19/src/gga_k_dk/lxc_unpol.rs
      143 crates/kernel-gga-19/src/gga_k_dk/exc_pol.rs
       76 crates/kernel-gga-19/src/gga_x_lv_rpw86/exc_unpol.rs
     1260 crates/kernel-gga-19/src/gga_x_lv_rpw86/lxc_pol.rs
      125 crates/kernel-gga-19/src/gga_x_lv_rpw86/vxc_unpol.rs
      805 crates/kernel-gga-19/src/gga_x_lv_rpw86/kxc_pol.rs
      311 crates/kernel-gga-19/src/gga_x_lv_rpw86/kxc_unpol.rs
      430 crates/kernel-gga-19/src/gga_x_lv_rpw86/fxc_pol.rs
      198 crates/kernel-gga-19/src/gga_x_lv_rpw86/fxc_unpol.rs
       25 crates/kernel-gga-19/src/gga_x_lv_rpw86/mod.rs
      228 crates/kernel-gga-19/src/gga_x_lv_rpw86/vxc_pol.rs
      408 crates/kernel-gga-19/src/gga_x_lv_rpw86/lxc_unpol.rs
      117 crates/kernel-gga-19/src/gga_x_lv_rpw86/exc_pol.rs
       84 crates/kernel-gga-19/src/gga_c_lm/exc_unpol.rs
     1519 crates/kernel-gga-19/src/gga_c_lm/lxc_pol.rs
      125 crates/kernel-gga-19/src/gga_c_lm/vxc_unpol.rs
      840 crates/kernel-gga-19/src/gga_c_lm/kxc_pol.rs
      252 crates/kernel-gga-19/src/gga_c_lm/kxc_unpol.rs
      426 crates/kernel-gga-19/src/gga_c_lm/fxc_pol.rs
      184 crates/kernel-gga-19/src/gga_c_lm/fxc_unpol.rs
       25 crates/kernel-gga-19/src/gga_c_lm/mod.rs
      214 crates/kernel-gga-19/src/gga_c_lm/vxc_pol.rs
      288 crates/kernel-gga-19/src/gga_c_lm/lxc_unpol.rs
      122 crates/kernel-gga-19/src/gga_c_lm/exc_pol.rs
     3855 crates/kernel-gga-2c/src/gga_x_wpbeh/kxc_pol_part0_zk_vrho_vsigma_v2rho2_v2rhosigma_v2sigma2.rs
     4079 crates/kernel-gga-2c/src/gga_x_wpbeh/lxc_pol_part9_v4rho4_0.rs
     4003 crates/kernel-gga-2c/src/gga_x_wpbeh/lxc_pol_part5_v3rho2sigma_2_v3rho2sigma_3_v3rho2sigma_4_v3rho2sigma_5_v3rho2sigma_6_v3rho2sigma_7.rs
     2732 crates/kernel-gga-2c/src/gga_x_wpbeh/lxc_unpol_part1_v4rho3sigma.rs
     3855 crates/kernel-gga-2c/src/gga_x_wpbeh/lxc_pol_part0_zk_vrho_vsigma_v2rho2_v2rhosigma_v2sigma2.rs
     3854 crates/kernel-gga-2c/src/gga_x_wpbeh/fxc_pol.rs
     3814 crates/kernel-gga-2c/src/gga_x_wpbeh/kxc_pol_part7_v3rhosigma2.rs
     3814 crates/kernel-gga-2c/src/gga_x_wpbeh/lxc_pol_part7_v3rhosigma2.rs
     4184 crates/kernel-gga-2c/src/gga_x_wpbeh/lxc_pol_part26_v4rhosigma3_0_v4rhosigma3_1_v4rhosigma3_2_v4rhosigma3_3_v4rhosigma3_4_v4rhosigma3_5_v4rhosigma3_6_v4rhosigma3_7_v4rhosigma3_8_v4rhosigma3_9.rs
     3996 crates/kernel-gga-2c/src/gga_x_wpbeh/lxc_pol_part19_v4rho3sigma_8.rs
     3752 crates/kernel-gga-2c/src/gga_x_wpbeh/kxc_pol_part3_v3rho3_2.rs
     4003 crates/kernel-gga-2c/src/gga_x_wpbeh/kxc_pol_part5_v3rho2sigma_2_v3rho2sigma_3_v3rho2sigma_4_v3rho2sigma_5_v3rho2sigma_6_v3rho2sigma_7.rs
     3973 crates/kernel-gga-2c/src/gga_x_wpbeh/lxc_pol_part16_v4rho3sigma_3_v4rho3sigma_4.rs
       15 crates/kernel-gga-2c/src/gga_x_wpbeh/mod.rs
     4734 crates/kernel-gga-2d/src/gga_x_wpbeh/lxc_pol_part24_v4rho2sigma2_11_v4rho2sigma2_12_v4rho2sigma2_13_v4rho2sigma2_14_v4rho2sigma2_15_v4rho2sigma2_16.rs
      522 crates/kernel-gga-2d/src/gga_x_wpbeh/vxc_unpol.rs
     4272 crates/kernel-gga-2d/src/gga_x_wpbeh/lxc_pol_part4_v3rho3_3_v3rho2sigma_0_v3rho2sigma_1.rs
     4723 crates/kernel-gga-2d/src/gga_x_wpbeh/lxc_pol_part23_v4rho2sigma2_5_v4rho2sigma2_6_v4rho2sigma2_7_v4rho2sigma2_8_v4rho2sigma2_9_v4rho2sigma2_10.rs
     1967 crates/kernel-gga-2d/src/gga_x_wpbeh/lxc_pol_part6_v3rho2sigma_8.rs
     7601 crates/kernel-gga-2d/src/gga_x_wpbeh/lxc_pol_part11_v4rho4_2.rs
     6834 crates/kernel-gga-2d/src/gga_x_wpbeh/lxc_pol_part12_v4rho4_3.rs
     4244 crates/kernel-gga-2d/src/gga_x_wpbeh/lxc_pol_part13_v4rho4_4.rs
       13 crates/kernel-gga-2d/src/gga_x_wpbeh/mod.rs
     4272 crates/kernel-gga-2d/src/gga_x_wpbeh/kxc_pol_part4_v3rho3_3_v3rho2sigma_0_v3rho2sigma_1.rs
     6611 crates/kernel-gga-2d/src/gga_x_wpbeh/lxc_pol_part10_v4rho4_1.rs
     4190 crates/kernel-gga-2d/src/gga_x_wpbeh/lxc_pol_part27_v4rhosigma3_10_v4rhosigma3_11_v4rhosigma3_12_v4rhosigma3_13_v4rhosigma3_14_v4rhosigma3_15_v4rhosigma3_16_v4rhosigma3_17_v4rhosigma3_18_v4rhosigma3_19.rs
     5350 crates/kernel-gga-4d/src/gga_c_gapc/lxc_unpol_part3_v4rho3sigma.rs
      654 crates/kernel-gga-4d/src/gga_c_gapc/vxc_unpol.rs
     4857 crates/kernel-gga-4d/src/gga_c_gapc/kxc_unpol.rs
     3814 crates/kernel-gga-4d/src/gga_c_gapc/kxc_pol_part2_v3rho2sigma.rs
     3814 crates/kernel-gga-4d/src/gga_c_gapc/lxc_pol_part2_v3rho2sigma.rs
     4633 crates/kernel-gga-4d/src/gga_c_gapc/lxc_unpol_part2_v4rho4.rs
     5818 crates/kernel-gga-4d/src/gga_c_gapc/lxc_pol_part32_v4rho2sigma2_15.rs
     3868 crates/kernel-gga-4d/src/gga_c_gapc/lxc_unpol_part4_v4rho2sigma2.rs
     4819 crates/kernel-gga-4d/src/gga_c_gapc/lxc_pol_part4_v4rho4.rs
       14 crates/kernel-gga-4d/src/gga_c_gapc/mod.rs
     5818 crates/kernel-gga-4d/src/gga_c_gapc/lxc_pol_part17_v4rho2sigma2_0.rs
      720 crates/kernel-gga-4d/src/gga_c_gapc/vxc_pol.rs
     5818 crates/kernel-gga-4d/src/gga_c_gapc/lxc_pol_part29_v4rho2sigma2_12.rs
     6641 crates/kernel-gga-4e/src/gga_c_gapc/lxc_pol_part30_v4rho2sigma2_13.rs
     6647 crates/kernel-gga-4e/src/gga_c_gapc/lxc_pol_part24_v4rho2sigma2_7.rs
     6641 crates/kernel-gga-4e/src/gga_c_gapc/lxc_pol_part18_v4rho2sigma2_1.rs
     6641 crates/kernel-gga-4e/src/gga_c_gapc/lxc_pol_part21_v4rho2sigma2_4.rs
     4067 crates/kernel-gga-4e/src/gga_c_gapc/lxc_pol_part35_v4rhosigma3.rs
     5826 crates/kernel-gga-4e/src/gga_c_gapc/lxc_pol_part28_v4rho2sigma2_11.rs
     6641 crates/kernel-gga-4e/src/gga_c_gapc/lxc_pol_part33_v4rho2sigma2_16.rs
     6647 crates/kernel-gga-4e/src/gga_c_gapc/lxc_pol_part27_v4rho2sigma2_10.rs
       10 crates/kernel-gga-4e/src/gga_c_gapc/mod.rs
     3362 crates/kernel-gga-4f/src/gga_c_gapc/lxc_unpol_part1_v3rho2sigma_v3rhosigma2_v3sigma3.rs
     5819 crates/kernel-gga-4f/src/gga_c_gapc/lxc_pol_part31_v4rho2sigma2_14.rs
     5818 crates/kernel-gga-4f/src/gga_c_gapc/lxc_pol_part20_v4rho2sigma2_3.rs
     5820 crates/kernel-gga-4f/src/gga_c_gapc/lxc_pol_part34_v4rho2sigma2_17.rs
     5824 crates/kernel-gga-4f/src/gga_c_gapc/lxc_pol_part23_v4rho2sigma2_6.rs
     5819 crates/kernel-gga-4f/src/gga_c_gapc/lxc_pol_part19_v4rho2sigma2_2.rs
     5825 crates/kernel-gga-4f/src/gga_c_gapc/lxc_pol_part25_v4rho2sigma2_8.rs
     5820 crates/kernel-gga-4f/src/gga_c_gapc/lxc_pol_part22_v4rho2sigma2_5.rs
     5824 crates/kernel-gga-4f/src/gga_c_gapc/lxc_pol_part26_v4rho2sigma2_9.rs
       11 crates/kernel-gga-4f/src/gga_c_gapc/mod.rs
      101 crates/kernel-gga-4g/src/gga_c_pbe/exc_unpol.rs
     4339 crates/kernel-gga-4g/src/gga_c_pbe/lxc_pol.rs
      186 crates/kernel-gga-4g/src/gga_c_pbe/vxc_unpol.rs
     2193 crates/kernel-gga-4g/src/gga_c_pbe/kxc_pol.rs
      612 crates/kernel-gga-4g/src/gga_c_pbe/kxc_unpol.rs
      840 crates/kernel-gga-4g/src/gga_c_pbe/fxc_pol.rs
      340 crates/kernel-gga-4g/src/gga_c_pbe/fxc_unpol.rs
       25 crates/kernel-gga-4g/src/gga_c_pbe/mod.rs
      329 crates/kernel-gga-4g/src/gga_c_pbe/vxc_pol.rs
      785 crates/kernel-gga-4g/src/gga_c_pbe/lxc_unpol.rs
      141 crates/kernel-gga-4g/src/gga_c_pbe/exc_pol.rs
     3562 crates/kernel-gga-5a/src/gga_c_gaploc/lxc_unpol_part0_zk_vrho_vsigma_v2rho2_v2rhosigma_v2sigma2_v3rho3_v3rho2sigma_v3rhosigma2_v3sigma3.rs
     3894 crates/kernel-gga-5a/src/gga_c_gaploc/lxc_pol_part31_v4rho2sigma2_14.rs
     3801 crates/kernel-gga-5a/src/gga_c_gaploc/lxc_pol_part20_v4rho2sigma2_3.rs
     3561 crates/kernel-gga-5a/src/gga_c_gaploc/kxc_unpol.rs
     3895 crates/kernel-gga-5a/src/gga_c_gaploc/lxc_pol_part34_v4rho2sigma2_17.rs
     3899 crates/kernel-gga-5a/src/gga_c_gaploc/lxc_pol_part23_v4rho2sigma2_6.rs
     3894 crates/kernel-gga-5a/src/gga_c_gaploc/lxc_pol_part19_v4rho2sigma2_2.rs
     3900 crates/kernel-gga-5a/src/gga_c_gaploc/lxc_pol_part25_v4rho2sigma2_8.rs
     3895 crates/kernel-gga-5a/src/gga_c_gaploc/lxc_pol_part22_v4rho2sigma2_5.rs
     3801 crates/kernel-gga-5a/src/gga_c_gaploc/lxc_pol_part32_v4rho2sigma2_15.rs
     3807 crates/kernel-gga-5a/src/gga_c_gaploc/lxc_pol_part26_v4rho2sigma2_9.rs
       16 crates/kernel-gga-5a/src/gga_c_gaploc/mod.rs
     3893 crates/kernel-gga-5a/src/gga_c_gaploc/lxc_pol_part17_v4rho2sigma2_0.rs
     3893 crates/kernel-gga-5a/src/gga_c_gaploc/lxc_pol_part29_v4rho2sigma2_12.rs
      239 crates/kernel-gga-5a/src/gga_c_gaploc/exc_pol.rs
      377 crates/kernel-gga-3a/src/gga_c_pbe_erf_gws/vxc_unpol.rs
     5801 crates/kernel-gga-3a/src/gga_c_pbe_erf_gws/lxc_pol_part14_v4rho3sigma_3.rs
     4600 crates/kernel-gga-3a/src/gga_c_pbe_erf_gws/lxc_pol_part23_v4rho2sigma2.rs
     4280 crates/kernel-gga-3a/src/gga_c_pbe_erf_gws/lxc_pol_part2_v3rho3_1.rs
     4280 crates/kernel-gga-3a/src/gga_c_pbe_erf_gws/kxc_pol_part2_v3rho3_1.rs
     4354 crates/kernel-gga-3a/src/gga_c_pbe_erf_gws/kxc_pol_part3_v3rho3_2.rs
     4354 crates/kernel-gga-3a/src/gga_c_pbe_erf_gws/lxc_pol_part3_v3rho3_2.rs
     5802 crates/kernel-gga-3a/src/gga_c_pbe_erf_gws/lxc_pol_part16_v4rho3sigma_5.rs
     5820 crates/kernel-gga-3a/src/gga_c_pbe_erf_gws/lxc_pol_part15_v4rho3sigma_4.rs
       14 crates/kernel-gga-3a/src/gga_c_pbe_erf_gws/mod.rs
     5015 crates/kernel-gga-3a/src/gga_c_pbe_erf_gws/lxc_pol_part6_v4rho4_0.rs
      279 crates/kernel-gga-3a/src/gga_c_pbe_erf_gws/exc_pol.rs
     5000 crates/kernel-gga-3a/src/gga_c_pbe_erf_gws/lxc_pol_part10_v4rho4_4.rs
       64 crates/kernel-gga-19/src/gga_x_airy/exc_unpol.rs
     1310 crates/kernel-gga-19/src/gga_x_airy/lxc_pol.rs
      106 crates/kernel-gga-19/src/gga_x_airy/vxc_unpol.rs
      799 crates/kernel-gga-19/src/gga_x_airy/kxc_pol.rs
      319 crates/kernel-gga-19/src/gga_x_airy/kxc_unpol.rs
      401 crates/kernel-gga-19/src/gga_x_airy/fxc_pol.rs
      189 crates/kernel-gga-19/src/gga_x_airy/fxc_unpol.rs
       25 crates/kernel-gga-19/src/gga_x_airy/mod.rs
      193 crates/kernel-gga-19/src/gga_x_airy/vxc_pol.rs
      452 crates/kernel-gga-19/src/gga_x_airy/lxc_unpol.rs
       98 crates/kernel-gga-19/src/gga_x_airy/exc_pol.rs
       98 crates/kernel-gga-19/src/gga_x_htbs/exc_unpol.rs
     1288 crates/kernel-gga-19/src/gga_x_htbs/lxc_pol.rs
      147 crates/kernel-gga-19/src/gga_x_htbs/vxc_unpol.rs
      845 crates/kernel-gga-19/src/gga_x_htbs/kxc_pol.rs
      346 crates/kernel-gga-19/src/gga_x_htbs/kxc_unpol.rs
      466 crates/kernel-gga-19/src/gga_x_htbs/fxc_pol.rs
      233 crates/kernel-gga-19/src/gga_x_htbs/fxc_unpol.rs
       25 crates/kernel-gga-19/src/gga_x_htbs/mod.rs
      248 crates/kernel-gga-19/src/gga_x_htbs/vxc_pol.rs
      432 crates/kernel-gga-19/src/gga_x_htbs/lxc_unpol.rs
      149 crates/kernel-gga-19/src/gga_x_htbs/exc_pol.rs
       84 crates/kernel-gga-19/src/gga_k_lc94/exc_unpol.rs
     1205 crates/kernel-gga-19/src/gga_k_lc94/lxc_pol.rs
      136 crates/kernel-gga-19/src/gga_k_lc94/vxc_unpol.rs
      796 crates/kernel-gga-19/src/gga_k_lc94/kxc_pol.rs
      314 crates/kernel-gga-19/src/gga_k_lc94/kxc_unpol.rs
      432 crates/kernel-gga-19/src/gga_k_lc94/fxc_pol.rs
      208 crates/kernel-gga-19/src/gga_k_lc94/fxc_unpol.rs
       25 crates/kernel-gga-19/src/gga_k_lc94/mod.rs
      236 crates/kernel-gga-19/src/gga_k_lc94/vxc_pol.rs
      391 crates/kernel-gga-19/src/gga_k_lc94/lxc_unpol.rs
      124 crates/kernel-gga-19/src/gga_k_lc94/exc_pol.rs
       79 crates/kernel-gga-19/src/gga_xc_th2/exc_unpol.rs
     1476 crates/kernel-gga-19/src/gga_xc_th2/lxc_pol.rs
      110 crates/kernel-gga-19/src/gga_xc_th2/vxc_unpol.rs
      954 crates/kernel-gga-19/src/gga_xc_th2/kxc_pol.rs
      173 crates/kernel-gga-19/src/gga_xc_th2/kxc_unpol.rs
      514 crates/kernel-gga-19/src/gga_xc_th2/fxc_pol.rs
      140 crates/kernel-gga-19/src/gga_xc_th2/fxc_unpol.rs
       25 crates/kernel-gga-19/src/gga_xc_th2/mod.rs
      236 crates/kernel-gga-19/src/gga_xc_th2/vxc_pol.rs
      196 crates/kernel-gga-19/src/gga_xc_th2/lxc_unpol.rs
      129 crates/kernel-gga-19/src/gga_xc_th2/exc_pol.rs
       82 crates/kernel-gga-19/src/gga_x_q1d/exc_unpol.rs
     1202 crates/kernel-gga-19/src/gga_x_q1d/lxc_pol.rs
      127 crates/kernel-gga-19/src/gga_x_q1d/vxc_unpol.rs
      796 crates/kernel-gga-19/src/gga_x_q1d/kxc_pol.rs
      304 crates/kernel-gga-19/src/gga_x_q1d/kxc_unpol.rs
      417 crates/kernel-gga-19/src/gga_x_q1d/fxc_pol.rs
      192 crates/kernel-gga-19/src/gga_x_q1d/fxc_unpol.rs
       25 crates/kernel-gga-19/src/gga_x_q1d/mod.rs
      228 crates/kernel-gga-19/src/gga_x_q1d/vxc_pol.rs
      375 crates/kernel-gga-19/src/gga_x_q1d/lxc_unpol.rs
      123 crates/kernel-gga-19/src/gga_x_q1d/exc_pol.rs
       43 crates/kernel-gga-19/src/gga_c_wl/exc_unpol.rs
     2049 crates/kernel-gga-19/src/gga_c_wl/lxc_pol.rs
       61 crates/kernel-gga-19/src/gga_c_wl/vxc_unpol.rs
      823 crates/kernel-gga-19/src/gga_c_wl/kxc_pol.rs
      155 crates/kernel-gga-19/src/gga_c_wl/kxc_unpol.rs
      270 crates/kernel-gga-19/src/gga_c_wl/fxc_pol.rs
       97 crates/kernel-gga-19/src/gga_c_wl/fxc_unpol.rs
       25 crates/kernel-gga-19/src/gga_c_wl/mod.rs
      108 crates/kernel-gga-19/src/gga_c_wl/vxc_pol.rs
      181 crates/kernel-gga-19/src/gga_c_wl/lxc_unpol.rs
       60 crates/kernel-gga-19/src/gga_c_wl/exc_pol.rs
       63 crates/kernel-gga-19/src/gga_c_tca/exc_unpol.rs
     1812 crates/kernel-gga-19/src/gga_c_tca/lxc_pol.rs
       88 crates/kernel-gga-19/src/gga_c_tca/vxc_unpol.rs
      757 crates/kernel-gga-19/src/gga_c_tca/kxc_pol.rs
      234 crates/kernel-gga-19/src/gga_c_tca/kxc_unpol.rs
      309 crates/kernel-gga-19/src/gga_c_tca/fxc_pol.rs
      142 crates/kernel-gga-19/src/gga_c_tca/fxc_unpol.rs
       25 crates/kernel-gga-19/src/gga_c_tca/mod.rs
      140 crates/kernel-gga-19/src/gga_c_tca/vxc_pol.rs
      310 crates/kernel-gga-19/src/gga_c_tca/lxc_unpol.rs
       84 crates/kernel-gga-19/src/gga_c_tca/exc_pol.rs
      226 crates/kernel-gga-2b/src/gga_x_wpbeh/exc_unpol.rs
     1768 crates/kernel-gga-2b/src/gga_x_wpbeh/lxc_pol_part15_v4rho3sigma_2.rs
     1913 crates/kernel-gga-2b/src/gga_x_wpbeh/lxc_pol_part8_v3sigma3.rs
     1282 crates/kernel-gga-2b/src/gga_x_wpbeh/fxc_unpol.rs
     1967 crates/kernel-gga-2b/src/gga_x_wpbeh/kxc_pol_part6_v3rho2sigma_8.rs
     1913 crates/kernel-gga-2b/src/gga_x_wpbeh/kxc_pol_part8_v3sigma3.rs
     2623 crates/kernel-gga-2b/src/gga_x_wpbeh/lxc_pol_part28_v4sigma4.rs
       11 crates/kernel-gga-2b/src/gga_x_wpbeh/mod.rs
     1240 crates/kernel-gga-2b/src/gga_x_wpbeh/vxc_pol.rs
     1791 crates/kernel-gga-2b/src/gga_x_wpbeh/lxc_pol_part20_v4rho3sigma_9_v4rho3sigma_10.rs
      191 crates/kernel-gga-3b/src/gga_c_pbe_erf_gws/exc_unpol.rs
     5914 crates/kernel-gga-3b/src/gga_c_pbe_erf_gws/lxc_pol_part17_v4rho3sigma_6.rs
     2908 crates/kernel-gga-3b/src/gga_c_pbe_erf_gws/kxc_pol_part4_v3rho3_3.rs
     9113 crates/kernel-gga-3b/src/gga_c_pbe_erf_gws/lxc_pol_part7_v4rho4_1.rs
    10785 crates/kernel-gga-3b/src/gga_c_pbe_erf_gws/lxc_pol_part8_v4rho4_2.rs
     5915 crates/kernel-gga-3b/src/gga_c_pbe_erf_gws/lxc_pol_part19_v4rho3sigma_8.rs
     9197 crates/kernel-gga-3b/src/gga_c_pbe_erf_gws/lxc_pol_part9_v4rho4_3.rs
     5929 crates/kernel-gga-3b/src/gga_c_pbe_erf_gws/lxc_pol_part18_v4rho3sigma_7.rs
       10 crates/kernel-gga-3b/src/gga_c_pbe_erf_gws/mod.rs
     2578 crates/kernel-gga-3c/src/gga_c_pbe_erf_gws/kxc_pol_part0_zk_vrho_vsigma_v2rho2_v2rhosigma_v2sigma2.rs
     3726 crates/kernel-gga-3c/src/gga_c_pbe_erf_gws/lxc_pol_part20_v4rho3sigma_9.rs
     3709 crates/kernel-gga-3c/src/gga_c_pbe_erf_gws/lxc_pol_part12_v4rho3sigma_1.rs
     3721 crates/kernel-gga-3c/src/gga_c_pbe_erf_gws/lxc_pol_part11_v4rho3sigma_0.rs
     2889 crates/kernel-gga-3c/src/gga_c_pbe_erf_gws/kxc_pol_part1_v3rho3_0.rs
     3727 crates/kernel-gga-3c/src/gga_c_pbe_erf_gws/lxc_pol_part22_v4rho3sigma_11.rs
     3712 crates/kernel-gga-3c/src/gga_c_pbe_erf_gws/lxc_pol_part21_v4rho3sigma_10.rs
     1779 crates/kernel-gga-3c/src/gga_c_pbe_erf_gws/lxc_pol_part24_v4rhosigma3_v4sigma4.rs
     2578 crates/kernel-gga-3c/src/gga_c_pbe_erf_gws/lxc_pol_part0_zk_vrho_vsigma_v2rho2_v2rhosigma_v2sigma2.rs
     2577 crates/kernel-gga-3c/src/gga_c_pbe_erf_gws/fxc_pol.rs
     3740 crates/kernel-gga-3c/src/gga_c_pbe_erf_gws/lxc_pol_part5_v3rho2sigma_v3rhosigma2_v3sigma3.rs
     3740 crates/kernel-gga-3c/src/gga_c_pbe_erf_gws/kxc_pol_part5_v3rho2sigma_v3rhosigma2_v3sigma3.rs
     2889 crates/kernel-gga-3c/src/gga_c_pbe_erf_gws/lxc_pol_part1_v3rho3_0.rs
     3722 crates/kernel-gga-3c/src/gga_c_pbe_erf_gws/lxc_pol_part13_v4rho3sigma_2.rs
       18 crates/kernel-gga-3c/src/gga_c_pbe_erf_gws/mod.rs
     2908 crates/kernel-gga-3c/src/gga_c_pbe_erf_gws/lxc_pol_part4_v3rho3_3.rs
     1939 crates/kernel-gga-3c/src/gga_c_pbe_erf_gws/lxc_unpol.rs
     1443 crates/kernel-gga-3d/src/gga_c_pbe_erf_gws/kxc_unpol.rs
      742 crates/kernel-gga-3d/src/gga_c_pbe_erf_gws/fxc_unpol.rs
        5 crates/kernel-gga-3d/src/gga_c_pbe_erf_gws/mod.rs
      780 crates/kernel-gga-3d/src/gga_c_pbe_erf_gws/vxc_pol.rs
       63 crates/kernel-gga-3e/src/gga_c_revtca/exc_unpol.rs
     5524 crates/kernel-gga-3e/src/gga_c_revtca/lxc_pol.rs
       88 crates/kernel-gga-3e/src/gga_c_revtca/vxc_unpol.rs
     1877 crates/kernel-gga-3e/src/gga_c_revtca/kxc_pol.rs
      236 crates/kernel-gga-3e/src/gga_c_revtca/kxc_unpol.rs
      600 crates/kernel-gga-3e/src/gga_c_revtca/fxc_pol.rs
      142 crates/kernel-gga-3e/src/gga_c_revtca/fxc_unpol.rs
       25 crates/kernel-gga-3e/src/gga_c_revtca/mod.rs
      248 crates/kernel-gga-3e/src/gga_c_revtca/vxc_pol.rs
      313 crates/kernel-gga-3e/src/gga_c_revtca/lxc_unpol.rs
      132 crates/kernel-gga-3e/src/gga_c_revtca/exc_pol.rs
     8281 crates/kernel-gga-4a/src/gga_c_gapc/lxc_pol_part8_v4rho3sigma_3.rs
     8282 crates/kernel-gga-4a/src/gga_c_gapc/lxc_pol_part10_v4rho3sigma_5.rs
     8284 crates/kernel-gga-4a/src/gga_c_gapc/lxc_pol_part12_v4rho3sigma_7.rs
     8281 crates/kernel-gga-4a/src/gga_c_gapc/lxc_pol_part9_v4rho3sigma_4.rs
     8284 crates/kernel-gga-4a/src/gga_c_gapc/lxc_pol_part11_v4rho3sigma_6.rs
        9 crates/kernel-gga-4a/src/gga_c_gapc/mod.rs
     8285 crates/kernel-gga-4a/src/gga_c_gapc/lxc_pol_part13_v4rho3sigma_8.rs
      246 crates/kernel-gga-4a/src/gga_c_gapc/exc_pol.rs
      228 crates/kernel-gga-4b/src/gga_c_gapc/exc_unpol.rs
     8266 crates/kernel-gga-4b/src/gga_c_gapc/lxc_pol_part15_v4rho3sigma_10.rs
     8267 crates/kernel-gga-4b/src/gga_c_gapc/lxc_pol_part16_v4rho3sigma_11.rs
     8266 crates/kernel-gga-4b/src/gga_c_gapc/lxc_pol_part14_v4rho3sigma_9.rs
     8267 crates/kernel-gga-4b/src/gga_c_gapc/lxc_pol_part7_v4rho3sigma_2.rs
        9 crates/kernel-gga-4b/src/gga_c_gapc/mod.rs
     8266 crates/kernel-gga-4b/src/gga_c_gapc/lxc_pol_part6_v4rho3sigma_1.rs
     8266 crates/kernel-gga-4b/src/gga_c_gapc/lxc_pol_part5_v4rho3sigma_0.rs
     2242 crates/kernel-gga-4c/src/gga_c_gapc/kxc_pol_part0_zk_vrho_vsigma_v2rho2_v2rhosigma_v2sigma2.rs
     3296 crates/kernel-gga-4c/src/gga_c_gapc/lxc_pol_part1_v3rho3.rs
     2242 crates/kernel-gga-4c/src/gga_c_gapc/lxc_pol_part0_zk_vrho_vsigma_v2rho2_v2rhosigma_v2sigma2.rs
     2241 crates/kernel-gga-4c/src/gga_c_gapc/fxc_pol.rs
     1869 crates/kernel-gga-4c/src/gga_c_gapc/fxc_unpol.rs
     3296 crates/kernel-gga-4c/src/gga_c_gapc/kxc_pol_part1_v3rho3.rs
     2832 crates/kernel-gga-4c/src/gga_c_gapc/kxc_pol_part3_v3rhosigma2_v3sigma3.rs
     3587 crates/kernel-gga-4c/src/gga_c_gapc/lxc_unpol_part0_zk_vrho_vsigma_v2rho2_v2rhosigma_v2sigma2_v3rho3.rs
     1553 crates/kernel-gga-4c/src/gga_c_gapc/lxc_pol_part36_v4sigma4.rs
     2053 crates/kernel-gga-4c/src/gga_c_gapc/lxc_unpol_part5_v4rhosigma3_v4sigma4.rs
       13 crates/kernel-gga-4c/src/gga_c_gapc/mod.rs
     2832 crates/kernel-gga-4c/src/gga_c_gapc/lxc_pol_part3_v3rhosigma2_v3sigma3.rs
      220 crates/kernel-gga-5b/src/gga_c_gaploc/exc_unpol.rs
     3440 crates/kernel-gga-5b/src/gga_c_gaploc/lxc_unpol_part2_v4rho3sigma.rs
     2592 crates/kernel-gga-5b/src/gga_c_gaploc/lxc_pol_part44_v4rhosigma3_9.rs
     2591 crates/kernel-gga-5b/src/gga_c_gaploc/lxc_pol_part50_v4rhosigma3_15.rs
     2591 crates/kernel-gga-5b/src/gga_c_gaploc/lxc_pol_part40_v4rhosigma3_5.rs
      561 crates/kernel-gga-5b/src/gga_c_gaploc/vxc_unpol.rs
     2589 crates/kernel-gga-5b/src/gga_c_gaploc/lxc_pol_part35_v4rhosigma3_0.rs
     3062 crates/kernel-gga-5b/src/gga_c_gaploc/kxc_pol_part0_zk_vrho_vsigma_v2rho2_v2rhosigma_v2sigma2_v3rho3.rs
     2590 crates/kernel-gga-5b/src/gga_c_gaploc/lxc_pol_part47_v4rhosigma3_12.rs
     3456 crates/kernel-gga-5b/src/gga_c_gaploc/lxc_pol_part2_v3rhosigma2.rs
     3097 crates/kernel-gga-5b/src/gga_c_gaploc/lxc_unpol_part3_v4rho2sigma2.rs
     2878 crates/kernel-gga-5b/src/gga_c_gaploc/lxc_pol_part1_v3rho2sigma.rs
     2726 crates/kernel-gga-5b/src/gga_c_gaploc/lxc_unpol_part1_v4rho4.rs
     3062 crates/kernel-gga-5b/src/gga_c_gaploc/lxc_pol_part0_zk_vrho_vsigma_v2rho2_v2rhosigma_v2sigma2_v3rho3.rs
     3456 crates/kernel-gga-5b/src/gga_c_gaploc/kxc_pol_part2_v3rhosigma2.rs
     2590 crates/kernel-gga-5b/src/gga_c_gaploc/lxc_pol_part37_v4rhosigma3_2.rs
     2878 crates/kernel-gga-5b/src/gga_c_gaploc/kxc_pol_part1_v3rho2sigma.rs
     2905 crates/kernel-gga-5b/src/gga_c_gaploc/lxc_pol_part4_v4rho4.rs
     2592 crates/kernel-gga-5b/src/gga_c_gaploc/lxc_pol_part54_v4rhosigma3_19.rs
       21 crates/kernel-gga-5b/src/gga_c_gaploc/mod.rs
     4804 crates/kernel-gga-5c/src/gga_c_gaploc/lxc_pol_part55_v4sigma4.rs
     4713 crates/kernel-gga-5c/src/gga_c_gaploc/lxc_pol_part52_v4rhosigma3_17.rs
     4713 crates/kernel-gga-5c/src/gga_c_gaploc/lxc_pol_part42_v4rhosigma3_7.rs
     5037 crates/kernel-gga-5c/src/gga_c_gaploc/lxc_pol_part53_v4rhosigma3_18.rs
     2046 crates/kernel-gga-5c/src/gga_c_gaploc/fxc_pol.rs
     4157 crates/kernel-gga-5c/src/gga_c_gaploc/lxc_pol_part12_v4rho3sigma_7.rs
     4720 crates/kernel-gga-5c/src/gga_c_gaploc/lxc_pol_part48_v4rhosigma3_13.rs
     4973 crates/kernel-gga-5c/src/gga_c_gaploc/lxc_pol_part36_v4rhosigma3_1.rs
     4973 crates/kernel-gga-5c/src/gga_c_gaploc/lxc_pol_part46_v4rhosigma3_11.rs
     4720 crates/kernel-gga-5c/src/gga_c_gaploc/lxc_pol_part38_v4rhosigma3_3.rs
     5037 crates/kernel-gga-5c/src/gga_c_gaploc/lxc_pol_part43_v4rhosigma3_8.rs
       13 crates/kernel-gga-5c/src/gga_c_gaploc/mod.rs
     6207 crates/kernel-gga-5d/src/gga_c_gaploc/lxc_pol_part30_v4rho2sigma2_13.rs
     5689 crates/kernel-gga-5d/src/gga_c_gaploc/lxc_pol_part49_v4rhosigma3_14.rs
     6213 crates/kernel-gga-5d/src/gga_c_gaploc/lxc_pol_part24_v4rho2sigma2_7.rs
     6207 crates/kernel-gga-5d/src/gga_c_gaploc/lxc_pol_part18_v4rho2sigma2_1.rs
     6116 crates/kernel-gga-5d/src/gga_c_gaploc/lxc_pol_part21_v4rho2sigma2_4.rs
     1446 crates/kernel-gga-5d/src/gga_c_gaploc/fxc_unpol.rs
     6116 crates/kernel-gga-5d/src/gga_c_gaploc/lxc_pol_part33_v4rho2sigma2_16.rs
     6122 crates/kernel-gga-5d/src/gga_c_gaploc/lxc_pol_part27_v4rho2sigma2_10.rs
     5689 crates/kernel-gga-5d/src/gga_c_gaploc/lxc_pol_part39_v4rhosigma3_4.rs
       11 crates/kernel-gga-5d/src/gga_c_gaploc/mod.rs
     2409 crates/kernel-gga-5e/src/gga_c_gaploc/lxc_pol_part3_v3sigma3.rs
     2589 crates/kernel-gga-5e/src/gga_c_gaploc/lxc_pol_part45_v4rhosigma3_10.rs
     2567 crates/kernel-gga-5e/src/gga_c_gaploc/lxc_pol_part51_v4rhosigma3_16.rs
     2409 crates/kernel-gga-5e/src/gga_c_gaploc/kxc_pol_part3_v3sigma3.rs
     2567 crates/kernel-gga-5e/src/gga_c_gaploc/lxc_pol_part41_v4rhosigma3_6.rs
     2197 crates/kernel-gga-5e/src/gga_c_gaploc/lxc_unpol_part4_v4rhosigma3_v4sigma4.rs
        8 crates/kernel-gga-5e/src/gga_c_gaploc/mod.rs
     2125 crates/kernel-gga-7c/src/gga_c_q2d/kxc_pol_part0_zk_vrho_vsigma_v2rho2_v2rhosigma_v2sigma2.rs
     2780 crates/kernel-gga-7c/src/gga_c_q2d/lxc_pol_part18_v4rho3sigma_10.rs
     2181 crates/kernel-gga-7c/src/gga_c_q2d/lxc_pol_part4_v4rho4_0.rs
     2654 crates/kernel-gga-7c/src/gga_c_q2d/lxc_pol_part25_v4rho2sigma2_5.rs
     2766 crates/kernel-gga-7c/src/gga_c_q2d/lxc_pol_part9_v4rho3sigma_1.rs
     2789 crates/kernel-gga-7c/src/gga_c_q2d/lxc_pol_part17_v4rho3sigma_9.rs
     2658 crates/kernel-gga-7c/src/gga_c_q2d/lxc_pol_part37_v4rho2sigma2_17.rs
     1949 crates/kernel-gga-7c/src/gga_c_q2d/lxc_pol_part39_v4sigma4.rs
     2777 crates/kernel-gga-7c/src/gga_c_q2d/lxc_pol_part10_v4rho3sigma_2.rs
     2125 crates/kernel-gga-7c/src/gga_c_q2d/lxc_pol_part0_zk_vrho_vsigma_v2rho2_v2rhosigma_v2sigma2.rs
     2124 crates/kernel-gga-7c/src/gga_c_q2d/fxc_pol.rs
     2657 crates/kernel-gga-7c/src/gga_c_q2d/lxc_pol_part34_v4rho2sigma2_14.rs
     2558 crates/kernel-gga-7c/src/gga_c_q2d/lxc_pol_part35_v4rho2sigma2_15.rs
     2790 crates/kernel-gga-7c/src/gga_c_q2d/lxc_pol_part19_v4rho3sigma_11.rs
     2550 crates/kernel-gga-7c/src/gga_c_q2d/lxc_pol_part23_v4rho2sigma2_3.rs
     2653 crates/kernel-gga-7c/src/gga_c_q2d/lxc_pol_part22_v4rho2sigma2_2.rs
     2656 crates/kernel-gga-7c/src/gga_c_q2d/lxc_pol_part32_v4rho2sigma2_12.rs
     2652 crates/kernel-gga-7c/src/gga_c_q2d/lxc_pol_part20_v4rho2sigma2_0.rs
       22 crates/kernel-gga-7c/src/gga_c_q2d/mod.rs
      617 crates/kernel-gga-7c/src/gga_c_q2d/vxc_pol.rs
     1727 crates/kernel-gga-7c/src/gga_c_q2d/lxc_unpol.rs
     5395 crates/kernel-gga-8c/src/gga_c_acggap/lxc_pol_part10_v4rho3sigma_3.rs
     5424 crates/kernel-gga-8c/src/gga_c_acggap/lxc_pol_part11_v4rho3sigma_4.rs
     5437 crates/kernel-gga-8c/src/gga_c_acggap/lxc_pol_part14_v4rho3sigma_7.rs
     5428 crates/kernel-gga-8c/src/gga_c_acggap/lxc_pol_part13_v4rho3sigma_6.rs
     3646 crates/kernel-gga-8c/src/gga_c_acggap/kxc_pol_part0_zk_vrho_vsigma_v2rho2_v2rhosigma_v2sigma2_v3rho3.rs
     4404 crates/kernel-gga-8c/src/gga_c_acggap/lxc_pol_part5_v4rho4_3.rs
     5429 crates/kernel-gga-8c/src/gga_c_acggap/lxc_pol_part15_v4rho3sigma_8.rs
     4974 crates/kernel-gga-8c/src/gga_c_acggap/lxc_pol_part4_v4rho4_2.rs
     5396 crates/kernel-gga-8c/src/gga_c_acggap/lxc_pol_part12_v4rho3sigma_5.rs
       12 crates/kernel-gga-8c/src/gga_c_acggap/mod.rs
     4356 crates/kernel-gga-8c/src/gga_c_acggap/lxc_pol_part3_v4rho4_1.rs
      224 crates/kernel-gga-8d/src/hyb_gga_xc_wb97/exc_unpol.rs
     7385 crates/kernel-gga-8d/src/hyb_gga_xc_wb97/lxc_pol.rs
      393 crates/kernel-gga-8d/src/hyb_gga_xc_wb97/vxc_unpol.rs
     4469 crates/kernel-gga-8d/src/hyb_gga_xc_wb97/kxc_pol.rs
      914 crates/kernel-gga-8d/src/hyb_gga_xc_wb97/kxc_unpol.rs
     2030 crates/kernel-gga-8d/src/hyb_gga_xc_wb97/fxc_pol.rs
      631 crates/kernel-gga-8d/src/hyb_gga_xc_wb97/fxc_unpol.rs
       25 crates/kernel-gga-8d/src/hyb_gga_xc_wb97/mod.rs
      871 crates/kernel-gga-8d/src/hyb_gga_xc_wb97/vxc_pol.rs
     1111 crates/kernel-gga-8d/src/hyb_gga_xc_wb97/lxc_unpol.rs
      378 crates/kernel-gga-8d/src/hyb_gga_xc_wb97/exc_pol.rs
      454 crates/kernel-gga-8d/src/gga_x_lb/lxc_pol.rs
       61 crates/kernel-gga-8d/src/gga_x_lb/vxc_unpol.rs
      288 crates/kernel-gga-8d/src/gga_x_lb/kxc_pol.rs
      161 crates/kernel-gga-8d/src/gga_x_lb/kxc_unpol.rs
      154 crates/kernel-gga-8d/src/gga_x_lb/fxc_pol.rs
      101 crates/kernel-gga-8d/src/gga_x_lb/fxc_unpol.rs
       21 crates/kernel-gga-8d/src/gga_x_lb/mod.rs
       83 crates/kernel-gga-8d/src/gga_x_lb/vxc_pol.rs
      196 crates/kernel-gga-8d/src/gga_x_lb/lxc_unpol.rs
     4139 crates/kernel-gga-5f/src/gga_c_gaploc/lxc_pol_part15_v4rho3sigma_10.rs
     4129 crates/kernel-gga-5f/src/gga_c_gaploc/lxc_pol_part8_v4rho3sigma_3.rs
     4115 crates/kernel-gga-5f/src/gga_c_gaploc/lxc_pol_part16_v4rho3sigma_11.rs
     4130 crates/kernel-gga-5f/src/gga_c_gaploc/lxc_pol_part10_v4rho3sigma_5.rs
     3901 crates/kernel-gga-5f/src/gga_c_gaploc/lxc_pol_part28_v4rho2sigma2_11.rs
     4154 crates/kernel-gga-5f/src/gga_c_gaploc/lxc_pol_part9_v4rho3sigma_4.rs
     4114 crates/kernel-gga-5f/src/gga_c_gaploc/lxc_pol_part14_v4rho3sigma_9.rs
     4115 crates/kernel-gga-5f/src/gga_c_gaploc/lxc_pol_part7_v4rho3sigma_2.rs
     4132 crates/kernel-gga-5f/src/gga_c_gaploc/lxc_pol_part11_v4rho3sigma_6.rs
       15 crates/kernel-gga-5f/src/gga_c_gaploc/mod.rs
      650 crates/kernel-gga-5f/src/gga_c_gaploc/vxc_pol.rs
     4133 crates/kernel-gga-5f/src/gga_c_gaploc/lxc_pol_part13_v4rho3sigma_8.rs
     4139 crates/kernel-gga-5f/src/gga_c_gaploc/lxc_pol_part6_v4rho3sigma_1.rs
     4114 crates/kernel-gga-5f/src/gga_c_gaploc/lxc_pol_part5_v4rho3sigma_0.rs
      116 crates/kernel-gga-5g/src/gga_x_gg99/exc_unpol.rs
     4198 crates/kernel-gga-5g/src/gga_x_gg99/lxc_pol.rs
      203 crates/kernel-gga-5g/src/gga_x_gg99/vxc_unpol.rs
     2306 crates/kernel-gga-5g/src/gga_x_gg99/kxc_pol.rs
      971 crates/kernel-gga-5g/src/gga_x_gg99/kxc_unpol.rs
      922 crates/kernel-gga-5g/src/gga_x_gg99/fxc_pol.rs
      430 crates/kernel-gga-5g/src/gga_x_gg99/fxc_unpol.rs
       25 crates/kernel-gga-5g/src/gga_x_gg99/mod.rs
      379 crates/kernel-gga-5g/src/gga_x_gg99/vxc_pol.rs
     1490 crates/kernel-gga-5g/src/gga_x_gg99/lxc_unpol.rs
      189 crates/kernel-gga-5g/src/gga_x_gg99/exc_pol.rs
     3105 crates/kernel-gga-6a/src/gga_c_optc/kxc_pol_part0_zk_vrho_vsigma_v2rho2_v2rhosigma_v2sigma2.rs
     3680 crates/kernel-gga-6a/src/gga_c_optc/kxc_pol_part5_v3rho2sigma.rs
     3902 crates/kernel-gga-6a/src/gga_c_optc/lxc_pol_part17_v4rho3sigma_6.rs
     3118 crates/kernel-gga-6a/src/gga_c_optc/kxc_pol_part4_v3rho3_3.rs
     2088 crates/kernel-gga-6a/src/gga_c_optc/lxc_pol_part23_v4rhosigma3_v4sigma4.rs
     4025 crates/kernel-gga-6a/src/gga_c_optc/lxc_pol_part14_v4rho3sigma_3.rs
     3105 crates/kernel-gga-6a/src/gga_c_optc/lxc_pol_part0_zk_vrho_vsigma_v2rho2_v2rhosigma_v2sigma2.rs
     3104 crates/kernel-gga-6a/src/gga_c_optc/fxc_pol.rs
     4029 crates/kernel-gga-6a/src/gga_c_optc/lxc_pol_part19_v4rho3sigma_8.rs
     4484 crates/kernel-gga-6a/src/gga_c_optc/kxc_pol_part2_v3rho3_1.rs
     3905 crates/kernel-gga-6a/src/gga_c_optc/lxc_pol_part16_v4rho3sigma_5.rs
     3680 crates/kernel-gga-6a/src/gga_c_optc/lxc_pol_part5_v3rho2sigma.rs
       17 crates/kernel-gga-6a/src/gga_c_optc/mod.rs
     3118 crates/kernel-gga-6a/src/gga_c_optc/lxc_pol_part4_v3rho3_3.rs
     4304 crates/kernel-gga-6a/src/gga_c_optc/lxc_pol_part22_v4rho2sigma2.rs
      345 crates/kernel-gga-6a/src/gga_c_optc/exc_pol.rs
      202 crates/kernel-gga-6b/src/gga_c_optc/exc_unpol.rs
     3100 crates/kernel-gga-6b/src/gga_c_optc/kxc_pol_part1_v3rho3_0.rs
     1287 crates/kernel-gga-6b/src/gga_c_optc/kxc_unpol.rs
     2845 crates/kernel-gga-6b/src/gga_c_optc/lxc_pol_part21_v4rho3sigma_11.rs
      742 crates/kernel-gga-6b/src/gga_c_optc/fxc_unpol.rs
     2904 crates/kernel-gga-6b/src/gga_c_optc/lxc_pol_part12_v4rho3sigma_0_v4rho3sigma_1.rs
     3100 crates/kernel-gga-6b/src/gga_c_optc/lxc_pol_part1_v3rho3_0.rs
     1935 crates/kernel-gga-6b/src/gga_c_optc/lxc_pol_part18_v4rho3sigma_7.rs
     1692 crates/kernel-gga-6b/src/gga_c_optc/kxc_pol_part6_v3rhosigma2_v3sigma3.rs
     1928 crates/kernel-gga-6b/src/gga_c_optc/lxc_pol_part15_v4rho3sigma_4.rs
     2562 crates/kernel-gga-6b/src/gga_c_optc/lxc_pol_part13_v4rho3sigma_2.rs
       17 crates/kernel-gga-6b/src/gga_c_optc/mod.rs
     1692 crates/kernel-gga-6b/src/gga_c_optc/lxc_pol_part6_v3rhosigma2_v3sigma3.rs
     1021 crates/kernel-gga-6b/src/gga_c_optc/vxc_pol.rs
     1679 crates/kernel-gga-6b/src/gga_c_optc/lxc_unpol.rs
     2651 crates/kernel-gga-6b/src/gga_c_optc/lxc_pol_part20_v4rho3sigma_9_v4rho3sigma_10.rs
     4954 crates/kernel-gga-6c/src/gga_c_optc/lxc_pol_part11_v4rho4_4.rs
      392 crates/kernel-gga-6c/src/gga_c_optc/vxc_unpol.rs
     8324 crates/kernel-gga-6c/src/gga_c_optc/lxc_pol_part10_v4rho4_3.rs
     8242 crates/kernel-gga-6c/src/gga_c_optc/lxc_pol_part8_v4rho4_1.rs
     4916 crates/kernel-gga-6c/src/gga_c_optc/lxc_pol_part7_v4rho4_0.rs
     4484 crates/kernel-gga-6c/src/gga_c_optc/lxc_pol_part2_v3rho3_1.rs
     9571 crates/kernel-gga-6c/src/gga_c_optc/lxc_pol_part9_v4rho4_2.rs
     4489 crates/kernel-gga-6c/src/gga_c_optc/kxc_pol_part3_v3rho3_2.rs
     4489 crates/kernel-gga-6c/src/gga_c_optc/lxc_pol_part3_v3rho3_2.rs
       11 crates/kernel-gga-6c/src/gga_c_optc/mod.rs
      159 crates/kernel-gga-6d/src/gga_c_bmk/exc_unpol.rs
     4889 crates/kernel-gga-6d/src/gga_c_bmk/lxc_pol.rs
      284 crates/kernel-gga-6d/src/gga_c_bmk/vxc_unpol.rs
     2933 crates/kernel-gga-6d/src/gga_c_bmk/kxc_pol.rs
      695 crates/kernel-gga-6d/src/gga_c_bmk/kxc_unpol.rs
     1340 crates/kernel-gga-6d/src/gga_c_bmk/fxc_pol.rs
      474 crates/kernel-gga-6d/src/gga_c_bmk/fxc_unpol.rs
       25 crates/kernel-gga-6d/src/gga_c_bmk/mod.rs
      578 crates/kernel-gga-6d/src/gga_c_bmk/vxc_pol.rs
      859 crates/kernel-gga-6d/src/gga_c_bmk/lxc_unpol.rs
      252 crates/kernel-gga-6d/src/gga_c_bmk/exc_pol.rs
      327 crates/kernel-gga-7a/src/gga_c_q2d/vxc_unpol.rs
     4040 crates/kernel-gga-7a/src/gga_c_q2d/lxc_pol_part30_v4rho2sigma2_10.rs
     4184 crates/kernel-gga-7a/src/gga_c_q2d/lxc_pol_part14_v4rho3sigma_6.rs
     3634 crates/kernel-gga-7a/src/gga_c_q2d/lxc_pol_part6_v4rho4_2.rs
     4177 crates/kernel-gga-7a/src/gga_c_q2d/lxc_pol_part13_v4rho3sigma_5.rs
     4436 crates/kernel-gga-7a/src/gga_c_q2d/lxc_pol_part38_v4rhosigma3.rs
     3533 crates/kernel-gga-7a/src/gga_c_q2d/kxc_pol_part2_v3rho2sigma.rs
      694 crates/kernel-gga-7a/src/gga_c_q2d/fxc_unpol.rs
     4184 crates/kernel-gga-7a/src/gga_c_q2d/lxc_pol_part12_v4rho3sigma_4.rs
     4185 crates/kernel-gga-7a/src/gga_c_q2d/lxc_pol_part16_v4rho3sigma_8.rs
     4176 crates/kernel-gga-7a/src/gga_c_q2d/lxc_pol_part11_v4rho3sigma_3.rs
     4034 crates/kernel-gga-7a/src/gga_c_q2d/lxc_pol_part27_v4rho2sigma2_7.rs
       17 crates/kernel-gga-7a/src/gga_c_q2d/mod.rs
     3947 crates/kernel-gga-7a/src/gga_c_q2d/lxc_pol_part8_v4rho4_4_v4rho3sigma_0.rs
     4189 crates/kernel-gga-7a/src/gga_c_q2d/lxc_pol_part15_v4rho3sigma_7.rs
      214 crates/kernel-gga-7a/src/gga_c_q2d/exc_pol.rs
      153 crates/kernel-gga-7b/src/gga_c_q2d/exc_unpol.rs
     3231 crates/kernel-gga-7b/src/gga_c_q2d/lxc_pol_part36_v4rho2sigma2_16.rs
     3193 crates/kernel-gga-7b/src/gga_c_q2d/lxc_pol_part1_v3rho3.rs
     1339 crates/kernel-gga-7b/src/gga_c_q2d/kxc_unpol.rs
     3232 crates/kernel-gga-7b/src/gga_c_q2d/lxc_pol_part33_v4rho2sigma2_13.rs
     3302 crates/kernel-gga-7b/src/gga_c_q2d/lxc_pol_part5_v4rho4_1.rs
     3215 crates/kernel-gga-7b/src/gga_c_q2d/lxc_pol_part21_v4rho2sigma2_1.rs
     3533 crates/kernel-gga-7b/src/gga_c_q2d/lxc_pol_part2_v3rho2sigma.rs
     3174 crates/kernel-gga-7b/src/gga_c_q2d/lxc_pol_part28_v4rho2sigma2_8.rs
     3175 crates/kernel-gga-7b/src/gga_c_q2d/lxc_pol_part31_v4rho2sigma2_11.rs
     3173 crates/kernel-gga-7b/src/gga_c_q2d/lxc_pol_part26_v4rho2sigma2_6.rs
     3193 crates/kernel-gga-7b/src/gga_c_q2d/kxc_pol_part1_v3rho3.rs
     3136 crates/kernel-gga-7b/src/gga_c_q2d/kxc_pol_part3_v3rhosigma2_v3sigma3.rs
     3214 crates/kernel-gga-7b/src/gga_c_q2d/lxc_pol_part24_v4rho2sigma2_4.rs
     3251 crates/kernel-gga-7b/src/gga_c_q2d/lxc_pol_part29_v4rho2sigma2_9.rs
       19 crates/kernel-gga-7b/src/gga_c_q2d/mod.rs
     3318 crates/kernel-gga-7b/src/gga_c_q2d/lxc_pol_part7_v4rho4_3.rs
     3136 crates/kernel-gga-7b/src/gga_c_q2d/lxc_pol_part3_v3rhosigma2_v3sigma3.rs
     5019 crates/kernel-gga-9a/src/gga_x_hjs_b88_v2/lxc_pol_part11_v4rho2sigma2.rs
      345 crates/kernel-gga-9a/src/gga_x_hjs_b88_v2/vxc_unpol.rs
     3381 crates/kernel-gga-9a/src/gga_x_hjs_b88_v2/lxc_pol_part1_v3rho3.rs
     3917 crates/kernel-gga-9a/src/gga_x_hjs_b88_v2/lxc_pol_part9_v4rho3sigma_6_v4rho3sigma_7_v4rho3sigma_8_v4rho3sigma_9_v4rho3sigma_10.rs
     3495 crates/kernel-gga-9a/src/gga_x_hjs_b88_v2/lxc_pol_part12_v4rhosigma3.rs
     3733 crates/kernel-gga-9a/src/gga_x_hjs_b88_v2/lxc_pol_part8_v4rho3sigma_3_v4rho3sigma_4_v4rho3sigma_5.rs
     3858 crates/kernel-gga-9a/src/gga_x_hjs_b88_v2/lxc_pol_part5_v4rho4_2.rs
     3015 crates/kernel-gga-9a/src/gga_x_hjs_b88_v2/kxc_pol_part2_v3rho2sigma.rs
     3550 crates/kernel-gga-9a/src/gga_x_hjs_b88_v2/lxc_pol_part6_v4rho4_3.rs
     3015 crates/kernel-gga-9a/src/gga_x_hjs_b88_v2/lxc_pol_part2_v3rho2sigma.rs
     4229 crates/kernel-gga-9a/src/gga_x_hjs_b88_v2/lxc_pol_part3_v3rhosigma2_v3sigma3_v4rho4_0.rs
     3482 crates/kernel-gga-9a/src/gga_x_hjs_b88_v2/lxc_pol_part4_v4rho4_1.rs
     3381 crates/kernel-gga-9a/src/gga_x_hjs_b88_v2/kxc_pol_part1_v3rho3.rs
     4443 crates/kernel-gga-9a/src/gga_x_hjs_b88_v2/lxc_pol_part7_v4rho4_4_v4rho3sigma_0_v4rho3sigma_1_v4rho3sigma_2.rs
       18 crates/kernel-gga-9a/src/gga_x_hjs_b88_v2/mod.rs
      758 crates/kernel-gga-9a/src/gga_x_hjs_b88_v2/vxc_pol.rs
      288 crates/kernel-gga-9a/src/gga_x_hjs_b88_v2/exc_pol.rs
       49 crates/kernel-lda/src/lda_c_2d_amgb/exc_unpol.rs
      846 crates/kernel-lda/src/lda_c_2d_amgb/lxc_pol.rs
       70 crates/kernel-lda/src/lda_c_2d_amgb/vxc_unpol.rs
      591 crates/kernel-lda/src/lda_c_2d_amgb/kxc_pol.rs
      144 crates/kernel-lda/src/lda_c_2d_amgb/kxc_unpol.rs
      327 crates/kernel-lda/src/lda_c_2d_amgb/fxc_pol.rs
      102 crates/kernel-lda/src/lda_c_2d_amgb/fxc_unpol.rs
       26 crates/kernel-lda/src/lda_c_2d_amgb/mod.rs
      165 crates/kernel-lda/src/lda_c_2d_amgb/vxc_pol.rs
      159 crates/kernel-lda/src/lda_c_2d_amgb/lxc_unpol.rs
       85 crates/kernel-lda/src/lda_c_2d_amgb/exc_pol.rs
       43 crates/kernel-lda/src/lda_k_tf/exc_unpol.rs
      234 crates/kernel-lda/src/lda_k_tf/lxc_pol.rs
       47 crates/kernel-lda/src/lda_k_tf/vxc_unpol.rs
      180 crates/kernel-lda/src/lda_k_tf/kxc_pol.rs
       55 crates/kernel-lda/src/lda_k_tf/kxc_unpol.rs
      123 crates/kernel-lda/src/lda_k_tf/fxc_pol.rs
       51 crates/kernel-lda/src/lda_k_tf/fxc_unpol.rs
       26 crates/kernel-lda/src/lda_k_tf/mod.rs
       83 crates/kernel-lda/src/lda_k_tf/vxc_pol.rs
       60 crates/kernel-lda/src/lda_k_tf/lxc_unpol.rs
       61 crates/kernel-lda/src/lda_k_tf/exc_pol.rs
      227 crates/kernel-lda/src/lda_c_pk09/exc_unpol.rs
      565 crates/kernel-lda/src/lda_c_pk09/vxc_unpol.rs
    17555 crates/kernel-lda/src/lda_c_pk09/kxc_pol.rs
     1425 crates/kernel-lda/src/lda_c_pk09/kxc_unpol.rs
     6030 crates/kernel-lda/src/lda_c_pk09/fxc_pol.rs
     1118 crates/kernel-lda/src/lda_c_pk09/fxc_unpol.rs
       22 crates/kernel-lda/src/lda_c_pk09/mod.rs
     1657 crates/kernel-lda/src/lda_c_pk09/vxc_pol.rs
      393 crates/kernel-lda/src/lda_c_pk09/exc_pol.rs
       83 crates/kernel-lda/src/lda_c_pz/exc_unpol.rs
      352 crates/kernel-lda/src/lda_c_pz/lxc_pol.rs
      103 crates/kernel-lda/src/lda_c_pz/vxc_unpol.rs
      281 crates/kernel-lda/src/lda_c_pz/kxc_pol.rs
      154 crates/kernel-lda/src/lda_c_pz/kxc_unpol.rs
      201 crates/kernel-lda/src/lda_c_pz/fxc_pol.rs
      129 crates/kernel-lda/src/lda_c_pz/fxc_unpol.rs
       26 crates/kernel-lda/src/lda_c_pz/mod.rs
      135 crates/kernel-lda/src/lda_c_pz/vxc_pol.rs
      172 crates/kernel-lda/src/lda_c_pz/lxc_unpol.rs
       98 crates/kernel-lda/src/lda_c_pz/exc_pol.rs
       66 crates/kernel-lda/src/lda_c_vwn_1/exc_unpol.rs
      634 crates/kernel-lda/src/lda_c_vwn_1/lxc_pol.rs
      118 crates/kernel-lda/src/lda_c_vwn_1/vxc_unpol.rs
      488 crates/kernel-lda/src/lda_c_vwn_1/kxc_pol.rs
      329 crates/kernel-lda/src/lda_c_vwn_1/kxc_unpol.rs
      288 crates/kernel-lda/src/lda_c_vwn_1/fxc_pol.rs
      201 crates/kernel-lda/src/lda_c_vwn_1/fxc_unpol.rs
       26 crates/kernel-lda/src/lda_c_vwn_1/mod.rs
      155 crates/kernel-lda/src/lda_c_vwn_1/vxc_pol.rs
      404 crates/kernel-lda/src/lda_c_vwn_1/lxc_unpol.rs
       82 crates/kernel-lda/src/lda_c_vwn_1/exc_pol.rs
       76 crates/kernel-lda/src/lda_c_hl/exc_unpol.rs
      340 crates/kernel-lda/src/lda_c_hl/lxc_pol.rs
       95 crates/kernel-lda/src/lda_c_hl/vxc_unpol.rs
      270 crates/kernel-lda/src/lda_c_hl/kxc_pol.rs
      141 crates/kernel-lda/src/lda_c_hl/kxc_unpol.rs
      191 crates/kernel-lda/src/lda_c_hl/fxc_pol.rs
      119 crates/kernel-lda/src/lda_c_hl/fxc_unpol.rs
       26 crates/kernel-lda/src/lda_c_hl/mod.rs
      127 crates/kernel-lda/src/lda_c_hl/vxc_pol.rs
      158 crates/kernel-lda/src/lda_c_hl/lxc_unpol.rs
       92 crates/kernel-lda/src/lda_c_hl/exc_pol.rs
       62 crates/kernel-lda/src/lda_c_chachiyo_mod/exc_unpol.rs
      400 crates/kernel-lda/src/lda_c_chachiyo_mod/lxc_pol.rs
       74 crates/kernel-lda/src/lda_c_chachiyo_mod/vxc_unpol.rs
      300 crates/kernel-lda/src/lda_c_chachiyo_mod/kxc_pol.rs
      112 crates/kernel-lda/src/lda_c_chachiyo_mod/kxc_unpol.rs
      185 crates/kernel-lda/src/lda_c_chachiyo_mod/fxc_pol.rs
       93 crates/kernel-lda/src/lda_c_chachiyo_mod/fxc_unpol.rs
       26 crates/kernel-lda/src/lda_c_chachiyo_mod/mod.rs
      114 crates/kernel-lda/src/lda_c_chachiyo_mod/vxc_pol.rs
      130 crates/kernel-lda/src/lda_c_chachiyo_mod/lxc_unpol.rs
       79 crates/kernel-lda/src/lda_c_chachiyo_mod/exc_pol.rs
       39 crates/kernel-lda/src/lda_c_wigner/exc_unpol.rs
      189 crates/kernel-lda/src/lda_c_wigner/lxc_pol.rs
       45 crates/kernel-lda/src/lda_c_wigner/vxc_unpol.rs
      145 crates/kernel-lda/src/lda_c_wigner/kxc_pol.rs
       65 crates/kernel-lda/src/lda_c_wigner/kxc_unpol.rs
       99 crates/kernel-lda/src/lda_c_wigner/fxc_pol.rs
       55 crates/kernel-lda/src/lda_c_wigner/fxc_unpol.rs
       26 crates/kernel-lda/src/lda_c_wigner/mod.rs
       67 crates/kernel-lda/src/lda_c_wigner/vxc_pol.rs
       70 crates/kernel-lda/src/lda_c_wigner/lxc_unpol.rs
       49 crates/kernel-lda/src/lda_c_wigner/exc_pol.rs
      136 crates/kernel-gga-7d/src/gga_c_hcth_a/exc_unpol.rs
     7722 crates/kernel-gga-7d/src/gga_c_hcth_a/lxc_pol.rs
      276 crates/kernel-gga-7d/src/gga_c_hcth_a/vxc_unpol.rs
     4066 crates/kernel-gga-7d/src/gga_c_hcth_a/kxc_pol.rs
      864 crates/kernel-gga-7d/src/gga_c_hcth_a/kxc_unpol.rs
     1505 crates/kernel-gga-7d/src/gga_c_hcth_a/fxc_pol.rs
      502 crates/kernel-gga-7d/src/gga_c_hcth_a/fxc_unpol.rs
       25 crates/kernel-gga-7d/src/gga_c_hcth_a/mod.rs
      582 crates/kernel-gga-7d/src/gga_c_hcth_a/vxc_pol.rs
     1100 crates/kernel-gga-7d/src/gga_c_hcth_a/lxc_unpol.rs
      227 crates/kernel-gga-7d/src/gga_c_hcth_a/exc_pol.rs
     3251 crates/kernel-gga-8a/src/gga_c_acggap/lxc_pol_part16_v4rho3sigma_9.rs
     3233 crates/kernel-gga-8a/src/gga_c_acggap/lxc_pol_part9_v4rho3sigma_2.rs
     3645 crates/kernel-gga-8a/src/gga_c_acggap/kxc_pol_part1_v3rho2sigma_v3rhosigma2_v3sigma3.rs
     3499 crates/kernel-gga-8a/src/gga_c_acggap/lxc_pol_part25_v4rho2sigma2_7.rs
     3071 crates/kernel-gga-8a/src/gga_c_acggap/lxc_pol_part29_v4rho2sigma2_11.rs
     3070 crates/kernel-gga-8a/src/gga_c_acggap/lxc_pol_part26_v4rho2sigma2_8.rs
     3069 crates/kernel-gga-8a/src/gga_c_acggap/lxc_pol_part24_v4rho2sigma2_6.rs
     3184 crates/kernel-gga-8a/src/gga_c_acggap/lxc_pol_part8_v4rho3sigma_1.rs
     3252 crates/kernel-gga-8a/src/gga_c_acggap/lxc_pol_part18_v4rho3sigma_11.rs
     3646 crates/kernel-gga-8a/src/gga_c_acggap/lxc_pol_part0_zk_vrho_vsigma_v2rho2_v2rhosigma_v2sigma2_v3rho3.rs
     3200 crates/kernel-gga-8a/src/gga_c_acggap/lxc_pol_part17_v4rho3sigma_10.rs
     3232 crates/kernel-gga-8a/src/gga_c_acggap/lxc_pol_part7_v4rho3sigma_0.rs
     3645 crates/kernel-gga-8a/src/gga_c_acggap/lxc_pol_part1_v3rho2sigma_v3rhosigma2_v3sigma3.rs
     3281 crates/kernel-gga-8a/src/gga_c_acggap/lxc_pol_part27_v4rho2sigma2_9.rs
       18 crates/kernel-gga-8a/src/gga_c_acggap/mod.rs
     3500 crates/kernel-gga-8a/src/gga_c_acggap/lxc_pol_part28_v4rho2sigma2_10.rs
      169 crates/kernel-gga-8a/src/gga_c_acggap/exc_pol.rs
      129 crates/kernel-gga-8b/src/gga_c_acggap/exc_unpol.rs
      291 crates/kernel-gga-8b/src/gga_c_acggap/vxc_unpol.rs
     2891 crates/kernel-gga-8b/src/gga_c_acggap/lxc_pol_part21_v4rho2sigma2_2_v4rho2sigma2_3.rs
     2497 crates/kernel-gga-8b/src/gga_c_acggap/lxc_pol_part19_v4rho2sigma2_0.rs
     1451 crates/kernel-gga-8b/src/gga_c_acggap/kxc_unpol.rs
     2520 crates/kernel-gga-8b/src/gga_c_acggap/lxc_pol_part34_v4rho2sigma2_17.rs
     2523 crates/kernel-gga-8b/src/gga_c_acggap/lxc_pol_part6_v4rho4_4.rs
     2860 crates/kernel-gga-8b/src/gga_c_acggap/lxc_pol_part35_v4rhosigma3_v4sigma4.rs
     2917 crates/kernel-gga-8b/src/gga_c_acggap/lxc_pol_part32_v4rho2sigma2_14_v4rho2sigma2_15.rs
     2619 crates/kernel-gga-8b/src/gga_c_acggap/lxc_pol_part20_v4rho2sigma2_1.rs
     2527 crates/kernel-gga-8b/src/gga_c_acggap/lxc_pol_part2_v4rho4_0.rs
     1556 crates/kernel-gga-8b/src/gga_c_acggap/fxc_pol.rs
     2634 crates/kernel-gga-8b/src/gga_c_acggap/lxc_pol_part31_v4rho2sigma2_13.rs
      661 crates/kernel-gga-8b/src/gga_c_acggap/fxc_unpol.rs
     2620 crates/kernel-gga-8b/src/gga_c_acggap/lxc_pol_part22_v4rho2sigma2_4.rs
     2518 crates/kernel-gga-8b/src/gga_c_acggap/lxc_pol_part30_v4rho2sigma2_12.rs
     2499 crates/kernel-gga-8b/src/gga_c_acggap/lxc_pol_part23_v4rho2sigma2_5.rs
     2635 crates/kernel-gga-8b/src/gga_c_acggap/lxc_pol_part33_v4rho2sigma2_16.rs
       22 crates/kernel-gga-8b/src/gga_c_acggap/mod.rs
      457 crates/kernel-gga-8b/src/gga_c_acggap/vxc_pol.rs
     2022 crates/kernel-gga-8b/src/gga_c_acggap/lxc_unpol.rs
      177 crates/kernel-gga-9b/src/gga_x_hjs_b88_v2/exc_unpol.rs
     2151 crates/kernel-gga-9b/src/gga_x_hjs_b88_v2/kxc_pol_part0_zk_vrho_vsigma_v2rho2_v2rhosigma_v2sigma2.rs
     1634 crates/kernel-gga-9b/src/gga_x_hjs_b88_v2/kxc_unpol.rs
     2151 crates/kernel-gga-9b/src/gga_x_hjs_b88_v2/lxc_pol_part0_zk_vrho_vsigma_v2rho2_v2rhosigma_v2sigma2.rs
     2150 crates/kernel-gga-9b/src/gga_x_hjs_b88_v2/fxc_pol.rs
      749 crates/kernel-gga-9b/src/gga_x_hjs_b88_v2/fxc_unpol.rs
     1971 crates/kernel-gga-9b/src/gga_x_hjs_b88_v2/lxc_pol_part13_v4sigma4.rs
     2631 crates/kernel-gga-9b/src/gga_x_hjs_b88_v2/kxc_pol_part3_v3rhosigma2_v3sigma3.rs
     1904 crates/kernel-gga-9b/src/gga_x_hjs_b88_v2/lxc_pol_part10_v4rho3sigma_11.rs
       12 crates/kernel-gga-9b/src/gga_x_hjs_b88_v2/mod.rs
     2819 crates/kernel-gga-9b/src/gga_x_hjs_b88_v2/lxc_unpol.rs
      119 crates/kernel-gga-9c/src/gga_c_acgga/exc_unpol.rs
    11177 crates/kernel-gga-9c/src/gga_c_acgga/lxc_pol.rs
      254 crates/kernel-gga-9c/src/gga_c_acgga/vxc_unpol.rs
     4372 crates/kernel-gga-9c/src/gga_c_acgga/kxc_pol.rs
     1058 crates/kernel-gga-9c/src/gga_c_acgga/kxc_unpol.rs
     1257 crates/kernel-gga-9c/src/gga_c_acgga/fxc_pol.rs
      530 crates/kernel-gga-9c/src/gga_c_acgga/fxc_unpol.rs
       25 crates/kernel-gga-9c/src/gga_c_acgga/mod.rs
      398 crates/kernel-gga-9c/src/gga_c_acgga/vxc_pol.rs
     1411 crates/kernel-gga-9c/src/gga_c_acgga/lxc_unpol.rs
      159 crates/kernel-gga-9c/src/gga_c_acgga/exc_pol.rs
     1008 crates/kernel-mgga-10a/src/mgga_c_m06l/fxc_unpol.rs
        5 crates/kernel-mgga-10a/src/mgga_c_m06l/mod.rs
      890 crates/kernel-mgga-10a/src/mgga_c_m06l/vxc_pol.rs
      359 crates/kernel-mgga-10a/src/mgga_c_m06l/exc_pol.rs
      257 crates/kernel-mgga-10b/src/mgga_c_m06l/exc_unpol.rs
      505 crates/kernel-mgga-10b/src/mgga_c_m06l/vxc_unpol.rs
     4924 crates/kernel-mgga-10b/src/mgga_c_m06l/lxc_pol_part3.rs
     2470 crates/kernel-mgga-10b/src/mgga_c_m06l/lxc_pol_part0.rs
     1948 crates/kernel-mgga-10b/src/mgga_c_m06l/kxc_unpol.rs
     4068 crates/kernel-mgga-10b/src/mgga_c_m06l/lxc_pol_part4.rs
     2470 crates/kernel-mgga-10b/src/mgga_c_m06l/fxc_pol.rs
     3256 crates/kernel-mgga-10b/src/mgga_c_m06l/kxc_pol_part1.rs
     2470 crates/kernel-mgga-10b/src/mgga_c_m06l/kxc_pol_part0.rs
     4700 crates/kernel-mgga-10b/src/mgga_c_m06l/kxc_pol_part2.rs
     4700 crates/kernel-mgga-10b/src/mgga_c_m06l/lxc_pol_part2.rs
     3256 crates/kernel-mgga-10b/src/mgga_c_m06l/lxc_pol_part1.rs
     2562 crates/kernel-mgga-10b/src/mgga_c_m06l/lxc_pol_part6.rs
     3929 crates/kernel-mgga-10b/src/mgga_c_m06l/lxc_pol_part7.rs
     2476 crates/kernel-mgga-10b/src/mgga_c_m06l/lxc_pol_part8.rs
       19 crates/kernel-mgga-10b/src/mgga_c_m06l/mod.rs
     2495 crates/kernel-mgga-10b/src/mgga_c_m06l/lxc_unpol.rs
     3511 crates/kernel-mgga-10b/src/mgga_c_m06l/lxc_pol_part5.rs
      171 crates/kernel-mgga-11a/src/mgga_c_pkzb/exc_unpol.rs
     1377 crates/kernel-mgga-11a/src/mgga_c_pkzb/kxc_unpol.rs
     2628 crates/kernel-mgga-11a/src/mgga_c_pkzb/kxc_pol_part0.rs
      730 crates/kernel-mgga-11a/src/mgga_c_pkzb/fxc_unpol.rs
        8 crates/kernel-mgga-11a/src/mgga_c_pkzb/mod.rs
     1864 crates/kernel-mgga-11a/src/mgga_c_pkzb/lxc_unpol.rs
      308 crates/kernel-mgga-11a/src/mgga_c_pkzb/exc_pol.rs
     3458 crates/kernel-mgga-11b/src/mgga_c_pkzb/lxc_pol_part14.rs
     3566 crates/kernel-mgga-11b/src/mgga_c_pkzb/lxc_pol_part16.rs
     3588 crates/kernel-mgga-11b/src/mgga_c_pkzb/lxc_pol_part18.rs
     2628 crates/kernel-mgga-11b/src/mgga_c_pkzb/lxc_pol_part0.rs
     2879 crates/kernel-mgga-11b/src/mgga_c_pkzb/lxc_pol_part11.rs
     3025 crates/kernel-mgga-11b/src/mgga_c_pkzb/lxc_pol_part4.rs
     2628 crates/kernel-mgga-11b/src/mgga_c_pkzb/fxc_pol.rs
     2949 crates/kernel-mgga-11b/src/mgga_c_pkzb/lxc_pol_part9.rs
     3386 crates/kernel-mgga-11b/src/mgga_c_pkzb/lxc_pol_part22.rs
     2702 crates/kernel-mgga-11b/src/mgga_c_pkzb/lxc_pol_part19.rs
     3094 crates/kernel-mgga-11b/src/mgga_c_pkzb/lxc_pol_part12.rs
     3220 crates/kernel-mgga-11b/src/mgga_c_pkzb/kxc_pol_part2.rs
     3220 crates/kernel-mgga-11b/src/mgga_c_pkzb/lxc_pol_part2.rs
     3262 crates/kernel-mgga-11b/src/mgga_c_pkzb/lxc_pol_part15.rs
     3099 crates/kernel-mgga-11b/src/mgga_c_pkzb/lxc_pol_part8.rs
     3146 crates/kernel-mgga-11b/src/mgga_c_pkzb/lxc_pol_part10.rs
       18 crates/kernel-mgga-11b/src/mgga_c_pkzb/mod.rs
     4055 crates/kernel-mgga-11c/src/mgga_c_pkzb/lxc_pol_part21.rs
      352 crates/kernel-mgga-11c/src/mgga_c_pkzb/vxc_unpol.rs
     4053 crates/kernel-mgga-11c/src/mgga_c_pkzb/lxc_pol_part13.rs
     4381 crates/kernel-mgga-11c/src/mgga_c_pkzb/lxc_pol_part3.rs
     4381 crates/kernel-mgga-11c/src/mgga_c_pkzb/kxc_pol_part3.rs
     4707 crates/kernel-mgga-11c/src/mgga_c_pkzb/kxc_pol_part1.rs
     3682 crates/kernel-mgga-11c/src/mgga_c_pkzb/lxc_pol_part17.rs
     4707 crates/kernel-mgga-11c/src/mgga_c_pkzb/lxc_pol_part1.rs
     3979 crates/kernel-mgga-11c/src/mgga_c_pkzb/lxc_pol_part20.rs
     5380 crates/kernel-mgga-11c/src/mgga_c_pkzb/lxc_pol_part6.rs
     4759 crates/kernel-mgga-11c/src/mgga_c_pkzb/lxc_pol_part7.rs
       15 crates/kernel-mgga-11c/src/mgga_c_pkzb/mod.rs
      855 crates/kernel-mgga-11c/src/mgga_c_pkzb/vxc_pol.rs
     4695 crates/kernel-mgga-11c/src/mgga_c_pkzb/lxc_pol_part5.rs
      192 crates/kernel-mgga-12a/src/mgga_c_r2scan/exc_unpol.rs
     4662 crates/kernel-mgga-12a/src/mgga_c_r2scan/lxc_pol_part21.rs
     4535 crates/kernel-mgga-12a/src/mgga_c_r2scan/lxc_pol_part3.rs
     3639 crates/kernel-mgga-12a/src/mgga_c_r2scan/lxc_pol_part18.rs
     4409 crates/kernel-mgga-12a/src/mgga_c_r2scan/lxc_pol_part41.rs
     4535 crates/kernel-mgga-12a/src/mgga_c_r2scan/kxc_pol_part3.rs
     3754 crates/kernel-mgga-12a/src/mgga_c_r2scan/lxc_pol_part4.rs
     4301 crates/kernel-mgga-12a/src/mgga_c_r2scan/kxc_pol_part1.rs
     3615 crates/kernel-mgga-12a/src/mgga_c_r2scan/lxc_pol_part19.rs
     4163 crates/kernel-mgga-12a/src/mgga_c_r2scan/lxc_pol_part38.rs
     4301 crates/kernel-mgga-12a/src/mgga_c_r2scan/lxc_pol_part1.rs
     3640 crates/kernel-mgga-12a/src/mgga_c_r2scan/lxc_pol_part20.rs
     3807 crates/kernel-mgga-12a/src/mgga_c_r2scan/lxc_pol_part8.rs
       16 crates/kernel-mgga-12a/src/mgga_c_r2scan/mod.rs
      285 crates/kernel-mgga-12a/src/mgga_c_r2scan/exc_pol.rs
     2225 crates/kernel-mgga-12b/src/mgga_c_r2scan/lxc_pol_part42.rs
     2537 crates/kernel-mgga-12b/src/mgga_c_r2scan/lxc_pol_part0.rs
     1986 crates/kernel-mgga-12b/src/mgga_c_r2scan/kxc_unpol.rs
     2678 crates/kernel-mgga-12b/src/mgga_c_r2scan/lxc_pol_part25.rs
     2683 crates/kernel-mgga-12b/src/mgga_c_r2scan/lxc_pol_part23.rs
     2537 crates/kernel-mgga-12b/src/mgga_c_r2scan/fxc_pol.rs
     2537 crates/kernel-mgga-12b/src/mgga_c_r2scan/kxc_pol_part0.rs
     2702 crates/kernel-mgga-12b/src/mgga_c_r2scan/lxc_pol_part34.rs
     2433 crates/kernel-mgga-12b/src/mgga_c_r2scan/lxc_pol_part26.rs
     2431 crates/kernel-mgga-12b/src/mgga_c_r2scan/lxc_pol_part22.rs
     2296 crates/kernel-mgga-12b/src/mgga_c_r2scan/lxc_pol_part39.rs
     2448 crates/kernel-mgga-12b/src/mgga_c_r2scan/lxc_pol_part37.rs
     2446 crates/kernel-mgga-12b/src/mgga_c_r2scan/lxc_pol_part33.rs
     2699 crates/kernel-mgga-12b/src/mgga_c_r2scan/lxc_pol_part36.rs
       16 crates/kernel-mgga-12b/src/mgga_c_r2scan/mod.rs
     2914 crates/kernel-mgga-12c/src/mgga_c_r2scan/lxc_pol_part35.rs
     2893 crates/kernel-mgga-12c/src/mgga_c_r2scan/lxc_pol_part24.rs
     3605 crates/kernel-mgga-12c/src/mgga_c_r2scan/lxc_pol_part11.rs
     3324 crates/kernel-mgga-12c/src/mgga_c_r2scan/lxc_pol_part40.rs
     2979 crates/kernel-mgga-12c/src/mgga_c_r2scan/lxc_pol_part27.rs
     3604 crates/kernel-mgga-12c/src/mgga_c_r2scan/lxc_pol_part9.rs
      953 crates/kernel-mgga-12c/src/mgga_c_r2scan/fxc_unpol.rs
     3007 crates/kernel-mgga-12c/src/mgga_c_r2scan/lxc_pol_part30.rs
     3317 crates/kernel-mgga-12c/src/mgga_c_r2scan/kxc_pol_part2.rs
     3398 crates/kernel-mgga-12c/src/mgga_c_r2scan/lxc_pol_part28.rs
     3317 crates/kernel-mgga-12c/src/mgga_c_r2scan/lxc_pol_part2.rs
     2981 crates/kernel-mgga-12c/src/mgga_c_r2scan/lxc_pol_part32.rs
     3420 crates/kernel-mgga-12c/src/mgga_c_r2scan/lxc_pol_part31.rs
     3578 crates/kernel-mgga-12c/src/mgga_c_r2scan/lxc_pol_part10.rs
       19 crates/kernel-mgga-12c/src/mgga_c_r2scan/mod.rs
      779 crates/kernel-mgga-12c/src/mgga_c_r2scan/vxc_pol.rs
     2839 crates/kernel-mgga-12c/src/mgga_c_r2scan/lxc_unpol.rs
     2980 crates/kernel-mgga-12c/src/mgga_c_r2scan/lxc_pol_part29.rs
     5282 crates/kernel-mgga-12d/src/mgga_c_r2scan/lxc_pol_part14.rs
     5301 crates/kernel-mgga-12d/src/mgga_c_r2scan/lxc_pol_part16.rs
      422 crates/kernel-mgga-12d/src/mgga_c_r2scan/vxc_unpol.rs
     5295 crates/kernel-mgga-12d/src/mgga_c_r2scan/lxc_pol_part13.rs
     5281 crates/kernel-mgga-12d/src/mgga_c_r2scan/lxc_pol_part12.rs
     5300 crates/kernel-mgga-12d/src/mgga_c_r2scan/lxc_pol_part17.rs
     6231 crates/kernel-mgga-12d/src/mgga_c_r2scan/lxc_pol_part6.rs
     5720 crates/kernel-mgga-12d/src/mgga_c_r2scan/lxc_pol_part7.rs
     5299 crates/kernel-mgga-12d/src/mgga_c_r2scan/lxc_pol_part15.rs
       12 crates/kernel-mgga-12d/src/mgga_c_r2scan/mod.rs
     5685 crates/kernel-mgga-12d/src/mgga_c_r2scan/lxc_pol_part5.rs
     4145 crates/kernel-mgga-15a/src/mgga_c_rmggac/lxc_pol_part24.rs
     3068 crates/kernel-mgga-15a/src/mgga_c_rmggac/lxc_pol_part60.rs
     4700 crates/kernel-mgga-15a/src/mgga_c_rmggac/kxc_pol_part6.rs
     4071 crates/kernel-mgga-15a/src/mgga_c_rmggac/lxc_pol_part51.rs
     4055 crates/kernel-mgga-15a/src/mgga_c_rmggac/lxc_pol_part73.rs
     4084 crates/kernel-mgga-15a/src/mgga_c_rmggac/lxc_pol_part91.rs
     4055 crates/kernel-mgga-15a/src/mgga_c_rmggac/lxc_pol_part80.rs
     4700 crates/kernel-mgga-15a/src/mgga_c_rmggac/lxc_pol_part6.rs
     4318 crates/kernel-mgga-15a/src/mgga_c_rmggac/lxc_pol_part7.rs
     4065 crates/kernel-mgga-15a/src/mgga_c_rmggac/lxc_pol_part50.rs
     4178 crates/kernel-mgga-15a/src/mgga_c_rmggac/lxc_pol_part93.rs
       15 crates/kernel-mgga-15a/src/mgga_c_rmggac/mod.rs
     4353 crates/kernel-mgga-15a/src/mgga_c_rmggac/lxc_pol_part72.rs
      198 crates/kernel-mgga-15a/src/mgga_c_rmggac/exc_pol.rs
      132 crates/kernel-mgga-15b/src/mgga_c_rmggac/exc_unpol.rs
      296 crates/kernel-mgga-15b/src/mgga_c_rmggac/vxc_unpol.rs
     3956 crates/kernel-mgga-15b/src/mgga_c_rmggac/lxc_pol_part35.rs
     4002 crates/kernel-mgga-15b/src/mgga_c_rmggac/lxc_pol_part74.rs
     3972 crates/kernel-mgga-15b/src/mgga_c_rmggac/lxc_pol_part52.rs
     3976 crates/kernel-mgga-15b/src/mgga_c_rmggac/lxc_pol_part53.rs
     4051 crates/kernel-mgga-15b/src/mgga_c_rmggac/lxc_pol_part83.rs
     3999 crates/kernel-mgga-15b/src/mgga_c_rmggac/lxc_pol_part79.rs
     3975 crates/kernel-mgga-15b/src/mgga_c_rmggac/lxc_pol_part49.rs
      905 crates/kernel-mgga-15b/src/mgga_c_rmggac/fxc_unpol.rs
     3997 crates/kernel-mgga-15b/src/mgga_c_rmggac/lxc_pol_part82.rs
     4038 crates/kernel-mgga-15b/src/mgga_c_rmggac/lxc_pol_part33.rs
     4053 crates/kernel-mgga-15b/src/mgga_c_rmggac/lxc_pol_part76.rs
     3998 crates/kernel-mgga-15b/src/mgga_c_rmggac/lxc_pol_part77.rs
       18 crates/kernel-mgga-15b/src/mgga_c_rmggac/mod.rs
      551 crates/kernel-mgga-15b/src/mgga_c_rmggac/vxc_pol.rs
     3971 crates/kernel-mgga-15b/src/mgga_c_rmggac/lxc_pol_part48.rs
      170 crates/kernel-mgga-13a/src/mgga_c_revscan/exc_unpol.rs
     2755 crates/kernel-mgga-13a/src/mgga_c_revscan/lxc_pol_part14.rs
     3130 crates/kernel-mgga-13a/src/mgga_c_revscan/lxc_pol_part16.rs
      341 crates/kernel-mgga-13a/src/mgga_c_revscan/vxc_unpol.rs
     3441 crates/kernel-mgga-13a/src/mgga_c_revscan/lxc_pol_part3.rs
     3037 crates/kernel-mgga-13a/src/mgga_c_revscan/lxc_pol_part18.rs
     1598 crates/kernel-mgga-13a/src/mgga_c_revscan/kxc_unpol.rs
     1839 crates/kernel-mgga-13a/src/mgga_c_revscan/fxc_pol.rs
     3532 crates/kernel-mgga-13a/src/mgga_c_revscan/kxc_pol_part0.rs
      768 crates/kernel-mgga-13a/src/mgga_c_revscan/fxc_unpol.rs
     2261 crates/kernel-mgga-13a/src/mgga_c_revscan/lxc_pol_part2.rs
     2746 crates/kernel-mgga-13a/src/mgga_c_revscan/lxc_pol_part7.rs
     2445 crates/kernel-mgga-13a/src/mgga_c_revscan/lxc_pol_part15.rs
       19 crates/kernel-mgga-13a/src/mgga_c_revscan/mod.rs
      586 crates/kernel-mgga-13a/src/mgga_c_revscan/vxc_pol.rs
     2391 crates/kernel-mgga-13a/src/mgga_c_revscan/lxc_unpol.rs
      236 crates/kernel-mgga-13a/src/mgga_c_revscan/exc_pol.rs
     3467 crates/kernel-mgga-13a/src/mgga_c_revscan/lxc_pol_part5.rs
     3541 crates/kernel-mgga-13b/src/mgga_c_revscan/lxc_pol_part13.rs
     3532 crates/kernel-mgga-13b/src/mgga_c_revscan/lxc_pol_part0.rs
     3540 crates/kernel-mgga-13b/src/mgga_c_revscan/lxc_pol_part11.rs
     3831 crates/kernel-mgga-13b/src/mgga_c_revscan/lxc_pol_part4.rs
     4124 crates/kernel-mgga-13b/src/mgga_c_revscan/kxc_pol_part1.rs
     3539 crates/kernel-mgga-13b/src/mgga_c_revscan/lxc_pol_part9.rs
     4813 crates/kernel-mgga-13b/src/mgga_c_revscan/lxc_pol_part19.rs
     3549 crates/kernel-mgga-13b/src/mgga_c_revscan/lxc_pol_part12.rs
     4529 crates/kernel-mgga-13b/src/mgga_c_revscan/lxc_pol_part17.rs
     4124 crates/kernel-mgga-13b/src/mgga_c_revscan/lxc_pol_part1.rs
     3751 crates/kernel-mgga-13b/src/mgga_c_revscan/lxc_pol_part6.rs
     3539 crates/kernel-mgga-13b/src/mgga_c_revscan/lxc_pol_part8.rs
     3540 crates/kernel-mgga-13b/src/mgga_c_revscan/lxc_pol_part10.rs
       15 crates/kernel-mgga-13b/src/mgga_c_revscan/mod.rs
     5880 crates/kernel-mgga-14a/src/mgga_c_revtpss/kxc_pol_part4.rs
     5859 crates/kernel-mgga-14a/src/mgga_c_revtpss/lxc_pol_part3.rs
     5859 crates/kernel-mgga-14a/src/mgga_c_revtpss/kxc_pol_part3.rs
     5880 crates/kernel-mgga-14a/src/mgga_c_revtpss/lxc_pol_part4.rs
     6078 crates/kernel-mgga-14a/src/mgga_c_revtpss/lxc_pol_part40.rs
     1815 crates/kernel-mgga-14a/src/mgga_c_revtpss/fxc_unpol.rs
     6065 crates/kernel-mgga-14a/src/mgga_c_revtpss/lxc_pol_part39.rs
     6055 crates/kernel-mgga-14a/src/mgga_c_revtpss/lxc_pol_part37.rs
     6046 crates/kernel-mgga-14a/src/mgga_c_revtpss/lxc_pol_part38.rs
       12 crates/kernel-mgga-14a/src/mgga_c_revtpss/mod.rs
      424 crates/kernel-mgga-14a/src/mgga_c_revtpss/exc_pol.rs
      340 crates/kernel-mgga-14b/src/mgga_c_revtpss/exc_unpol.rs
      783 crates/kernel-mgga-14b/src/mgga_c_revtpss/vxc_unpol.rs
     6307 crates/kernel-mgga-14b/src/mgga_c_revtpss/lxc_pol_part18.rs
     8045 crates/kernel-mgga-14b/src/mgga_c_revtpss/lxc_pol_part27.rs
     8803 crates/kernel-mgga-14b/src/mgga_c_revtpss/lxc_pol_part26.rs
     8059 crates/kernel-mgga-14b/src/mgga_c_revtpss/lxc_pol_part30.rs
     8783 crates/kernel-mgga-14b/src/mgga_c_revtpss/lxc_pol_part28.rs
       10 crates/kernel-mgga-14b/src/mgga_c_revtpss/mod.rs
     8812 crates/kernel-mgga-14b/src/mgga_c_revtpss/lxc_pol_part29.rs
     4191 crates/kernel-mgga-14c/src/mgga_c_revtpss/lxc_pol_part104.rs
     4462 crates/kernel-mgga-14c/src/mgga_c_revtpss/lxc_pol_part52.rs
     4238 crates/kernel-mgga-14c/src/mgga_c_revtpss/lxc_pol_part59.rs
     5173 crates/kernel-mgga-14c/src/mgga_c_revtpss/lxc_pol_part24.rs
     4229 crates/kernel-mgga-14c/src/mgga_c_revtpss/lxc_pol_part56.rs
     4573 crates/kernel-mgga-14c/src/mgga_c_revtpss/fxc_pol.rs
     5205 crates/kernel-mgga-14c/src/mgga_c_revtpss/lxc_pol_part33.rs
     4232 crates/kernel-mgga-14c/src/mgga_c_revtpss/lxc_pol_part17.rs
     4232 crates/kernel-mgga-14c/src/mgga_c_revtpss/kxc_pol_part17.rs
     4184 crates/kernel-mgga-14c/src/mgga_c_revtpss/lxc_pol_part57.rs
       13 crates/kernel-mgga-14c/src/mgga_c_revtpss/mod.rs
     4195 crates/kernel-mgga-14c/src/mgga_c_revtpss/lxc_pol_part44.rs
     3425 crates/kernel-mgga-14d/src/mgga_c_revtpss/lxc_pol_part46.rs
     3513 crates/kernel-mgga-14d/src/mgga_c_revtpss/lxc_pol_part16.rs
     3549 crates/kernel-mgga-14d/src/mgga_c_revtpss/lxc_pol_part69.rs
     3618 crates/kernel-mgga-14d/src/mgga_c_revtpss/kxc_pol_part15.rs
     3488 crates/kernel-mgga-14d/src/mgga_c_revtpss/lxc_pol_part0.rs
     3563 crates/kernel-mgga-14d/src/mgga_c_revtpss/lxc_pol_part11.rs
     3566 crates/kernel-mgga-14d/src/mgga_c_revtpss/kxc_pol_part9.rs
     3546 crates/kernel-mgga-14d/src/mgga_c_revtpss/lxc_pol_part70.rs
     3488 crates/kernel-mgga-14d/src/mgga_c_revtpss/kxc_pol_part0.rs
     3566 crates/kernel-mgga-14d/src/mgga_c_revtpss/lxc_pol_part9.rs
     3467 crates/kernel-mgga-14d/src/mgga_c_revtpss/lxc_pol_part58.rs
     3513 crates/kernel-mgga-14d/src/mgga_c_revtpss/kxc_pol_part16.rs
     3618 crates/kernel-mgga-14d/src/mgga_c_revtpss/lxc_pol_part15.rs
     3563 crates/kernel-mgga-14d/src/mgga_c_revtpss/kxc_pol_part11.rs
       16 crates/kernel-mgga-14d/src/mgga_c_revtpss/mod.rs
     2536 crates/kernel-mgga-15c/src/mgga_c_rmggac/lxc_pol_part66.rs
     2536 crates/kernel-mgga-15c/src/mgga_c_rmggac/lxc_pol_part69.rs
     2594 crates/kernel-mgga-15c/src/mgga_c_rmggac/lxc_pol_part0.rs
     2537 crates/kernel-mgga-15c/src/mgga_c_rmggac/lxc_pol_part71.rs
     2594 crates/kernel-mgga-15c/src/mgga_c_rmggac/fxc_pol.rs
     2594 crates/kernel-mgga-15c/src/mgga_c_rmggac/kxc_pol_part0.rs
     2535 crates/kernel-mgga-15c/src/mgga_c_rmggac/lxc_pol_part64.rs
     2632 crates/kernel-mgga-15c/src/mgga_c_rmggac/lxc_pol_part45.rs
       10 crates/kernel-mgga-15c/src/mgga_c_rmggac/mod.rs
     2790 crates/kernel-mgga-15d/src/mgga_c_rmggac/kxc_pol_part4.rs
     2747 crates/kernel-mgga-15d/src/mgga_c_rmggac/lxc_pol_part21.rs
     2707 crates/kernel-mgga-15d/src/mgga_c_rmggac/lxc_pol_part54.rs
     2634 crates/kernel-mgga-15d/src/mgga_c_rmggac/lxc_pol_part56.rs
     2790 crates/kernel-mgga-15d/src/mgga_c_rmggac/lxc_pol_part4.rs
     2701 crates/kernel-mgga-15d/src/mgga_c_rmggac/lxc_pol_part47.rs
     2779 crates/kernel-mgga-15d/src/mgga_c_rmggac/lxc_pol_part27.rs
     2670 crates/kernel-mgga-15d/src/mgga_c_rmggac/kxc_pol_part1.rs
     2831 crates/kernel-mgga-15d/src/mgga_c_rmggac/lxc_pol_part9.rs
     2700 crates/kernel-mgga-15d/src/mgga_c_rmggac/lxc_pol_part43.rs
     2749 crates/kernel-mgga-15d/src/mgga_c_rmggac/lxc_pol_part22.rs
     2781 crates/kernel-mgga-15d/src/mgga_c_rmggac/lxc_pol_part39.rs
     2708 crates/kernel-mgga-15d/src/mgga_c_rmggac/lxc_pol_part58.rs
     2670 crates/kernel-mgga-15d/src/mgga_c_rmggac/lxc_pol_part1.rs
     2822 crates/kernel-mgga-15d/src/mgga_c_rmggac/lxc_pol_part63.rs
     2835 crates/kernel-mgga-15d/src/mgga_c_rmggac/lxc_pol_part8.rs
     2836 crates/kernel-mgga-15d/src/mgga_c_rmggac/lxc_pol_part10.rs
       20 crates/kernel-mgga-15d/src/mgga_c_rmggac/mod.rs
     2822 crates/kernel-mgga-15d/src/mgga_c_rmggac/lxc_pol_part68.rs
     3026 crates/kernel-mgga-14g/src/mgga_c_revtpss/lxc_pol_part86.rs
     2837 crates/kernel-mgga-14g/src/mgga_c_revtpss/lxc_pol_part14.rs
     3053 crates/kernel-mgga-14g/src/mgga_c_revtpss/lxc_pol_part87.rs
     2886 crates/kernel-mgga-14g/src/mgga_c_revtpss/lxc_pol_part83.rs
     2947 crates/kernel-mgga-14g/src/mgga_c_revtpss/lxc_pol_part84.rs
     2837 crates/kernel-mgga-14g/src/mgga_c_revtpss/kxc_pol_part14.rs
     2811 crates/kernel-mgga-14g/src/mgga_c_revtpss/kxc_pol_part6.rs
     3000 crates/kernel-mgga-14g/src/mgga_c_revtpss/lxc_pol_part101.rs
     2819 crates/kernel-mgga-14g/src/mgga_c_revtpss/lxc_pol_part12.rs
     2857 crates/kernel-mgga-14g/src/mgga_c_revtpss/lxc_pol_part98.rs
     2939 crates/kernel-mgga-14g/src/mgga_c_revtpss/lxc_pol_part99.rs
     3042 crates/kernel-mgga-14g/src/mgga_c_revtpss/lxc_pol_part97.rs
     2819 crates/kernel-mgga-14g/src/mgga_c_revtpss/kxc_pol_part12.rs
     2982 crates/kernel-mgga-14g/src/mgga_c_revtpss/lxc_pol_part91.rs
     3040 crates/kernel-mgga-14g/src/mgga_c_revtpss/lxc_pol_part80.rs
       19 crates/kernel-mgga-14g/src/mgga_c_revtpss/mod.rs
     2906 crates/kernel-mgga-14g/src/mgga_c_revtpss/lxc_pol_part90.rs
     2972 crates/kernel-mgga-14g/src/mgga_c_revtpss/lxc_pol_part94.rs
     2596 crates/kernel-mgga-14h/src/mgga_c_revtpss/lxc_pol_part13.rs
     2478 crates/kernel-mgga-14h/src/mgga_c_revtpss/lxc_pol_part88.rs
     2771 crates/kernel-mgga-14h/src/mgga_c_revtpss/lxc_pol_part75.rs
     2755 crates/kernel-mgga-14h/src/mgga_c_revtpss/lxc_unpol_part1.rs
     2794 crates/kernel-mgga-14h/src/mgga_c_revtpss/kxc_pol_part8.rs
     2673 crates/kernel-mgga-14h/src/mgga_c_revtpss/lxc_pol_part92.rs
     2742 crates/kernel-mgga-14h/src/mgga_c_revtpss/lxc_pol_part64.rs
     2643 crates/kernel-mgga-14h/src/mgga_c_revtpss/lxc_pol_part85.rs
     2778 crates/kernel-mgga-14h/src/mgga_c_revtpss/lxc_unpol_part4.rs
     2638 crates/kernel-mgga-14h/src/mgga_c_revtpss/lxc_pol_part82.rs
     2785 crates/kernel-mgga-14h/src/mgga_c_revtpss/lxc_pol_part76.rs
     2758 crates/kernel-mgga-14h/src/mgga_c_revtpss/lxc_pol_part63.rs
     2811 crates/kernel-mgga-14h/src/mgga_c_revtpss/lxc_pol_part6.rs
     2568 crates/kernel-mgga-14h/src/mgga_c_revtpss/lxc_pol_part7.rs
     2661 crates/kernel-mgga-14h/src/mgga_c_revtpss/lxc_pol_part89.rs
     2596 crates/kernel-mgga-14h/src/mgga_c_revtpss/kxc_pol_part13.rs
     2794 crates/kernel-mgga-14h/src/mgga_c_revtpss/lxc_pol_part8.rs
       20 crates/kernel-mgga-14h/src/mgga_c_revtpss/mod.rs
     2568 crates/kernel-mgga-14h/src/mgga_c_revtpss/kxc_pol_part7.rs
     3746 crates/kernel-mgga-14i/src/mgga_c_revtpss/lxc_unpol_part3.rs
     4029 crates/kernel-mgga-14i/src/mgga_c_revtpss/lxc_pol_part79.rs
     3156 crates/kernel-mgga-14i/src/mgga_c_revtpss/lxc_pol_part78.rs
     3698 crates/kernel-mgga-14i/src/mgga_c_revtpss/lxc_pol_part103.rs
     3927 crates/kernel-mgga-14i/src/mgga_c_revtpss/kxc_pol_part2.rs
     3927 crates/kernel-mgga-14i/src/mgga_c_revtpss/lxc_pol_part2.rs
     3956 crates/kernel-mgga-14i/src/mgga_c_revtpss/kxc_pol_part5.rs
     3736 crates/kernel-mgga-14i/src/mgga_c_revtpss/lxc_unpol_part2.rs
     4019 crates/kernel-mgga-14i/src/mgga_c_revtpss/lxc_pol_part36.rs
     3719 crates/kernel-mgga-14i/src/mgga_c_revtpss/lxc_pol_part102.rs
       15 crates/kernel-mgga-14i/src/mgga_c_revtpss/mod.rs
     4047 crates/kernel-mgga-14i/src/mgga_c_revtpss/lxc_pol_part68.rs
     4044 crates/kernel-mgga-14i/src/mgga_c_revtpss/lxc_pol_part72.rs
     3956 crates/kernel-mgga-14i/src/mgga_c_revtpss/lxc_pol_part5.rs
     4065 crates/kernel-mgga-14j/src/mgga_c_revtpss/lxc_pol_part42.rs
     4052 crates/kernel-mgga-14j/src/mgga_c_revtpss/lxc_pol_part35.rs
     4090 crates/kernel-mgga-14j/src/mgga_c_revtpss/lxc_pol_part55.rs
     4049 crates/kernel-mgga-14j/src/mgga_c_revtpss/lxc_pol_part41.rs
     4087 crates/kernel-mgga-14j/src/mgga_c_revtpss/kxc_unpol.rs
     4050 crates/kernel-mgga-14j/src/mgga_c_revtpss/lxc_pol_part67.rs
     4163 crates/kernel-mgga-14j/src/mgga_c_revtpss/lxc_pol_part60.rs
     4171 crates/kernel-mgga-14j/src/mgga_c_revtpss/lxc_pol_part47.rs
     4047 crates/kernel-mgga-14j/src/mgga_c_revtpss/lxc_pol_part71.rs
     4094 crates/kernel-mgga-14j/src/mgga_c_revtpss/lxc_pol_part43.rs
     4152 crates/kernel-mgga-14j/src/mgga_c_revtpss/lxc_pol_part45.rs
       14 crates/kernel-mgga-14j/src/mgga_c_revtpss/mod.rs
     4055 crates/kernel-mgga-14j/src/mgga_c_revtpss/lxc_pol_part48.rs
    10955 crates/kernel-mgga-14k/src/mgga_c_revtpss/lxc_pol_part21.rs
     6377 crates/kernel-mgga-14k/src/mgga_c_revtpss/lxc_pol_part22.rs
    10889 crates/kernel-mgga-14k/src/mgga_c_revtpss/lxc_pol_part19.rs
     8828 crates/kernel-mgga-14k/src/mgga_c_revtpss/lxc_pol_part31.rs
    12648 crates/kernel-mgga-14k/src/mgga_c_revtpss/lxc_pol_part20.rs
        7 crates/kernel-mgga-14k/src/mgga_c_revtpss/mod.rs
     5248 crates/kernel-mgga-14l/src/mgga_c_revtpss/lxc_pol_part54.rs
     5599 crates/kernel-mgga-14l/src/mgga_c_revtpss/lxc_pol_part25.rs
     5563 crates/kernel-mgga-14l/src/mgga_c_revtpss/lxc_pol_part53.rs
     5647 crates/kernel-mgga-14l/src/mgga_c_revtpss/lxc_pol_part23.rs
     5402 crates/kernel-mgga-14l/src/mgga_c_revtpss/lxc_pol_part51.rs
     5258 crates/kernel-mgga-14l/src/mgga_c_revtpss/lxc_pol_part49.rs
     5672 crates/kernel-mgga-14l/src/mgga_c_revtpss/lxc_pol_part34.rs
     5615 crates/kernel-mgga-14l/src/mgga_c_revtpss/lxc_pol_part32.rs
     5576 crates/kernel-mgga-14l/src/mgga_c_revtpss/lxc_pol_part50.rs
       11 crates/kernel-mgga-14l/src/mgga_c_revtpss/mod.rs
     2465 crates/kernel-mgga-14e/src/mgga_c_revtpss/lxc_pol_part81.rs
     2442 crates/kernel-mgga-14e/src/mgga_c_revtpss/kxc_pol_part1.rs
     2442 crates/kernel-mgga-14e/src/mgga_c_revtpss/lxc_pol_part1.rs
        5 crates/kernel-mgga-14e/src/mgga_c_revtpss/mod.rs
     3097 crates/kernel-mgga-14f/src/mgga_c_revtpss/lxc_pol_part66.rs
     3138 crates/kernel-mgga-14f/src/mgga_c_revtpss/lxc_pol_part74.rs
     3364 crates/kernel-mgga-14f/src/mgga_c_revtpss/lxc_unpol_part5.rs
     3381 crates/kernel-mgga-14f/src/mgga_c_revtpss/lxc_pol_part95.rs
     3131 crates/kernel-mgga-14f/src/mgga_c_revtpss/lxc_pol_part61.rs
     3209 crates/kernel-mgga-14f/src/mgga_c_revtpss/lxc_pol_part100.rs
     3123 crates/kernel-mgga-14f/src/mgga_c_revtpss/lxc_pol_part73.rs
     3270 crates/kernel-mgga-14f/src/mgga_c_revtpss/kxc_pol_part10.rs
     3135 crates/kernel-mgga-14f/src/mgga_c_revtpss/lxc_unpol_part0.rs
     3141 crates/kernel-mgga-14f/src/mgga_c_revtpss/lxc_pol_part77.rs
     3114 crates/kernel-mgga-14f/src/mgga_c_revtpss/lxc_pol_part62.rs
     3114 crates/kernel-mgga-14f/src/mgga_c_revtpss/lxc_pol_part65.rs
     3111 crates/kernel-mgga-14f/src/mgga_c_revtpss/lxc_pol_part93.rs
     3270 crates/kernel-mgga-14f/src/mgga_c_revtpss/lxc_pol_part10.rs
       18 crates/kernel-mgga-14f/src/mgga_c_revtpss/mod.rs
     1350 crates/kernel-mgga-14f/src/mgga_c_revtpss/vxc_pol.rs
     3054 crates/kernel-mgga-14f/src/mgga_c_revtpss/lxc_pol_part96.rs
     3639 crates/kernel-mgga-15e/src/mgga_c_rmggac/lxc_pol_part86.rs
     3740 crates/kernel-mgga-15e/src/mgga_c_rmggac/lxc_pol_part87.rs
     3791 crates/kernel-mgga-15e/src/mgga_c_rmggac/lxc_pol_part59.rs
     3847 crates/kernel-mgga-15e/src/mgga_c_rmggac/lxc_pol_part25.rs
     3839 crates/kernel-mgga-15e/src/mgga_c_rmggac/lxc_pol_part40.rs
     3938 crates/kernel-mgga-15e/src/mgga_c_rmggac/lxc_pol_part19.rs
     3954 crates/kernel-mgga-15e/src/mgga_c_rmggac/lxc_pol_part30.rs
     3676 crates/kernel-mgga-15e/src/mgga_c_rmggac/kxc_pol_part2.rs
     3826 crates/kernel-mgga-15e/src/mgga_c_rmggac/lxc_pol_part28.rs
     3676 crates/kernel-mgga-15e/src/mgga_c_rmggac/lxc_pol_part2.rs
     3955 crates/kernel-mgga-15e/src/mgga_c_rmggac/lxc_pol_part32.rs
     3861 crates/kernel-mgga-15e/src/mgga_c_rmggac/lxc_pol_part37.rs
     3635 crates/kernel-mgga-15e/src/mgga_c_rmggac/lxc_pol_part89.rs
       15 crates/kernel-mgga-15e/src/mgga_c_rmggac/mod.rs
     2933 crates/kernel-mgga-15f/src/mgga_c_rmggac/lxc_pol_part46.rs
     2932 crates/kernel-mgga-15f/src/mgga_c_rmggac/lxc_pol_part42.rs
     2936 crates/kernel-mgga-15f/src/mgga_c_rmggac/lxc_pol_part55.rs
     2974 crates/kernel-mgga-15f/src/mgga_c_rmggac/lxc_pol_part3.rs
     2841 crates/kernel-mgga-15f/src/mgga_c_rmggac/lxc_pol_part18.rs
     2918 crates/kernel-mgga-15f/src/mgga_c_rmggac/lxc_pol_part41.rs
     2946 crates/kernel-mgga-15f/src/mgga_c_rmggac/kxc_unpol.rs
     2974 crates/kernel-mgga-15f/src/mgga_c_rmggac/kxc_pol_part3.rs
     2932 crates/kernel-mgga-15f/src/mgga_c_rmggac/lxc_pol_part92.rs
     2874 crates/kernel-mgga-15f/src/mgga_c_rmggac/lxc_pol_part26.rs
     2849 crates/kernel-mgga-15f/src/mgga_c_rmggac/lxc_pol_part17.rs
     2880 crates/kernel-mgga-15f/src/mgga_c_rmggac/lxc_pol_part38.rs
     2879 crates/kernel-mgga-15f/src/mgga_c_rmggac/lxc_pol_part36.rs
     2853 crates/kernel-mgga-15f/src/mgga_c_rmggac/lxc_pol_part57.rs
       19 crates/kernel-mgga-15f/src/mgga_c_rmggac/mod.rs
     2863 crates/kernel-mgga-15f/src/mgga_c_rmggac/lxc_pol_part90.rs
     2856 crates/kernel-mgga-15f/src/mgga_c_rmggac/lxc_pol_part44.rs
     2875 crates/kernel-mgga-15f/src/mgga_c_rmggac/lxc_pol_part29.rs
     3330 crates/kernel-mgga-15g/src/mgga_c_rmggac/lxc_pol_part81.rs
     3630 crates/kernel-mgga-15g/src/mgga_c_rmggac/lxc_pol_part88.rs
     3333 crates/kernel-mgga-15g/src/mgga_c_rmggac/lxc_pol_part75.rs
     3374 crates/kernel-mgga-15g/src/mgga_c_rmggac/lxc_pol_part84.rs
     3532 crates/kernel-mgga-15g/src/mgga_c_rmggac/lxc_pol_part23.rs
     3383 crates/kernel-mgga-15g/src/mgga_c_rmggac/lxc_pol_part67.rs
     3280 crates/kernel-mgga-15g/src/mgga_c_rmggac/lxc_pol_part70.rs
     3562 crates/kernel-mgga-15g/src/mgga_c_rmggac/lxc_pol_part61.rs
     3381 crates/kernel-mgga-15g/src/mgga_c_rmggac/lxc_pol_part78.rs
     3633 crates/kernel-mgga-15g/src/mgga_c_rmggac/lxc_pol_part85.rs
     3433 crates/kernel-mgga-15g/src/mgga_c_rmggac/kxc_pol_part5.rs
     3525 crates/kernel-mgga-15g/src/mgga_c_rmggac/lxc_pol_part20.rs
     3279 crates/kernel-mgga-15g/src/mgga_c_rmggac/lxc_pol_part65.rs
       16 crates/kernel-mgga-15g/src/mgga_c_rmggac/mod.rs
     3433 crates/kernel-mgga-15g/src/mgga_c_rmggac/lxc_pol_part5.rs
     5060 crates/kernel-mgga-15h/src/mgga_c_rmggac/lxc_pol_part14.rs
     5061 crates/kernel-mgga-15h/src/mgga_c_rmggac/lxc_pol_part16.rs
     5050 crates/kernel-mgga-15h/src/mgga_c_rmggac/lxc_pol_part13.rs
     5049 crates/kernel-mgga-15h/src/mgga_c_rmggac/lxc_pol_part11.rs
     5657 crates/kernel-mgga-15h/src/mgga_c_rmggac/lxc_pol_part34.rs
     5088 crates/kernel-mgga-15h/src/mgga_c_rmggac/lxc_pol_part12.rs
     5604 crates/kernel-mgga-15h/src/mgga_c_rmggac/lxc_pol_part31.rs
     3529 crates/kernel-mgga-15h/src/mgga_c_rmggac/lxc_pol_part62.rs
     5079 crates/kernel-mgga-15h/src/mgga_c_rmggac/lxc_pol_part15.rs
       12 crates/kernel-mgga-15h/src/mgga_c_rmggac/mod.rs
     4821 crates/kernel-mgga-15h/src/mgga_c_rmggac/lxc_unpol.rs
      137 crates/kernel-mgga-16/src/mgga_c_rppscan/exc_unpol.rs
    13238 crates/kernel-mgga-16/src/mgga_c_rppscan/lxc_pol.rs
      282 crates/kernel-mgga-16/src/mgga_c_rppscan/vxc_unpol.rs
     5042 crates/kernel-mgga-16/src/mgga_c_rppscan/kxc_pol.rs
     1394 crates/kernel-mgga-16/src/mgga_c_rppscan/kxc_unpol.rs
     1578 crates/kernel-mgga-16/src/mgga_c_rppscan/fxc_pol.rs
      659 crates/kernel-mgga-16/src/mgga_c_rppscan/fxc_unpol.rs
       25 crates/kernel-mgga-16/src/mgga_c_rppscan/mod.rs
      503 crates/kernel-mgga-16/src/mgga_c_rppscan/vxc_pol.rs
     2080 crates/kernel-mgga-16/src/mgga_c_rppscan/lxc_unpol.rs
      203 crates/kernel-mgga-16/src/mgga_c_rppscan/exc_pol.rs
      138 crates/kernel-mgga-16/src/mgga_c_scan/exc_unpol.rs
    12598 crates/kernel-mgga-16/src/mgga_c_scan/lxc_pol.rs
      277 crates/kernel-mgga-16/src/mgga_c_scan/vxc_unpol.rs
     4740 crates/kernel-mgga-16/src/mgga_c_scan/kxc_pol.rs
     1323 crates/kernel-mgga-16/src/mgga_c_scan/kxc_unpol.rs
     1532 crates/kernel-mgga-16/src/mgga_c_scan/fxc_pol.rs
      627 crates/kernel-mgga-16/src/mgga_c_scan/fxc_unpol.rs
       25 crates/kernel-mgga-16/src/mgga_c_scan/mod.rs
      505 crates/kernel-mgga-16/src/mgga_c_scan/vxc_pol.rs
     2028 crates/kernel-mgga-16/src/mgga_c_scan/lxc_unpol.rs
      206 crates/kernel-mgga-16/src/mgga_c_scan/exc_pol.rs
       62 crates/kernel-mgga-17/src/mgga_k_gea2/exc_unpol.rs
     2053 crates/kernel-mgga-17/src/mgga_k_gea2/lxc_pol.rs
       85 crates/kernel-mgga-17/src/mgga_k_gea2/vxc_unpol.rs
      857 crates/kernel-mgga-17/src/mgga_k_gea2/kxc_pol.rs
      193 crates/kernel-mgga-17/src/mgga_k_gea2/kxc_unpol.rs
      353 crates/kernel-mgga-17/src/mgga_k_gea2/fxc_pol.rs
      124 crates/kernel-mgga-17/src/mgga_k_gea2/fxc_unpol.rs
       25 crates/kernel-mgga-17/src/mgga_k_gea2/mod.rs
      162 crates/kernel-mgga-17/src/mgga_k_gea2/vxc_pol.rs
      302 crates/kernel-mgga-17/src/mgga_k_gea2/lxc_unpol.rs
       93 crates/kernel-mgga-17/src/mgga_k_gea2/exc_pol.rs
      138 crates/kernel-mgga-17/src/mgga_c_rregtm/exc_unpol.rs
    12596 crates/kernel-mgga-17/src/mgga_c_rregtm/lxc_pol.rs
      277 crates/kernel-mgga-17/src/mgga_c_rregtm/vxc_unpol.rs
     4738 crates/kernel-mgga-17/src/mgga_c_rregtm/kxc_pol.rs
     1323 crates/kernel-mgga-17/src/mgga_c_rregtm/kxc_unpol.rs
     1532 crates/kernel-mgga-17/src/mgga_c_rregtm/fxc_pol.rs
      627 crates/kernel-mgga-17/src/mgga_c_rregtm/fxc_unpol.rs
       25 crates/kernel-mgga-17/src/mgga_c_rregtm/mod.rs
      505 crates/kernel-mgga-17/src/mgga_c_rregtm/vxc_pol.rs
     2028 crates/kernel-mgga-17/src/mgga_c_rregtm/lxc_unpol.rs
      206 crates/kernel-mgga-17/src/mgga_c_rregtm/exc_pol.rs
      118 crates/kernel-mgga-17/src/mgga_k_pc07/exc_unpol.rs
     9769 crates/kernel-mgga-17/src/mgga_k_pc07/lxc_pol.rs
      223 crates/kernel-mgga-17/src/mgga_k_pc07/vxc_unpol.rs
     3602 crates/kernel-mgga-17/src/mgga_k_pc07/kxc_pol.rs
     1624 crates/kernel-mgga-17/src/mgga_k_pc07/kxc_unpol.rs
     1148 crates/kernel-mgga-17/src/mgga_k_pc07/fxc_pol.rs
      560 crates/kernel-mgga-17/src/mgga_k_pc07/fxc_unpol.rs
       25 crates/kernel-mgga-17/src/mgga_k_pc07/mod.rs
      404 crates/kernel-mgga-17/src/mgga_k_pc07/vxc_pol.rs
     4183 crates/kernel-mgga-17/src/mgga_k_pc07/lxc_unpol.rs
      187 crates/kernel-mgga-17/src/mgga_k_pc07/exc_pol.rs
      153 crates/kernel-mgga-18a/src/mgga_c_rscan/exc_unpol.rs
     2571 crates/kernel-mgga-18a/src/mgga_c_rscan/lxc_pol_part21.rs
     2647 crates/kernel-mgga-18a/src/mgga_c_rscan/lxc_pol_part18.rs
     1967 crates/kernel-mgga-18a/src/mgga_c_rscan/fxc_pol.rs
     2665 crates/kernel-mgga-18a/src/mgga_c_rscan/lxc_pol_part26.rs
     2583 crates/kernel-mgga-18a/src/mgga_c_rscan/lxc_pol_part22.rs
     2570 crates/kernel-mgga-18a/src/mgga_c_rscan/lxc_pol_part19.rs
     2629 crates/kernel-mgga-18a/src/mgga_c_rscan/kxc_pol_part2.rs
     2495 crates/kernel-mgga-18a/src/mgga_c_rscan/lxc_pol_part15.rs
       14 crates/kernel-mgga-18a/src/mgga_c_rscan/mod.rs
     2763 crates/kernel-mgga-18a/src/mgga_c_rscan/lxc_unpol.rs
      225 crates/kernel-mgga-18a/src/mgga_c_rscan/exc_pol.rs
     2695 crates/kernel-mgga-18a/src/mgga_c_rscan/lxc_pol_part29.rs
     4491 crates/kernel-mgga-18b/src/mgga_c_rscan/lxc_pol_part16.rs
      324 crates/kernel-mgga-18b/src/mgga_c_rscan/vxc_unpol.rs
     3630 crates/kernel-mgga-18b/src/mgga_c_rscan/lxc_pol_part13.rs
     3781 crates/kernel-mgga-18b/src/mgga_c_rscan/lxc_pol_part0.rs
     3629 crates/kernel-mgga-18b/src/mgga_c_rscan/lxc_pol_part11.rs
     3971 crates/kernel-mgga-18b/src/mgga_c_rscan/lxc_pol_part4.rs
     4432 crates/kernel-mgga-18b/src/mgga_c_rscan/lxc_pol_part27.rs
     3879 crates/kernel-mgga-18b/src/mgga_c_rscan/kxc_pol_part1.rs
     3781 crates/kernel-mgga-18b/src/mgga_c_rscan/kxc_pol_part0.rs
      781 crates/kernel-mgga-18b/src/mgga_c_rscan/fxc_unpol.rs
     4401 crates/kernel-mgga-18b/src/mgga_c_rscan/lxc_pol_part2.rs
     4599 crates/kernel-mgga-18b/src/mgga_c_rscan/lxc_pol_part31.rs
     3879 crates/kernel-mgga-18b/src/mgga_c_rscan/lxc_pol_part1.rs
     3808 crates/kernel-mgga-18b/src/mgga_c_rscan/lxc_pol_part6.rs
       17 crates/kernel-mgga-18b/src/mgga_c_rscan/mod.rs
      573 crates/kernel-mgga-18b/src/mgga_c_rscan/vxc_pol.rs
     2972 crates/kernel-mgga-18c/src/mgga_c_rscan/lxc_pol_part14.rs
     2968 crates/kernel-mgga-18c/src/mgga_c_rscan/lxc_pol_part24.rs
     3545 crates/kernel-mgga-18c/src/mgga_c_rscan/lxc_pol_part3.rs
     1788 crates/kernel-mgga-18c/src/mgga_c_rscan/kxc_unpol.rs
     2949 crates/kernel-mgga-18c/src/mgga_c_rscan/lxc_pol_part25.rs
     2953 crates/kernel-mgga-18c/src/mgga_c_rscan/lxc_pol_part23.rs
     3610 crates/kernel-mgga-18c/src/mgga_c_rscan/lxc_pol_part9.rs
     3619 crates/kernel-mgga-18c/src/mgga_c_rscan/lxc_pol_part12.rs
     2932 crates/kernel-mgga-18c/src/mgga_c_rscan/lxc_pol_part30.rs
     2926 crates/kernel-mgga-18c/src/mgga_c_rscan/lxc_pol_part28.rs
     2934 crates/kernel-mgga-18c/src/mgga_c_rscan/lxc_pol_part17.rs
     2940 crates/kernel-mgga-18c/src/mgga_c_rscan/lxc_pol_part20.rs
     2951 crates/kernel-mgga-18c/src/mgga_c_rscan/lxc_pol_part7.rs
     3616 crates/kernel-mgga-18c/src/mgga_c_rscan/lxc_pol_part8.rs
     3617 crates/kernel-mgga-18c/src/mgga_c_rscan/lxc_pol_part10.rs
       18 crates/kernel-mgga-18c/src/mgga_c_rscan/mod.rs
     3578 crates/kernel-mgga-18c/src/mgga_c_rscan/lxc_pol_part5.rs
     3787 crates/kernel-mgga-19a/src/mgga_c_tpss/lxc_pol_part14.rs
     3755 crates/kernel-mgga-19a/src/mgga_c_tpss/lxc_pol_part16.rs
     3541 crates/kernel-mgga-19a/src/mgga_c_tpss/lxc_pol_part24.rs
     3598 crates/kernel-mgga-19a/src/mgga_c_tpss/lxc_pol_part75.rs
     3770 crates/kernel-mgga-19a/src/mgga_c_tpss/lxc_pol_part0.rs
     3766 crates/kernel-mgga-19a/src/mgga_c_tpss/lxc_pol_part67.rs
     3770 crates/kernel-mgga-19a/src/mgga_c_tpss/fxc_pol.rs
     3770 crates/kernel-mgga-19a/src/mgga_c_tpss/kxc_pol_part0.rs
     1392 crates/kernel-mgga-19a/src/mgga_c_tpss/fxc_unpol.rs
     3365 crates/kernel-mgga-19a/src/mgga_c_tpss/lxc_pol_part73.rs
     3732 crates/kernel-mgga-19a/src/mgga_c_tpss/lxc_pol_part76.rs
     3491 crates/kernel-mgga-19a/src/mgga_c_tpss/lxc_pol_part15.rs
       17 crates/kernel-mgga-19a/src/mgga_c_tpss/mod.rs
     3675 crates/kernel-mgga-19a/src/mgga_c_tpss/lxc_pol_part72.rs
     3664 crates/kernel-mgga-19a/src/mgga_c_tpss/lxc_unpol.rs
      406 crates/kernel-mgga-19a/src/mgga_c_tpss/exc_pol.rs
      318 crates/kernel-mgga-19b/src/mgga_c_tpss/exc_unpol.rs
     5171 crates/kernel-mgga-19b/src/mgga_c_tpss/lxc_pol_part21.rs
      670 crates/kernel-mgga-19b/src/mgga_c_tpss/vxc_unpol.rs
     7720 crates/kernel-mgga-19b/src/mgga_c_tpss/lxc_pol_part11.rs
     5676 crates/kernel-mgga-19b/src/mgga_c_tpss/lxc_pol_part22.rs
     5607 crates/kernel-mgga-19b/src/mgga_c_tpss/lxc_pol_part19.rs
     6803 crates/kernel-mgga-19b/src/mgga_c_tpss/lxc_pol_part12.rs
     5628 crates/kernel-mgga-19b/src/mgga_c_tpss/lxc_pol_part17.rs
     5659 crates/kernel-mgga-19b/src/mgga_c_tpss/lxc_pol_part20.rs
     6732 crates/kernel-mgga-19b/src/mgga_c_tpss/lxc_pol_part10.rs
       12 crates/kernel-mgga-19b/src/mgga_c_tpss/mod.rs
     2850 crates/kernel-mgga-19c/src/mgga_c_tpss/kxc_pol_part4.rs
     2424 crates/kernel-mgga-19c/src/mgga_c_tpss/lxc_pol_part54.rs
     2659 crates/kernel-mgga-19c/src/mgga_c_tpss/kxc_unpol.rs
     2793 crates/kernel-mgga-19c/src/mgga_c_tpss/lxc_pol_part53.rs
     2850 crates/kernel-mgga-19c/src/mgga_c_tpss/lxc_pol_part4.rs
     2815 crates/kernel-mgga-19c/src/mgga_c_tpss/kxc_pol_part1.rs
     2714 crates/kernel-mgga-19c/src/mgga_c_tpss/lxc_pol_part58.rs
     2517 crates/kernel-mgga-19c/src/mgga_c_tpss/lxc_pol_part37.rs
     2815 crates/kernel-mgga-19c/src/mgga_c_tpss/lxc_pol_part1.rs
     2482 crates/kernel-mgga-19c/src/mgga_c_tpss/lxc_pol_part63.rs
     2847 crates/kernel-mgga-19c/src/mgga_c_tpss/lxc_pol_part62.rs
     2717 crates/kernel-mgga-19c/src/mgga_c_tpss/lxc_pol_part57.rs
       14 crates/kernel-mgga-19c/src/mgga_c_tpss/mod.rs
     3992 crates/kernel-mgga-19d/src/mgga_c_tpss/lxc_pol_part42.rs
     3959 crates/kernel-mgga-19d/src/mgga_c_tpss/lxc_pol_part3.rs
     3861 crates/kernel-mgga-19d/src/mgga_c_tpss/lxc_pol_part25.rs
     3813 crates/kernel-mgga-19d/src/mgga_c_tpss/lxc_pol_part23.rs
     3959 crates/kernel-mgga-19d/src/mgga_c_tpss/kxc_pol_part3.rs
     3924 crates/kernel-mgga-19d/src/mgga_c_tpss/kxc_pol_part8.rs
     3902 crates/kernel-mgga-19d/src/mgga_c_tpss/lxc_pol_part70.rs
     3821 crates/kernel-mgga-19d/src/mgga_c_tpss/lxc_pol_part40.rs
     3934 crates/kernel-mgga-19d/src/mgga_c_tpss/kxc_pol_part2.rs
     3934 crates/kernel-mgga-19d/src/mgga_c_tpss/lxc_pol_part2.rs
     3924 crates/kernel-mgga-19d/src/mgga_c_tpss/lxc_pol_part8.rs
     3819 crates/kernel-mgga-19d/src/mgga_c_tpss/lxc_pol_part45.rs
       15 crates/kernel-mgga-19d/src/mgga_c_tpss/mod.rs
     3141 crates/kernel-mgga-19d/src/mgga_c_tpss/lxc_pol_part68.rs
     4269 crates/kernel-mgga-19e/src/mgga_c_tpss/lxc_pol_part13.rs
     5140 crates/kernel-mgga-19e/src/mgga_c_tpss/lxc_pol_part18.rs
     4059 crates/kernel-mgga-19e/src/mgga_c_tpss/lxc_pol_part41.rs
     4190 crates/kernel-mgga-19e/src/mgga_c_tpss/lxc_pol_part9.rs
     4144 crates/kernel-mgga-19e/src/mgga_c_tpss/lxc_pol_part30.rs
     4130 crates/kernel-mgga-19e/src/mgga_c_tpss/lxc_pol_part28.rs
     4157 crates/kernel-mgga-19e/src/mgga_c_tpss/lxc_pol_part31.rs
     4557 crates/kernel-mgga-19e/src/mgga_c_tpss/kxc_pol_part5.rs
     2562 crates/kernel-mgga-19e/src/mgga_c_tpss/lxc_pol_part77.rs
       14 crates/kernel-mgga-19e/src/mgga_c_tpss/mod.rs
     4557 crates/kernel-mgga-19e/src/mgga_c_tpss/lxc_pol_part5.rs
     4051 crates/kernel-mgga-19e/src/mgga_c_tpss/lxc_pol_part44.rs
     4121 crates/kernel-mgga-19e/src/mgga_c_tpss/lxc_pol_part29.rs
     3030 crates/kernel-mgga-19f/src/mgga_c_tpss/lxc_pol_part46.rs
     2875 crates/kernel-mgga-19f/src/mgga_c_tpss/lxc_pol_part74.rs
     2991 crates/kernel-mgga-19f/src/mgga_c_tpss/lxc_pol_part52.rs
     2919 crates/kernel-mgga-19f/src/mgga_c_tpss/kxc_pol_part6.rs
     3017 crates/kernel-mgga-19f/src/mgga_c_tpss/lxc_pol_part61.rs
     2907 crates/kernel-mgga-19f/src/mgga_c_tpss/lxc_pol_part27.rs
     3009 crates/kernel-mgga-19f/src/mgga_c_tpss/lxc_pol_part34.rs
     2923 crates/kernel-mgga-19f/src/mgga_c_tpss/lxc_pol_part26.rs
     2979 crates/kernel-mgga-19f/src/mgga_c_tpss/lxc_pol_part39.rs
     2943 crates/kernel-mgga-19f/src/mgga_c_tpss/lxc_pol_part32.rs
     2959 crates/kernel-mgga-19f/src/mgga_c_tpss/lxc_pol_part33.rs
     3065 crates/kernel-mgga-19f/src/mgga_c_tpss/lxc_pol_part38.rs
     2919 crates/kernel-mgga-19f/src/mgga_c_tpss/lxc_pol_part6.rs
     3012 crates/kernel-mgga-19f/src/mgga_c_tpss/lxc_pol_part7.rs
     3085 crates/kernel-mgga-19f/src/mgga_c_tpss/lxc_pol_part36.rs
       19 crates/kernel-mgga-19f/src/mgga_c_tpss/mod.rs
     1181 crates/kernel-mgga-19f/src/mgga_c_tpss/vxc_pol.rs
     3012 crates/kernel-mgga-19f/src/mgga_c_tpss/kxc_pol_part7.rs
     3093 crates/kernel-mgga-19g/src/mgga_c_tpss/lxc_pol_part66.rs
     3123 crates/kernel-mgga-19g/src/mgga_c_tpss/lxc_pol_part69.rs
     3086 crates/kernel-mgga-19g/src/mgga_c_tpss/lxc_pol_part35.rs
     3135 crates/kernel-mgga-19g/src/mgga_c_tpss/lxc_pol_part55.rs
     3135 crates/kernel-mgga-19g/src/mgga_c_tpss/lxc_pol_part59.rs
     3132 crates/kernel-mgga-19g/src/mgga_c_tpss/lxc_pol_part56.rs
     3132 crates/kernel-mgga-19g/src/mgga_c_tpss/lxc_pol_part60.rs
     3120 crates/kernel-mgga-19g/src/mgga_c_tpss/lxc_pol_part47.rs
     3349 crates/kernel-mgga-19g/src/mgga_c_tpss/lxc_pol_part71.rs
     3091 crates/kernel-mgga-19g/src/mgga_c_tpss/lxc_pol_part51.rs
     2556 crates/kernel-mgga-19g/src/mgga_c_tpss/lxc_pol_part49.rs
     3204 crates/kernel-mgga-19g/src/mgga_c_tpss/lxc_pol_part43.rs
     3343 crates/kernel-mgga-19g/src/mgga_c_tpss/lxc_pol_part64.rs
     3220 crates/kernel-mgga-19g/src/mgga_c_tpss/lxc_pol_part65.rs
     3125 crates/kernel-mgga-19g/src/mgga_c_tpss/lxc_pol_part50.rs
       18 crates/kernel-mgga-19g/src/mgga_c_tpss/mod.rs
     3131 crates/kernel-mgga-19g/src/mgga_c_tpss/lxc_pol_part48.rs
      343 crates/kernel-mgga-20a/src/mgga_c_tpssloc/exc_unpol.rs
     2420 crates/kernel-mgga-20a/src/mgga_c_tpssloc/lxc_pol_part81.rs
      774 crates/kernel-mgga-20a/src/mgga_c_tpssloc/vxc_unpol.rs
     2217 crates/kernel-mgga-20a/src/mgga_c_tpssloc/lxc_pol_part107.rs
        8 crates/kernel-mgga-20a/src/mgga_c_tpssloc/mod.rs
     1348 crates/kernel-mgga-20a/src/mgga_c_tpssloc/vxc_pol.rs
      426 crates/kernel-mgga-20a/src/mgga_c_tpssloc/exc_pol.rs
     4456 crates/kernel-mgga-20b/src/mgga_c_tpssloc/lxc_pol_part46.rs
     4942 crates/kernel-mgga-20b/src/mgga_c_tpssloc/lxc_pol_part3.rs
     4513 crates/kernel-mgga-20b/src/mgga_c_tpssloc/lxc_pol_part53.rs
     4942 crates/kernel-mgga-20b/src/mgga_c_tpssloc/kxc_pol_part3.rs
     4620 crates/kernel-mgga-20b/src/mgga_c_tpssloc/fxc_pol.rs
     3617 crates/kernel-mgga-20b/src/mgga_c_tpssloc/lxc_pol_part97.rs
     4483 crates/kernel-mgga-20b/src/mgga_c_tpssloc/lxc_pol_part58.rs
     4609 crates/kernel-mgga-20b/src/mgga_c_tpssloc/lxc_pol_part45.rs
     4607 crates/kernel-mgga-20b/src/mgga_c_tpssloc/lxc_pol_part57.rs
       13 crates/kernel-mgga-20b/src/mgga_c_tpssloc/mod.rs
     4562 crates/kernel-mgga-20b/src/mgga_c_tpssloc/lxc_pol_part48.rs
     4618 crates/kernel-mgga-20b/src/mgga_c_tpssloc/lxc_unpol.rs
     4102 crates/kernel-mgga-1a/src/hyb_mgga_x_js18/lxc_pol_part16.rs
      621 crates/kernel-mgga-1a/src/hyb_mgga_x_js18/vxc_unpol.rs
     3962 crates/kernel-mgga-1a/src/hyb_mgga_x_js18/lxc_pol_part24.rs
     4056 crates/kernel-mgga-1a/src/hyb_mgga_x_js18/lxc_pol_part0.rs
     4086 crates/kernel-mgga-1a/src/hyb_mgga_x_js18/lxc_pol_part11.rs
     3864 crates/kernel-mgga-1a/src/hyb_mgga_x_js18/lxc_pol_part23.rs
     4056 crates/kernel-mgga-1a/src/hyb_mgga_x_js18/fxc_pol.rs
     4223 crates/kernel-mgga-1a/src/hyb_mgga_x_js18/kxc_pol_part1.rs
     4056 crates/kernel-mgga-1a/src/hyb_mgga_x_js18/kxc_pol_part0.rs
     4007 crates/kernel-mgga-1a/src/hyb_mgga_x_js18/lxc_pol_part9.rs
     4223 crates/kernel-mgga-1a/src/hyb_mgga_x_js18/lxc_pol_part1.rs
     3966 crates/kernel-mgga-1a/src/hyb_mgga_x_js18/lxc_pol_part20.rs
     4217 crates/kernel-mgga-1a/src/hyb_mgga_x_js18/lxc_pol_part8.rs
       16 crates/kernel-mgga-1a/src/hyb_mgga_x_js18/mod.rs
      511 crates/kernel-mgga-1a/src/hyb_mgga_x_js18/exc_pol.rs
      273 crates/kernel-mgga-1b/src/hyb_mgga_x_js18/exc_unpol.rs
     3612 crates/kernel-mgga-1b/src/hyb_mgga_x_js18/kxc_pol_part4.rs
     2298 crates/kernel-mgga-1b/src/hyb_mgga_x_js18/lxc_pol_part14.rs
     2809 crates/kernel-mgga-1b/src/hyb_mgga_x_js18/lxc_pol_part3.rs
     2907 crates/kernel-mgga-1b/src/hyb_mgga_x_js18/kxc_unpol.rs
     2809 crates/kernel-mgga-1b/src/hyb_mgga_x_js18/kxc_pol_part3.rs
     3612 crates/kernel-mgga-1b/src/hyb_mgga_x_js18/lxc_pol_part4.rs
     3699 crates/kernel-mgga-1b/src/hyb_mgga_x_js18/lxc_pol_part27.rs
     3436 crates/kernel-mgga-1b/src/hyb_mgga_x_js18/lxc_pol_part26.rs
     3395 crates/kernel-mgga-1b/src/hyb_mgga_x_js18/lxc_pol_part22.rs
     3560 crates/kernel-mgga-1b/src/hyb_mgga_x_js18/lxc_pol_part28.rs
     2711 crates/kernel-mgga-1b/src/hyb_mgga_x_js18/lxc_pol_part17.rs
     3860 crates/kernel-mgga-1b/src/hyb_mgga_x_js18/kxc_pol_part5.rs
     3676 crates/kernel-mgga-1b/src/hyb_mgga_x_js18/lxc_pol_part6.rs
     3480 crates/kernel-mgga-1b/src/hyb_mgga_x_js18/lxc_pol_part7.rs
       18 crates/kernel-mgga-1b/src/hyb_mgga_x_js18/mod.rs
     3860 crates/kernel-mgga-1b/src/hyb_mgga_x_js18/lxc_pol_part5.rs
     2227 crates/kernel-mgga-1c/src/hyb_mgga_x_js18/kxc_pol_part6.rs
     1372 crates/kernel-mgga-1c/src/hyb_mgga_x_js18/fxc_unpol.rs
        5 crates/kernel-mgga-1c/src/hyb_mgga_x_js18/mod.rs
     1433 crates/kernel-mgga-1c/src/hyb_mgga_x_js18/vxc_pol.rs
     3341 crates/kernel-mgga-1d/src/hyb_mgga_x_js18/lxc_pol_part21.rs
     4458 crates/kernel-mgga-1d/src/hyb_mgga_x_js18/lxc_pol_part13.rs
     4559 crates/kernel-mgga-1d/src/hyb_mgga_x_js18/lxc_pol_part18.rs
     4814 crates/kernel-mgga-1d/src/hyb_mgga_x_js18/lxc_pol_part25.rs
     4438 crates/kernel-mgga-1d/src/hyb_mgga_x_js18/lxc_pol_part19.rs
     4974 crates/kernel-mgga-1d/src/hyb_mgga_x_js18/lxc_pol_part12.rs
     4590 crates/kernel-mgga-1d/src/hyb_mgga_x_js18/kxc_pol_part2.rs
     4590 crates/kernel-mgga-1d/src/hyb_mgga_x_js18/lxc_pol_part2.rs
     4970 crates/kernel-mgga-1d/src/hyb_mgga_x_js18/lxc_pol_part15.rs
     4439 crates/kernel-mgga-1d/src/hyb_mgga_x_js18/lxc_pol_part10.rs
       13 crates/kernel-mgga-1d/src/hyb_mgga_x_js18/mod.rs
     4787 crates/kernel-mgga-1d/src/hyb_mgga_x_js18/lxc_unpol.rs
     2963 crates/kernel-mgga-20c/src/mgga_c_tpssloc/lxc_pol_part105.rs
     2681 crates/kernel-mgga-20c/src/mgga_c_tpssloc/lxc_pol_part83.rs
     2669 crates/kernel-mgga-20c/src/mgga_c_tpssloc/lxc_pol_part111.rs
     2698 crates/kernel-mgga-20c/src/mgga_c_tpssloc/kxc_pol_part1.rs
     1685 crates/kernel-mgga-20c/src/mgga_c_tpssloc/fxc_unpol.rs
     2872 crates/kernel-mgga-20c/src/mgga_c_tpssloc/lxc_pol_part64.rs
     2950 crates/kernel-mgga-20c/src/mgga_c_tpssloc/lxc_pol_part100.rs
     3036 crates/kernel-mgga-20c/src/mgga_c_tpssloc/lxc_pol_part98.rs
     3036 crates/kernel-mgga-20c/src/mgga_c_tpssloc/lxc_pol_part103.rs
     2693 crates/kernel-mgga-20c/src/mgga_c_tpssloc/lxc_pol_part91.rs
     2883 crates/kernel-mgga-20c/src/mgga_c_tpssloc/lxc_pol_part76.rs
     2897 crates/kernel-mgga-20c/src/mgga_c_tpssloc/lxc_pol_part77.rs
     2698 crates/kernel-mgga-20c/src/mgga_c_tpssloc/lxc_pol_part1.rs
     2856 crates/kernel-mgga-20c/src/mgga_c_tpssloc/lxc_pol_part65.rs
     2686 crates/kernel-mgga-20c/src/mgga_c_tpssloc/lxc_pol_part7.rs
     2711 crates/kernel-mgga-20c/src/mgga_c_tpssloc/kxc_pol_part13.rs
     3065 crates/kernel-mgga-20c/src/mgga_c_tpssloc/lxc_pol_part8.rs
       20 crates/kernel-mgga-20c/src/mgga_c_tpssloc/mod.rs
     2686 crates/kernel-mgga-20c/src/mgga_c_tpssloc/kxc_pol_part7.rs
     3315 crates/kernel-mgga-20d/src/mgga_c_tpssloc/lxc_pol_part86.rs
     3381 crates/kernel-mgga-20d/src/mgga_c_tpssloc/lxc_pol_part66.rs
     3386 crates/kernel-mgga-20d/src/mgga_c_tpssloc/lxc_pol_part74.rs
     3300 crates/kernel-mgga-20d/src/mgga_c_tpssloc/lxc_pol_part88.rs
     3371 crates/kernel-mgga-20d/src/mgga_c_tpssloc/kxc_pol_part15.rs
     3297 crates/kernel-mgga-20d/src/mgga_c_tpssloc/lxc_pol_part0.rs
     3364 crates/kernel-mgga-20d/src/mgga_c_tpssloc/lxc_pol_part67.rs
     3297 crates/kernel-mgga-20d/src/mgga_c_tpssloc/kxc_pol_part0.rs
     3320 crates/kernel-mgga-20d/src/mgga_c_tpssloc/lxc_pol_part82.rs
     3261 crates/kernel-mgga-20d/src/mgga_c_tpssloc/lxc_pol_part106.rs
     3371 crates/kernel-mgga-20d/src/mgga_c_tpssloc/lxc_pol_part15.rs
     3303 crates/kernel-mgga-20d/src/mgga_c_tpssloc/lxc_pol_part102.rs
       17 crates/kernel-mgga-20d/src/mgga_c_tpssloc/mod.rs
     3324 crates/kernel-mgga-20d/src/mgga_c_tpssloc/lxc_pol_part90.rs
     3327 crates/kernel-mgga-20d/src/mgga_c_tpssloc/lxc_pol_part96.rs
     3340 crates/kernel-mgga-20d/src/mgga_c_tpssloc/lxc_pol_part94.rs
       75 crates/kernel-mgga-21/src/hyb_mgga_x_dldf/exc_unpol.rs
     2670 crates/kernel-mgga-21/src/hyb_mgga_x_dldf/lxc_pol.rs
      109 crates/kernel-mgga-21/src/hyb_mgga_x_dldf/vxc_unpol.rs
     1187 crates/kernel-mgga-21/src/hyb_mgga_x_dldf/kxc_pol.rs
      321 crates/kernel-mgga-21/src/hyb_mgga_x_dldf/kxc_unpol.rs
      486 crates/kernel-mgga-21/src/hyb_mgga_x_dldf/fxc_pol.rs
      190 crates/kernel-mgga-21/src/hyb_mgga_x_dldf/fxc_unpol.rs
       25 crates/kernel-mgga-21/src/hyb_mgga_x_dldf/mod.rs
      215 crates/kernel-mgga-21/src/hyb_mgga_x_dldf/vxc_pol.rs
      478 crates/kernel-mgga-21/src/hyb_mgga_x_dldf/lxc_unpol.rs
      122 crates/kernel-mgga-21/src/hyb_mgga_x_dldf/exc_pol.rs
       82 crates/kernel-mgga-21/src/mgga_k_csk/exc_unpol.rs
     5175 crates/kernel-mgga-21/src/mgga_k_csk/lxc_pol.rs
      125 crates/kernel-mgga-21/src/mgga_k_csk/vxc_unpol.rs
     1997 crates/kernel-mgga-21/src/mgga_k_csk/kxc_pol.rs
      791 crates/kernel-mgga-21/src/mgga_k_csk/kxc_unpol.rs
      587 crates/kernel-mgga-21/src/mgga_k_csk/fxc_pol.rs
      259 crates/kernel-mgga-21/src/mgga_k_csk/fxc_unpol.rs
       25 crates/kernel-mgga-21/src/mgga_k_csk/mod.rs
      224 crates/kernel-mgga-21/src/mgga_k_csk/vxc_pol.rs
     1868 crates/kernel-mgga-21/src/mgga_k_csk/lxc_unpol.rs
      126 crates/kernel-mgga-21/src/mgga_k_csk/exc_pol.rs
      168 crates/kernel-mgga-21/src/mgga_x_m08/exc_unpol.rs
     3801 crates/kernel-mgga-21/src/mgga_x_m08/lxc_pol.rs
      302 crates/kernel-mgga-21/src/mgga_x_m08/vxc_unpol.rs
     2030 crates/kernel-mgga-21/src/mgga_x_m08/kxc_pol.rs
      839 crates/kernel-mgga-21/src/mgga_x_m08/kxc_unpol.rs
      987 crates/kernel-mgga-21/src/mgga_x_m08/fxc_pol.rs
      534 crates/kernel-mgga-21/src/mgga_x_m08/fxc_unpol.rs
       25 crates/kernel-mgga-21/src/mgga_x_m08/mod.rs
      477 crates/kernel-mgga-21/src/mgga_x_m08/vxc_pol.rs
     1245 crates/kernel-mgga-21/src/mgga_x_m08/lxc_unpol.rs
      258 crates/kernel-mgga-21/src/mgga_x_m08/exc_pol.rs
      161 crates/kernel-mgga-21/src/mgga_x_m06l/exc_unpol.rs
     3892 crates/kernel-mgga-21/src/mgga_x_m06l/lxc_pol.rs
      275 crates/kernel-mgga-21/src/mgga_x_m06l/vxc_unpol.rs
     2115 crates/kernel-mgga-21/src/mgga_x_m06l/kxc_pol.rs
      843 crates/kernel-mgga-21/src/mgga_x_m06l/kxc_unpol.rs
      969 crates/kernel-mgga-21/src/mgga_x_m06l/fxc_pol.rs
      475 crates/kernel-mgga-21/src/mgga_x_m06l/fxc_unpol.rs
       25 crates/kernel-mgga-21/src/mgga_x_m06l/mod.rs
      466 crates/kernel-mgga-21/src/mgga_x_m06l/vxc_pol.rs
     1222 crates/kernel-mgga-21/src/mgga_x_m06l/lxc_unpol.rs
      251 crates/kernel-mgga-21/src/mgga_x_m06l/exc_pol.rs
      117 crates/kernel-mgga-21/src/mgga_x_rtpss/exc_unpol.rs
     4277 crates/kernel-mgga-21/src/mgga_x_rtpss/lxc_pol.rs
      223 crates/kernel-mgga-21/src/mgga_x_rtpss/vxc_unpol.rs
     2249 crates/kernel-mgga-21/src/mgga_x_rtpss/kxc_pol.rs
      866 crates/kernel-mgga-21/src/mgga_x_rtpss/kxc_unpol.rs
      957 crates/kernel-mgga-21/src/mgga_x_rtpss/fxc_pol.rs
      435 crates/kernel-mgga-21/src/mgga_x_rtpss/fxc_unpol.rs
       25 crates/kernel-mgga-21/src/mgga_x_rtpss/mod.rs
      408 crates/kernel-mgga-21/src/mgga_x_rtpss/vxc_pol.rs
     1273 crates/kernel-mgga-21/src/mgga_x_rtpss/lxc_unpol.rs
      185 crates/kernel-mgga-21/src/mgga_x_rtpss/exc_pol.rs
       96 crates/kernel-mgga-22a/src/mgga_x_br89/exc_unpol.rs
     3416 crates/kernel-mgga-22a/src/mgga_x_br89/lxc_pol_part16.rs
     3569 crates/kernel-mgga-22a/src/mgga_x_br89/lxc_pol_part21.rs
      208 crates/kernel-mgga-22a/src/mgga_x_br89/vxc_unpol.rs
     3354 crates/kernel-mgga-22a/src/mgga_x_br89/lxc_pol_part18.rs
     3331 crates/kernel-mgga-22a/src/mgga_x_br89/kxc_unpol.rs
     3495 crates/kernel-mgga-22a/src/mgga_x_br89/lxc_pol_part25.rs
     3365 crates/kernel-mgga-22a/src/mgga_x_br89/lxc_unpol_part1.rs
     3377 crates/kernel-mgga-22a/src/mgga_x_br89/lxc_pol_part4.rs
     3459 crates/kernel-mgga-22a/src/mgga_x_br89/kxc_pol_part2.rs
     3459 crates/kernel-mgga-22a/src/mgga_x_br89/lxc_pol_part2.rs
     3324 crates/kernel-mgga-22a/src/mgga_x_br89/lxc_pol_part32.rs
     3643 crates/kernel-mgga-22a/src/mgga_x_br89/lxc_unpol_part9.rs
     3798 crates/kernel-mgga-22a/src/mgga_x_br89/lxc_unpol_part2.rs
     3752 crates/kernel-mgga-22a/src/mgga_x_br89/lxc_pol_part6.rs
       20 crates/kernel-mgga-22a/src/mgga_x_br89/mod.rs
      401 crates/kernel-mgga-22a/src/mgga_x_br89/vxc_pol.rs
      160 crates/kernel-mgga-22a/src/mgga_x_br89/exc_pol.rs
     3383 crates/kernel-mgga-22a/src/mgga_x_br89/lxc_pol_part5.rs
     3460 crates/kernel-mgga-20e/src/mgga_c_tpssloc/lxc_pol_part59.rs
     1731 crates/kernel-mgga-20e/src/mgga_c_tpssloc/lxc_pol_part18.rs
     3401 crates/kernel-mgga-20e/src/mgga_c_tpssloc/lxc_pol_part75.rs
     3398 crates/kernel-mgga-20e/src/mgga_c_tpssloc/kxc_unpol.rs
     3442 crates/kernel-mgga-20e/src/mgga_c_tpssloc/lxc_pol_part79.rs
     3427 crates/kernel-mgga-20e/src/mgga_c_tpssloc/lxc_pol_part47.rs
     3427 crates/kernel-mgga-20e/src/mgga_c_tpssloc/lxc_pol_part78.rs
     3401 crates/kernel-mgga-20e/src/mgga_c_tpssloc/kxc_pol_part2.rs
     3401 crates/kernel-mgga-20e/src/mgga_c_tpssloc/lxc_pol_part2.rs
     3436 crates/kernel-mgga-20e/src/mgga_c_tpssloc/kxc_pol_part10.rs
     3438 crates/kernel-mgga-20e/src/mgga_c_tpssloc/kxc_pol_part5.rs
     3404 crates/kernel-mgga-20e/src/mgga_c_tpssloc/lxc_pol_part63.rs
     3421 crates/kernel-mgga-20e/src/mgga_c_tpssloc/lxc_pol_part62.rs
     3436 crates/kernel-mgga-20e/src/mgga_c_tpssloc/lxc_pol_part10.rs
       17 crates/kernel-mgga-20e/src/mgga_c_tpssloc/mod.rs
     3438 crates/kernel-mgga-20e/src/mgga_c_tpssloc/lxc_pol_part5.rs
     3530 crates/kernel-mgga-20f/src/mgga_c_tpssloc/lxc_pol_part42.rs
     1731 crates/kernel-mgga-20f/src/mgga_c_tpssloc/kxc_pol_part18.rs
     3920 crates/kernel-mgga-20f/src/mgga_c_tpssloc/lxc_pol_part11.rs
     3919 crates/kernel-mgga-20f/src/mgga_c_tpssloc/kxc_pol_part9.rs
     3702 crates/kernel-mgga-20f/src/mgga_c_tpssloc/lxc_pol_part71.rs
     3705 crates/kernel-mgga-20f/src/mgga_c_tpssloc/lxc_pol_part70.rs
     3919 crates/kernel-mgga-20f/src/mgga_c_tpssloc/lxc_pol_part9.rs
     3930 crates/kernel-mgga-20f/src/mgga_c_tpssloc/lxc_pol_part108.rs
     3521 crates/kernel-mgga-20f/src/mgga_c_tpssloc/lxc_pol_part85.rs
     3492 crates/kernel-mgga-20f/src/mgga_c_tpssloc/lxc_pol_part37.rs
     3525 crates/kernel-mgga-20f/src/mgga_c_tpssloc/lxc_pol_part36.rs
     3541 crates/kernel-mgga-20f/src/mgga_c_tpssloc/lxc_pol_part93.rs
     3542 crates/kernel-mgga-20f/src/mgga_c_tpssloc/lxc_pol_part89.rs
     3920 crates/kernel-mgga-20f/src/mgga_c_tpssloc/kxc_pol_part11.rs
       16 crates/kernel-mgga-20f/src/mgga_c_tpssloc/mod.rs
     3126 crates/kernel-mgga-20g/src/mgga_c_tpssloc/lxc_pol_part14.rs
     3150 crates/kernel-mgga-20g/src/mgga_c_tpssloc/lxc_pol_part87.rs
     2711 crates/kernel-mgga-20g/src/mgga_c_tpssloc/lxc_pol_part13.rs
     3191 crates/kernel-mgga-20g/src/mgga_c_tpssloc/lxc_pol_part104.rs
     3161 crates/kernel-mgga-20g/src/mgga_c_tpssloc/lxc_pol_part84.rs
     3183 crates/kernel-mgga-20g/src/mgga_c_tpssloc/lxc_pol_part95.rs
     3172 crates/kernel-mgga-20g/src/mgga_c_tpssloc/lxc_pol_part110.rs
     3065 crates/kernel-mgga-20g/src/mgga_c_tpssloc/kxc_pol_part8.rs
     3126 crates/kernel-mgga-20g/src/mgga_c_tpssloc/kxc_pol_part14.rs
     3105 crates/kernel-mgga-20g/src/mgga_c_tpssloc/kxc_pol_part6.rs
     3238 crates/kernel-mgga-20g/src/mgga_c_tpssloc/lxc_pol_part101.rs
     3178 crates/kernel-mgga-20g/src/mgga_c_tpssloc/lxc_pol_part92.rs
     3085 crates/kernel-mgga-20g/src/mgga_c_tpssloc/lxc_pol_part12.rs
     3178 crates/kernel-mgga-20g/src/mgga_c_tpssloc/lxc_pol_part99.rs
     3085 crates/kernel-mgga-20g/src/mgga_c_tpssloc/kxc_pol_part12.rs
     3105 crates/kernel-mgga-20g/src/mgga_c_tpssloc/lxc_pol_part6.rs
       18 crates/kernel-mgga-20g/src/mgga_c_tpssloc/mod.rs
     4013 crates/kernel-mgga-20h/src/mgga_c_tpssloc/lxc_pol_part16.rs
     4390 crates/kernel-mgga-20h/src/mgga_c_tpssloc/lxc_pol_part69.rs
     4169 crates/kernel-mgga-20h/src/mgga_c_tpssloc/lxc_pol_part56.rs
     4259 crates/kernel-mgga-20h/src/mgga_c_tpssloc/lxc_pol_part61.rs
     4139 crates/kernel-mgga-20h/src/mgga_c_tpssloc/lxc_pol_part49.rs
     4391 crates/kernel-mgga-20h/src/mgga_c_tpssloc/lxc_pol_part73.rs
     3771 crates/kernel-mgga-20h/src/mgga_c_tpssloc/lxc_pol_part80.rs
     4016 crates/kernel-mgga-20h/src/mgga_c_tpssloc/lxc_pol_part17.rs
     4013 crates/kernel-mgga-20h/src/mgga_c_tpssloc/kxc_pol_part16.rs
     4016 crates/kernel-mgga-20h/src/mgga_c_tpssloc/kxc_pol_part17.rs
       14 crates/kernel-mgga-20h/src/mgga_c_tpssloc/mod.rs
     4393 crates/kernel-mgga-20h/src/mgga_c_tpssloc/lxc_pol_part68.rs
     4394 crates/kernel-mgga-20h/src/mgga_c_tpssloc/lxc_pol_part72.rs
     4970 crates/kernel-mgga-20i/src/mgga_c_tpssloc/kxc_pol_part4.rs
     5163 crates/kernel-mgga-20i/src/mgga_c_tpssloc/lxc_pol_part41.rs
     4996 crates/kernel-mgga-20i/src/mgga_c_tpssloc/lxc_pol_part25.rs
     4970 crates/kernel-mgga-20i/src/mgga_c_tpssloc/lxc_pol_part4.rs
     5150 crates/kernel-mgga-20i/src/mgga_c_tpssloc/lxc_pol_part40.rs
     5054 crates/kernel-mgga-20i/src/mgga_c_tpssloc/lxc_pol_part34.rs
     5189 crates/kernel-mgga-20i/src/mgga_c_tpssloc/lxc_pol_part19.rs
     5124 crates/kernel-mgga-20i/src/mgga_c_tpssloc/lxc_pol_part39.rs
     5133 crates/kernel-mgga-20i/src/mgga_c_tpssloc/lxc_pol_part38.rs
     4246 crates/kernel-mgga-20i/src/mgga_c_tpssloc/lxc_pol_part109.rs
       12 crates/kernel-mgga-20i/src/mgga_c_tpssloc/mod.rs
     6203 crates/kernel-mgga-20j/src/mgga_c_tpssloc/lxc_pol_part54.rs
     6218 crates/kernel-mgga-20j/src/mgga_c_tpssloc/lxc_pol_part51.rs
     8808 crates/kernel-mgga-20j/src/mgga_c_tpssloc/lxc_pol_part22.rs
     7900 crates/kernel-mgga-20j/src/mgga_c_tpssloc/lxc_pol_part28.rs
     7938 crates/kernel-mgga-20j/src/mgga_c_tpssloc/lxc_pol_part31.rs
     8734 crates/kernel-mgga-20j/src/mgga_c_tpssloc/lxc_pol_part20.rs
        9 crates/kernel-mgga-20j/src/mgga_c_tpssloc/mod.rs
     4196 crates/kernel-mgga-20j/src/mgga_c_tpssloc/lxc_pol_part44.rs
    10088 crates/kernel-mgga-20k/src/mgga_c_tpssloc/lxc_pol_part21.rs
     9092 crates/kernel-mgga-20k/src/mgga_c_tpssloc/lxc_pol_part27.rs
     3546 crates/kernel-mgga-20k/src/mgga_c_tpssloc/lxc_pol_part43.rs
     9077 crates/kernel-mgga-20k/src/mgga_c_tpssloc/lxc_pol_part30.rs
     9124 crates/kernel-mgga-20k/src/mgga_c_tpssloc/lxc_pol_part32.rs
        8 crates/kernel-mgga-20k/src/mgga_c_tpssloc/mod.rs
     9045 crates/kernel-mgga-20k/src/mgga_c_tpssloc/lxc_pol_part29.rs
     5787 crates/kernel-mgga-20l/src/mgga_c_tpssloc/lxc_pol_part35.rs
     5514 crates/kernel-mgga-20l/src/mgga_c_tpssloc/lxc_pol_part55.rs
     5941 crates/kernel-mgga-20l/src/mgga_c_tpssloc/lxc_pol_part52.rs
     5738 crates/kernel-mgga-20l/src/mgga_c_tpssloc/lxc_pol_part24.rs
     5262 crates/kernel-mgga-20l/src/mgga_c_tpssloc/lxc_pol_part23.rs
     4639 crates/kernel-mgga-20l/src/mgga_c_tpssloc/lxc_pol_part60.rs
     5645 crates/kernel-mgga-20l/src/mgga_c_tpssloc/lxc_pol_part26.rs
     5691 crates/kernel-mgga-20l/src/mgga_c_tpssloc/lxc_pol_part33.rs
     5516 crates/kernel-mgga-20l/src/mgga_c_tpssloc/lxc_pol_part50.rs
       11 crates/kernel-mgga-20l/src/mgga_c_tpssloc/mod.rs
     2189 crates/kernel-mgga-22b/src/mgga_x_br89/lxc_unpol_part10.rs
     3153 crates/kernel-mgga-22b/src/mgga_x_br89/lxc_pol_part14.rs
     2620 crates/kernel-mgga-22b/src/mgga_x_br89/lxc_pol_part3.rs
     2938 crates/kernel-mgga-22b/src/mgga_x_br89/lxc_unpol_part5.rs
     3313 crates/kernel-mgga-22b/src/mgga_x_br89/lxc_unpol_part6.rs
     3132 crates/kernel-mgga-22b/src/mgga_x_br89/lxc_pol_part23.rs
     3216 crates/kernel-mgga-22b/src/mgga_x_br89/lxc_unpol_part3.rs
     1524 crates/kernel-mgga-22b/src/mgga_x_br89/fxc_pol.rs
     2519 crates/kernel-mgga-22b/src/mgga_x_br89/lxc_pol_part26.rs
     2565 crates/kernel-mgga-22b/src/mgga_x_br89/lxc_pol_part22.rs
     3150 crates/kernel-mgga-22b/src/mgga_x_br89/lxc_pol_part30.rs
     3257 crates/kernel-mgga-22b/src/mgga_x_br89/lxc_pol_part39.rs
     2640 crates/kernel-mgga-22b/src/mgga_x_br89/lxc_pol_part28.rs
     2459 crates/kernel-mgga-22b/src/mgga_x_br89/lxc_pol_part37.rs
     2851 crates/kernel-mgga-22b/src/mgga_x_br89/lxc_pol_part33.rs
     3115 crates/kernel-mgga-22b/src/mgga_x_br89/lxc_pol_part38.rs
     2436 crates/kernel-mgga-22b/src/mgga_x_br89/lxc_pol_part10.rs
       20 crates/kernel-mgga-22b/src/mgga_x_br89/mod.rs
     2840 crates/kernel-mgga-22b/src/mgga_x_br89/lxc_pol_part29.rs
     4222 crates/kernel-mgga-22c/src/mgga_x_br89/lxc_pol_part35.rs
     4161 crates/kernel-mgga-22c/src/mgga_x_br89/lxc_pol_part13.rs
     4728 crates/kernel-mgga-22c/src/mgga_x_br89/lxc_pol_part24.rs
     4368 crates/kernel-mgga-22c/src/mgga_x_br89/lxc_pol_part27.rs
     4128 crates/kernel-mgga-22c/src/mgga_x_br89/kxc_pol_part1.rs
      694 crates/kernel-mgga-22c/src/mgga_x_br89/fxc_unpol.rs
     4152 crates/kernel-mgga-22c/src/mgga_x_br89/lxc_pol_part19.rs
     4929 crates/kernel-mgga-22c/src/mgga_x_br89/lxc_pol_part12.rs
     4915 crates/kernel-mgga-22c/src/mgga_x_br89/lxc_pol_part17.rs
     4164 crates/kernel-mgga-22c/src/mgga_x_br89/lxc_pol_part20.rs
     4725 crates/kernel-mgga-22c/src/mgga_x_br89/lxc_pol_part15.rs
     4795 crates/kernel-mgga-22c/src/mgga_x_br89/lxc_pol_part8.rs
       14 crates/kernel-mgga-22c/src/mgga_x_br89/mod.rs
     3979 crates/kernel-mgga-22d/src/mgga_x_br89/lxc_pol_part0.rs
     4002 crates/kernel-mgga-22d/src/mgga_x_br89/lxc_pol_part11.rs
     3979 crates/kernel-mgga-22d/src/mgga_x_br89/kxc_pol_part0.rs
     3841 crates/kernel-mgga-22d/src/mgga_x_br89/lxc_pol_part9.rs
     3908 crates/kernel-mgga-22d/src/mgga_x_br89/lxc_pol_part34.rs
     2308 crates/kernel-mgga-22d/src/mgga_x_br89/lxc_unpol_part4.rs
     3938 crates/kernel-mgga-22d/src/mgga_x_br89/lxc_pol_part31.rs
     4066 crates/kernel-mgga-22d/src/mgga_x_br89/lxc_unpol_part0.rs
     4128 crates/kernel-mgga-22d/src/mgga_x_br89/lxc_pol_part1.rs
     3814 crates/kernel-mgga-22d/src/mgga_x_br89/lxc_unpol_part8.rs
     3935 crates/kernel-mgga-22d/src/mgga_x_br89/lxc_pol_part7.rs
     4052 crates/kernel-mgga-22d/src/mgga_x_br89/lxc_pol_part36.rs
       15 crates/kernel-mgga-22d/src/mgga_x_br89/mod.rs
     4027 crates/kernel-mgga-22d/src/mgga_x_br89/lxc_unpol_part7.rs
       51 crates/kernel-mgga-23/src/mgga_xc_zlp/exc_unpol.rs
     2010 crates/kernel-mgga-23/src/mgga_xc_zlp/lxc_pol.rs
       76 crates/kernel-mgga-23/src/mgga_xc_zlp/vxc_unpol.rs
      817 crates/kernel-mgga-23/src/mgga_xc_zlp/kxc_pol.rs
      195 crates/kernel-mgga-23/src/mgga_xc_zlp/kxc_unpol.rs
      315 crates/kernel-mgga-23/src/mgga_xc_zlp/fxc_pol.rs
      120 crates/kernel-mgga-23/src/mgga_xc_zlp/fxc_unpol.rs
       25 crates/kernel-mgga-23/src/mgga_xc_zlp/mod.rs
      139 crates/kernel-mgga-23/src/mgga_xc_zlp/vxc_pol.rs
      303 crates/kernel-mgga-23/src/mgga_xc_zlp/lxc_unpol.rs
       79 crates/kernel-mgga-23/src/mgga_xc_zlp/exc_pol.rs
      101 crates/kernel-mgga-23/src/mgga_x_br89_explicit/exc_unpol.rs
      272 crates/kernel-mgga-23/src/mgga_x_br89_explicit/vxc_unpol.rs
     7699 crates/kernel-mgga-23/src/mgga_x_br89_explicit/kxc_pol.rs
    15232 crates/kernel-mgga-23/src/mgga_x_br89_explicit/lxc_pol_part0.rs
     3451 crates/kernel-mgga-23/src/mgga_x_br89_explicit/kxc_unpol.rs
     2025 crates/kernel-mgga-23/src/mgga_x_br89_explicit/fxc_pol.rs
      950 crates/kernel-mgga-23/src/mgga_x_br89_explicit/fxc_unpol.rs
    12723 crates/kernel-mgga-23/src/mgga_x_br89_explicit/lxc_pol_part1.rs
       13 crates/kernel-mgga-23/src/mgga_x_br89_explicit/mod.rs
      540 crates/kernel-mgga-23/src/mgga_x_br89_explicit/vxc_pol.rs
     8878 crates/kernel-mgga-23/src/mgga_x_br89_explicit/lxc_unpol.rs
      179 crates/kernel-mgga-23/src/mgga_x_br89_explicit/exc_pol.rs
      100 crates/kernel-mgga-24a/src/mgga_x_mbr/exc_unpol.rs
     2961 crates/kernel-mgga-24a/src/mgga_x_mbr/lxc_pol_part3.rs
     2041 crates/kernel-mgga-24a/src/mgga_x_mbr/kxc_unpol.rs
     2537 crates/kernel-mgga-24a/src/mgga_x_mbr/lxc_pol_part12.rs
     2622 crates/kernel-mgga-24a/src/mgga_x_mbr/lxc_pol_part7.rs
        9 crates/kernel-mgga-24a/src/mgga_x_mbr/mod.rs
      344 crates/kernel-mgga-24a/src/mgga_x_mbr/vxc_pol.rs
      154 crates/kernel-mgga-24a/src/mgga_x_mbr/exc_pol.rs
      193 crates/kernel-mgga-24b/src/mgga_x_mbr/vxc_unpol.rs
     4904 crates/kernel-mgga-24b/src/mgga_x_mbr/kxc_pol.rs
     4353 crates/kernel-mgga-24b/src/mgga_x_mbr/lxc_pol_part0.rs
     3466 crates/kernel-mgga-24b/src/mgga_x_mbr/lxc_unpol_part1.rs
     3245 crates/kernel-mgga-24b/src/mgga_x_mbr/lxc_pol_part11.rs
     3303 crates/kernel-mgga-24b/src/mgga_x_mbr/lxc_pol_part4.rs
     1158 crates/kernel-mgga-24b/src/mgga_x_mbr/fxc_pol.rs
     3904 crates/kernel-mgga-24b/src/mgga_x_mbr/lxc_pol_part9.rs
      539 crates/kernel-mgga-24b/src/mgga_x_mbr/fxc_unpol.rs
     2993 crates/kernel-mgga-24b/src/mgga_x_mbr/lxc_pol_part2.rs
     3925 crates/kernel-mgga-24b/src/mgga_x_mbr/lxc_unpol_part0.rs
     3263 crates/kernel-mgga-24b/src/mgga_x_mbr/lxc_pol_part1.rs
     3272 crates/kernel-mgga-24b/src/mgga_x_mbr/lxc_pol_part6.rs
     3625 crates/kernel-mgga-24b/src/mgga_x_mbr/lxc_pol_part8.rs
     3677 crates/kernel-mgga-24b/src/mgga_x_mbr/lxc_pol_part10.rs
       18 crates/kernel-mgga-24b/src/mgga_x_mbr/mod.rs
     4140 crates/kernel-mgga-24b/src/mgga_x_mbr/lxc_pol_part5.rs
      104 crates/kernel-mgga-25a/src/mgga_x_mbrxc_bg/exc_unpol.rs
     2475 crates/kernel-mgga-25a/src/mgga_x_mbrxc_bg/kxc_unpol.rs
     2394 crates/kernel-mgga-25a/src/mgga_x_mbrxc_bg/lxc_pol_part11.rs
     1436 crates/kernel-mgga-25a/src/mgga_x_mbrxc_bg/fxc_pol.rs
     2391 crates/kernel-mgga-25a/src/mgga_x_mbrxc_bg/kxc_pol_part1.rs
      704 crates/kernel-mgga-25a/src/mgga_x_mbrxc_bg/fxc_unpol.rs
       10 crates/kernel-mgga-25a/src/mgga_x_mbrxc_bg/mod.rs
      165 crates/kernel-mgga-25a/src/mgga_x_mbrxc_bg/exc_pol.rs
     2805 crates/kernel-mgga-25a/src/mgga_x_mbrxc_bg/lxc_pol_part5.rs
      224 crates/kernel-mgga-25b/src/mgga_x_mbrxc_bg/vxc_unpol.rs
     3021 crates/kernel-mgga-25b/src/mgga_x_mbrxc_bg/lxc_pol_part3.rs
     4272 crates/kernel-mgga-25b/src/mgga_x_mbrxc_bg/lxc_pol_part0.rs
     3587 crates/kernel-mgga-25b/src/mgga_x_mbrxc_bg/lxc_unpol_part1.rs
     3192 crates/kernel-mgga-25b/src/mgga_x_mbrxc_bg/lxc_pol_part4.rs
     4272 crates/kernel-mgga-25b/src/mgga_x_mbrxc_bg/kxc_pol_part0.rs
     3591 crates/kernel-mgga-25b/src/mgga_x_mbrxc_bg/lxc_pol_part9.rs
     3691 crates/kernel-mgga-25b/src/mgga_x_mbrxc_bg/lxc_pol_part2.rs
     3748 crates/kernel-mgga-25b/src/mgga_x_mbrxc_bg/lxc_unpol_part0.rs
     3516 crates/kernel-mgga-25b/src/mgga_x_mbrxc_bg/lxc_unpol_part2.rs
     3896 crates/kernel-mgga-25b/src/mgga_x_mbrxc_bg/lxc_pol_part1.rs
     2813 crates/kernel-mgga-25b/src/mgga_x_mbrxc_bg/lxc_pol_part6.rs
     3193 crates/kernel-mgga-25b/src/mgga_x_mbrxc_bg/lxc_pol_part7.rs
     3212 crates/kernel-mgga-25b/src/mgga_x_mbrxc_bg/lxc_pol_part8.rs
     3348 crates/kernel-mgga-25b/src/mgga_x_mbrxc_bg/lxc_pol_part10.rs
       18 crates/kernel-mgga-25b/src/mgga_x_mbrxc_bg/mod.rs
      413 crates/kernel-mgga-25b/src/mgga_x_mbrxc_bg/vxc_pol.rs
       79 crates/kernel-mgga-26a/src/mgga_x_mbrxh_bg/exc_unpol.rs
      159 crates/kernel-mgga-26a/src/mgga_x_mbrxh_bg/vxc_unpol.rs
     1971 crates/kernel-mgga-26a/src/mgga_x_mbrxh_bg/kxc_unpol.rs
     1095 crates/kernel-mgga-26a/src/mgga_x_mbrxh_bg/fxc_pol.rs
      493 crates/kernel-mgga-26a/src/mgga_x_mbrxh_bg/fxc_unpol.rs
     2496 crates/kernel-mgga-26a/src/mgga_x_mbrxh_bg/lxc_pol_part12.rs
     2663 crates/kernel-mgga-26a/src/mgga_x_mbrxh_bg/lxc_pol_part7.rs
       11 crates/kernel-mgga-26a/src/mgga_x_mbrxh_bg/mod.rs
      300 crates/kernel-mgga-26a/src/mgga_x_mbrxh_bg/vxc_pol.rs
      127 crates/kernel-mgga-26a/src/mgga_x_mbrxh_bg/exc_pol.rs
     2900 crates/kernel-mgga-26b/src/mgga_x_mbrxh_bg/lxc_pol_part3.rs
     4793 crates/kernel-mgga-26b/src/mgga_x_mbrxh_bg/kxc_pol.rs
     4242 crates/kernel-mgga-26b/src/mgga_x_mbrxh_bg/lxc_pol_part0.rs
     3391 crates/kernel-mgga-26b/src/mgga_x_mbrxh_bg/lxc_unpol_part1.rs
     3172 crates/kernel-mgga-26b/src/mgga_x_mbrxh_bg/lxc_pol_part11.rs
     3200 crates/kernel-mgga-26b/src/mgga_x_mbrxh_bg/lxc_pol_part4.rs
     3848 crates/kernel-mgga-26b/src/mgga_x_mbrxh_bg/lxc_pol_part9.rs
     2912 crates/kernel-mgga-26b/src/mgga_x_mbrxh_bg/lxc_pol_part2.rs
     3834 crates/kernel-mgga-26b/src/mgga_x_mbrxh_bg/lxc_unpol_part0.rs
     3196 crates/kernel-mgga-26b/src/mgga_x_mbrxh_bg/lxc_pol_part1.rs
     3226 crates/kernel-mgga-26b/src/mgga_x_mbrxh_bg/lxc_pol_part6.rs
     3551 crates/kernel-mgga-26b/src/mgga_x_mbrxh_bg/lxc_pol_part8.rs
     3624 crates/kernel-mgga-26b/src/mgga_x_mbrxh_bg/lxc_pol_part10.rs
       16 crates/kernel-mgga-26b/src/mgga_x_mbrxh_bg/mod.rs
     4076 crates/kernel-mgga-26b/src/mgga_x_mbrxh_bg/lxc_pol_part5.rs
      123 crates/kernel-mgga-27a/src/mgga_x_mggac/exc_unpol.rs
     2454 crates/kernel-mgga-27a/src/mgga_x_mggac/lxc_pol_part16.rs
      265 crates/kernel-mgga-27a/src/mgga_x_mggac/vxc_unpol.rs
     2808 crates/kernel-mgga-27a/src/mgga_x_mggac/lxc_pol_part3.rs
      864 crates/kernel-mgga-27a/src/mgga_x_mggac/fxc_unpol.rs
     2697 crates/kernel-mgga-27a/src/mgga_x_mggac/lxc_pol_part12.rs
     2273 crates/kernel-mgga-27a/src/mgga_x_mggac/lxc_pol_part20.rs
     2619 crates/kernel-mgga-27a/src/mgga_x_mggac/lxc_pol_part8.rs
       12 crates/kernel-mgga-27a/src/mgga_x_mggac/mod.rs
      502 crates/kernel-mgga-27a/src/mgga_x_mggac/vxc_pol.rs
      198 crates/kernel-mgga-27a/src/mgga_x_mggac/exc_pol.rs
     2973 crates/kernel-mgga-27b/src/mgga_x_mggac/lxc_pol_part14.rs
     3616 crates/kernel-mgga-27b/src/mgga_x_mggac/lxc_pol_part0.rs
     3764 crates/kernel-mgga-27b/src/mgga_x_mggac/lxc_unpol_part5.rs
     3319 crates/kernel-mgga-27b/src/mgga_x_mggac/kxc_unpol.rs
     3598 crates/kernel-mgga-27b/src/mgga_x_mggac/lxc_unpol_part1.rs
     3400 crates/kernel-mgga-27b/src/mgga_x_mggac/lxc_pol_part11.rs
     3455 crates/kernel-mgga-27b/src/mgga_x_mggac/lxc_unpol_part3.rs
     3506 crates/kernel-mgga-27b/src/mgga_x_mggac/lxc_pol_part4.rs
     1800 crates/kernel-mgga-27b/src/mgga_x_mggac/fxc_pol.rs
     3616 crates/kernel-mgga-27b/src/mgga_x_mggac/kxc_pol_part0.rs
     2980 crates/kernel-mgga-27b/src/mgga_x_mggac/kxc_pol_part2.rs
     2980 crates/kernel-mgga-27b/src/mgga_x_mggac/lxc_pol_part2.rs
     3757 crates/kernel-mgga-27b/src/mgga_x_mggac/lxc_unpol_part2.rs
     3674 crates/kernel-mgga-27b/src/mgga_x_mggac/lxc_pol_part7.rs
       17 crates/kernel-mgga-27b/src/mgga_x_mggac/mod.rs
     3519 crates/kernel-mgga-27b/src/mgga_x_mggac/lxc_pol_part5.rs
     3905 crates/kernel-mgga-27c/src/mgga_x_mggac/lxc_pol_part13.rs
     4376 crates/kernel-mgga-27c/src/mgga_x_mggac/lxc_pol_part18.rs
     4184 crates/kernel-mgga-27c/src/mgga_x_mggac/kxc_pol_part1.rs
     4637 crates/kernel-mgga-27c/src/mgga_x_mggac/lxc_pol_part9.rs
     3927 crates/kernel-mgga-27c/src/mgga_x_mggac/lxc_pol_part19.rs
     4550 crates/kernel-mgga-27c/src/mgga_x_mggac/lxc_unpol_part4.rs
     3188 crates/kernel-mgga-27c/src/mgga_x_mggac/lxc_pol_part17.rs
     3891 crates/kernel-mgga-27c/src/mgga_x_mggac/lxc_unpol_part0.rs
     4184 crates/kernel-mgga-27c/src/mgga_x_mggac/lxc_pol_part1.rs
     4677 crates/kernel-mgga-27c/src/mgga_x_mggac/lxc_pol_part6.rs
     4118 crates/kernel-mgga-27c/src/mgga_x_mggac/lxc_pol_part15.rs
     4286 crates/kernel-mgga-27c/src/mgga_x_mggac/lxc_pol_part10.rs
       14 crates/kernel-mgga-27c/src/mgga_x_mggac/mod.rs
      205 crates/kernel-mgga-28/src/mgga_x_m11/exc_unpol.rs
     5170 crates/kernel-mgga-28/src/mgga_x_m11/lxc_pol.rs
      362 crates/kernel-mgga-28/src/mgga_x_m11/vxc_unpol.rs
     2931 crates/kernel-mgga-28/src/mgga_x_m11/kxc_pol.rs
      953 crates/kernel-mgga-28/src/mgga_x_m11/kxc_unpol.rs
     1429 crates/kernel-mgga-28/src/mgga_x_m11/fxc_pol.rs
      613 crates/kernel-mgga-28/src/mgga_x_m11/fxc_unpol.rs
       25 crates/kernel-mgga-28/src/mgga_x_m11/mod.rs
      669 crates/kernel-mgga-28/src/mgga_x_m11/vxc_pol.rs
     1372 crates/kernel-mgga-28/src/mgga_x_m11/lxc_unpol.rs
      340 crates/kernel-mgga-28/src/mgga_x_m11/exc_pol.rs
      223 crates/kernel-mgga-28/src/mgga_x_mn12/exc_unpol.rs
     5799 crates/kernel-mgga-28/src/mgga_x_mn12/lxc_pol.rs
      443 crates/kernel-mgga-28/src/mgga_x_mn12/vxc_unpol.rs
     3300 crates/kernel-mgga-28/src/mgga_x_mn12/kxc_pol.rs
     1373 crates/kernel-mgga-28/src/mgga_x_mn12/kxc_unpol.rs
     1509 crates/kernel-mgga-28/src/mgga_x_mn12/fxc_pol.rs
      824 crates/kernel-mgga-28/src/mgga_x_mn12/fxc_unpol.rs
       25 crates/kernel-mgga-28/src/mgga_x_mn12/mod.rs
      699 crates/kernel-mgga-28/src/mgga_x_mn12/vxc_pol.rs
     1791 crates/kernel-mgga-28/src/mgga_x_mn12/lxc_unpol.rs
      349 crates/kernel-mgga-28/src/mgga_x_mn12/exc_pol.rs
      117 crates/kernel-mgga-28/src/mgga_x_rppscan/exc_unpol.rs
     5596 crates/kernel-mgga-28/src/mgga_x_rppscan/lxc_pol.rs
      228 crates/kernel-mgga-28/src/mgga_x_rppscan/vxc_unpol.rs
     2859 crates/kernel-mgga-28/src/mgga_x_rppscan/kxc_pol.rs
     1117 crates/kernel-mgga-28/src/mgga_x_rppscan/kxc_unpol.rs
     1140 crates/kernel-mgga-28/src/mgga_x_rppscan/fxc_pol.rs
      516 crates/kernel-mgga-28/src/mgga_x_rppscan/fxc_unpol.rs
       25 crates/kernel-mgga-28/src/mgga_x_rppscan/mod.rs
      424 crates/kernel-mgga-28/src/mgga_x_rppscan/vxc_pol.rs
     1736 crates/kernel-mgga-28/src/mgga_x_rppscan/lxc_unpol.rs
      197 crates/kernel-mgga-28/src/mgga_x_rppscan/exc_pol.rs
       74 crates/kernel-mgga-28/src/mgga_x_pkzb/exc_unpol.rs
     2626 crates/kernel-mgga-28/src/mgga_x_pkzb/lxc_pol.rs
      112 crates/kernel-mgga-28/src/mgga_x_pkzb/vxc_unpol.rs
     1149 crates/kernel-mgga-28/src/mgga_x_pkzb/kxc_pol.rs
      320 crates/kernel-mgga-28/src/mgga_x_pkzb/kxc_unpol.rs
      460 crates/kernel-mgga-28/src/mgga_x_pkzb/fxc_pol.rs
      184 crates/kernel-mgga-28/src/mgga_x_pkzb/fxc_unpol.rs
       25 crates/kernel-mgga-28/src/mgga_x_pkzb/mod.rs
      204 crates/kernel-mgga-28/src/mgga_x_pkzb/vxc_pol.rs
      487 crates/kernel-mgga-28/src/mgga_x_pkzb/lxc_unpol.rs
      111 crates/kernel-mgga-28/src/mgga_x_pkzb/exc_pol.rs
       85 crates/kernel-mgga-29/src/mgga_x_gx/exc_unpol.rs
     3374 crates/kernel-mgga-29/src/mgga_x_gx/lxc_pol.rs
      154 crates/kernel-mgga-29/src/mgga_x_gx/vxc_unpol.rs
     1736 crates/kernel-mgga-29/src/mgga_x_gx/kxc_pol.rs
      714 crates/kernel-mgga-29/src/mgga_x_gx/kxc_unpol.rs
      682 crates/kernel-mgga-29/src/mgga_x_gx/fxc_pol.rs
      333 crates/kernel-mgga-29/src/mgga_x_gx/fxc_unpol.rs
       25 crates/kernel-mgga-29/src/mgga_x_gx/mod.rs
      272 crates/kernel-mgga-29/src/mgga_x_gx/vxc_pol.rs
     1086 crates/kernel-mgga-29/src/mgga_x_gx/lxc_unpol.rs
      130 crates/kernel-mgga-29/src/mgga_x_gx/exc_pol.rs
      110 crates/kernel-mgga-29/src/mgga_k_rda/exc_unpol.rs
     3529 crates/kernel-mgga-29/src/mgga_k_rda/lxc_pol.rs
      186 crates/kernel-mgga-29/src/mgga_k_rda/vxc_unpol.rs
     1804 crates/kernel-mgga-29/src/mgga_k_rda/kxc_pol.rs
      782 crates/kernel-mgga-29/src/mgga_k_rda/kxc_unpol.rs
      753 crates/kernel-mgga-29/src/mgga_k_rda/fxc_pol.rs
      385 crates/kernel-mgga-29/src/mgga_k_rda/fxc_unpol.rs
       25 crates/kernel-mgga-29/src/mgga_k_rda/mod.rs
      311 crates/kernel-mgga-29/src/mgga_k_rda/vxc_pol.rs
     1105 crates/kernel-mgga-29/src/mgga_k_rda/lxc_unpol.rs
      165 crates/kernel-mgga-29/src/mgga_k_rda/exc_pol.rs
       38 crates/kernel-mgga-29/src/mgga_xc_lp90/exc_unpol.rs
     1971 crates/kernel-mgga-29/src/mgga_xc_lp90/lxc_pol.rs
       57 crates/kernel-mgga-29/src/mgga_xc_lp90/vxc_unpol.rs
      786 crates/kernel-mgga-29/src/mgga_xc_lp90/kxc_pol.rs
      172 crates/kernel-mgga-29/src/mgga_xc_lp90/kxc_unpol.rs
      288 crates/kernel-mgga-29/src/mgga_xc_lp90/fxc_pol.rs
       97 crates/kernel-mgga-29/src/mgga_xc_lp90/fxc_unpol.rs
       25 crates/kernel-mgga-29/src/mgga_xc_lp90/mod.rs
      120 crates/kernel-mgga-29/src/mgga_xc_lp90/vxc_pol.rs
      278 crates/kernel-mgga-29/src/mgga_xc_lp90/lxc_unpol.rs
       67 crates/kernel-mgga-29/src/mgga_xc_lp90/exc_pol.rs
      130 crates/kernel-mgga-29/src/hyb_mgga_x_m05/exc_unpol.rs
     3658 crates/kernel-mgga-29/src/hyb_mgga_x_m05/lxc_pol.rs
      223 crates/kernel-mgga-29/src/hyb_mgga_x_m05/vxc_unpol.rs
     1883 crates/kernel-mgga-29/src/hyb_mgga_x_m05/kxc_pol.rs
      655 crates/kernel-mgga-29/src/hyb_mgga_x_m05/kxc_unpol.rs
      858 crates/kernel-mgga-29/src/hyb_mgga_x_m05/fxc_pol.rs
      395 crates/kernel-mgga-29/src/hyb_mgga_x_m05/fxc_unpol.rs
       25 crates/kernel-mgga-29/src/hyb_mgga_x_m05/mod.rs
      392 crates/kernel-mgga-29/src/hyb_mgga_x_m05/vxc_pol.rs
      949 crates/kernel-mgga-29/src/hyb_mgga_x_m05/lxc_unpol.rs
      206 crates/kernel-mgga-29/src/hyb_mgga_x_m05/exc_pol.rs
       85 crates/kernel-mgga-29/src/mgga_x_ms/exc_unpol.rs
     3806 crates/kernel-mgga-29/src/mgga_x_ms/lxc_pol.rs
      150 crates/kernel-mgga-29/src/mgga_x_ms/vxc_unpol.rs
     2012 crates/kernel-mgga-29/src/mgga_x_ms/kxc_pol.rs
      808 crates/kernel-mgga-29/src/mgga_x_ms/kxc_unpol.rs
      724 crates/kernel-mgga-29/src/mgga_x_ms/fxc_pol.rs
      326 crates/kernel-mgga-29/src/mgga_x_ms/fxc_unpol.rs
       25 crates/kernel-mgga-29/src/mgga_x_ms/mod.rs
      273 crates/kernel-mgga-29/src/mgga_x_ms/vxc_pol.rs
     1244 crates/kernel-mgga-29/src/mgga_x_ms/lxc_unpol.rs
      129 crates/kernel-mgga-29/src/mgga_x_ms/exc_pol.rs
       80 crates/kernel-mgga-29/src/mgga_x_pbe_gx/exc_unpol.rs
     3926 crates/kernel-mgga-29/src/mgga_x_pbe_gx/lxc_pol.rs
      158 crates/kernel-mgga-29/src/mgga_x_pbe_gx/vxc_unpol.rs
     2023 crates/kernel-mgga-29/src/mgga_x_pbe_gx/kxc_pol.rs
      764 crates/kernel-mgga-29/src/mgga_x_pbe_gx/kxc_unpol.rs
      776 crates/kernel-mgga-29/src/mgga_x_pbe_gx/fxc_pol.rs
      351 crates/kernel-mgga-29/src/mgga_x_pbe_gx/fxc_unpol.rs
       25 crates/kernel-mgga-29/src/mgga_x_pbe_gx/mod.rs
      289 crates/kernel-mgga-29/src/mgga_x_pbe_gx/vxc_pol.rs
     1136 crates/kernel-mgga-29/src/mgga_x_pbe_gx/lxc_unpol.rs
      130 crates/kernel-mgga-29/src/mgga_x_pbe_gx/exc_pol.rs
       99 crates/kernel-mgga-35/src/mgga_k_lk/exc_unpol.rs
     2895 crates/kernel-mgga-35/src/mgga_k_lk/lxc_pol.rs
      159 crates/kernel-mgga-35/src/mgga_k_lk/vxc_unpol.rs
     1414 crates/kernel-mgga-35/src/mgga_k_lk/kxc_pol.rs
      493 crates/kernel-mgga-35/src/mgga_k_lk/kxc_unpol.rs
      598 crates/kernel-mgga-35/src/mgga_k_lk/fxc_pol.rs
      272 crates/kernel-mgga-35/src/mgga_k_lk/fxc_unpol.rs
       25 crates/kernel-mgga-35/src/mgga_k_lk/mod.rs
      273 crates/kernel-mgga-35/src/mgga_k_lk/vxc_pol.rs
      728 crates/kernel-mgga-35/src/mgga_k_lk/lxc_unpol.rs
      146 crates/kernel-mgga-35/src/mgga_k_lk/exc_pol.rs
       85 crates/kernel-mgga-35/src/mgga_x_mvs/exc_unpol.rs
     3500 crates/kernel-mgga-35/src/mgga_x_mvs/lxc_pol.rs
      146 crates/kernel-mgga-35/src/mgga_x_mvs/vxc_unpol.rs
     1588 crates/kernel-mgga-35/src/mgga_x_mvs/kxc_pol.rs
      556 crates/kernel-mgga-35/src/mgga_x_mvs/kxc_unpol.rs
      640 crates/kernel-mgga-35/src/mgga_x_mvs/fxc_pol.rs
      288 crates/kernel-mgga-35/src/mgga_x_mvs/fxc_unpol.rs
       25 crates/kernel-mgga-35/src/mgga_x_mvs/mod.rs
      262 crates/kernel-mgga-35/src/mgga_x_mvs/vxc_pol.rs
      826 crates/kernel-mgga-35/src/mgga_x_mvs/lxc_unpol.rs
      134 crates/kernel-mgga-35/src/mgga_x_mvs/exc_pol.rs
     4127 crates/kernel-mgga-35/src/mgga_x_tb09/lxc_pol.rs
       77 crates/kernel-mgga-35/src/mgga_x_tb09/vxc_unpol.rs
     1172 crates/kernel-mgga-35/src/mgga_x_tb09/kxc_pol.rs
      571 crates/kernel-mgga-35/src/mgga_x_tb09/kxc_unpol.rs
      309 crates/kernel-mgga-35/src/mgga_x_tb09/fxc_pol.rs
      178 crates/kernel-mgga-35/src/mgga_x_tb09/fxc_unpol.rs
       21 crates/kernel-mgga-35/src/mgga_x_tb09/mod.rs
      109 crates/kernel-mgga-35/src/mgga_x_tb09/vxc_pol.rs
     1835 crates/kernel-mgga-35/src/mgga_x_tb09/lxc_unpol.rs
       83 crates/kernel-mgga-35/src/mgga_x_jk/exc_unpol.rs
     3183 crates/kernel-mgga-35/src/mgga_x_jk/lxc_pol.rs
      146 crates/kernel-mgga-35/src/mgga_x_jk/vxc_unpol.rs
     1599 crates/kernel-mgga-35/src/mgga_x_jk/kxc_pol.rs
      545 crates/kernel-mgga-35/src/mgga_x_jk/kxc_unpol.rs
      600 crates/kernel-mgga-35/src/mgga_x_jk/fxc_pol.rs
      275 crates/kernel-mgga-35/src/mgga_x_jk/fxc_unpol.rs
       25 crates/kernel-mgga-35/src/mgga_x_jk/mod.rs
      246 crates/kernel-mgga-35/src/mgga_x_jk/vxc_pol.rs
      762 crates/kernel-mgga-35/src/mgga_x_jk/lxc_unpol.rs
      125 crates/kernel-mgga-35/src/mgga_x_jk/exc_pol.rs
       72 crates/kernel-mgga-35/src/mgga_xc_cc06/exc_unpol.rs
     3339 crates/kernel-mgga-35/src/mgga_xc_cc06/lxc_pol.rs
      124 crates/kernel-mgga-35/src/mgga_xc_cc06/vxc_unpol.rs
     1603 crates/kernel-mgga-35/src/mgga_xc_cc06/kxc_pol.rs
      349 crates/kernel-mgga-35/src/mgga_xc_cc06/kxc_unpol.rs
      675 crates/kernel-mgga-35/src/mgga_xc_cc06/fxc_pol.rs
      220 crates/kernel-mgga-35/src/mgga_xc_cc06/fxc_unpol.rs
       25 crates/kernel-mgga-35/src/mgga_xc_cc06/mod.rs
      285 crates/kernel-mgga-35/src/mgga_xc_cc06/vxc_pol.rs
      495 crates/kernel-mgga-35/src/mgga_xc_cc06/lxc_unpol.rs
      135 crates/kernel-mgga-35/src/mgga_xc_cc06/exc_pol.rs
       60 crates/kernel-mgga-35/src/mgga_c_cc/exc_unpol.rs
     3942 crates/kernel-mgga-35/src/mgga_c_cc/lxc_pol.rs
      101 crates/kernel-mgga-35/src/mgga_c_cc/vxc_unpol.rs
     1719 crates/kernel-mgga-35/src/mgga_c_cc/kxc_pol.rs
      316 crates/kernel-mgga-35/src/mgga_c_cc/kxc_unpol.rs
      639 crates/kernel-mgga-35/src/mgga_c_cc/fxc_pol.rs
      186 crates/kernel-mgga-35/src/mgga_c_cc/fxc_unpol.rs
       25 crates/kernel-mgga-35/src/mgga_c_cc/mod.rs
      249 crates/kernel-mgga-35/src/mgga_c_cc/vxc_pol.rs
      457 crates/kernel-mgga-35/src/mgga_c_cc/lxc_unpol.rs
      119 crates/kernel-mgga-35/src/mgga_c_cc/exc_pol.rs
     1667 crates/kernel-mgga-35/src/mgga_x_2d_prp10/lxc_pol.rs
       55 crates/kernel-mgga-35/src/mgga_x_2d_prp10/vxc_unpol.rs
      583 crates/kernel-mgga-35/src/mgga_x_2d_prp10/kxc_pol.rs
      260 crates/kernel-mgga-35/src/mgga_x_2d_prp10/kxc_unpol.rs
      184 crates/kernel-mgga-35/src/mgga_x_2d_prp10/fxc_pol.rs
      105 crates/kernel-mgga-35/src/mgga_x_2d_prp10/fxc_unpol.rs
       21 crates/kernel-mgga-35/src/mgga_x_2d_prp10/mod.rs
       83 crates/kernel-mgga-35/src/mgga_x_2d_prp10/vxc_pol.rs
      574 crates/kernel-mgga-35/src/mgga_x_2d_prp10/lxc_unpol.rs
      219 crates/kernel-mgga-36a/src/mgga_xc_b97mv/exc_unpol.rs
     1689 crates/kernel-mgga-36a/src/mgga_xc_b97mv/kxc_unpol.rs
     2252 crates/kernel-mgga-36a/src/mgga_xc_b97mv/fxc_pol.rs
     2252 crates/kernel-mgga-36a/src/mgga_xc_b97mv/kxc_pol_part0.rs
      873 crates/kernel-mgga-36a/src/mgga_xc_b97mv/fxc_unpol.rs
        9 crates/kernel-mgga-36a/src/mgga_xc_b97mv/mod.rs
      854 crates/kernel-mgga-36a/src/mgga_xc_b97mv/vxc_pol.rs
      333 crates/kernel-mgga-36a/src/mgga_xc_b97mv/exc_pol.rs
      442 crates/kernel-mgga-36b/src/mgga_xc_b97mv/vxc_unpol.rs
     2287 crates/kernel-mgga-36b/src/mgga_xc_b97mv/lxc_pol_part3.rs
     2252 crates/kernel-mgga-36b/src/mgga_xc_b97mv/lxc_pol_part0.rs
     4459 crates/kernel-mgga-36b/src/mgga_xc_b97mv/lxc_pol_part11.rs
     3376 crates/kernel-mgga-36b/src/mgga_xc_b97mv/lxc_pol_part4.rs
     3535 crates/kernel-mgga-36b/src/mgga_xc_b97mv/kxc_pol_part1.rs
     4132 crates/kernel-mgga-36b/src/mgga_xc_b97mv/lxc_pol_part9.rs
     3704 crates/kernel-mgga-36b/src/mgga_xc_b97mv/kxc_pol_part2.rs
     3704 crates/kernel-mgga-36b/src/mgga_xc_b97mv/lxc_pol_part2.rs
     3535 crates/kernel-mgga-36b/src/mgga_xc_b97mv/lxc_pol_part1.rs
     3389 crates/kernel-mgga-36b/src/mgga_xc_b97mv/lxc_pol_part6.rs
     2336 crates/kernel-mgga-36b/src/mgga_xc_b97mv/lxc_pol_part7.rs
     3828 crates/kernel-mgga-36b/src/mgga_xc_b97mv/lxc_pol_part8.rs
     2945 crates/kernel-mgga-36b/src/mgga_xc_b97mv/lxc_pol_part10.rs
       18 crates/kernel-mgga-36b/src/mgga_xc_b97mv/mod.rs
     2339 crates/kernel-mgga-36b/src/mgga_xc_b97mv/lxc_unpol.rs
     3684 crates/kernel-mgga-36b/src/mgga_xc_b97mv/lxc_pol_part5.rs
     3382 crates/kernel-mgga-37a/src/mgga_xc_b98/lxc_pol_part3.rs
     3663 crates/kernel-mgga-37a/src/mgga_xc_b98/lxc_pol_part0.rs
     1721 crates/kernel-mgga-37a/src/mgga_xc_b98/kxc_unpol.rs
     3736 crates/kernel-mgga-37a/src/mgga_xc_b98/lxc_pol_part4.rs
     4714 crates/kernel-mgga-37a/src/mgga_xc_b98/kxc_pol_part1.rs
     3663 crates/kernel-mgga-37a/src/mgga_xc_b98/kxc_pol_part0.rs
     3202 crates/kernel-mgga-37a/src/mgga_xc_b98/lxc_pol_part9.rs
     4462 crates/kernel-mgga-37a/src/mgga_xc_b98/lxc_pol_part2.rs
     4714 crates/kernel-mgga-37a/src/mgga_xc_b98/lxc_pol_part1.rs
     2819 crates/kernel-mgga-37a/src/mgga_xc_b98/lxc_pol_part6.rs
     3216 crates/kernel-mgga-37a/src/mgga_xc_b98/lxc_pol_part7.rs
     3872 crates/kernel-mgga-37a/src/mgga_xc_b98/lxc_pol_part8.rs
       17 crates/kernel-mgga-37a/src/mgga_xc_b98/mod.rs
     2670 crates/kernel-mgga-37a/src/mgga_xc_b98/lxc_unpol.rs
      232 crates/kernel-mgga-37a/src/mgga_xc_b98/exc_pol.rs
     3864 crates/kernel-mgga-37a/src/mgga_xc_b98/lxc_pol_part5.rs
      130 crates/kernel-mgga-37b/src/mgga_xc_b98/exc_unpol.rs
      317 crates/kernel-mgga-37b/src/mgga_xc_b98/vxc_unpol.rs
     2160 crates/kernel-mgga-37b/src/mgga_xc_b98/fxc_pol.rs
      761 crates/kernel-mgga-37b/src/mgga_xc_b98/fxc_unpol.rs
        7 crates/kernel-mgga-37b/src/mgga_xc_b98/mod.rs
      703 crates/kernel-mgga-37b/src/mgga_xc_b98/vxc_pol.rs
     3894 crates/kernel-mgga-7c/src/mgga_c_kcis/lxc_pol_part16.rs
     3923 crates/kernel-mgga-7c/src/mgga_c_kcis/lxc_pol_part25.rs
     4448 crates/kernel-mgga-7c/src/mgga_c_kcis/fxc_pol.rs
     1321 crates/kernel-mgga-7c/src/mgga_c_kcis/lxc_pol_part22.rs
     4273 crates/kernel-mgga-7c/src/mgga_c_kcis/kxc_pol_part2.rs
     4335 crates/kernel-mgga-7c/src/mgga_c_kcis/lxc_pol_part39.rs
     4273 crates/kernel-mgga-7c/src/mgga_c_kcis/lxc_pol_part2.rs
     4373 crates/kernel-mgga-7c/src/mgga_c_kcis/lxc_pol_part31.rs
     4940 crates/kernel-mgga-7c/src/mgga_c_kcis/lxc_pol_part37.rs
     4270 crates/kernel-mgga-7c/src/mgga_c_kcis/kxc_pol_part5.rs
     5285 crates/kernel-mgga-7c/src/mgga_c_kcis/lxc_pol_part20.rs
       14 crates/kernel-mgga-7c/src/mgga_c_kcis/mod.rs
     4270 crates/kernel-mgga-7c/src/mgga_c_kcis/lxc_pol_part5.rs
      535 crates/kernel-mgga-7d/src/mgga_c_kcis/vxc_unpol.rs
     3648 crates/kernel-mgga-7d/src/mgga_c_kcis/lxc_pol_part24.rs
     3842 crates/kernel-mgga-7d/src/mgga_c_kcis/lxc_pol_part0.rs
     3254 crates/kernel-mgga-7d/src/mgga_c_kcis/kxc_pol_part9.rs
     3167 crates/kernel-mgga-7d/src/mgga_c_kcis/kxc_pol_part6.rs
     3842 crates/kernel-mgga-7d/src/mgga_c_kcis/kxc_pol_part0.rs
     3254 crates/kernel-mgga-7d/src/mgga_c_kcis/lxc_pol_part9.rs
     3496 crates/kernel-mgga-7d/src/mgga_c_kcis/lxc_pol_part26.rs
     3440 crates/kernel-mgga-7d/src/mgga_c_kcis/lxc_pol_part33.rs
     3644 crates/kernel-mgga-7d/src/mgga_c_kcis/lxc_pol_part17.rs
     3221 crates/kernel-mgga-7d/src/mgga_c_kcis/lxc_pol_part38.rs
     3167 crates/kernel-mgga-7d/src/mgga_c_kcis/lxc_pol_part6.rs
     3889 crates/kernel-mgga-7d/src/mgga_c_kcis/lxc_pol_part7.rs
       17 crates/kernel-mgga-7d/src/mgga_c_kcis/mod.rs
     3335 crates/kernel-mgga-7d/src/mgga_c_kcis/lxc_unpol.rs
     3889 crates/kernel-mgga-7d/src/mgga_c_kcis/kxc_pol_part7.rs
      229 crates/kernel-mgga-3a/src/hyb_mgga_xc_gas22/exc_unpol.rs
     3130 crates/kernel-mgga-3a/src/hyb_mgga_xc_gas22/lxc_pol_part16.rs
      453 crates/kernel-mgga-3a/src/hyb_mgga_xc_gas22/vxc_unpol.rs
     1956 crates/kernel-mgga-3a/src/hyb_mgga_xc_gas22/lxc_pol_part13.rs
     2580 crates/kernel-mgga-3a/src/hyb_mgga_xc_gas22/lxc_pol_part0.rs
     1581 crates/kernel-mgga-3a/src/hyb_mgga_xc_gas22/kxc_unpol.rs
     2573 crates/kernel-mgga-3a/src/hyb_mgga_xc_gas22/lxc_pol_part11.rs
     2580 crates/kernel-mgga-3a/src/hyb_mgga_xc_gas22/fxc_pol.rs
     2580 crates/kernel-mgga-3a/src/hyb_mgga_xc_gas22/kxc_pol_part0.rs
      879 crates/kernel-mgga-3a/src/hyb_mgga_xc_gas22/fxc_unpol.rs
     3309 crates/kernel-mgga-3a/src/hyb_mgga_xc_gas22/lxc_pol_part12.rs
     2949 crates/kernel-mgga-3a/src/hyb_mgga_xc_gas22/lxc_pol_part7.rs
     2564 crates/kernel-mgga-3a/src/hyb_mgga_xc_gas22/lxc_pol_part10.rs
       18 crates/kernel-mgga-3a/src/hyb_mgga_xc_gas22/mod.rs
      960 crates/kernel-mgga-3a/src/hyb_mgga_xc_gas22/vxc_pol.rs
     2449 crates/kernel-mgga-3a/src/hyb_mgga_xc_gas22/lxc_unpol.rs
      382 crates/kernel-mgga-3a/src/hyb_mgga_xc_gas22/exc_pol.rs
     3595 crates/kernel-mgga-3b/src/hyb_mgga_xc_gas22/lxc_pol_part14.rs
     2793 crates/kernel-mgga-3b/src/hyb_mgga_xc_gas22/lxc_pol_part3.rs
     4302 crates/kernel-mgga-3b/src/hyb_mgga_xc_gas22/lxc_pol_part4.rs
     4317 crates/kernel-mgga-3b/src/hyb_mgga_xc_gas22/kxc_pol_part1.rs
     3463 crates/kernel-mgga-3b/src/hyb_mgga_xc_gas22/lxc_pol_part9.rs
     4401 crates/kernel-mgga-3b/src/hyb_mgga_xc_gas22/kxc_pol_part2.rs
     4401 crates/kernel-mgga-3b/src/hyb_mgga_xc_gas22/lxc_pol_part2.rs
     4317 crates/kernel-mgga-3b/src/hyb_mgga_xc_gas22/lxc_pol_part1.rs
     4381 crates/kernel-mgga-3b/src/hyb_mgga_xc_gas22/lxc_pol_part6.rs
     4437 crates/kernel-mgga-3b/src/hyb_mgga_xc_gas22/lxc_pol_part15.rs
     4654 crates/kernel-mgga-3b/src/hyb_mgga_xc_gas22/lxc_pol_part8.rs
       14 crates/kernel-mgga-3b/src/hyb_mgga_xc_gas22/mod.rs
     4811 crates/kernel-mgga-3b/src/hyb_mgga_xc_gas22/lxc_pol_part5.rs
      236 crates/kernel-mgga-4a/src/hyb_mgga_xc_wb97mv/exc_unpol.rs
     1989 crates/kernel-mgga-4a/src/hyb_mgga_xc_wb97mv/lxc_pol_part14.rs
      472 crates/kernel-mgga-4a/src/hyb_mgga_xc_wb97mv/vxc_unpol.rs
     3460 crates/kernel-mgga-4a/src/hyb_mgga_xc_wb97mv/lxc_pol_part13.rs
     2634 crates/kernel-mgga-4a/src/hyb_mgga_xc_wb97mv/lxc_pol_part0.rs
     1719 crates/kernel-mgga-4a/src/hyb_mgga_xc_wb97mv/kxc_unpol.rs
     2687 crates/kernel-mgga-4a/src/hyb_mgga_xc_wb97mv/lxc_pol_part11.rs
     1941 crates/kernel-mgga-4a/src/hyb_mgga_xc_wb97mv/kxc_pol_part3.rs
     2634 crates/kernel-mgga-4a/src/hyb_mgga_xc_wb97mv/fxc_pol.rs
     2634 crates/kernel-mgga-4a/src/hyb_mgga_xc_wb97mv/kxc_pol_part0.rs
     2464 crates/kernel-mgga-4a/src/hyb_mgga_xc_wb97mv/lxc_pol_part9.rs
      923 crates/kernel-mgga-4a/src/hyb_mgga_xc_wb97mv/fxc_unpol.rs
     2685 crates/kernel-mgga-4a/src/hyb_mgga_xc_wb97mv/lxc_pol_part12.rs
     3818 crates/kernel-mgga-4a/src/hyb_mgga_xc_wb97mv/lxc_pol_part2.rs
     2737 crates/kernel-mgga-4a/src/hyb_mgga_xc_wb97mv/lxc_pol_part10.rs
       20 crates/kernel-mgga-4a/src/hyb_mgga_xc_wb97mv/mod.rs
      962 crates/kernel-mgga-4a/src/hyb_mgga_xc_wb97mv/vxc_pol.rs
     2784 crates/kernel-mgga-4a/src/hyb_mgga_xc_wb97mv/lxc_unpol.rs
      385 crates/kernel-mgga-4a/src/hyb_mgga_xc_wb97mv/exc_pol.rs
     4158 crates/kernel-mgga-4b/src/hyb_mgga_xc_wb97mv/lxc_pol_part16.rs
     3982 crates/kernel-mgga-4b/src/hyb_mgga_xc_wb97mv/lxc_pol_part3.rs
     4359 crates/kernel-mgga-4b/src/hyb_mgga_xc_wb97mv/lxc_pol_part4.rs
     4369 crates/kernel-mgga-4b/src/hyb_mgga_xc_wb97mv/kxc_pol_part1.rs
     3818 crates/kernel-mgga-4b/src/hyb_mgga_xc_wb97mv/kxc_pol_part2.rs
     3934 crates/kernel-mgga-4b/src/hyb_mgga_xc_wb97mv/lxc_pol_part17.rs
     4369 crates/kernel-mgga-4b/src/hyb_mgga_xc_wb97mv/lxc_pol_part1.rs
     4452 crates/kernel-mgga-4b/src/hyb_mgga_xc_wb97mv/lxc_pol_part6.rs
     2935 crates/kernel-mgga-4b/src/hyb_mgga_xc_wb97mv/lxc_pol_part7.rs
     3851 crates/kernel-mgga-4b/src/hyb_mgga_xc_wb97mv/lxc_pol_part15.rs
     4774 crates/kernel-mgga-4b/src/hyb_mgga_xc_wb97mv/lxc_pol_part8.rs
       14 crates/kernel-mgga-4b/src/hyb_mgga_xc_wb97mv/mod.rs
     4931 crates/kernel-mgga-4b/src/hyb_mgga_xc_wb97mv/lxc_pol_part5.rs
      188 crates/kernel-mgga-5/src/mgga_c_m05/exc_unpol.rs
     7613 crates/kernel-mgga-5/src/mgga_c_m05/lxc_pol.rs
      358 crates/kernel-mgga-5/src/mgga_c_m05/vxc_unpol.rs
     4362 crates/kernel-mgga-5/src/mgga_c_m05/kxc_pol.rs
     1168 crates/kernel-mgga-5/src/mgga_c_m05/kxc_unpol.rs
     1737 crates/kernel-mgga-5/src/mgga_c_m05/fxc_pol.rs
      665 crates/kernel-mgga-5/src/mgga_c_m05/fxc_unpol.rs
       25 crates/kernel-mgga-5/src/mgga_c_m05/mod.rs
      664 crates/kernel-mgga-5/src/mgga_c_m05/vxc_pol.rs
     1490 crates/kernel-mgga-5/src/mgga_c_m05/lxc_unpol.rs
      279 crates/kernel-mgga-5/src/mgga_c_m05/exc_pol.rs
      126 crates/kernel-mgga-5/src/mgga_c_b94/exc_unpol.rs
      363 crates/kernel-mgga-5/src/mgga_c_b94/vxc_unpol.rs
    16703 crates/kernel-mgga-5/src/mgga_c_b94/kxc_pol.rs
     6215 crates/kernel-mgga-5/src/mgga_c_b94/kxc_unpol.rs
     4345 crates/kernel-mgga-5/src/mgga_c_b94/fxc_pol.rs
     1717 crates/kernel-mgga-5/src/mgga_c_b94/fxc_unpol.rs
       21 crates/kernel-mgga-5/src/mgga_c_b94/mod.rs
      737 crates/kernel-mgga-5/src/mgga_c_b94/vxc_pol.rs
      218 crates/kernel-mgga-5/src/mgga_c_b94/exc_pol.rs
       82 crates/kernel-mgga-6/src/mgga_c_ccalda/exc_unpol.rs
    15378 crates/kernel-mgga-6/src/mgga_c_ccalda/lxc_pol.rs
      158 crates/kernel-mgga-6/src/mgga_c_ccalda/vxc_unpol.rs
     6732 crates/kernel-mgga-6/src/mgga_c_ccalda/kxc_pol.rs
      627 crates/kernel-mgga-6/src/mgga_c_ccalda/kxc_unpol.rs
     1522 crates/kernel-mgga-6/src/mgga_c_ccalda/fxc_pol.rs
      331 crates/kernel-mgga-6/src/mgga_c_ccalda/fxc_unpol.rs
       25 crates/kernel-mgga-6/src/mgga_c_ccalda/mod.rs
      391 crates/kernel-mgga-6/src/mgga_c_ccalda/vxc_pol.rs
      837 crates/kernel-mgga-6/src/mgga_c_ccalda/lxc_unpol.rs
      147 crates/kernel-mgga-6/src/mgga_c_ccalda/exc_pol.rs
      122 crates/kernel-mgga-6/src/mgga_x_mcml/exc_unpol.rs
     9030 crates/kernel-mgga-6/src/mgga_x_mcml/lxc_pol.rs
      318 crates/kernel-mgga-6/src/mgga_x_mcml/vxc_unpol.rs
     4201 crates/kernel-mgga-6/src/mgga_x_mcml/kxc_pol.rs
     1896 crates/kernel-mgga-6/src/mgga_x_mcml/kxc_unpol.rs
     1709 crates/kernel-mgga-6/src/mgga_x_mcml/fxc_pol.rs
      824 crates/kernel-mgga-6/src/mgga_x_mcml/fxc_unpol.rs
       25 crates/kernel-mgga-6/src/mgga_x_mcml/mod.rs
      607 crates/kernel-mgga-6/src/mgga_x_mcml/vxc_pol.rs
     3797 crates/kernel-mgga-6/src/mgga_x_mcml/lxc_unpol.rs
      206 crates/kernel-mgga-6/src/mgga_x_mcml/exc_pol.rs
     2854 crates/kernel-mgga-7a/src/mgga_c_kcis/lxc_pol_part35.rs
     2168 crates/kernel-mgga-7a/src/mgga_c_kcis/kxc_unpol.rs
     3166 crates/kernel-mgga-7a/src/mgga_c_kcis/kxc_pol_part8.rs
     2899 crates/kernel-mgga-7a/src/mgga_c_kcis/lxc_pol_part27.rs
     1971 crates/kernel-mgga-7a/src/mgga_c_kcis/kxc_pol_part1.rs
     1104 crates/kernel-mgga-7a/src/mgga_c_kcis/fxc_unpol.rs
     3013 crates/kernel-mgga-7a/src/mgga_c_kcis/lxc_pol_part34.rs
     1316 crates/kernel-mgga-7a/src/mgga_c_kcis/lxc_pol_part19.rs
     2803 crates/kernel-mgga-7a/src/mgga_c_kcis/lxc_pol_part28.rs
     2853 crates/kernel-mgga-7a/src/mgga_c_kcis/lxc_pol_part32.rs
     2951 crates/kernel-mgga-7a/src/mgga_c_kcis/kxc_pol_part10.rs
     1971 crates/kernel-mgga-7a/src/mgga_c_kcis/lxc_pol_part1.rs
     2591 crates/kernel-mgga-7a/src/mgga_c_kcis/lxc_pol_part36.rs
     3166 crates/kernel-mgga-7a/src/mgga_c_kcis/lxc_pol_part8.rs
     2951 crates/kernel-mgga-7a/src/mgga_c_kcis/lxc_pol_part10.rs
       19 crates/kernel-mgga-7a/src/mgga_c_kcis/mod.rs
      422 crates/kernel-mgga-7a/src/mgga_c_kcis/exc_pol.rs
     2823 crates/kernel-mgga-7a/src/mgga_c_kcis/lxc_pol_part29.rs
      233 crates/kernel-mgga-7b/src/mgga_c_kcis/exc_unpol.rs
    12164 crates/kernel-mgga-7b/src/mgga_c_kcis/lxc_pol_part14.rs
    14127 crates/kernel-mgga-7b/src/mgga_c_kcis/lxc_pol_part13.rs
    11988 crates/kernel-mgga-7b/src/mgga_c_kcis/lxc_pol_part12.rs
     4478 crates/kernel-mgga-7b/src/mgga_c_kcis/lxc_pol_part30.rs
     6828 crates/kernel-mgga-7b/src/mgga_c_kcis/lxc_pol_part15.rs
        8 crates/kernel-mgga-7b/src/mgga_c_kcis/mod.rs
     6342 crates/kernel-mgga-7e/src/mgga_c_kcis/kxc_pol_part4.rs
     5330 crates/kernel-mgga-7e/src/mgga_c_kcis/lxc_pol_part21.rs
     6299 crates/kernel-mgga-7e/src/mgga_c_kcis/lxc_pol_part3.rs
     5490 crates/kernel-mgga-7e/src/mgga_c_kcis/lxc_pol_part18.rs
     6745 crates/kernel-mgga-7e/src/mgga_c_kcis/lxc_pol_part11.rs
     5533 crates/kernel-mgga-7e/src/mgga_c_kcis/lxc_pol_part23.rs
     6299 crates/kernel-mgga-7e/src/mgga_c_kcis/kxc_pol_part3.rs
     6342 crates/kernel-mgga-7e/src/mgga_c_kcis/lxc_pol_part4.rs
       11 crates/kernel-mgga-7e/src/mgga_c_kcis/mod.rs
     1355 crates/kernel-mgga-7e/src/mgga_c_kcis/vxc_pol.rs
     3534 crates/kernel-mgga-8a/src/mgga_c_kcisk/lxc_pol_part46.rs
     3324 crates/kernel-mgga-8a/src/mgga_c_kcisk/lxc_pol_part41.rs
     3441 crates/kernel-mgga-8a/src/mgga_c_kcisk/lxc_pol_part47.rs
     3576 crates/kernel-mgga-8a/src/mgga_c_kcisk/lxc_pol_part40.rs
     3355 crates/kernel-mgga-8a/src/mgga_c_kcisk/lxc_pol_part34.rs
     3316 crates/kernel-mgga-8a/src/mgga_c_kcisk/lxc_pol_part12.rs
     3316 crates/kernel-mgga-8a/src/mgga_c_kcisk/kxc_pol_part12.rs
     3329 crates/kernel-mgga-8a/src/mgga_c_kcisk/lxc_pol_part31.rs
     3667 crates/kernel-mgga-8a/src/mgga_c_kcisk/lxc_pol_part7.rs
     3494 crates/kernel-mgga-8a/src/mgga_c_kcisk/lxc_pol_part36.rs
     3789 crates/kernel-mgga-8a/src/mgga_c_kcisk/kxc_pol_part11.rs
       17 crates/kernel-mgga-8a/src/mgga_c_kcisk/mod.rs
     3669 crates/kernel-mgga-8a/src/mgga_c_kcisk/lxc_unpol.rs
      508 crates/kernel-mgga-8a/src/mgga_c_kcisk/exc_pol.rs
     3667 crates/kernel-mgga-8a/src/mgga_c_kcisk/kxc_pol_part7.rs
     3686 crates/kernel-mgga-8a/src/mgga_c_kcisk/lxc_pol_part44.rs
      278 crates/kernel-mgga-8b/src/mgga_c_kcisk/exc_unpol.rs
      614 crates/kernel-mgga-8b/src/mgga_c_kcisk/vxc_unpol.rs
     4030 crates/kernel-mgga-8b/src/mgga_c_kcisk/lxc_pol_part35.rs
     3789 crates/kernel-mgga-8b/src/mgga_c_kcisk/lxc_pol_part11.rs
     4053 crates/kernel-mgga-8b/src/mgga_c_kcisk/kxc_pol_part9.rs
     4113 crates/kernel-mgga-8b/src/mgga_c_kcisk/lxc_pol_part27.rs
     4364 crates/kernel-mgga-8b/src/mgga_c_kcisk/kxc_pol_part1.rs
     4053 crates/kernel-mgga-8b/src/mgga_c_kcisk/lxc_pol_part9.rs
     4364 crates/kernel-mgga-8b/src/mgga_c_kcisk/fxc_pol_part1.rs
     4029 crates/kernel-mgga-8b/src/mgga_c_kcisk/lxc_pol_part30.rs
     3875 crates/kernel-mgga-8b/src/mgga_c_kcisk/lxc_pol_part38.rs
     4364 crates/kernel-mgga-8b/src/mgga_c_kcisk/lxc_pol_part1.rs
     4107 crates/kernel-mgga-8b/src/mgga_c_kcisk/lxc_pol_part20.rs
     3800 crates/kernel-mgga-8b/src/mgga_c_kcisk/lxc_pol_part45.rs
       16 crates/kernel-mgga-8b/src/mgga_c_kcisk/mod.rs
     1604 crates/kernel-mgga-8c/src/mgga_c_kcisk/lxc_pol_part0.rs
     2411 crates/kernel-mgga-8c/src/mgga_c_kcisk/kxc_unpol.rs
     1580 crates/kernel-mgga-8c/src/mgga_c_kcisk/lxc_pol_part25.rs
     2270 crates/kernel-mgga-8c/src/mgga_c_kcisk/fxc_pol_part2.rs
     1604 crates/kernel-mgga-8c/src/mgga_c_kcisk/kxc_pol_part0.rs
     1246 crates/kernel-mgga-8c/src/mgga_c_kcisk/fxc_unpol.rs
     3166 crates/kernel-mgga-8c/src/mgga_c_kcisk/lxc_pol_part43.rs
     1575 crates/kernel-mgga-8c/src/mgga_c_kcisk/lxc_pol_part22.rs
     1560 crates/kernel-mgga-8c/src/mgga_c_kcisk/lxc_pol_part19.rs
     2270 crates/kernel-mgga-8c/src/mgga_c_kcisk/kxc_pol_part2.rs
     1678 crates/kernel-mgga-8c/src/mgga_c_kcisk/lxc_pol_part39.rs
     1560 crates/kernel-mgga-8c/src/mgga_c_kcisk/lxc_pol_part28.rs
     2270 crates/kernel-mgga-8c/src/mgga_c_kcisk/lxc_pol_part2.rs
     3217 crates/kernel-mgga-8c/src/mgga_c_kcisk/lxc_pol_part32.rs
     2868 crates/kernel-mgga-8c/src/mgga_c_kcisk/lxc_pol_part37.rs
     3239 crates/kernel-mgga-8c/src/mgga_c_kcisk/lxc_pol_part33.rs
     2344 crates/kernel-mgga-8c/src/mgga_c_kcisk/kxc_pol_part10.rs
     1604 crates/kernel-mgga-8c/src/mgga_c_kcisk/fxc_pol_part0.rs
     2797 crates/kernel-mgga-8c/src/mgga_c_kcisk/lxc_pol_part8.rs
     2344 crates/kernel-mgga-8c/src/mgga_c_kcisk/lxc_pol_part10.rs
       23 crates/kernel-mgga-8c/src/mgga_c_kcisk/mod.rs
     1604 crates/kernel-mgga-8c/src/mgga_c_kcisk/vxc_pol.rs
     4466 crates/kernel-mgga-8d/src/mgga_c_kcisk/lxc_pol_part42.rs
     6340 crates/kernel-mgga-8d/src/mgga_c_kcisk/lxc_pol_part21.rs
     4960 crates/kernel-mgga-8d/src/mgga_c_kcisk/lxc_pol_part3.rs
     4493 crates/kernel-mgga-8d/src/mgga_c_kcisk/lxc_pol_part18.rs
     6127 crates/kernel-mgga-8d/src/mgga_c_kcisk/lxc_pol_part23.rs
     4960 crates/kernel-mgga-8d/src/mgga_c_kcisk/kxc_pol_part3.rs
     2797 crates/kernel-mgga-8d/src/mgga_c_kcisk/kxc_pol_part8.rs
     6371 crates/kernel-mgga-8d/src/mgga_c_kcisk/lxc_pol_part26.rs
     4961 crates/kernel-mgga-8d/src/mgga_c_kcisk/lxc_pol_part6.rs
       12 crates/kernel-mgga-8d/src/mgga_c_kcisk/mod.rs
     4517 crates/kernel-mgga-8d/src/mgga_c_kcisk/lxc_pol_part29.rs
     7278 crates/kernel-mgga-8e/src/mgga_c_kcisk/kxc_pol_part4.rs
     7768 crates/kernel-mgga-8e/src/mgga_c_kcisk/lxc_pol_part13.rs
     7278 crates/kernel-mgga-8e/src/mgga_c_kcisk/lxc_pol_part4.rs
     4961 crates/kernel-mgga-8e/src/mgga_c_kcisk/kxc_pol_part6.rs
     7876 crates/kernel-mgga-8e/src/mgga_c_kcisk/lxc_pol_part17.rs
     7325 crates/kernel-mgga-8e/src/mgga_c_kcisk/kxc_pol_part5.rs
        9 crates/kernel-mgga-8e/src/mgga_c_kcisk/mod.rs
     7325 crates/kernel-mgga-8e/src/mgga_c_kcisk/lxc_pol_part5.rs
       51 crates/kernel-mgga-34/src/mgga_c_cs/exc_unpol.rs
     2910 crates/kernel-mgga-34/src/mgga_c_cs/lxc_pol.rs
       78 crates/kernel-mgga-34/src/mgga_c_cs/vxc_unpol.rs
     1217 crates/kernel-mgga-34/src/mgga_c_cs/kxc_pol.rs
      215 crates/kernel-mgga-34/src/mgga_c_cs/kxc_unpol.rs
      464 crates/kernel-mgga-34/src/mgga_c_cs/fxc_pol.rs
      128 crates/kernel-mgga-34/src/mgga_c_cs/fxc_unpol.rs
       25 crates/kernel-mgga-34/src/mgga_c_cs/mod.rs
      192 crates/kernel-mgga-34/src/mgga_c_cs/vxc_pol.rs
      325 crates/kernel-mgga-34/src/mgga_c_cs/lxc_unpol.rs
       96 crates/kernel-mgga-34/src/mgga_c_cs/exc_pol.rs
    13719 crates/kernel-mgga-8f/src/mgga_c_kcisk/lxc_pol_part14.rs
    13913 crates/kernel-mgga-8f/src/mgga_c_kcisk/lxc_pol_part16.rs
     6160 crates/kernel-mgga-8f/src/mgga_c_kcisk/lxc_pol_part24.rs
    16138 crates/kernel-mgga-8f/src/mgga_c_kcisk/lxc_pol_part15.rs
        6 crates/kernel-mgga-8f/src/mgga_c_kcisk/mod.rs
      144 crates/kernel-mgga-9a/src/mgga_c_ltapw/vxc_unpol.rs
     3007 crates/kernel-mgga-9a/src/mgga_c_ltapw/lxc_pol_part0.rs
     1090 crates/kernel-mgga-9a/src/mgga_c_ltapw/kxc_unpol.rs
     1682 crates/kernel-mgga-9a/src/mgga_c_ltapw/kxc_pol_part3.rs
     3589 crates/kernel-mgga-9a/src/mgga_c_ltapw/lxc_pol_part4.rs
     1832 crates/kernel-mgga-9a/src/mgga_c_ltapw/fxc_pol.rs
     3007 crates/kernel-mgga-9a/src/mgga_c_ltapw/kxc_pol_part0.rs
     3401 crates/kernel-mgga-9a/src/mgga_c_ltapw/lxc_pol_part9.rs
      394 crates/kernel-mgga-9a/src/mgga_c_ltapw/fxc_unpol.rs
     2987 crates/kernel-mgga-9a/src/mgga_c_ltapw/lxc_pol_part12.rs
     3445 crates/kernel-mgga-9a/src/mgga_c_ltapw/lxc_pol_part15.rs
       16 crates/kernel-mgga-9a/src/mgga_c_ltapw/mod.rs
      349 crates/kernel-mgga-9a/src/mgga_c_ltapw/vxc_pol.rs
     1992 crates/kernel-mgga-9a/src/mgga_c_ltapw/lxc_unpol.rs
      110 crates/kernel-mgga-9a/src/mgga_c_ltapw/exc_pol.rs
       68 crates/kernel-mgga-9b/src/mgga_c_ltapw/exc_unpol.rs
     4019 crates/kernel-mgga-9b/src/mgga_c_ltapw/lxc_pol_part14.rs
     3718 crates/kernel-mgga-9b/src/mgga_c_ltapw/lxc_pol_part13.rs
     4104 crates/kernel-mgga-9b/src/mgga_c_ltapw/lxc_pol_part3.rs
     3714 crates/kernel-mgga-9b/src/mgga_c_ltapw/lxc_pol_part11.rs
     3794 crates/kernel-mgga-9b/src/mgga_c_ltapw/kxc_pol_part1.rs
     4201 crates/kernel-mgga-9b/src/mgga_c_ltapw/kxc_pol_part2.rs
     4201 crates/kernel-mgga-9b/src/mgga_c_ltapw/lxc_pol_part2.rs
     3794 crates/kernel-mgga-9b/src/mgga_c_ltapw/lxc_pol_part1.rs
     3828 crates/kernel-mgga-9b/src/mgga_c_ltapw/lxc_pol_part6.rs
     3924 crates/kernel-mgga-9b/src/mgga_c_ltapw/lxc_pol_part7.rs
     2597 crates/kernel-mgga-9b/src/mgga_c_ltapw/lxc_pol_part8.rs
     3836 crates/kernel-mgga-9b/src/mgga_c_ltapw/lxc_pol_part10.rs
       16 crates/kernel-mgga-9b/src/mgga_c_ltapw/mod.rs
     4200 crates/kernel-mgga-9b/src/mgga_c_ltapw/lxc_pol_part5.rs
      215 crates/kernel-mgga-2a/src/hyb_mgga_x_pjs18/exc_unpol.rs
      465 crates/kernel-mgga-2a/src/hyb_mgga_x_pjs18/vxc_unpol.rs
     3058 crates/kernel-mgga-2a/src/hyb_mgga_x_pjs18/lxc_pol_part0.rs
     1702 crates/kernel-mgga-2a/src/hyb_mgga_x_pjs18/kxc_unpol.rs
     1900 crates/kernel-mgga-2a/src/hyb_mgga_x_pjs18/lxc_pol_part11.rs
     3058 crates/kernel-mgga-2a/src/hyb_mgga_x_pjs18/fxc_pol.rs
     3175 crates/kernel-mgga-2a/src/hyb_mgga_x_pjs18/kxc_pol_part1.rs
     3058 crates/kernel-mgga-2a/src/hyb_mgga_x_pjs18/kxc_pol_part0.rs
      961 crates/kernel-mgga-2a/src/hyb_mgga_x_pjs18/fxc_unpol.rs
     1904 crates/kernel-mgga-2a/src/hyb_mgga_x_pjs18/lxc_pol_part12.rs
     3175 crates/kernel-mgga-2a/src/hyb_mgga_x_pjs18/lxc_pol_part1.rs
       16 crates/kernel-mgga-2a/src/hyb_mgga_x_pjs18/mod.rs
     1097 crates/kernel-mgga-2a/src/hyb_mgga_x_pjs18/vxc_pol.rs
     2420 crates/kernel-mgga-2a/src/hyb_mgga_x_pjs18/lxc_unpol.rs
      398 crates/kernel-mgga-2a/src/hyb_mgga_x_pjs18/exc_pol.rs
     3298 crates/kernel-mgga-2b/src/hyb_mgga_x_pjs18/lxc_pol_part14.rs
     4064 crates/kernel-mgga-2b/src/hyb_mgga_x_pjs18/lxc_pol_part13.rs
     3334 crates/kernel-mgga-2b/src/hyb_mgga_x_pjs18/lxc_pol_part3.rs
     3334 crates/kernel-mgga-2b/src/hyb_mgga_x_pjs18/kxc_pol_part3.rs
     4761 crates/kernel-mgga-2b/src/hyb_mgga_x_pjs18/lxc_pol_part4.rs
     3714 crates/kernel-mgga-2b/src/hyb_mgga_x_pjs18/lxc_pol_part9.rs
     3770 crates/kernel-mgga-2b/src/hyb_mgga_x_pjs18/kxc_pol_part2.rs
     3770 crates/kernel-mgga-2b/src/hyb_mgga_x_pjs18/lxc_pol_part2.rs
     4239 crates/kernel-mgga-2b/src/hyb_mgga_x_pjs18/lxc_pol_part6.rs
     3714 crates/kernel-mgga-2b/src/hyb_mgga_x_pjs18/lxc_pol_part7.rs
     4373 crates/kernel-mgga-2b/src/hyb_mgga_x_pjs18/lxc_pol_part8.rs
     3853 crates/kernel-mgga-2b/src/hyb_mgga_x_pjs18/lxc_pol_part10.rs
       15 crates/kernel-mgga-2b/src/hyb_mgga_x_pjs18/mod.rs
     3630 crates/kernel-mgga-2b/src/hyb_mgga_x_pjs18/lxc_pol_part5.rs
      120 crates/kernel-mgga-30/src/mgga_x_r2scan/exc_unpol.rs
     5437 crates/kernel-mgga-30/src/mgga_x_r2scan/lxc_pol.rs
      233 crates/kernel-mgga-30/src/mgga_x_r2scan/vxc_unpol.rs
     2833 crates/kernel-mgga-30/src/mgga_x_r2scan/kxc_pol.rs
     1095 crates/kernel-mgga-30/src/mgga_x_r2scan/kxc_unpol.rs
     1167 crates/kernel-mgga-30/src/mgga_x_r2scan/fxc_pol.rs
      532 crates/kernel-mgga-30/src/mgga_x_r2scan/fxc_unpol.rs
       25 crates/kernel-mgga-30/src/mgga_x_r2scan/mod.rs
      440 crates/kernel-mgga-30/src/mgga_x_r2scan/vxc_pol.rs
     1626 crates/kernel-mgga-30/src/mgga_x_r2scan/lxc_unpol.rs
      199 crates/kernel-mgga-30/src/mgga_x_r2scan/exc_pol.rs
       99 crates/kernel-mgga-30/src/mgga_x_tm/exc_unpol.rs
     5025 crates/kernel-mgga-30/src/mgga_x_tm/lxc_pol.rs
      195 crates/kernel-mgga-30/src/mgga_x_tm/vxc_unpol.rs
     2507 crates/kernel-mgga-30/src/mgga_x_tm/kxc_pol.rs
     1056 crates/kernel-mgga-30/src/mgga_x_tm/kxc_unpol.rs
      904 crates/kernel-mgga-30/src/mgga_x_tm/fxc_pol.rs
      423 crates/kernel-mgga-30/src/mgga_x_tm/fxc_unpol.rs
       25 crates/kernel-mgga-30/src/mgga_x_tm/mod.rs
      358 crates/kernel-mgga-30/src/mgga_x_tm/vxc_pol.rs
     1820 crates/kernel-mgga-30/src/mgga_x_tm/lxc_unpol.rs
      162 crates/kernel-mgga-30/src/mgga_x_tm/exc_pol.rs
       57 crates/kernel-mgga-30/src/mgga_x_2d_prhg07/exc_unpol.rs
     6928 crates/kernel-mgga-30/src/mgga_x_2d_prhg07/lxc_pol.rs
       95 crates/kernel-mgga-30/src/mgga_x_2d_prhg07/vxc_unpol.rs
     2258 crates/kernel-mgga-30/src/mgga_x_2d_prhg07/kxc_pol.rs
      842 crates/kernel-mgga-30/src/mgga_x_2d_prhg07/kxc_unpol.rs
      587 crates/kernel-mgga-30/src/mgga_x_2d_prhg07/fxc_pol.rs
      242 crates/kernel-mgga-30/src/mgga_x_2d_prhg07/fxc_unpol.rs
       25 crates/kernel-mgga-30/src/mgga_x_2d_prhg07/mod.rs
      191 crates/kernel-mgga-30/src/mgga_x_2d_prhg07/vxc_pol.rs
     2041 crates/kernel-mgga-30/src/mgga_x_2d_prhg07/lxc_unpol.rs
       97 crates/kernel-mgga-30/src/mgga_x_2d_prhg07/exc_pol.rs
       89 crates/kernel-mgga-30/src/mgga_x_msb/exc_unpol.rs
     4041 crates/kernel-mgga-30/src/mgga_x_msb/lxc_pol.rs
      158 crates/kernel-mgga-30/src/mgga_x_msb/vxc_unpol.rs
     2061 crates/kernel-mgga-30/src/mgga_x_msb/kxc_pol.rs
      827 crates/kernel-mgga-30/src/mgga_x_msb/kxc_unpol.rs
      769 crates/kernel-mgga-30/src/mgga_x_msb/fxc_pol.rs
      348 crates/kernel-mgga-30/src/mgga_x_msb/fxc_unpol.rs
       25 crates/kernel-mgga-30/src/mgga_x_msb/mod.rs
      297 crates/kernel-mgga-30/src/mgga_x_msb/vxc_pol.rs
     1336 crates/kernel-mgga-30/src/mgga_x_msb/lxc_unpol.rs
      143 crates/kernel-mgga-30/src/mgga_x_msb/exc_pol.rs
      154 crates/kernel-mgga-31/src/mgga_x_r4scan/exc_unpol.rs
    10130 crates/kernel-mgga-31/src/mgga_x_r4scan/lxc_pol.rs
      326 crates/kernel-mgga-31/src/mgga_x_r4scan/vxc_unpol.rs
     5352 crates/kernel-mgga-31/src/mgga_x_r4scan/kxc_pol.rs
     2422 crates/kernel-mgga-31/src/mgga_x_r4scan/kxc_unpol.rs
     1783 crates/kernel-mgga-31/src/mgga_x_r4scan/fxc_pol.rs
      874 crates/kernel-mgga-31/src/mgga_x_r4scan/fxc_unpol.rs
       25 crates/kernel-mgga-31/src/mgga_x_r4scan/mod.rs
      601 crates/kernel-mgga-31/src/mgga_x_r4scan/vxc_pol.rs
     4233 crates/kernel-mgga-31/src/mgga_x_r4scan/lxc_unpol.rs
      246 crates/kernel-mgga-31/src/mgga_x_r4scan/exc_pol.rs
      122 crates/kernel-mgga-31/src/mgga_x_vcml/exc_unpol.rs
     9014 crates/kernel-mgga-31/src/mgga_x_vcml/lxc_pol.rs
      318 crates/kernel-mgga-31/src/mgga_x_vcml/vxc_unpol.rs
     4198 crates/kernel-mgga-31/src/mgga_x_vcml/kxc_pol.rs
     1895 crates/kernel-mgga-31/src/mgga_x_vcml/kxc_unpol.rs
     1707 crates/kernel-mgga-31/src/mgga_x_vcml/fxc_pol.rs
      824 crates/kernel-mgga-31/src/mgga_x_vcml/fxc_unpol.rs
       25 crates/kernel-mgga-31/src/mgga_x_vcml/mod.rs
      607 crates/kernel-mgga-31/src/mgga_x_vcml/vxc_pol.rs
     3795 crates/kernel-mgga-31/src/mgga_x_vcml/lxc_unpol.rs
      206 crates/kernel-mgga-31/src/mgga_x_vcml/exc_pol.rs
     3420 crates/kernel-mgga-32a/src/mgga_x_rscan/lxc_pol_part13.rs
     3048 crates/kernel-mgga-32a/src/mgga_x_rscan/lxc_pol_part3.rs
     1557 crates/kernel-mgga-32a/src/mgga_x_rscan/kxc_unpol.rs
     2054 crates/kernel-mgga-32a/src/mgga_x_rscan/fxc_pol.rs
     3550 crates/kernel-mgga-32a/src/mgga_x_rscan/lxc_pol_part12.rs
     2786 crates/kernel-mgga-32a/src/mgga_x_rscan/kxc_pol_part2.rs
     3413 crates/kernel-mgga-32a/src/mgga_x_rscan/lxc_pol_part7.rs
       13 crates/kernel-mgga-32a/src/mgga_x_rscan/mod.rs
      604 crates/kernel-mgga-32a/src/mgga_x_rscan/vxc_pol.rs
     2449 crates/kernel-mgga-32a/src/mgga_x_rscan/lxc_unpol.rs
      247 crates/kernel-mgga-32a/src/mgga_x_rscan/exc_pol.rs
     3204 crates/kernel-mgga-32a/src/mgga_x_rscan/lxc_pol_part5.rs
      137 crates/kernel-mgga-32b/src/mgga_x_rscan/exc_unpol.rs
     4076 crates/kernel-mgga-32b/src/mgga_x_rscan/lxc_pol_part14.rs
      274 crates/kernel-mgga-32b/src/mgga_x_rscan/vxc_unpol.rs
     3940 crates/kernel-mgga-32b/src/mgga_x_rscan/lxc_pol_part0.rs
     4627 crates/kernel-mgga-32b/src/mgga_x_rscan/lxc_pol_part11.rs
     3603 crates/kernel-mgga-32b/src/mgga_x_rscan/lxc_pol_part4.rs
     4001 crates/kernel-mgga-32b/src/mgga_x_rscan/kxc_pol_part1.rs
     3940 crates/kernel-mgga-32b/src/mgga_x_rscan/kxc_pol_part0.rs
     5011 crates/kernel-mgga-32b/src/mgga_x_rscan/lxc_pol_part9.rs
      649 crates/kernel-mgga-32b/src/mgga_x_rscan/fxc_unpol.rs
     4069 crates/kernel-mgga-32b/src/mgga_x_rscan/lxc_pol_part2.rs
     4001 crates/kernel-mgga-32b/src/mgga_x_rscan/lxc_pol_part1.rs
     3571 crates/kernel-mgga-32b/src/mgga_x_rscan/lxc_pol_part6.rs
     3902 crates/kernel-mgga-32b/src/mgga_x_rscan/lxc_pol_part8.rs
     4184 crates/kernel-mgga-32b/src/mgga_x_rscan/lxc_pol_part10.rs
       17 crates/kernel-mgga-32b/src/mgga_x_rscan/mod.rs
      149 crates/kernel-mgga-33/src/mgga_x_task/exc_unpol.rs
     4536 crates/kernel-mgga-33/src/mgga_x_task/lxc_pol.rs
      245 crates/kernel-mgga-33/src/mgga_x_task/vxc_unpol.rs
     2525 crates/kernel-mgga-33/src/mgga_x_task/kxc_pol.rs
     1053 crates/kernel-mgga-33/src/mgga_x_task/kxc_unpol.rs
     1007 crates/kernel-mgga-33/src/mgga_x_task/fxc_pol.rs
      488 crates/kernel-mgga-33/src/mgga_x_task/fxc_unpol.rs
       25 crates/kernel-mgga-33/src/mgga_x_task/mod.rs
      429 crates/kernel-mgga-33/src/mgga_x_task/vxc_pol.rs
     1496 crates/kernel-mgga-33/src/mgga_x_task/lxc_unpol.rs
      228 crates/kernel-mgga-33/src/mgga_x_task/exc_pol.rs
      123 crates/kernel-mgga-33/src/mgga_x_tpss/exc_unpol.rs
     4692 crates/kernel-mgga-33/src/mgga_x_tpss/lxc_pol.rs
      239 crates/kernel-mgga-33/src/mgga_x_tpss/vxc_unpol.rs
     2404 crates/kernel-mgga-33/src/mgga_x_tpss/kxc_pol.rs
     1023 crates/kernel-mgga-33/src/mgga_x_tpss/kxc_unpol.rs
      990 crates/kernel-mgga-33/src/mgga_x_tpss/fxc_pol.rs
      490 crates/kernel-mgga-33/src/mgga_x_tpss/fxc_unpol.rs
       25 crates/kernel-mgga-33/src/mgga_x_tpss/mod.rs
      421 crates/kernel-mgga-33/src/mgga_x_tpss/vxc_pol.rs
     1559 crates/kernel-mgga-33/src/mgga_x_tpss/lxc_unpol.rs
      196 crates/kernel-mgga-33/src/mgga_x_tpss/exc_pol.rs
       88 crates/kernel-mgga-33/src/mgga_x_edmgga/exc_unpol.rs
     5124 crates/kernel-mgga-33/src/mgga_x_edmgga/lxc_pol.rs
      170 crates/kernel-mgga-33/src/mgga_x_edmgga/vxc_unpol.rs
     2254 crates/kernel-mgga-33/src/mgga_x_edmgga/kxc_pol.rs
      928 crates/kernel-mgga-33/src/mgga_x_edmgga/kxc_unpol.rs
      814 crates/kernel-mgga-33/src/mgga_x_edmgga/fxc_pol.rs
      387 crates/kernel-mgga-33/src/mgga_x_edmgga/fxc_unpol.rs
       25 crates/kernel-mgga-33/src/mgga_x_edmgga/mod.rs
      304 crates/kernel-mgga-33/src/mgga_x_edmgga/vxc_pol.rs
     1809 crates/kernel-mgga-33/src/mgga_x_edmgga/lxc_unpol.rs
      136 crates/kernel-mgga-33/src/mgga_x_edmgga/exc_pol.rs
       90 crates/kernel-mgga-33/src/mgga_k_csk_loc/exc_unpol.rs
     5180 crates/kernel-mgga-33/src/mgga_k_csk_loc/lxc_pol.rs
      136 crates/kernel-mgga-33/src/mgga_k_csk_loc/vxc_unpol.rs
     1988 crates/kernel-mgga-33/src/mgga_k_csk_loc/kxc_pol.rs
      794 crates/kernel-mgga-33/src/mgga_k_csk_loc/kxc_unpol.rs
      596 crates/kernel-mgga-33/src/mgga_k_csk_loc/fxc_pol.rs
      269 crates/kernel-mgga-33/src/mgga_k_csk_loc/fxc_unpol.rs
       25 crates/kernel-mgga-33/src/mgga_k_csk_loc/mod.rs
      237 crates/kernel-mgga-33/src/mgga_k_csk_loc/vxc_pol.rs
     1881 crates/kernel-mgga-33/src/mgga_k_csk_loc/lxc_unpol.rs
      135 crates/kernel-mgga-33/src/mgga_k_csk_loc/exc_pol.rs
       57 crates/kernel-mgga-34/src/mgga_x_2d_js17/exc_unpol.rs
     2362 crates/kernel-mgga-34/src/mgga_x_2d_js17/lxc_pol.rs
       89 crates/kernel-mgga-34/src/mgga_x_2d_js17/vxc_unpol.rs
     1033 crates/kernel-mgga-34/src/mgga_x_2d_js17/kxc_pol.rs
      256 crates/kernel-mgga-34/src/mgga_x_2d_js17/kxc_unpol.rs
      425 crates/kernel-mgga-34/src/mgga_x_2d_js17/fxc_pol.rs
      149 crates/kernel-mgga-34/src/mgga_x_2d_js17/fxc_unpol.rs
       25 crates/kernel-mgga-34/src/mgga_x_2d_js17/mod.rs
      188 crates/kernel-mgga-34/src/mgga_x_2d_js17/vxc_pol.rs
      399 crates/kernel-mgga-34/src/mgga_x_2d_js17/lxc_unpol.rs
      103 crates/kernel-mgga-34/src/mgga_x_2d_js17/exc_pol.rs
      112 crates/kernel-mgga-34/src/mgga_x_tau_hcth/exc_unpol.rs
     2683 crates/kernel-mgga-34/src/mgga_x_tau_hcth/lxc_pol.rs
      181 crates/kernel-mgga-34/src/mgga_x_tau_hcth/vxc_unpol.rs
     1296 crates/kernel-mgga-34/src/mgga_x_tau_hcth/kxc_pol.rs
      424 crates/kernel-mgga-34/src/mgga_x_tau_hcth/kxc_unpol.rs
      615 crates/kernel-mgga-34/src/mgga_x_tau_hcth/fxc_pol.rs
      279 crates/kernel-mgga-34/src/mgga_x_tau_hcth/fxc_unpol.rs
       25 crates/kernel-mgga-34/src/mgga_x_tau_hcth/mod.rs
      323 crates/kernel-mgga-34/src/mgga_x_tau_hcth/vxc_pol.rs
      600 crates/kernel-mgga-34/src/mgga_x_tau_hcth/lxc_unpol.rs
      178 crates/kernel-mgga-34/src/mgga_x_tau_hcth/exc_pol.rs
       77 crates/kernel-mgga-34/src/mgga_k_gea4/exc_unpol.rs
     2170 crates/kernel-mgga-34/src/mgga_k_gea4/lxc_pol.rs
      105 crates/kernel-mgga-34/src/mgga_k_gea4/vxc_unpol.rs
      930 crates/kernel-mgga-34/src/mgga_k_gea4/kxc_pol.rs
      235 crates/kernel-mgga-34/src/mgga_k_gea4/kxc_unpol.rs
      392 crates/kernel-mgga-34/src/mgga_k_gea4/fxc_pol.rs
      156 crates/kernel-mgga-34/src/mgga_k_gea4/fxc_unpol.rs
       25 crates/kernel-mgga-34/src/mgga_k_gea4/mod.rs
      185 crates/kernel-mgga-34/src/mgga_k_gea4/vxc_pol.rs
      348 crates/kernel-mgga-34/src/mgga_k_gea4/lxc_unpol.rs
      113 crates/kernel-mgga-34/src/mgga_k_gea4/exc_pol.rs
       57 crates/kernel-mgga-34/src/mgga_x_rlda/exc_unpol.rs
     2367 crates/kernel-mgga-34/src/mgga_x_rlda/lxc_pol.rs
       86 crates/kernel-mgga-34/src/mgga_x_rlda/vxc_unpol.rs
      946 crates/kernel-mgga-34/src/mgga_x_rlda/kxc_pol.rs
      235 crates/kernel-mgga-34/src/mgga_x_rlda/kxc_unpol.rs
      364 crates/kernel-mgga-34/src/mgga_x_rlda/fxc_pol.rs
      139 crates/kernel-mgga-34/src/mgga_x_rlda/fxc_unpol.rs
       25 crates/kernel-mgga-34/src/mgga_x_rlda/mod.rs
      155 crates/kernel-mgga-34/src/mgga_x_rlda/vxc_pol.rs
      377 crates/kernel-mgga-34/src/mgga_x_rlda/lxc_unpol.rs
       84 crates/kernel-mgga-34/src/mgga_x_rlda/exc_pol.rs
       54 crates/kernel-mgga-34/src/mgga_x_lta/exc_unpol.rs
     2117 crates/kernel-mgga-34/src/mgga_x_lta/lxc_pol.rs
       75 crates/kernel-mgga-34/src/mgga_x_lta/vxc_unpol.rs
      873 crates/kernel-mgga-34/src/mgga_x_lta/kxc_pol.rs
      191 crates/kernel-mgga-34/src/mgga_x_lta/kxc_unpol.rs
      353 crates/kernel-mgga-34/src/mgga_x_lta/fxc_pol.rs
      116 crates/kernel-mgga-34/src/mgga_x_lta/fxc_unpol.rs
       25 crates/kernel-mgga-34/src/mgga_x_lta/mod.rs
      150 crates/kernel-mgga-34/src/mgga_x_lta/vxc_pol.rs
      307 crates/kernel-mgga-34/src/mgga_x_lta/lxc_unpol.rs
       83 crates/kernel-mgga-34/src/mgga_x_lta/exc_pol.rs
       52 crates/kernel-mgga-34/src/mgga_x_th/exc_unpol.rs
     2309 crates/kernel-mgga-34/src/mgga_x_th/lxc_pol.rs
       75 crates/kernel-mgga-34/src/mgga_x_th/vxc_unpol.rs
      984 crates/kernel-mgga-34/src/mgga_x_th/kxc_pol.rs
      186 crates/kernel-mgga-34/src/mgga_x_th/kxc_unpol.rs
      393 crates/kernel-mgga-34/src/mgga_x_th/fxc_pol.rs
      115 crates/kernel-mgga-34/src/mgga_x_th/fxc_unpol.rs
       25 crates/kernel-mgga-34/src/mgga_x_th/mod.rs
      171 crates/kernel-mgga-34/src/mgga_x_th/vxc_pol.rs
      297 crates/kernel-mgga-34/src/mgga_x_th/lxc_unpol.rs
       86 crates/kernel-mgga-34/src/mgga_x_th/exc_pol.rs
       74 crates/kernel-mgga-34/src/mgga_k_pgslb/exc_unpol.rs
     2179 crates/kernel-mgga-34/src/mgga_k_pgslb/lxc_pol.rs
       98 crates/kernel-mgga-34/src/mgga_k_pgslb/vxc_unpol.rs
      933 crates/kernel-mgga-34/src/mgga_k_pgslb/kxc_pol.rs
      240 crates/kernel-mgga-34/src/mgga_k_pgslb/kxc_unpol.rs
      385 crates/kernel-mgga-34/src/mgga_k_pgslb/fxc_pol.rs
      154 crates/kernel-mgga-34/src/mgga_k_pgslb/fxc_unpol.rs
       25 crates/kernel-mgga-34/src/mgga_k_pgslb/mod.rs
      180 crates/kernel-mgga-34/src/mgga_k_pgslb/vxc_pol.rs
      362 crates/kernel-mgga-34/src/mgga_k_pgslb/lxc_unpol.rs
      109 crates/kernel-mgga-34/src/mgga_k_pgslb/exc_pol.rs
       46 crates/kernel-lda/src/lda_k_zlp/exc_unpol.rs
      304 crates/kernel-lda/src/lda_k_zlp/lxc_pol.rs
       55 crates/kernel-lda/src/lda_k_zlp/vxc_unpol.rs
      221 crates/kernel-lda/src/lda_k_zlp/kxc_pol.rs
       74 crates/kernel-lda/src/lda_k_zlp/kxc_unpol.rs
      143 crates/kernel-lda/src/lda_k_zlp/fxc_pol.rs
       65 crates/kernel-lda/src/lda_k_zlp/fxc_unpol.rs
       26 crates/kernel-lda/src/lda_k_zlp/mod.rs
       91 crates/kernel-lda/src/lda_k_zlp/vxc_pol.rs
       80 crates/kernel-lda/src/lda_k_zlp/lxc_unpol.rs
       63 crates/kernel-lda/src/lda_k_zlp/exc_pol.rs
      114 crates/kernel-lda/src/hyb_lda_xc_bn05/exc_unpol.rs
     2693 crates/kernel-lda/src/hyb_lda_xc_bn05/lxc_pol.rs
      189 crates/kernel-lda/src/hyb_lda_xc_bn05/vxc_unpol.rs
     1811 crates/kernel-lda/src/hyb_lda_xc_bn05/kxc_pol.rs
      383 crates/kernel-lda/src/hyb_lda_xc_bn05/kxc_unpol.rs
      987 crates/kernel-lda/src/hyb_lda_xc_bn05/fxc_pol.rs
      287 crates/kernel-lda/src/hyb_lda_xc_bn05/fxc_unpol.rs
       26 crates/kernel-lda/src/hyb_lda_xc_bn05/mod.rs
      451 crates/kernel-lda/src/hyb_lda_xc_bn05/vxc_pol.rs
      444 crates/kernel-lda/src/hyb_lda_xc_bn05/lxc_unpol.rs
      192 crates/kernel-lda/src/hyb_lda_xc_bn05/exc_pol.rs
       32 crates/kernel-lda/src/lda_xc_zlp/exc_unpol.rs
       88 crates/kernel-lda/src/lda_xc_zlp/lxc_pol.rs
       41 crates/kernel-lda/src/lda_xc_zlp/vxc_unpol.rs
       74 crates/kernel-lda/src/lda_xc_zlp/kxc_pol.rs
       59 crates/kernel-lda/src/lda_xc_zlp/kxc_unpol.rs
       59 crates/kernel-lda/src/lda_xc_zlp/fxc_pol.rs
       50 crates/kernel-lda/src/lda_xc_zlp/fxc_unpol.rs
       26 crates/kernel-lda/src/lda_xc_zlp/mod.rs
       46 crates/kernel-lda/src/lda_xc_zlp/vxc_pol.rs
       65 crates/kernel-lda/src/lda_xc_zlp/lxc_unpol.rs
       35 crates/kernel-lda/src/lda_xc_zlp/exc_pol.rs
       34 crates/kernel-lda/src/lda_c_lp96/exc_unpol.rs
       82 crates/kernel-lda/src/lda_c_lp96/lxc_pol.rs
       40 crates/kernel-lda/src/lda_c_lp96/vxc_unpol.rs
       69 crates/kernel-lda/src/lda_c_lp96/kxc_pol.rs
       54 crates/kernel-lda/src/lda_c_lp96/kxc_unpol.rs
       56 crates/kernel-lda/src/lda_c_lp96/fxc_pol.rs
       47 crates/kernel-lda/src/lda_c_lp96/fxc_unpol.rs
       26 crates/kernel-lda/src/lda_c_lp96/mod.rs
       45 crates/kernel-lda/src/lda_c_lp96/vxc_pol.rs
       59 crates/kernel-lda/src/lda_c_lp96/lxc_unpol.rs
       37 crates/kernel-lda/src/lda_c_lp96/exc_pol.rs
       47 crates/kernel-lda/src/lda_c_1d_loos/exc_unpol.rs
      147 crates/kernel-lda/src/lda_c_1d_loos/lxc_pol.rs
       60 crates/kernel-lda/src/lda_c_1d_loos/vxc_unpol.rs
      123 crates/kernel-lda/src/lda_c_1d_loos/kxc_pol.rs
      109 crates/kernel-lda/src/lda_c_1d_loos/kxc_unpol.rs
       90 crates/kernel-lda/src/lda_c_1d_loos/fxc_pol.rs
       81 crates/kernel-lda/src/lda_c_1d_loos/fxc_unpol.rs
       26 crates/kernel-lda/src/lda_c_1d_loos/mod.rs
       65 crates/kernel-lda/src/lda_c_1d_loos/vxc_pol.rs
      125 crates/kernel-lda/src/lda_c_1d_loos/lxc_unpol.rs
       50 crates/kernel-lda/src/lda_c_1d_loos/exc_pol.rs
       66 crates/kernel-lda/src/lda_c_vwn_rpa/exc_unpol.rs
      634 crates/kernel-lda/src/lda_c_vwn_rpa/lxc_pol.rs
      118 crates/kernel-lda/src/lda_c_vwn_rpa/vxc_unpol.rs
      488 crates/kernel-lda/src/lda_c_vwn_rpa/kxc_pol.rs
      329 crates/kernel-lda/src/lda_c_vwn_rpa/kxc_unpol.rs
      288 crates/kernel-lda/src/lda_c_vwn_rpa/fxc_pol.rs
      201 crates/kernel-lda/src/lda_c_vwn_rpa/fxc_unpol.rs
       26 crates/kernel-lda/src/lda_c_vwn_rpa/mod.rs
      155 crates/kernel-lda/src/lda_c_vwn_rpa/vxc_pol.rs
      404 crates/kernel-lda/src/lda_c_vwn_rpa/lxc_unpol.rs
       82 crates/kernel-lda/src/lda_c_vwn_rpa/exc_pol.rs
       46 crates/kernel-lda/src/lda_c_rc04/exc_unpol.rs
      418 crates/kernel-lda/src/lda_c_rc04/lxc_pol.rs
       53 crates/kernel-lda/src/lda_c_rc04/vxc_unpol.rs
      277 crates/kernel-lda/src/lda_c_rc04/kxc_pol.rs
       73 crates/kernel-lda/src/lda_c_rc04/kxc_unpol.rs
      159 crates/kernel-lda/src/lda_c_rc04/fxc_pol.rs
       61 crates/kernel-lda/src/lda_c_rc04/fxc_unpol.rs
       26 crates/kernel-lda/src/lda_c_rc04/mod.rs
       95 crates/kernel-lda/src/lda_c_rc04/vxc_pol.rs
       82 crates/kernel-lda/src/lda_c_rc04/lxc_unpol.rs
       65 crates/kernel-lda/src/lda_c_rc04/exc_pol.rs
       92 crates/kernel-lda/src/lda_xc_tih/lxc_pol.rs
       34 crates/kernel-lda/src/lda_xc_tih/vxc_unpol.rs
       72 crates/kernel-lda/src/lda_xc_tih/kxc_pol.rs
       58 crates/kernel-lda/src/lda_xc_tih/kxc_unpol.rs
       54 crates/kernel-lda/src/lda_xc_tih/fxc_pol.rs
       46 crates/kernel-lda/src/lda_xc_tih/fxc_unpol.rs
       22 crates/kernel-lda/src/lda_xc_tih/mod.rs
       38 crates/kernel-lda/src/lda_xc_tih/vxc_pol.rs
       70 crates/kernel-lda/src/lda_xc_tih/lxc_unpol.rs
       40 crates/kernel-lda/src/lda_c_rpa/exc_unpol.rs
       95 crates/kernel-lda/src/lda_c_rpa/lxc_pol.rs
       48 crates/kernel-lda/src/lda_c_rpa/vxc_unpol.rs
       81 crates/kernel-lda/src/lda_c_rpa/kxc_pol.rs
       66 crates/kernel-lda/src/lda_c_rpa/kxc_unpol.rs
       66 crates/kernel-lda/src/lda_c_rpa/fxc_pol.rs
       57 crates/kernel-lda/src/lda_c_rpa/fxc_unpol.rs
       26 crates/kernel-lda/src/lda_c_rpa/mod.rs
       53 crates/kernel-lda/src/lda_c_rpa/vxc_pol.rs
       72 crates/kernel-lda/src/lda_c_rpa/lxc_unpol.rs
       43 crates/kernel-lda/src/lda_c_rpa/exc_pol.rs
       35 crates/kernel-lda/src/lda_x_2d/exc_unpol.rs
      222 crates/kernel-lda/src/lda_x_2d/lxc_pol.rs
       39 crates/kernel-lda/src/lda_x_2d/vxc_unpol.rs
      168 crates/kernel-lda/src/lda_x_2d/kxc_pol.rs
       47 crates/kernel-lda/src/lda_x_2d/kxc_unpol.rs
      113 crates/kernel-lda/src/lda_x_2d/fxc_pol.rs
       43 crates/kernel-lda/src/lda_x_2d/fxc_unpol.rs
       26 crates/kernel-lda/src/lda_x_2d/mod.rs
       75 crates/kernel-lda/src/lda_x_2d/vxc_pol.rs
       52 crates/kernel-lda/src/lda_x_2d/lxc_unpol.rs
       53 crates/kernel-lda/src/lda_x_2d/exc_pol.rs
       90 crates/kernel-lda/src/lda_x_yukawa/exc_unpol.rs
     1911 crates/kernel-lda/src/lda_x_yukawa/lxc_pol.rs
      134 crates/kernel-lda/src/lda_x_yukawa/vxc_unpol.rs
     1373 crates/kernel-lda/src/lda_x_yukawa/kxc_pol.rs
      213 crates/kernel-lda/src/lda_x_yukawa/kxc_unpol.rs
      754 crates/kernel-lda/src/lda_x_yukawa/fxc_pol.rs
      165 crates/kernel-lda/src/lda_x_yukawa/fxc_unpol.rs
       26 crates/kernel-lda/src/lda_x_yukawa/mod.rs
      354 crates/kernel-lda/src/lda_x_yukawa/vxc_pol.rs
      239 crates/kernel-lda/src/lda_x_yukawa/lxc_unpol.rs
      153 crates/kernel-lda/src/lda_x_yukawa/exc_pol.rs
      255 crates/kernel-gga-10a/src/gga_c_sg4/vxc_unpol.rs
     3180 crates/kernel-gga-10a/src/gga_c_sg4/lxc_pol_part13_v4rho2sigma2_7.rs
     3563 crates/kernel-gga-10a/src/gga_c_sg4/kxc_pol_part1_v3rho2sigma_v3rhosigma2_v3sigma3.rs
     3378 crates/kernel-gga-10a/src/gga_c_sg4/lxc_pol_part6_v4rho3sigma_5.rs
     3787 crates/kernel-gga-10a/src/gga_c_sg4/lxc_pol_part18_v4rhosigma3_v4sigma4.rs
     3133 crates/kernel-gga-10a/src/gga_c_sg4/lxc_pol_part15_v4rho2sigma2_10.rs
     3377 crates/kernel-gga-10a/src/gga_c_sg4/lxc_pol_part4_v4rho3sigma_3.rs
     3023 crates/kernel-gga-10a/src/gga_c_sg4/lxc_pol_part14_v4rho2sigma2_8_v4rho2sigma2_9.rs
     3401 crates/kernel-gga-10a/src/gga_c_sg4/lxc_pol_part8_v4rho3sigma_7.rs
     3383 crates/kernel-gga-10a/src/gga_c_sg4/lxc_pol_part5_v4rho3sigma_4.rs
     3397 crates/kernel-gga-10a/src/gga_c_sg4/lxc_pol_part9_v4rho3sigma_8.rs
     3563 crates/kernel-gga-10a/src/gga_c_sg4/lxc_pol_part1_v3rho2sigma_v3rhosigma2_v3sigma3.rs
     3396 crates/kernel-gga-10a/src/gga_c_sg4/lxc_pol_part7_v4rho3sigma_6.rs
       19 crates/kernel-gga-10a/src/gga_c_sg4/mod.rs
     3483 crates/kernel-gga-10a/src/gga_c_sg4/lxc_pol_part10_v4rho3sigma_9_v4rho3sigma_10_v4rho3sigma_11_v4rho2sigma2_0.rs
     1444 crates/kernel-gga-10a/src/gga_c_sg4/lxc_unpol.rs
      160 crates/kernel-gga-10a/src/gga_c_sg4/exc_pol.rs
     4068 crates/kernel-gga-10a/src/gga_c_sg4/lxc_pol_part2_v4rho4.rs
      116 crates/kernel-gga-10b/src/gga_c_sg4/exc_unpol.rs
     2321 crates/kernel-gga-10b/src/gga_c_sg4/lxc_pol_part12_v4rho2sigma2_6.rs
     2404 crates/kernel-gga-10b/src/gga_c_sg4/lxc_pol_part3_v4rho3sigma_0_v4rho3sigma_1_v4rho3sigma_2.rs
     1122 crates/kernel-gga-10b/src/gga_c_sg4/kxc_unpol.rs
     2772 crates/kernel-gga-10b/src/gga_c_sg4/lxc_pol_part16_v4rho2sigma2_11_v4rho2sigma2_12.rs
     2871 crates/kernel-gga-10b/src/gga_c_sg4/kxc_pol_part0_zk_vrho_vsigma_v2rho2_v2rhosigma_v2sigma2_v3rho3.rs
     2756 crates/kernel-gga-10b/src/gga_c_sg4/lxc_pol_part11_v4rho2sigma2_1_v4rho2sigma2_2_v4rho2sigma2_3_v4rho2sigma2_4_v4rho2sigma2_5.rs
     1414 crates/kernel-gga-10b/src/gga_c_sg4/fxc_pol.rs
     2768 crates/kernel-gga-10b/src/gga_c_sg4/lxc_pol_part17_v4rho2sigma2_13_v4rho2sigma2_14_v4rho2sigma2_15_v4rho2sigma2_16_v4rho2sigma2_17.rs
      545 crates/kernel-gga-10b/src/gga_c_sg4/fxc_unpol.rs
     2871 crates/kernel-gga-10b/src/gga_c_sg4/lxc_pol_part0_zk_vrho_vsigma_v2rho2_v2rhosigma_v2sigma2_v3rho3.rs
       14 crates/kernel-gga-10b/src/gga_c_sg4/mod.rs
      434 crates/kernel-gga-10b/src/gga_c_sg4/vxc_pol.rs
      214 crates/kernel-gga-10c/src/gga_x_hjs/exc_unpol.rs
     1320 crates/kernel-gga-10c/src/gga_x_hjs/kxc_unpol.rs
      675 crates/kernel-gga-10c/src/gga_x_hjs/fxc_unpol.rs
     1495 crates/kernel-gga-10c/src/gga_x_hjs/lxc_pol_part9_v4rho3sigma_11.rs
        7 crates/kernel-gga-10c/src/gga_x_hjs/mod.rs
      350 crates/kernel-gga-10c/src/gga_x_hjs/exc_pol.rs
     2802 crates/kernel-gga-10d/src/gga_x_hjs/lxc_pol_part11_v4rhosigma3_v4sigma4.rs
      371 crates/kernel-gga-10d/src/gga_x_hjs/vxc_unpol.rs
     3591 crates/kernel-gga-10d/src/gga_x_hjs/kxc_pol_part1_v3rho2sigma_v3rhosigma2_v3sigma3.rs
     3620 crates/kernel-gga-10d/src/gga_x_hjs/kxc_pol_part0_zk_vrho_vsigma_v2rho2_v2rhosigma_v2sigma2_v3rho3.rs
     3724 crates/kernel-gga-10d/src/gga_x_hjs/lxc_pol_part6_v4rho4_4_v4rho3sigma_0_v4rho3sigma_1_v4rho3sigma_2.rs
     2072 crates/kernel-gga-10d/src/gga_x_hjs/lxc_pol_part2_v4rho4_0.rs
     3658 crates/kernel-gga-10d/src/gga_x_hjs/lxc_pol_part8_v4rho3sigma_6_v4rho3sigma_7_v4rho3sigma_8_v4rho3sigma_9_v4rho3sigma_10.rs
     1956 crates/kernel-gga-10d/src/gga_x_hjs/fxc_pol.rs
     3395 crates/kernel-gga-10d/src/gga_x_hjs/lxc_pol_part5_v4rho4_3.rs
     3771 crates/kernel-gga-10d/src/gga_x_hjs/lxc_pol_part4_v4rho4_2.rs
     4149 crates/kernel-gga-10d/src/gga_x_hjs/lxc_pol_part10_v4rho2sigma2.rs
     3620 crates/kernel-gga-10d/src/gga_x_hjs/lxc_pol_part0_zk_vrho_vsigma_v2rho2_v2rhosigma_v2sigma2_v3rho3.rs
     3466 crates/kernel-gga-10d/src/gga_x_hjs/lxc_pol_part7_v4rho3sigma_3_v4rho3sigma_4_v4rho3sigma_5.rs
     3591 crates/kernel-gga-10d/src/gga_x_hjs/lxc_pol_part1_v3rho2sigma_v3rhosigma2_v3sigma3.rs
       19 crates/kernel-gga-10d/src/gga_x_hjs/mod.rs
      792 crates/kernel-gga-10d/src/gga_x_hjs/vxc_pol.rs
     1955 crates/kernel-gga-10d/src/gga_x_hjs/lxc_unpol.rs
     3326 crates/kernel-gga-10d/src/gga_x_hjs/lxc_pol_part3_v4rho4_1.rs
      120 crates/kernel-gga-11/src/gga_c_zvpbeint/exc_unpol.rs
     8296 crates/kernel-gga-11/src/gga_c_zvpbeint/lxc_pol.rs
      236 crates/kernel-gga-11/src/gga_c_zvpbeint/vxc_unpol.rs
     3766 crates/kernel-gga-11/src/gga_c_zvpbeint/kxc_pol.rs
      906 crates/kernel-gga-11/src/gga_c_zvpbeint/kxc_unpol.rs
     1166 crates/kernel-gga-11/src/gga_c_zvpbeint/fxc_pol.rs
      470 crates/kernel-gga-11/src/gga_c_zvpbeint/fxc_unpol.rs
       25 crates/kernel-gga-11/src/gga_c_zvpbeint/mod.rs
      401 crates/kernel-gga-11/src/gga_c_zvpbeint/vxc_pol.rs
     1130 crates/kernel-gga-11/src/gga_c_zvpbeint/lxc_unpol.rs
      163 crates/kernel-gga-11/src/gga_c_zvpbeint/exc_pol.rs
      111 crates/kernel-gga-11/src/gga_c_pbeloc/exc_unpol.rs
     7910 crates/kernel-gga-11/src/gga_c_pbeloc/lxc_pol.rs
      225 crates/kernel-gga-11/src/gga_c_pbeloc/vxc_unpol.rs
     3322 crates/kernel-gga-11/src/gga_c_pbeloc/kxc_pol.rs
      815 crates/kernel-gga-11/src/gga_c_pbeloc/kxc_unpol.rs
     1078 crates/kernel-gga-11/src/gga_c_pbeloc/fxc_pol.rs
      441 crates/kernel-gga-11/src/gga_c_pbeloc/fxc_unpol.rs
       25 crates/kernel-gga-11/src/gga_c_pbeloc/mod.rs
      371 crates/kernel-gga-11/src/gga_c_pbeloc/vxc_pol.rs
     1034 crates/kernel-gga-11/src/gga_c_pbeloc/lxc_unpol.rs
      152 crates/kernel-gga-11/src/gga_c_pbeloc/exc_pol.rs
      158 crates/kernel-gga-11/src/gga_x_lcgau/exc_unpol.rs
     7248 crates/kernel-gga-11/src/gga_x_lcgau/lxc_pol.rs
      307 crates/kernel-gga-11/src/gga_x_lcgau/vxc_unpol.rs
     3918 crates/kernel-gga-11/src/gga_x_lcgau/kxc_pol.rs
     1078 crates/kernel-gga-11/src/gga_x_lcgau/kxc_unpol.rs
     1833 crates/kernel-gga-11/src/gga_x_lcgau/fxc_pol.rs
      622 crates/kernel-gga-11/src/gga_x_lcgau/fxc_unpol.rs
       25 crates/kernel-gga-11/src/gga_x_lcgau/mod.rs
      677 crates/kernel-gga-11/src/gga_x_lcgau/vxc_pol.rs
     1532 crates/kernel-gga-11/src/gga_x_lcgau/lxc_unpol.rs
      280 crates/kernel-gga-11/src/gga_x_lcgau/exc_pol.rs
     6326 crates/kernel-gga-1a/src/gga_c_ft97/lxc_pol_part19_v4rho3sigma_5.rs
     1311 crates/kernel-gga-1a/src/gga_c_ft97/lxc_pol_part9_v3sigma3.rs
     4569 crates/kernel-gga-1a/src/gga_c_ft97/lxc_pol_part2_v3rho3_1.rs
     4856 crates/kernel-gga-1a/src/gga_c_ft97/lxc_pol_part28_v4rho2sigma2_11.rs
     4786 crates/kernel-gga-1a/src/gga_c_ft97/lxc_pol_part14_v4rho4_4.rs
     4569 crates/kernel-gga-1a/src/gga_c_ft97/kxc_pol_part2_v3rho3_1.rs
     4682 crates/kernel-gga-1a/src/gga_c_ft97/kxc_pol_part3_v3rho3_2.rs
     4365 crates/kernel-gga-1a/src/gga_c_ft97/lxc_pol_part32_v4rhosigma3_10_v4rhosigma3_11_v4rhosigma3_12_v4rhosigma3_13_v4rhosigma3_14_v4rhosigma3_15_v4rhosigma3_16_v4rhosigma3_17_v4rhosigma3_18_v4rhosigma3_19.rs
     4873 crates/kernel-gga-1a/src/gga_c_ft97/lxc_pol_part27_v4rho2sigma2_6_v4rho2sigma2_7_v4rho2sigma2_8_v4rho2sigma2_9_v4rho2sigma2_10.rs
     4682 crates/kernel-gga-1a/src/gga_c_ft97/lxc_pol_part3_v3rho3_2.rs
       14 crates/kernel-gga-1a/src/gga_c_ft97/mod.rs
     4674 crates/kernel-gga-1a/src/gga_c_ft97/lxc_pol_part10_v4rho4_0.rs
      284 crates/kernel-gga-1a/src/gga_c_ft97/exc_pol.rs
     3740 crates/kernel-gga-1d/src/gga_c_ft97/kxc_pol_part0_zk_vrho_vsigma_v2rho2_v2rhosigma_v2sigma2.rs
     4078 crates/kernel-gga-1d/src/gga_c_ft97/lxc_pol_part6_v3rho2sigma_5_v3rho2sigma_6_v3rho2sigma_7.rs
     4078 crates/kernel-gga-1d/src/gga_c_ft97/kxc_pol_part6_v3rho2sigma_5_v3rho2sigma_6_v3rho2sigma_7.rs
      343 crates/kernel-gga-1d/src/gga_c_ft97/vxc_unpol.rs
     4359 crates/kernel-gga-1d/src/gga_c_ft97/lxc_pol_part4_v3rho3_3_v3rho2sigma_0_v3rho2sigma_1.rs
     4070 crates/kernel-gga-1d/src/gga_c_ft97/lxc_pol_part5_v3rho2sigma_2_v3rho2sigma_3_v3rho2sigma_4.rs
     4064 crates/kernel-gga-1d/src/gga_c_ft97/kxc_pol_part8_v3rhosigma2.rs
     3951 crates/kernel-gga-1d/src/gga_c_ft97/lxc_pol_part15_v4rho3sigma_0_v4rho3sigma_1.rs
     4070 crates/kernel-gga-1d/src/gga_c_ft97/kxc_pol_part5_v3rho2sigma_2_v3rho2sigma_3_v3rho2sigma_4.rs
       34 crates/kernel-gga-1d/src/gga_c_ft97/lxc_pol_part18_v4rho3sigma_4.rs
     4358 crates/kernel-gga-1d/src/gga_c_ft97/lxc_pol_part31_v4rhosigma3_0_v4rhosigma3_1_v4rhosigma3_2_v4rhosigma3_3_v4rhosigma3_4_v4rhosigma3_5_v4rhosigma3_6_v4rhosigma3_7_v4rhosigma3_8_v4rhosigma3_9.rs
     4064 crates/kernel-gga-1d/src/gga_c_ft97/lxc_pol_part8_v3rhosigma2.rs
       16 crates/kernel-gga-1d/src/gga_c_ft97/mod.rs
     4359 crates/kernel-gga-1d/src/gga_c_ft97/kxc_pol_part4_v3rho3_3_v3rho2sigma_0_v3rho2sigma_1.rs
     3970 crates/kernel-gga-1d/src/gga_c_ft97/lxc_pol_part24_v4rho3sigma_11.rs
       64 crates/kernel-gga-20/src/gga_k_thakkar/exc_unpol.rs
     1052 crates/kernel-gga-20/src/gga_k_thakkar/lxc_pol.rs
       98 crates/kernel-gga-20/src/gga_k_thakkar/vxc_unpol.rs
      681 crates/kernel-gga-20/src/gga_k_thakkar/kxc_pol.rs
      245 crates/kernel-gga-20/src/gga_k_thakkar/kxc_unpol.rs
      362 crates/kernel-gga-20/src/gga_k_thakkar/fxc_pol.rs
      160 crates/kernel-gga-20/src/gga_k_thakkar/fxc_unpol.rs
       25 crates/kernel-gga-20/src/gga_k_thakkar/mod.rs
      182 crates/kernel-gga-20/src/gga_k_thakkar/vxc_pol.rs
      294 crates/kernel-gga-20/src/gga_k_thakkar/lxc_unpol.rs
      100 crates/kernel-gga-20/src/gga_k_thakkar/exc_pol.rs
       82 crates/kernel-gga-20/src/gga_x_mpbe/exc_unpol.rs
     1003 crates/kernel-gga-20/src/gga_x_mpbe/lxc_pol.rs
      125 crates/kernel-gga-20/src/gga_x_mpbe/vxc_unpol.rs
      656 crates/kernel-gga-20/src/gga_x_mpbe/kxc_pol.rs
      241 crates/kernel-gga-20/src/gga_x_mpbe/kxc_unpol.rs
      371 crates/kernel-gga-20/src/gga_x_mpbe/fxc_pol.rs
      174 crates/kernel-gga-20/src/gga_x_mpbe/fxc_unpol.rs
       25 crates/kernel-gga-20/src/gga_x_mpbe/mod.rs
      215 crates/kernel-gga-20/src/gga_x_mpbe/vxc_pol.rs
      289 crates/kernel-gga-20/src/gga_x_mpbe/lxc_unpol.rs
      121 crates/kernel-gga-20/src/gga_x_mpbe/exc_pol.rs
  7247733 total
