warning: profiles for the non root package will be ignored, specify profiles at the workspace root:
package:   /home/chemtech/workspace/libxc_rs/crates/kernel-gga-10a/Cargo.toml
workspace: /home/chemtech/workspace/libxc_rs/Cargo.toml
warning: profiles for the non root package will be ignored, specify profiles at the workspace root:
package:   /home/chemtech/workspace/libxc_rs/crates/kernel-gga-10b/Cargo.toml
workspace: /home/chemtech/workspace/libxc_rs/Cargo.toml
warning: profiles for the non root package will be ignored, specify profiles at the workspace root:
package:   /home/chemtech/workspace/libxc_rs/crates/kernel-gga-10c/Cargo.toml
workspace: /home/chemtech/workspace/libxc_rs/Cargo.toml
warning: profiles for the non root package will be ignored, specify profiles at the workspace root:
package:   /home/chemtech/workspace/libxc_rs/crates/kernel-gga-10d/Cargo.toml
workspace: /home/chemtech/workspace/libxc_rs/Cargo.toml
warning: profiles for the non root package will be ignored, specify profiles at the workspace root:
package:   /home/chemtech/workspace/libxc_rs/crates/kernel-gga-1a/Cargo.toml
workspace: /home/chemtech/workspace/libxc_rs/Cargo.toml
warning: profiles for the non root package will be ignored, specify profiles at the workspace root:
package:   /home/chemtech/workspace/libxc_rs/crates/kernel-gga-1b/Cargo.toml
workspace: /home/chemtech/workspace/libxc_rs/Cargo.toml
warning: profiles for the non root package will be ignored, specify profiles at the workspace root:
package:   /home/chemtech/workspace/libxc_rs/crates/kernel-gga-1c/Cargo.toml
workspace: /home/chemtech/workspace/libxc_rs/Cargo.toml
warning: profiles for the non root package will be ignored, specify profiles at the workspace root:
package:   /home/chemtech/workspace/libxc_rs/crates/kernel-gga-1d/Cargo.toml
workspace: /home/chemtech/workspace/libxc_rs/Cargo.toml
warning: profiles for the non root package will be ignored, specify profiles at the workspace root:
package:   /home/chemtech/workspace/libxc_rs/crates/kernel-gga-2a/Cargo.toml
workspace: /home/chemtech/workspace/libxc_rs/Cargo.toml
warning: profiles for the non root package will be ignored, specify profiles at the workspace root:
package:   /home/chemtech/workspace/libxc_rs/crates/kernel-gga-2b/Cargo.toml
workspace: /home/chemtech/workspace/libxc_rs/Cargo.toml
warning: profiles for the non root package will be ignored, specify profiles at the workspace root:
package:   /home/chemtech/workspace/libxc_rs/crates/kernel-gga-2c/Cargo.toml
workspace: /home/chemtech/workspace/libxc_rs/Cargo.toml
warning: profiles for the non root package will be ignored, specify profiles at the workspace root:
package:   /home/chemtech/workspace/libxc_rs/crates/kernel-gga-2d/Cargo.toml
workspace: /home/chemtech/workspace/libxc_rs/Cargo.toml
warning: profiles for the non root package will be ignored, specify profiles at the workspace root:
package:   /home/chemtech/workspace/libxc_rs/crates/kernel-gga-3a/Cargo.toml
workspace: /home/chemtech/workspace/libxc_rs/Cargo.toml
warning: profiles for the non root package will be ignored, specify profiles at the workspace root:
package:   /home/chemtech/workspace/libxc_rs/crates/kernel-gga-3b/Cargo.toml
workspace: /home/chemtech/workspace/libxc_rs/Cargo.toml
warning: profiles for the non root package will be ignored, specify profiles at the workspace root:
package:   /home/chemtech/workspace/libxc_rs/crates/kernel-gga-3c/Cargo.toml
workspace: /home/chemtech/workspace/libxc_rs/Cargo.toml
warning: profiles for the non root package will be ignored, specify profiles at the workspace root:
package:   /home/chemtech/workspace/libxc_rs/crates/kernel-gga-3d/Cargo.toml
workspace: /home/chemtech/workspace/libxc_rs/Cargo.toml
warning: profiles for the non root package will be ignored, specify profiles at the workspace root:
package:   /home/chemtech/workspace/libxc_rs/crates/kernel-gga-3e/Cargo.toml
workspace: /home/chemtech/workspace/libxc_rs/Cargo.toml
warning: profiles for the non root package will be ignored, specify profiles at the workspace root:
package:   /home/chemtech/workspace/libxc_rs/crates/kernel-gga-4a/Cargo.toml
workspace: /home/chemtech/workspace/libxc_rs/Cargo.toml
warning: profiles for the non root package will be ignored, specify profiles at the workspace root:
package:   /home/chemtech/workspace/libxc_rs/crates/kernel-gga-4b/Cargo.toml
workspace: /home/chemtech/workspace/libxc_rs/Cargo.toml
warning: profiles for the non root package will be ignored, specify profiles at the workspace root:
package:   /home/chemtech/workspace/libxc_rs/crates/kernel-gga-4c/Cargo.toml
workspace: /home/chemtech/workspace/libxc_rs/Cargo.toml
warning: profiles for the non root package will be ignored, specify profiles at the workspace root:
package:   /home/chemtech/workspace/libxc_rs/crates/kernel-gga-4d/Cargo.toml
workspace: /home/chemtech/workspace/libxc_rs/Cargo.toml
warning: profiles for the non root package will be ignored, specify profiles at the workspace root:
package:   /home/chemtech/workspace/libxc_rs/crates/kernel-gga-4e/Cargo.toml
workspace: /home/chemtech/workspace/libxc_rs/Cargo.toml
warning: profiles for the non root package will be ignored, specify profiles at the workspace root:
package:   /home/chemtech/workspace/libxc_rs/crates/kernel-gga-4f/Cargo.toml
workspace: /home/chemtech/workspace/libxc_rs/Cargo.toml
warning: profiles for the non root package will be ignored, specify profiles at the workspace root:
package:   /home/chemtech/workspace/libxc_rs/crates/kernel-gga-4g/Cargo.toml
workspace: /home/chemtech/workspace/libxc_rs/Cargo.toml
warning: profiles for the non root package will be ignored, specify profiles at the workspace root:
package:   /home/chemtech/workspace/libxc_rs/crates/kernel-gga-5a/Cargo.toml
workspace: /home/chemtech/workspace/libxc_rs/Cargo.toml
warning: profiles for the non root package will be ignored, specify profiles at the workspace root:
package:   /home/chemtech/workspace/libxc_rs/crates/kernel-gga-5b/Cargo.toml
workspace: /home/chemtech/workspace/libxc_rs/Cargo.toml
warning: profiles for the non root package will be ignored, specify profiles at the workspace root:
package:   /home/chemtech/workspace/libxc_rs/crates/kernel-gga-5c/Cargo.toml
workspace: /home/chemtech/workspace/libxc_rs/Cargo.toml
warning: profiles for the non root package will be ignored, specify profiles at the workspace root:
package:   /home/chemtech/workspace/libxc_rs/crates/kernel-gga-5d/Cargo.toml
workspace: /home/chemtech/workspace/libxc_rs/Cargo.toml
warning: profiles for the non root package will be ignored, specify profiles at the workspace root:
package:   /home/chemtech/workspace/libxc_rs/crates/kernel-gga-5e/Cargo.toml
workspace: /home/chemtech/workspace/libxc_rs/Cargo.toml
warning: profiles for the non root package will be ignored, specify profiles at the workspace root:
package:   /home/chemtech/workspace/libxc_rs/crates/kernel-gga-5f/Cargo.toml
workspace: /home/chemtech/workspace/libxc_rs/Cargo.toml
warning: profiles for the non root package will be ignored, specify profiles at the workspace root:
package:   /home/chemtech/workspace/libxc_rs/crates/kernel-gga-5g/Cargo.toml
workspace: /home/chemtech/workspace/libxc_rs/Cargo.toml
warning: profiles for the non root package will be ignored, specify profiles at the workspace root:
package:   /home/chemtech/workspace/libxc_rs/crates/kernel-gga-6a/Cargo.toml
workspace: /home/chemtech/workspace/libxc_rs/Cargo.toml
warning: profiles for the non root package will be ignored, specify profiles at the workspace root:
package:   /home/chemtech/workspace/libxc_rs/crates/kernel-gga-6b/Cargo.toml
workspace: /home/chemtech/workspace/libxc_rs/Cargo.toml
warning: profiles for the non root package will be ignored, specify profiles at the workspace root:
package:   /home/chemtech/workspace/libxc_rs/crates/kernel-gga-6c/Cargo.toml
workspace: /home/chemtech/workspace/libxc_rs/Cargo.toml
warning: profiles for the non root package will be ignored, specify profiles at the workspace root:
package:   /home/chemtech/workspace/libxc_rs/crates/kernel-gga-6d/Cargo.toml
workspace: /home/chemtech/workspace/libxc_rs/Cargo.toml
warning: profiles for the non root package will be ignored, specify profiles at the workspace root:
package:   /home/chemtech/workspace/libxc_rs/crates/kernel-gga-7a/Cargo.toml
workspace: /home/chemtech/workspace/libxc_rs/Cargo.toml
warning: profiles for the non root package will be ignored, specify profiles at the workspace root:
package:   /home/chemtech/workspace/libxc_rs/crates/kernel-gga-7b/Cargo.toml
workspace: /home/chemtech/workspace/libxc_rs/Cargo.toml
warning: profiles for the non root package will be ignored, specify profiles at the workspace root:
package:   /home/chemtech/workspace/libxc_rs/crates/kernel-gga-7c/Cargo.toml
workspace: /home/chemtech/workspace/libxc_rs/Cargo.toml
warning: profiles for the non root package will be ignored, specify profiles at the workspace root:
package:   /home/chemtech/workspace/libxc_rs/crates/kernel-gga-7d/Cargo.toml
workspace: /home/chemtech/workspace/libxc_rs/Cargo.toml
warning: profiles for the non root package will be ignored, specify profiles at the workspace root:
package:   /home/chemtech/workspace/libxc_rs/crates/kernel-gga-8a/Cargo.toml
workspace: /home/chemtech/workspace/libxc_rs/Cargo.toml
warning: profiles for the non root package will be ignored, specify profiles at the workspace root:
package:   /home/chemtech/workspace/libxc_rs/crates/kernel-gga-8b/Cargo.toml
workspace: /home/chemtech/workspace/libxc_rs/Cargo.toml
warning: profiles for the non root package will be ignored, specify profiles at the workspace root:
package:   /home/chemtech/workspace/libxc_rs/crates/kernel-gga-8c/Cargo.toml
workspace: /home/chemtech/workspace/libxc_rs/Cargo.toml
warning: profiles for the non root package will be ignored, specify profiles at the workspace root:
package:   /home/chemtech/workspace/libxc_rs/crates/kernel-gga-8d/Cargo.toml
workspace: /home/chemtech/workspace/libxc_rs/Cargo.toml
warning: profiles for the non root package will be ignored, specify profiles at the workspace root:
package:   /home/chemtech/workspace/libxc_rs/crates/kernel-gga-9a/Cargo.toml
workspace: /home/chemtech/workspace/libxc_rs/Cargo.toml
warning: profiles for the non root package will be ignored, specify profiles at the workspace root:
package:   /home/chemtech/workspace/libxc_rs/crates/kernel-gga-9b/Cargo.toml
workspace: /home/chemtech/workspace/libxc_rs/Cargo.toml
warning: profiles for the non root package will be ignored, specify profiles at the workspace root:
package:   /home/chemtech/workspace/libxc_rs/crates/kernel-gga-9c/Cargo.toml
workspace: /home/chemtech/workspace/libxc_rs/Cargo.toml
warning: profiles for the non root package will be ignored, specify profiles at the workspace root:
package:   /home/chemtech/workspace/libxc_rs/crates/kernel-mgga-10a/Cargo.toml
workspace: /home/chemtech/workspace/libxc_rs/Cargo.toml
warning: profiles for the non root package will be ignored, specify profiles at the workspace root:
package:   /home/chemtech/workspace/libxc_rs/crates/kernel-mgga-10b/Cargo.toml
workspace: /home/chemtech/workspace/libxc_rs/Cargo.toml
warning: profiles for the non root package will be ignored, specify profiles at the workspace root:
package:   /home/chemtech/workspace/libxc_rs/crates/kernel-mgga-11a/Cargo.toml
workspace: /home/chemtech/workspace/libxc_rs/Cargo.toml
warning: profiles for the non root package will be ignored, specify profiles at the workspace root:
package:   /home/chemtech/workspace/libxc_rs/crates/kernel-mgga-11b/Cargo.toml
workspace: /home/chemtech/workspace/libxc_rs/Cargo.toml
warning: profiles for the non root package will be ignored, specify profiles at the workspace root:
package:   /home/chemtech/workspace/libxc_rs/crates/kernel-mgga-11c/Cargo.toml
workspace: /home/chemtech/workspace/libxc_rs/Cargo.toml
warning: profiles for the non root package will be ignored, specify profiles at the workspace root:
package:   /home/chemtech/workspace/libxc_rs/crates/kernel-mgga-12a/Cargo.toml
workspace: /home/chemtech/workspace/libxc_rs/Cargo.toml
warning: profiles for the non root package will be ignored, specify profiles at the workspace root:
package:   /home/chemtech/workspace/libxc_rs/crates/kernel-mgga-12b/Cargo.toml
workspace: /home/chemtech/workspace/libxc_rs/Cargo.toml
warning: profiles for the non root package will be ignored, specify profiles at the workspace root:
package:   /home/chemtech/workspace/libxc_rs/crates/kernel-mgga-12c/Cargo.toml
workspace: /home/chemtech/workspace/libxc_rs/Cargo.toml
warning: profiles for the non root package will be ignored, specify profiles at the workspace root:
package:   /home/chemtech/workspace/libxc_rs/crates/kernel-mgga-12d/Cargo.toml
workspace: /home/chemtech/workspace/libxc_rs/Cargo.toml
warning: profiles for the non root package will be ignored, specify profiles at the workspace root:
package:   /home/chemtech/workspace/libxc_rs/crates/kernel-mgga-13a/Cargo.toml
workspace: /home/chemtech/workspace/libxc_rs/Cargo.toml
warning: profiles for the non root package will be ignored, specify profiles at the workspace root:
package:   /home/chemtech/workspace/libxc_rs/crates/kernel-mgga-13b/Cargo.toml
workspace: /home/chemtech/workspace/libxc_rs/Cargo.toml
warning: profiles for the non root package will be ignored, specify profiles at the workspace root:
package:   /home/chemtech/workspace/libxc_rs/crates/kernel-mgga-14a/Cargo.toml
workspace: /home/chemtech/workspace/libxc_rs/Cargo.toml
warning: profiles for the non root package will be ignored, specify profiles at the workspace root:
package:   /home/chemtech/workspace/libxc_rs/crates/kernel-mgga-14b/Cargo.toml
workspace: /home/chemtech/workspace/libxc_rs/Cargo.toml
warning: profiles for the non root package will be ignored, specify profiles at the workspace root:
package:   /home/chemtech/workspace/libxc_rs/crates/kernel-mgga-14c/Cargo.toml
workspace: /home/chemtech/workspace/libxc_rs/Cargo.toml
warning: profiles for the non root package will be ignored, specify profiles at the workspace root:
package:   /home/chemtech/workspace/libxc_rs/crates/kernel-mgga-14d/Cargo.toml
workspace: /home/chemtech/workspace/libxc_rs/Cargo.toml
warning: profiles for the non root package will be ignored, specify profiles at the workspace root:
package:   /home/chemtech/workspace/libxc_rs/crates/kernel-mgga-14e/Cargo.toml
workspace: /home/chemtech/workspace/libxc_rs/Cargo.toml
warning: profiles for the non root package will be ignored, specify profiles at the workspace root:
package:   /home/chemtech/workspace/libxc_rs/crates/kernel-mgga-14f/Cargo.toml
workspace: /home/chemtech/workspace/libxc_rs/Cargo.toml
warning: profiles for the non root package will be ignored, specify profiles at the workspace root:
package:   /home/chemtech/workspace/libxc_rs/crates/kernel-mgga-14g/Cargo.toml
workspace: /home/chemtech/workspace/libxc_rs/Cargo.toml
warning: profiles for the non root package will be ignored, specify profiles at the workspace root:
package:   /home/chemtech/workspace/libxc_rs/crates/kernel-mgga-14h/Cargo.toml
workspace: /home/chemtech/workspace/libxc_rs/Cargo.toml
warning: profiles for the non root package will be ignored, specify profiles at the workspace root:
package:   /home/chemtech/workspace/libxc_rs/crates/kernel-mgga-14i/Cargo.toml
workspace: /home/chemtech/workspace/libxc_rs/Cargo.toml
warning: profiles for the non root package will be ignored, specify profiles at the workspace root:
package:   /home/chemtech/workspace/libxc_rs/crates/kernel-mgga-14j/Cargo.toml
workspace: /home/chemtech/workspace/libxc_rs/Cargo.toml
warning: profiles for the non root package will be ignored, specify profiles at the workspace root:
package:   /home/chemtech/workspace/libxc_rs/crates/kernel-mgga-14k/Cargo.toml
workspace: /home/chemtech/workspace/libxc_rs/Cargo.toml
warning: profiles for the non root package will be ignored, specify profiles at the workspace root:
package:   /home/chemtech/workspace/libxc_rs/crates/kernel-mgga-14l/Cargo.toml
workspace: /home/chemtech/workspace/libxc_rs/Cargo.toml
warning: profiles for the non root package will be ignored, specify profiles at the workspace root:
package:   /home/chemtech/workspace/libxc_rs/crates/kernel-mgga-15a/Cargo.toml
workspace: /home/chemtech/workspace/libxc_rs/Cargo.toml
warning: profiles for the non root package will be ignored, specify profiles at the workspace root:
package:   /home/chemtech/workspace/libxc_rs/crates/kernel-mgga-15b/Cargo.toml
workspace: /home/chemtech/workspace/libxc_rs/Cargo.toml
warning: profiles for the non root package will be ignored, specify profiles at the workspace root:
package:   /home/chemtech/workspace/libxc_rs/crates/kernel-mgga-15c/Cargo.toml
workspace: /home/chemtech/workspace/libxc_rs/Cargo.toml
warning: profiles for the non root package will be ignored, specify profiles at the workspace root:
package:   /home/chemtech/workspace/libxc_rs/crates/kernel-mgga-15d/Cargo.toml
workspace: /home/chemtech/workspace/libxc_rs/Cargo.toml
warning: profiles for the non root package will be ignored, specify profiles at the workspace root:
package:   /home/chemtech/workspace/libxc_rs/crates/kernel-mgga-15e/Cargo.toml
workspace: /home/chemtech/workspace/libxc_rs/Cargo.toml
warning: profiles for the non root package will be ignored, specify profiles at the workspace root:
package:   /home/chemtech/workspace/libxc_rs/crates/kernel-mgga-15f/Cargo.toml
workspace: /home/chemtech/workspace/libxc_rs/Cargo.toml
warning: profiles for the non root package will be ignored, specify profiles at the workspace root:
package:   /home/chemtech/workspace/libxc_rs/crates/kernel-mgga-15g/Cargo.toml
workspace: /home/chemtech/workspace/libxc_rs/Cargo.toml
warning: profiles for the non root package will be ignored, specify profiles at the workspace root:
package:   /home/chemtech/workspace/libxc_rs/crates/kernel-mgga-15h/Cargo.toml
workspace: /home/chemtech/workspace/libxc_rs/Cargo.toml
warning: profiles for the non root package will be ignored, specify profiles at the workspace root:
package:   /home/chemtech/workspace/libxc_rs/crates/kernel-mgga-18a/Cargo.toml
workspace: /home/chemtech/workspace/libxc_rs/Cargo.toml
warning: profiles for the non root package will be ignored, specify profiles at the workspace root:
package:   /home/chemtech/workspace/libxc_rs/crates/kernel-mgga-18b/Cargo.toml
workspace: /home/chemtech/workspace/libxc_rs/Cargo.toml
warning: profiles for the non root package will be ignored, specify profiles at the workspace root:
package:   /home/chemtech/workspace/libxc_rs/crates/kernel-mgga-18c/Cargo.toml
workspace: /home/chemtech/workspace/libxc_rs/Cargo.toml
warning: profiles for the non root package will be ignored, specify profiles at the workspace root:
package:   /home/chemtech/workspace/libxc_rs/crates/kernel-mgga-19a/Cargo.toml
workspace: /home/chemtech/workspace/libxc_rs/Cargo.toml
warning: profiles for the non root package will be ignored, specify profiles at the workspace root:
package:   /home/chemtech/workspace/libxc_rs/crates/kernel-mgga-19b/Cargo.toml
workspace: /home/chemtech/workspace/libxc_rs/Cargo.toml
warning: profiles for the non root package will be ignored, specify profiles at the workspace root:
package:   /home/chemtech/workspace/libxc_rs/crates/kernel-mgga-19c/Cargo.toml
workspace: /home/chemtech/workspace/libxc_rs/Cargo.toml
warning: profiles for the non root package will be ignored, specify profiles at the workspace root:
package:   /home/chemtech/workspace/libxc_rs/crates/kernel-mgga-19d/Cargo.toml
workspace: /home/chemtech/workspace/libxc_rs/Cargo.toml
warning: profiles for the non root package will be ignored, specify profiles at the workspace root:
package:   /home/chemtech/workspace/libxc_rs/crates/kernel-mgga-19e/Cargo.toml
workspace: /home/chemtech/workspace/libxc_rs/Cargo.toml
warning: profiles for the non root package will be ignored, specify profiles at the workspace root:
package:   /home/chemtech/workspace/libxc_rs/crates/kernel-mgga-19f/Cargo.toml
workspace: /home/chemtech/workspace/libxc_rs/Cargo.toml
warning: profiles for the non root package will be ignored, specify profiles at the workspace root:
package:   /home/chemtech/workspace/libxc_rs/crates/kernel-mgga-19g/Cargo.toml
workspace: /home/chemtech/workspace/libxc_rs/Cargo.toml
warning: profiles for the non root package will be ignored, specify profiles at the workspace root:
package:   /home/chemtech/workspace/libxc_rs/crates/kernel-mgga-1a/Cargo.toml
workspace: /home/chemtech/workspace/libxc_rs/Cargo.toml
warning: profiles for the non root package will be ignored, specify profiles at the workspace root:
package:   /home/chemtech/workspace/libxc_rs/crates/kernel-mgga-1b/Cargo.toml
workspace: /home/chemtech/workspace/libxc_rs/Cargo.toml
warning: profiles for the non root package will be ignored, specify profiles at the workspace root:
package:   /home/chemtech/workspace/libxc_rs/crates/kernel-mgga-1c/Cargo.toml
workspace: /home/chemtech/workspace/libxc_rs/Cargo.toml
warning: profiles for the non root package will be ignored, specify profiles at the workspace root:
package:   /home/chemtech/workspace/libxc_rs/crates/kernel-mgga-1d/Cargo.toml
workspace: /home/chemtech/workspace/libxc_rs/Cargo.toml
warning: profiles for the non root package will be ignored, specify profiles at the workspace root:
package:   /home/chemtech/workspace/libxc_rs/crates/kernel-mgga-20a/Cargo.toml
workspace: /home/chemtech/workspace/libxc_rs/Cargo.toml
warning: profiles for the non root package will be ignored, specify profiles at the workspace root:
package:   /home/chemtech/workspace/libxc_rs/crates/kernel-mgga-20b/Cargo.toml
workspace: /home/chemtech/workspace/libxc_rs/Cargo.toml
warning: profiles for the non root package will be ignored, specify profiles at the workspace root:
package:   /home/chemtech/workspace/libxc_rs/crates/kernel-mgga-20c/Cargo.toml
workspace: /home/chemtech/workspace/libxc_rs/Cargo.toml
warning: profiles for the non root package will be ignored, specify profiles at the workspace root:
package:   /home/chemtech/workspace/libxc_rs/crates/kernel-mgga-20d/Cargo.toml
workspace: /home/chemtech/workspace/libxc_rs/Cargo.toml
warning: profiles for the non root package will be ignored, specify profiles at the workspace root:
package:   /home/chemtech/workspace/libxc_rs/crates/kernel-mgga-20e/Cargo.toml
workspace: /home/chemtech/workspace/libxc_rs/Cargo.toml
warning: profiles for the non root package will be ignored, specify profiles at the workspace root:
package:   /home/chemtech/workspace/libxc_rs/crates/kernel-mgga-20f/Cargo.toml
workspace: /home/chemtech/workspace/libxc_rs/Cargo.toml
warning: profiles for the non root package will be ignored, specify profiles at the workspace root:
package:   /home/chemtech/workspace/libxc_rs/crates/kernel-mgga-20g/Cargo.toml
workspace: /home/chemtech/workspace/libxc_rs/Cargo.toml
warning: profiles for the non root package will be ignored, specify profiles at the workspace root:
package:   /home/chemtech/workspace/libxc_rs/crates/kernel-mgga-20h/Cargo.toml
workspace: /home/chemtech/workspace/libxc_rs/Cargo.toml
warning: profiles for the non root package will be ignored, specify profiles at the workspace root:
package:   /home/chemtech/workspace/libxc_rs/crates/kernel-mgga-20i/Cargo.toml
workspace: /home/chemtech/workspace/libxc_rs/Cargo.toml
warning: profiles for the non root package will be ignored, specify profiles at the workspace root:
package:   /home/chemtech/workspace/libxc_rs/crates/kernel-mgga-20j/Cargo.toml
workspace: /home/chemtech/workspace/libxc_rs/Cargo.toml
warning: profiles for the non root package will be ignored, specify profiles at the workspace root:
package:   /home/chemtech/workspace/libxc_rs/crates/kernel-mgga-20k/Cargo.toml
workspace: /home/chemtech/workspace/libxc_rs/Cargo.toml
warning: profiles for the non root package will be ignored, specify profiles at the workspace root:
package:   /home/chemtech/workspace/libxc_rs/crates/kernel-mgga-20l/Cargo.toml
workspace: /home/chemtech/workspace/libxc_rs/Cargo.toml
warning: profiles for the non root package will be ignored, specify profiles at the workspace root:
package:   /home/chemtech/workspace/libxc_rs/crates/kernel-mgga-22a/Cargo.toml
workspace: /home/chemtech/workspace/libxc_rs/Cargo.toml
warning: profiles for the non root package will be ignored, specify profiles at the workspace root:
package:   /home/chemtech/workspace/libxc_rs/crates/kernel-mgga-22b/Cargo.toml
workspace: /home/chemtech/workspace/libxc_rs/Cargo.toml
warning: profiles for the non root package will be ignored, specify profiles at the workspace root:
package:   /home/chemtech/workspace/libxc_rs/crates/kernel-mgga-22c/Cargo.toml
workspace: /home/chemtech/workspace/libxc_rs/Cargo.toml
warning: profiles for the non root package will be ignored, specify profiles at the workspace root:
package:   /home/chemtech/workspace/libxc_rs/crates/kernel-mgga-22d/Cargo.toml
workspace: /home/chemtech/workspace/libxc_rs/Cargo.toml
warning: profiles for the non root package will be ignored, specify profiles at the workspace root:
package:   /home/chemtech/workspace/libxc_rs/crates/kernel-mgga-24a/Cargo.toml
workspace: /home/chemtech/workspace/libxc_rs/Cargo.toml
warning: profiles for the non root package will be ignored, specify profiles at the workspace root:
package:   /home/chemtech/workspace/libxc_rs/crates/kernel-mgga-24b/Cargo.toml
workspace: /home/chemtech/workspace/libxc_rs/Cargo.toml
warning: profiles for the non root package will be ignored, specify profiles at the workspace root:
package:   /home/chemtech/workspace/libxc_rs/crates/kernel-mgga-25a/Cargo.toml
workspace: /home/chemtech/workspace/libxc_rs/Cargo.toml
warning: profiles for the non root package will be ignored, specify profiles at the workspace root:
package:   /home/chemtech/workspace/libxc_rs/crates/kernel-mgga-25b/Cargo.toml
workspace: /home/chemtech/workspace/libxc_rs/Cargo.toml
warning: profiles for the non root package will be ignored, specify profiles at the workspace root:
package:   /home/chemtech/workspace/libxc_rs/crates/kernel-mgga-26a/Cargo.toml
workspace: /home/chemtech/workspace/libxc_rs/Cargo.toml
warning: profiles for the non root package will be ignored, specify profiles at the workspace root:
package:   /home/chemtech/workspace/libxc_rs/crates/kernel-mgga-26b/Cargo.toml
workspace: /home/chemtech/workspace/libxc_rs/Cargo.toml
warning: profiles for the non root package will be ignored, specify profiles at the workspace root:
package:   /home/chemtech/workspace/libxc_rs/crates/kernel-mgga-27a/Cargo.toml
workspace: /home/chemtech/workspace/libxc_rs/Cargo.toml
warning: profiles for the non root package will be ignored, specify profiles at the workspace root:
package:   /home/chemtech/workspace/libxc_rs/crates/kernel-mgga-27b/Cargo.toml
workspace: /home/chemtech/workspace/libxc_rs/Cargo.toml
warning: profiles for the non root package will be ignored, specify profiles at the workspace root:
package:   /home/chemtech/workspace/libxc_rs/crates/kernel-mgga-27c/Cargo.toml
workspace: /home/chemtech/workspace/libxc_rs/Cargo.toml
warning: profiles for the non root package will be ignored, specify profiles at the workspace root:
package:   /home/chemtech/workspace/libxc_rs/crates/kernel-mgga-2a/Cargo.toml
workspace: /home/chemtech/workspace/libxc_rs/Cargo.toml
warning: profiles for the non root package will be ignored, specify profiles at the workspace root:
package:   /home/chemtech/workspace/libxc_rs/crates/kernel-mgga-2b/Cargo.toml
workspace: /home/chemtech/workspace/libxc_rs/Cargo.toml
warning: profiles for the non root package will be ignored, specify profiles at the workspace root:
package:   /home/chemtech/workspace/libxc_rs/crates/kernel-mgga-32a/Cargo.toml
workspace: /home/chemtech/workspace/libxc_rs/Cargo.toml
warning: profiles for the non root package will be ignored, specify profiles at the workspace root:
package:   /home/chemtech/workspace/libxc_rs/crates/kernel-mgga-32b/Cargo.toml
workspace: /home/chemtech/workspace/libxc_rs/Cargo.toml
warning: profiles for the non root package will be ignored, specify profiles at the workspace root:
package:   /home/chemtech/workspace/libxc_rs/crates/kernel-mgga-36a/Cargo.toml
workspace: /home/chemtech/workspace/libxc_rs/Cargo.toml
warning: profiles for the non root package will be ignored, specify profiles at the workspace root:
package:   /home/chemtech/workspace/libxc_rs/crates/kernel-mgga-36b/Cargo.toml
workspace: /home/chemtech/workspace/libxc_rs/Cargo.toml
warning: profiles for the non root package will be ignored, specify profiles at the workspace root:
package:   /home/chemtech/workspace/libxc_rs/crates/kernel-mgga-37a/Cargo.toml
workspace: /home/chemtech/workspace/libxc_rs/Cargo.toml
warning: profiles for the non root package will be ignored, specify profiles at the workspace root:
package:   /home/chemtech/workspace/libxc_rs/crates/kernel-mgga-37b/Cargo.toml
workspace: /home/chemtech/workspace/libxc_rs/Cargo.toml
warning: profiles for the non root package will be ignored, specify profiles at the workspace root:
package:   /home/chemtech/workspace/libxc_rs/crates/kernel-mgga-3a/Cargo.toml
workspace: /home/chemtech/workspace/libxc_rs/Cargo.toml
warning: profiles for the non root package will be ignored, specify profiles at the workspace root:
package:   /home/chemtech/workspace/libxc_rs/crates/kernel-mgga-3b/Cargo.toml
workspace: /home/chemtech/workspace/libxc_rs/Cargo.toml
warning: profiles for the non root package will be ignored, specify profiles at the workspace root:
package:   /home/chemtech/workspace/libxc_rs/crates/kernel-mgga-4a/Cargo.toml
workspace: /home/chemtech/workspace/libxc_rs/Cargo.toml
warning: profiles for the non root package will be ignored, specify profiles at the workspace root:
package:   /home/chemtech/workspace/libxc_rs/crates/kernel-mgga-4b/Cargo.toml
workspace: /home/chemtech/workspace/libxc_rs/Cargo.toml
warning: profiles for the non root package will be ignored, specify profiles at the workspace root:
package:   /home/chemtech/workspace/libxc_rs/crates/kernel-mgga-7a/Cargo.toml
workspace: /home/chemtech/workspace/libxc_rs/Cargo.toml
warning: profiles for the non root package will be ignored, specify profiles at the workspace root:
package:   /home/chemtech/workspace/libxc_rs/crates/kernel-mgga-7b/Cargo.toml
workspace: /home/chemtech/workspace/libxc_rs/Cargo.toml
warning: profiles for the non root package will be ignored, specify profiles at the workspace root:
package:   /home/chemtech/workspace/libxc_rs/crates/kernel-mgga-7c/Cargo.toml
workspace: /home/chemtech/workspace/libxc_rs/Cargo.toml
warning: profiles for the non root package will be ignored, specify profiles at the workspace root:
package:   /home/chemtech/workspace/libxc_rs/crates/kernel-mgga-7d/Cargo.toml
workspace: /home/chemtech/workspace/libxc_rs/Cargo.toml
warning: profiles for the non root package will be ignored, specify profiles at the workspace root:
package:   /home/chemtech/workspace/libxc_rs/crates/kernel-mgga-7e/Cargo.toml
workspace: /home/chemtech/workspace/libxc_rs/Cargo.toml
warning: profiles for the non root package will be ignored, specify profiles at the workspace root:
package:   /home/chemtech/workspace/libxc_rs/crates/kernel-mgga-8a/Cargo.toml
workspace: /home/chemtech/workspace/libxc_rs/Cargo.toml
warning: profiles for the non root package will be ignored, specify profiles at the workspace root:
package:   /home/chemtech/workspace/libxc_rs/crates/kernel-mgga-8b/Cargo.toml
workspace: /home/chemtech/workspace/libxc_rs/Cargo.toml
warning: profiles for the non root package will be ignored, specify profiles at the workspace root:
package:   /home/chemtech/workspace/libxc_rs/crates/kernel-mgga-8c/Cargo.toml
workspace: /home/chemtech/workspace/libxc_rs/Cargo.toml
warning: profiles for the non root package will be ignored, specify profiles at the workspace root:
package:   /home/chemtech/workspace/libxc_rs/crates/kernel-mgga-8d/Cargo.toml
workspace: /home/chemtech/workspace/libxc_rs/Cargo.toml
warning: profiles for the non root package will be ignored, specify profiles at the workspace root:
package:   /home/chemtech/workspace/libxc_rs/crates/kernel-mgga-8e/Cargo.toml
workspace: /home/chemtech/workspace/libxc_rs/Cargo.toml
warning: profiles for the non root package will be ignored, specify profiles at the workspace root:
package:   /home/chemtech/workspace/libxc_rs/crates/kernel-mgga-8f/Cargo.toml
workspace: /home/chemtech/workspace/libxc_rs/Cargo.toml
warning: profiles for the non root package will be ignored, specify profiles at the workspace root:
package:   /home/chemtech/workspace/libxc_rs/crates/kernel-mgga-9a/Cargo.toml
workspace: /home/chemtech/workspace/libxc_rs/Cargo.toml
warning: profiles for the non root package will be ignored, specify profiles at the workspace root:
package:   /home/chemtech/workspace/libxc_rs/crates/kernel-mgga-9b/Cargo.toml
workspace: /home/chemtech/workspace/libxc_rs/Cargo.toml
warning: value assigned to `result` is never read
  --> crates/kernel-math/src/lambert_w.rs:26:22
   |
26 |     let mut result = 0.0f64;
   |                      ^^^^^^
   |
   = help: maybe it is overwritten before being read?
   = note: `#[warn(unused_assignments)]` (part of `#[warn(unused)]`) on by default

warning: value assigned to `w0` is never read
  --> crates/kernel-math/src/lambert_w.rs:36:22
   |
36 |         let mut w0 = 0.0f64;
   |                      ^^^^^^
   |
   = help: maybe it is overwritten before being read?

warning: value assigned to `b2` is never read
  --> crates/kernel-math/src/expint_e1.rs:22:23
   |
22 |     let mut b2: f64 = 0.0;
   |                       ^^^
   |
   = help: maybe it is overwritten before being read?

warning: value assigned to `b2` is never read
  --> crates/kernel-math/src/expint_e1.rs:72:23
   |
72 |     let mut b2: f64 = 0.0;
   |                       ^^^
   |
   = help: maybe it is overwritten before being read?

warning: value assigned to `b2` is never read
   --> crates/kernel-math/src/expint_e1.rs:107:23
    |
107 |     let mut b2: f64 = 0.0;
    |                       ^^^
    |
    = help: maybe it is overwritten before being read?

warning: value assigned to `b2` is never read
   --> crates/kernel-math/src/expint_e1.rs:136:23
    |
136 |     let mut b2: f64 = 0.0;
    |                       ^^^
    |
    = help: maybe it is overwritten before being read?

warning: value assigned to `b2` is never read
   --> crates/kernel-math/src/expint_e1.rs:162:23
    |
162 |     let mut b2: f64 = 0.0;
    |                       ^^^
    |
    = help: maybe it is overwritten before being read?

warning: value assigned to `b2` is never read
   --> crates/kernel-math/src/expint_e1.rs:197:23
    |
197 |     let mut b2: f64 = 0.0;
    |                       ^^^
    |
    = help: maybe it is overwritten before being read?

warning: value assigned to `e1` is never read
   --> crates/kernel-math/src/expint_e1.rs:233:18
    |
233 |     let mut e1 = 0.0f64;
    |                  ^^^^^^
    |
    = help: maybe it is overwritten before being read?

warning: value assigned to `b2` is never read
  --> crates/kernel-math/src/special.rs:36:18
   |
36 |     let mut b2 = 0.0f64;
   |                  ^^^^^^
   |
   = help: maybe it is overwritten before being read?

warning: value assigned to `dspenc` is never read
   --> crates/kernel-math/src/special.rs:139:22
    |
139 |     let mut dspenc = 0.0f64;
    |                      ^^^^^^
    |
    = help: maybe it is overwritten before being read?

warning: value assigned to `result` is never read
   --> crates/kernel-math/src/special.rs:208:22
    |
208 |     let mut result = 0.0f64;
    |                      ^^^^^^
    |
    = help: maybe it is overwritten before being read?

warning: value assigned to `result` is never read
   --> crates/kernel-math/src/special.rs:242:22
    |
242 |     let mut result = 0.0f64;
    |                      ^^^^^^
    |
    = help: maybe it is overwritten before being read?

warning: value assigned to `fa` is never read
   --> crates/kernel-math/src/br89.rs:223:830
    |
223 | ...a; let tfb = fb; a = select(sw, tb, ta); fa = select(sw, tfb, tfa); b = select(sw, ta, tb); fb = select(sw, ...
    |                                             ^^^^^^^^^^^^^^^^^^^^^^^^^
    |
    = help: maybe it is overwritten before being read?

warning: value assigned to `fb` is never read
   --> crates/kernel-math/src/br89.rs:223:881
    |
223 | ...t(sw, tfb, tfa); b = select(sw, ta, tb); fb = select(sw, tfa, tfb);
    |                                             ^^^^^^^^^^^^^^^^^^^^^^^^^
    |
    = help: maybe it is overwritten before being read?

warning: value assigned to `c` is never read
   --> crates/kernel-math/src/br89.rs:223:584
    |
223 | ...1.0f64, 0.0f64); let fs = br89_obj(s, rhs); d = c; c = b; fc = fb; let rl = fa*fs < 0.0; b = select(rl, s, b...
    |                                                       ^^^^^
    |
    = help: maybe it is overwritten before being read?

warning: value assigned to `fc` is never read
   --> crates/kernel-math/src/br89.rs:223:591
    |
223 | ...0.0f64); let fs = br89_obj(s, rhs); d = c; c = b; fc = fb; let rl = fa*fs < 0.0; b = select(rl, s, b); fb = ...
    |                                                      ^^^^^^^
    |
    = help: maybe it is overwritten before being read?

warning: value assigned to `d` is never read
   --> crates/kernel-math/src/br89.rs:223:577
    |
223 | ...do_bi, 1.0f64, 0.0f64); let fs = br89_obj(s, rhs); d = c; c = b; fc = fb; let rl = fa*fs < 0.0; b = select(r...
    |                                                       ^^^^^
    |
    = help: maybe it is overwritten before being read?

warning: value assigned to `mf` is never read
   --> crates/kernel-math/src/br89.rs:223:514
    |
223 | ...c5; s = select(do_bi, (a+b)*0.5, s); mf = select(do_bi, 1.0f64, 0.0f64); let fs = br89_obj(s, rhs); d = c; c...
    |                                         ^^^^^^^^^^^^^^^^^^^^^^^^^^^^^^^^^^
    |
    = help: maybe it is overwritten before being read?

warning: value assigned to `fa` is never read
   --> crates/kernel-math/src/mbrxc.rs:129:831
    |
129 | ...a; let tfb = fb; a = select(sw, tb, ta); fa = select(sw, tfb, tfa); b = select(sw, ta, tb); fb = select(sw, ...
    |                                             ^^^^^^^^^^^^^^^^^^^^^^^^^
    |
    = help: maybe it is overwritten before being read?

warning: value assigned to `fb` is never read
   --> crates/kernel-math/src/mbrxc.rs:129:882
    |
129 | ...t(sw, tfb, tfa); b = select(sw, ta, tb); fb = select(sw, tfa, tfb);
    |                                             ^^^^^^^^^^^^^^^^^^^^^^^^^
    |
    = help: maybe it is overwritten before being read?

warning: value assigned to `c` is never read
   --> crates/kernel-math/src/mbrxc.rs:129:585
    |
129 | ....0f64, 0.0f64); let fs = mbrxc_obj(s, rhs); d = c; c = b; fc = fb; let rl = fa*fs < 0.0; b = select(rl, s, b...
    |                                                       ^^^^^
    |
    = help: maybe it is overwritten before being read?

warning: value assigned to `fc` is never read
   --> crates/kernel-math/src/mbrxc.rs:129:592
    |
129 | ....0f64); let fs = mbrxc_obj(s, rhs); d = c; c = b; fc = fb; let rl = fa*fs < 0.0; b = select(rl, s, b); fb = ...
    |                                                      ^^^^^^^
    |
    = help: maybe it is overwritten before being read?

warning: value assigned to `d` is never read
   --> crates/kernel-math/src/mbrxc.rs:129:578
    |
129 | ...o_bi, 1.0f64, 0.0f64); let fs = mbrxc_obj(s, rhs); d = c; c = b; fc = fb; let rl = fa*fs < 0.0; b = select(r...
    |                                                       ^^^^^
    |
    = help: maybe it is overwritten before being read?

warning: value assigned to `mf` is never read
   --> crates/kernel-math/src/mbrxc.rs:129:514
    |
129 | ...c5; s = select(do_bi, (a+b)*0.5, s); mf = select(do_bi, 1.0f64, 0.0f64); let fs = mbrxc_obj(s, rhs); d = c; ...
    |                                         ^^^^^^^^^^^^^^^^^^^^^^^^^^^^^^^^^^
    |
    = help: maybe it is overwritten before being read?

warning: value assigned to `s` is never read
  --> crates/kernel-math/src/mbrxc.rs:67:21
   |
67 |         let mut s = 0.0f64;
   |                     ^^^^^^
   |
   = help: maybe it is overwritten before being read?

warning: module `Heaviside` should have a snake case name
  --> crates/kernel-math/src/piecewise.rs:22:8
   |
22 | pub fn Heaviside(x: f64) -> f64 {
   |        ^^^^^^^^^ help: convert the identifier to snake case: `heaviside`
   |
   = note: `#[warn(non_snake_case)]` (part of `#[warn(nonstandard_style)]`) on by default

warning: `libxc-kernel-math` (lib) generated 27 warnings
sccache: warning: The server looks like it shut down unexpectedly, compiling locally instead
sccache: warning: The server looks like it shut down unexpectedly, compiling locally instead
sccache: warning: The server looks like it shut down unexpectedly, compiling locally instead
sccache: warning: The server looks like it shut down unexpectedly, compiling locally instead
   Compiling libxc_rs v0.1.0 (/home/chemtech/workspace/libxc_rs)
error: expected one of `!`, `.`, `;`, `?`, `{`, `}`, or an operator, found `::`
   --> src/eval/dispatch.rs:347:23
    |
347 |                   $exc_u::launch_unchecked::<CpuRuntime>(
    |                         ^^ expected one of 7 possible tokens
...
542 | /     ten_arm_dispatch!(
543 | |         ctx, order, spin,
544 | |         exc_unpol::lda_x_exc_unpol, vxc_unpol::lda_x_vxc_unpol,
545 | |         fxc_unpol::lda_x_fxc_unpol, kxc_unpol::lda_x_kxc_unpol,
...   |
550 | |         params = (alpha)
551 | |     );
    | |_____- in this macro invocation
    |
    = note: this error originates in the macro `ten_arm_dispatch` (in Nightly builds, run with -Z macro-backtrace for more info)

error: expected one of `!`, `.`, `;`, `?`, `{`, `}`, or an operator, found `::`
   --> src/eval/dispatch.rs:355:23
    |
355 |                   $vxc_u::launch_unchecked::<CpuRuntime>(
    |                         ^^ expected one of 7 possible tokens
...
542 | /     ten_arm_dispatch!(
543 | |         ctx, order, spin,
544 | |         exc_unpol::lda_x_exc_unpol, vxc_unpol::lda_x_vxc_unpol,
545 | |         fxc_unpol::lda_x_fxc_unpol, kxc_unpol::lda_x_kxc_unpol,
...   |
550 | |         params = (alpha)
551 | |     );
    | |_____- in this macro invocation
    |
    = note: this error originates in the macro `ten_arm_dispatch` (in Nightly builds, run with -Z macro-backtrace for more info)

error: expected one of `!`, `.`, `;`, `?`, `{`, `}`, or an operator, found `::`
   --> src/eval/dispatch.rs:363:23
    |
363 |                   $fxc_u::launch_unchecked::<CpuRuntime>(
    |                         ^^ expected one of 7 possible tokens
...
542 | /     ten_arm_dispatch!(
543 | |         ctx, order, spin,
544 | |         exc_unpol::lda_x_exc_unpol, vxc_unpol::lda_x_vxc_unpol,
545 | |         fxc_unpol::lda_x_fxc_unpol, kxc_unpol::lda_x_kxc_unpol,
...   |
550 | |         params = (alpha)
551 | |     );
    | |_____- in this macro invocation
    |
    = note: this error originates in the macro `ten_arm_dispatch` (in Nightly builds, run with -Z macro-backtrace for more info)

error: expected one of `!`, `.`, `;`, `?`, `{`, `}`, or an operator, found `::`
   --> src/eval/dispatch.rs:371:23
    |
371 |                   $kxc_u::launch_unchecked::<CpuRuntime>(
    |                         ^^ expected one of 7 possible tokens
...
542 | /     ten_arm_dispatch!(
543 | |         ctx, order, spin,
544 | |         exc_unpol::lda_x_exc_unpol, vxc_unpol::lda_x_vxc_unpol,
545 | |         fxc_unpol::lda_x_fxc_unpol, kxc_unpol::lda_x_kxc_unpol,
...   |
550 | |         params = (alpha)
551 | |     );
    | |_____- in this macro invocation
    |
    = note: this error originates in the macro `ten_arm_dispatch` (in Nightly builds, run with -Z macro-backtrace for more info)

error: expected one of `!`, `.`, `;`, `?`, `{`, `}`, or an operator, found `::`
   --> src/eval/dispatch.rs:379:23
    |
379 |                   $lxc_u::launch_unchecked::<CpuRuntime>(
    |                         ^^ expected one of 7 possible tokens
...
542 | /     ten_arm_dispatch!(
543 | |         ctx, order, spin,
544 | |         exc_unpol::lda_x_exc_unpol, vxc_unpol::lda_x_vxc_unpol,
545 | |         fxc_unpol::lda_x_fxc_unpol, kxc_unpol::lda_x_kxc_unpol,
...   |
550 | |         params = (alpha)
551 | |     );
    | |_____- in this macro invocation
    |
    = note: this error originates in the macro `ten_arm_dispatch` (in Nightly builds, run with -Z macro-backtrace for more info)

error: expected one of `!`, `.`, `;`, `?`, `{`, `}`, or an operator, found `::`
   --> src/eval/dispatch.rs:387:23
    |
387 |                   $exc_p::launch_unchecked::<CpuRuntime>(
    |                         ^^ expected one of 7 possible tokens
...
542 | /     ten_arm_dispatch!(
543 | |         ctx, order, spin,
544 | |         exc_unpol::lda_x_exc_unpol, vxc_unpol::lda_x_vxc_unpol,
545 | |         fxc_unpol::lda_x_fxc_unpol, kxc_unpol::lda_x_kxc_unpol,
...   |
550 | |         params = (alpha)
551 | |     );
    | |_____- in this macro invocation
    |
    = note: this error originates in the macro `ten_arm_dispatch` (in Nightly builds, run with -Z macro-backtrace for more info)

error: expected one of `!`, `.`, `;`, `?`, `{`, `}`, or an operator, found `::`
   --> src/eval/dispatch.rs:395:23
    |
395 |                   $vxc_p::launch_unchecked::<CpuRuntime>(
    |                         ^^ expected one of 7 possible tokens
...
542 | /     ten_arm_dispatch!(
543 | |         ctx, order, spin,
544 | |         exc_unpol::lda_x_exc_unpol, vxc_unpol::lda_x_vxc_unpol,
545 | |         fxc_unpol::lda_x_fxc_unpol, kxc_unpol::lda_x_kxc_unpol,
...   |
550 | |         params = (alpha)
551 | |     );
    | |_____- in this macro invocation
    |
    = note: this error originates in the macro `ten_arm_dispatch` (in Nightly builds, run with -Z macro-backtrace for more info)

error: expected one of `!`, `.`, `;`, `?`, `{`, `}`, or an operator, found `::`
   --> src/eval/dispatch.rs:403:23
    |
403 |                   $fxc_p::launch_unchecked::<CpuRuntime>(
    |                         ^^ expected one of 7 possible tokens
...
542 | /     ten_arm_dispatch!(
543 | |         ctx, order, spin,
544 | |         exc_unpol::lda_x_exc_unpol, vxc_unpol::lda_x_vxc_unpol,
545 | |         fxc_unpol::lda_x_fxc_unpol, kxc_unpol::lda_x_kxc_unpol,
...   |
550 | |         params = (alpha)
551 | |     );
    | |_____- in this macro invocation
    |
    = note: this error originates in the macro `ten_arm_dispatch` (in Nightly builds, run with -Z macro-backtrace for more info)

error: expected one of `!`, `.`, `;`, `?`, `{`, `}`, or an operator, found `::`
   --> src/eval/dispatch.rs:411:23
    |
411 |                   $kxc_p::launch_unchecked::<CpuRuntime>(
    |                         ^^ expected one of 7 possible tokens
...
542 | /     ten_arm_dispatch!(
543 | |         ctx, order, spin,
544 | |         exc_unpol::lda_x_exc_unpol, vxc_unpol::lda_x_vxc_unpol,
545 | |         fxc_unpol::lda_x_fxc_unpol, kxc_unpol::lda_x_kxc_unpol,
...   |
550 | |         params = (alpha)
551 | |     );
    | |_____- in this macro invocation
    |
    = note: this error originates in the macro `ten_arm_dispatch` (in Nightly builds, run with -Z macro-backtrace for more info)

error: expected one of `!`, `.`, `;`, `?`, `{`, `}`, or an operator, found `::`
   --> src/eval/dispatch.rs:419:23
    |
419 |                   $lxc_p::launch_unchecked::<CpuRuntime>(
    |                         ^^ expected one of 7 possible tokens
...
542 | /     ten_arm_dispatch!(
543 | |         ctx, order, spin,
544 | |         exc_unpol::lda_x_exc_unpol, vxc_unpol::lda_x_vxc_unpol,
545 | |         fxc_unpol::lda_x_fxc_unpol, kxc_unpol::lda_x_kxc_unpol,
...   |
550 | |         params = (alpha)
551 | |     );
    | |_____- in this macro invocation
    |
    = note: this error originates in the macro `ten_arm_dispatch` (in Nightly builds, run with -Z macro-backtrace for more info)

error: expected one of `!`, `.`, `;`, `?`, `{`, `}`, or an operator, found `::`
   --> src/eval/dispatch.rs:347:23
    |
347 |                   $exc_u::launch_unchecked::<CpuRuntime>(
    |                         ^^ expected one of 7 possible tokens
...
557 | /     ten_arm_dispatch!(
558 | |         ctx, order, spin,
559 | |         exc_unpol::lda_x_2d_exc_unpol, vxc_unpol::lda_x_2d_vxc_unpol,
560 | |         fxc_unpol::lda_x_2d_fxc_unpol, kxc_unpol::lda_x_2d_kxc_unpol,
...   |
565 | |         params = ()
566 | |     );
    | |_____- in this macro invocation
    |
    = note: this error originates in the macro `ten_arm_dispatch` (in Nightly builds, run with -Z macro-backtrace for more info)

error: expected one of `!`, `.`, `;`, `?`, `{`, `}`, or an operator, found `::`
   --> src/eval/dispatch.rs:355:23
    |
355 |                   $vxc_u::launch_unchecked::<CpuRuntime>(
    |                         ^^ expected one of 7 possible tokens
...
557 | /     ten_arm_dispatch!(
558 | |         ctx, order, spin,
559 | |         exc_unpol::lda_x_2d_exc_unpol, vxc_unpol::lda_x_2d_vxc_unpol,
560 | |         fxc_unpol::lda_x_2d_fxc_unpol, kxc_unpol::lda_x_2d_kxc_unpol,
...   |
565 | |         params = ()
566 | |     );
    | |_____- in this macro invocation
    |
    = note: this error originates in the macro `ten_arm_dispatch` (in Nightly builds, run with -Z macro-backtrace for more info)

error: expected one of `!`, `.`, `;`, `?`, `{`, `}`, or an operator, found `::`
   --> src/eval/dispatch.rs:363:23
    |
363 |                   $fxc_u::launch_unchecked::<CpuRuntime>(
    |                         ^^ expected one of 7 possible tokens
...
557 | /     ten_arm_dispatch!(
558 | |         ctx, order, spin,
559 | |         exc_unpol::lda_x_2d_exc_unpol, vxc_unpol::lda_x_2d_vxc_unpol,
560 | |         fxc_unpol::lda_x_2d_fxc_unpol, kxc_unpol::lda_x_2d_kxc_unpol,
...   |
565 | |         params = ()
566 | |     );
    | |_____- in this macro invocation
    |
    = note: this error originates in the macro `ten_arm_dispatch` (in Nightly builds, run with -Z macro-backtrace for more info)

error: expected one of `!`, `.`, `;`, `?`, `{`, `}`, or an operator, found `::`
   --> src/eval/dispatch.rs:371:23
    |
371 |                   $kxc_u::launch_unchecked::<CpuRuntime>(
    |                         ^^ expected one of 7 possible tokens
...
557 | /     ten_arm_dispatch!(
558 | |         ctx, order, spin,
559 | |         exc_unpol::lda_x_2d_exc_unpol, vxc_unpol::lda_x_2d_vxc_unpol,
560 | |         fxc_unpol::lda_x_2d_fxc_unpol, kxc_unpol::lda_x_2d_kxc_unpol,
...   |
565 | |         params = ()
566 | |     );
    | |_____- in this macro invocation
    |
    = note: this error originates in the macro `ten_arm_dispatch` (in Nightly builds, run with -Z macro-backtrace for more info)

error: expected one of `!`, `.`, `;`, `?`, `{`, `}`, or an operator, found `::`
   --> src/eval/dispatch.rs:379:23
    |
379 |                   $lxc_u::launch_unchecked::<CpuRuntime>(
    |                         ^^ expected one of 7 possible tokens
...
557 | /     ten_arm_dispatch!(
558 | |         ctx, order, spin,
559 | |         exc_unpol::lda_x_2d_exc_unpol, vxc_unpol::lda_x_2d_vxc_unpol,
560 | |         fxc_unpol::lda_x_2d_fxc_unpol, kxc_unpol::lda_x_2d_kxc_unpol,
...   |
565 | |         params = ()
566 | |     );
    | |_____- in this macro invocation
    |
    = note: this error originates in the macro `ten_arm_dispatch` (in Nightly builds, run with -Z macro-backtrace for more info)

error: expected one of `!`, `.`, `;`, `?`, `{`, `}`, or an operator, found `::`
   --> src/eval/dispatch.rs:387:23
    |
387 |                   $exc_p::launch_unchecked::<CpuRuntime>(
    |                         ^^ expected one of 7 possible tokens
...
557 | /     ten_arm_dispatch!(
558 | |         ctx, order, spin,
559 | |         exc_unpol::lda_x_2d_exc_unpol, vxc_unpol::lda_x_2d_vxc_unpol,
560 | |         fxc_unpol::lda_x_2d_fxc_unpol, kxc_unpol::lda_x_2d_kxc_unpol,
...   |
565 | |         params = ()
566 | |     );
    | |_____- in this macro invocation
    |
    = note: this error originates in the macro `ten_arm_dispatch` (in Nightly builds, run with -Z macro-backtrace for more info)

error: expected one of `!`, `.`, `;`, `?`, `{`, `}`, or an operator, found `::`
   --> src/eval/dispatch.rs:395:23
    |
395 |                   $vxc_p::launch_unchecked::<CpuRuntime>(
    |                         ^^ expected one of 7 possible tokens
...
557 | /     ten_arm_dispatch!(
558 | |         ctx, order, spin,
559 | |         exc_unpol::lda_x_2d_exc_unpol, vxc_unpol::lda_x_2d_vxc_unpol,
560 | |         fxc_unpol::lda_x_2d_fxc_unpol, kxc_unpol::lda_x_2d_kxc_unpol,
...   |
565 | |         params = ()
566 | |     );
    | |_____- in this macro invocation
    |
    = note: this error originates in the macro `ten_arm_dispatch` (in Nightly builds, run with -Z macro-backtrace for more info)

error: expected one of `!`, `.`, `;`, `?`, `{`, `}`, or an operator, found `::`
   --> src/eval/dispatch.rs:403:23
    |
403 |                   $fxc_p::launch_unchecked::<CpuRuntime>(
    |                         ^^ expected one of 7 possible tokens
...
557 | /     ten_arm_dispatch!(
558 | |         ctx, order, spin,
559 | |         exc_unpol::lda_x_2d_exc_unpol, vxc_unpol::lda_x_2d_vxc_unpol,
560 | |         fxc_unpol::lda_x_2d_fxc_unpol, kxc_unpol::lda_x_2d_kxc_unpol,
...   |
565 | |         params = ()
566 | |     );
    | |_____- in this macro invocation
    |
    = note: this error originates in the macro `ten_arm_dispatch` (in Nightly builds, run with -Z macro-backtrace for more info)

error: expected one of `!`, `.`, `;`, `?`, `{`, `}`, or an operator, found `::`
   --> src/eval/dispatch.rs:411:23
    |
411 |                   $kxc_p::launch_unchecked::<CpuRuntime>(
    |                         ^^ expected one of 7 possible tokens
...
557 | /     ten_arm_dispatch!(
558 | |         ctx, order, spin,
559 | |         exc_unpol::lda_x_2d_exc_unpol, vxc_unpol::lda_x_2d_vxc_unpol,
560 | |         fxc_unpol::lda_x_2d_fxc_unpol, kxc_unpol::lda_x_2d_kxc_unpol,
...   |
565 | |         params = ()
566 | |     );
    | |_____- in this macro invocation
    |
    = note: this error originates in the macro `ten_arm_dispatch` (in Nightly builds, run with -Z macro-backtrace for more info)

error: expected one of `!`, `.`, `;`, `?`, `{`, `}`, or an operator, found `::`
   --> src/eval/dispatch.rs:419:23
    |
419 |                   $lxc_p::launch_unchecked::<CpuRuntime>(
    |                         ^^ expected one of 7 possible tokens
...
557 | /     ten_arm_dispatch!(
558 | |         ctx, order, spin,
559 | |         exc_unpol::lda_x_2d_exc_unpol, vxc_unpol::lda_x_2d_vxc_unpol,
560 | |         fxc_unpol::lda_x_2d_fxc_unpol, kxc_unpol::lda_x_2d_kxc_unpol,
...   |
565 | |         params = ()
566 | |     );
    | |_____- in this macro invocation
    |
    = note: this error originates in the macro `ten_arm_dispatch` (in Nightly builds, run with -Z macro-backtrace for more info)

error: expected one of `!`, `.`, `;`, `?`, `{`, `}`, or an operator, found `::`
   --> src/eval/dispatch.rs:347:23
    |
347 |                   $exc_u::launch_unchecked::<CpuRuntime>(
    |                         ^^ expected one of 7 possible tokens
...
572 | /     ten_arm_dispatch!(
573 | |         ctx, order, spin,
574 | |         exc_unpol::lda_x_rel_exc_unpol, vxc_unpol::lda_x_rel_vxc_unpol,
575 | |         fxc_unpol::lda_x_rel_fxc_unpol, kxc_unpol::lda_x_rel_kxc_unpol,
...   |
580 | |         params = ()
581 | |     );
    | |_____- in this macro invocation
    |
    = note: this error originates in the macro `ten_arm_dispatch` (in Nightly builds, run with -Z macro-backtrace for more info)

error: expected one of `!`, `.`, `;`, `?`, `{`, `}`, or an operator, found `::`
   --> src/eval/dispatch.rs:355:23
    |
355 |                   $vxc_u::launch_unchecked::<CpuRuntime>(
    |                         ^^ expected one of 7 possible tokens
...
572 | /     ten_arm_dispatch!(
573 | |         ctx, order, spin,
574 | |         exc_unpol::lda_x_rel_exc_unpol, vxc_unpol::lda_x_rel_vxc_unpol,
575 | |         fxc_unpol::lda_x_rel_fxc_unpol, kxc_unpol::lda_x_rel_kxc_unpol,
...   |
580 | |         params = ()
581 | |     );
    | |_____- in this macro invocation
    |
    = note: this error originates in the macro `ten_arm_dispatch` (in Nightly builds, run with -Z macro-backtrace for more info)

error: expected one of `!`, `.`, `;`, `?`, `{`, `}`, or an operator, found `::`
   --> src/eval/dispatch.rs:363:23
    |
363 |                   $fxc_u::launch_unchecked::<CpuRuntime>(
    |                         ^^ expected one of 7 possible tokens
...
572 | /     ten_arm_dispatch!(
573 | |         ctx, order, spin,
574 | |         exc_unpol::lda_x_rel_exc_unpol, vxc_unpol::lda_x_rel_vxc_unpol,
575 | |         fxc_unpol::lda_x_rel_fxc_unpol, kxc_unpol::lda_x_rel_kxc_unpol,
...   |
580 | |         params = ()
581 | |     );
    | |_____- in this macro invocation
    |
    = note: this error originates in the macro `ten_arm_dispatch` (in Nightly builds, run with -Z macro-backtrace for more info)

error: expected one of `!`, `.`, `;`, `?`, `{`, `}`, or an operator, found `::`
   --> src/eval/dispatch.rs:371:23
    |
371 |                   $kxc_u::launch_unchecked::<CpuRuntime>(
    |                         ^^ expected one of 7 possible tokens
...
572 | /     ten_arm_dispatch!(
573 | |         ctx, order, spin,
574 | |         exc_unpol::lda_x_rel_exc_unpol, vxc_unpol::lda_x_rel_vxc_unpol,
575 | |         fxc_unpol::lda_x_rel_fxc_unpol, kxc_unpol::lda_x_rel_kxc_unpol,
...   |
580 | |         params = ()
581 | |     );
    | |_____- in this macro invocation
    |
    = note: this error originates in the macro `ten_arm_dispatch` (in Nightly builds, run with -Z macro-backtrace for more info)

error: expected one of `!`, `.`, `;`, `?`, `{`, `}`, or an operator, found `::`
   --> src/eval/dispatch.rs:379:23
    |
379 |                   $lxc_u::launch_unchecked::<CpuRuntime>(
    |                         ^^ expected one of 7 possible tokens
...
572 | /     ten_arm_dispatch!(
573 | |         ctx, order, spin,
574 | |         exc_unpol::lda_x_rel_exc_unpol, vxc_unpol::lda_x_rel_vxc_unpol,
575 | |         fxc_unpol::lda_x_rel_fxc_unpol, kxc_unpol::lda_x_rel_kxc_unpol,
...   |
580 | |         params = ()
581 | |     );
    | |_____- in this macro invocation
    |
    = note: this error originates in the macro `ten_arm_dispatch` (in Nightly builds, run with -Z macro-backtrace for more info)

error: expected one of `!`, `.`, `;`, `?`, `{`, `}`, or an operator, found `::`
   --> src/eval/dispatch.rs:387:23
    |
387 |                   $exc_p::launch_unchecked::<CpuRuntime>(
    |                         ^^ expected one of 7 possible tokens
...
572 | /     ten_arm_dispatch!(
573 | |         ctx, order, spin,
574 | |         exc_unpol::lda_x_rel_exc_unpol, vxc_unpol::lda_x_rel_vxc_unpol,
575 | |         fxc_unpol::lda_x_rel_fxc_unpol, kxc_unpol::lda_x_rel_kxc_unpol,
...   |
580 | |         params = ()
581 | |     );
    | |_____- in this macro invocation
    |
    = note: this error originates in the macro `ten_arm_dispatch` (in Nightly builds, run with -Z macro-backtrace for more info)

error: expected one of `!`, `.`, `;`, `?`, `{`, `}`, or an operator, found `::`
   --> src/eval/dispatch.rs:395:23
    |
395 |                   $vxc_p::launch_unchecked::<CpuRuntime>(
    |                         ^^ expected one of 7 possible tokens
...
572 | /     ten_arm_dispatch!(
573 | |         ctx, order, spin,
574 | |         exc_unpol::lda_x_rel_exc_unpol, vxc_unpol::lda_x_rel_vxc_unpol,
575 | |         fxc_unpol::lda_x_rel_fxc_unpol, kxc_unpol::lda_x_rel_kxc_unpol,
...   |
580 | |         params = ()
581 | |     );
    | |_____- in this macro invocation
    |
    = note: this error originates in the macro `ten_arm_dispatch` (in Nightly builds, run with -Z macro-backtrace for more info)

error: expected one of `!`, `.`, `;`, `?`, `{`, `}`, or an operator, found `::`
   --> src/eval/dispatch.rs:403:23
    |
403 |                   $fxc_p::launch_unchecked::<CpuRuntime>(
    |                         ^^ expected one of 7 possible tokens
...
572 | /     ten_arm_dispatch!(
573 | |         ctx, order, spin,
574 | |         exc_unpol::lda_x_rel_exc_unpol, vxc_unpol::lda_x_rel_vxc_unpol,
575 | |         fxc_unpol::lda_x_rel_fxc_unpol, kxc_unpol::lda_x_rel_kxc_unpol,
...   |
580 | |         params = ()
581 | |     );
    | |_____- in this macro invocation
    |
    = note: this error originates in the macro `ten_arm_dispatch` (in Nightly builds, run with -Z macro-backtrace for more info)

error: expected one of `!`, `.`, `;`, `?`, `{`, `}`, or an operator, found `::`
   --> src/eval/dispatch.rs:411:23
    |
411 |                   $kxc_p::launch_unchecked::<CpuRuntime>(
    |                         ^^ expected one of 7 possible tokens
...
572 | /     ten_arm_dispatch!(
573 | |         ctx, order, spin,
574 | |         exc_unpol::lda_x_rel_exc_unpol, vxc_unpol::lda_x_rel_vxc_unpol,
575 | |         fxc_unpol::lda_x_rel_fxc_unpol, kxc_unpol::lda_x_rel_kxc_unpol,
...   |
580 | |         params = ()
581 | |     );
    | |_____- in this macro invocation
    |
    = note: this error originates in the macro `ten_arm_dispatch` (in Nightly builds, run with -Z macro-backtrace for more info)

error: expected one of `!`, `.`, `;`, `?`, `{`, `}`, or an operator, found `::`
   --> src/eval/dispatch.rs:419:23
    |
419 |                   $lxc_p::launch_unchecked::<CpuRuntime>(
    |                         ^^ expected one of 7 possible tokens
...
572 | /     ten_arm_dispatch!(
573 | |         ctx, order, spin,
574 | |         exc_unpol::lda_x_rel_exc_unpol, vxc_unpol::lda_x_rel_vxc_unpol,
575 | |         fxc_unpol::lda_x_rel_fxc_unpol, kxc_unpol::lda_x_rel_kxc_unpol,
...   |
580 | |         params = ()
581 | |     );
    | |_____- in this macro invocation
    |
    = note: this error originates in the macro `ten_arm_dispatch` (in Nightly builds, run with -Z macro-backtrace for more info)

error: expected one of `!`, `.`, `;`, `?`, `{`, `}`, or an operator, found `::`
   --> src/eval/dispatch.rs:347:23
    |
347 |                   $exc_u::launch_unchecked::<CpuRuntime>(
    |                         ^^ expected one of 7 possible tokens
...
588 | /     ten_arm_dispatch!(
589 | |         ctx, order, spin,
590 | |         exc_unpol::lda_x_erf_exc_unpol, vxc_unpol::lda_x_erf_vxc_unpol,
591 | |         fxc_unpol::lda_x_erf_fxc_unpol, kxc_unpol::lda_x_erf_kxc_unpol,
...   |
596 | |         params = (0.3_f64)
597 | |     );
    | |_____- in this macro invocation
    |
    = note: this error originates in the macro `ten_arm_dispatch` (in Nightly builds, run with -Z macro-backtrace for more info)

error: expected one of `!`, `.`, `;`, `?`, `{`, `}`, or an operator, found `::`
   --> src/eval/dispatch.rs:355:23
    |
355 |                   $vxc_u::launch_unchecked::<CpuRuntime>(
    |                         ^^ expected one of 7 possible tokens
...
588 | /     ten_arm_dispatch!(
589 | |         ctx, order, spin,
590 | |         exc_unpol::lda_x_erf_exc_unpol, vxc_unpol::lda_x_erf_vxc_unpol,
591 | |         fxc_unpol::lda_x_erf_fxc_unpol, kxc_unpol::lda_x_erf_kxc_unpol,
...   |
596 | |         params = (0.3_f64)
597 | |     );
    | |_____- in this macro invocation
    |
    = note: this error originates in the macro `ten_arm_dispatch` (in Nightly builds, run with -Z macro-backtrace for more info)

error: expected one of `!`, `.`, `;`, `?`, `{`, `}`, or an operator, found `::`
   --> src/eval/dispatch.rs:363:23
    |
363 |                   $fxc_u::launch_unchecked::<CpuRuntime>(
    |                         ^^ expected one of 7 possible tokens
...
588 | /     ten_arm_dispatch!(
589 | |         ctx, order, spin,
590 | |         exc_unpol::lda_x_erf_exc_unpol, vxc_unpol::lda_x_erf_vxc_unpol,
591 | |         fxc_unpol::lda_x_erf_fxc_unpol, kxc_unpol::lda_x_erf_kxc_unpol,
...   |
596 | |         params = (0.3_f64)
597 | |     );
    | |_____- in this macro invocation
    |
    = note: this error originates in the macro `ten_arm_dispatch` (in Nightly builds, run with -Z macro-backtrace for more info)

error: expected one of `!`, `.`, `;`, `?`, `{`, `}`, or an operator, found `::`
   --> src/eval/dispatch.rs:371:23
    |
371 |                   $kxc_u::launch_unchecked::<CpuRuntime>(
    |                         ^^ expected one of 7 possible tokens
...
588 | /     ten_arm_dispatch!(
589 | |         ctx, order, spin,
590 | |         exc_unpol::lda_x_erf_exc_unpol, vxc_unpol::lda_x_erf_vxc_unpol,
591 | |         fxc_unpol::lda_x_erf_fxc_unpol, kxc_unpol::lda_x_erf_kxc_unpol,
...   |
596 | |         params = (0.3_f64)
597 | |     );
    | |_____- in this macro invocation
    |
    = note: this error originates in the macro `ten_arm_dispatch` (in Nightly builds, run with -Z macro-backtrace for more info)

error: expected one of `!`, `.`, `;`, `?`, `{`, `}`, or an operator, found `::`
   --> src/eval/dispatch.rs:379:23
    |
379 |                   $lxc_u::launch_unchecked::<CpuRuntime>(
    |                         ^^ expected one of 7 possible tokens
...
588 | /     ten_arm_dispatch!(
589 | |         ctx, order, spin,
590 | |         exc_unpol::lda_x_erf_exc_unpol, vxc_unpol::lda_x_erf_vxc_unpol,
591 | |         fxc_unpol::lda_x_erf_fxc_unpol, kxc_unpol::lda_x_erf_kxc_unpol,
...   |
596 | |         params = (0.3_f64)
597 | |     );
    | |_____- in this macro invocation
    |
    = note: this error originates in the macro `ten_arm_dispatch` (in Nightly builds, run with -Z macro-backtrace for more info)

error: expected one of `!`, `.`, `;`, `?`, `{`, `}`, or an operator, found `::`
   --> src/eval/dispatch.rs:387:23
    |
387 |                   $exc_p::launch_unchecked::<CpuRuntime>(
    |                         ^^ expected one of 7 possible tokens
...
588 | /     ten_arm_dispatch!(
589 | |         ctx, order, spin,
590 | |         exc_unpol::lda_x_erf_exc_unpol, vxc_unpol::lda_x_erf_vxc_unpol,
591 | |         fxc_unpol::lda_x_erf_fxc_unpol, kxc_unpol::lda_x_erf_kxc_unpol,
...   |
596 | |         params = (0.3_f64)
597 | |     );
    | |_____- in this macro invocation
    |
    = note: this error originates in the macro `ten_arm_dispatch` (in Nightly builds, run with -Z macro-backtrace for more info)

error: expected one of `!`, `.`, `;`, `?`, `{`, `}`, or an operator, found `::`
   --> src/eval/dispatch.rs:395:23
    |
395 |                   $vxc_p::launch_unchecked::<CpuRuntime>(
    |                         ^^ expected one of 7 possible tokens
...
588 | /     ten_arm_dispatch!(
589 | |         ctx, order, spin,
590 | |         exc_unpol::lda_x_erf_exc_unpol, vxc_unpol::lda_x_erf_vxc_unpol,
591 | |         fxc_unpol::lda_x_erf_fxc_unpol, kxc_unpol::lda_x_erf_kxc_unpol,
...   |
596 | |         params = (0.3_f64)
597 | |     );
    | |_____- in this macro invocation
    |
    = note: this error originates in the macro `ten_arm_dispatch` (in Nightly builds, run with -Z macro-backtrace for more info)

error: expected one of `!`, `.`, `;`, `?`, `{`, `}`, or an operator, found `::`
   --> src/eval/dispatch.rs:403:23
    |
403 |                   $fxc_p::launch_unchecked::<CpuRuntime>(
    |                         ^^ expected one of 7 possible tokens
...
588 | /     ten_arm_dispatch!(
589 | |         ctx, order, spin,
590 | |         exc_unpol::lda_x_erf_exc_unpol, vxc_unpol::lda_x_erf_vxc_unpol,
591 | |         fxc_unpol::lda_x_erf_fxc_unpol, kxc_unpol::lda_x_erf_kxc_unpol,
...   |
596 | |         params = (0.3_f64)
597 | |     );
    | |_____- in this macro invocation
    |
    = note: this error originates in the macro `ten_arm_dispatch` (in Nightly builds, run with -Z macro-backtrace for more info)

error: expected one of `!`, `.`, `;`, `?`, `{`, `}`, or an operator, found `::`
   --> src/eval/dispatch.rs:411:23
    |
411 |                   $kxc_p::launch_unchecked::<CpuRuntime>(
    |                         ^^ expected one of 7 possible tokens
...
588 | /     ten_arm_dispatch!(
589 | |         ctx, order, spin,
590 | |         exc_unpol::lda_x_erf_exc_unpol, vxc_unpol::lda_x_erf_vxc_unpol,
591 | |         fxc_unpol::lda_x_erf_fxc_unpol, kxc_unpol::lda_x_erf_kxc_unpol,
...   |
596 | |         params = (0.3_f64)
597 | |     );
    | |_____- in this macro invocation
    |
    = note: this error originates in the macro `ten_arm_dispatch` (in Nightly builds, run with -Z macro-backtrace for more info)

error: expected one of `!`, `.`, `;`, `?`, `{`, `}`, or an operator, found `::`
   --> src/eval/dispatch.rs:419:23
    |
419 |                   $lxc_p::launch_unchecked::<CpuRuntime>(
    |                         ^^ expected one of 7 possible tokens
...
588 | /     ten_arm_dispatch!(
589 | |         ctx, order, spin,
590 | |         exc_unpol::lda_x_erf_exc_unpol, vxc_unpol::lda_x_erf_vxc_unpol,
591 | |         fxc_unpol::lda_x_erf_fxc_unpol, kxc_unpol::lda_x_erf_kxc_unpol,
...   |
596 | |         params = (0.3_f64)
597 | |     );
    | |_____- in this macro invocation
    |
    = note: this error originates in the macro `ten_arm_dispatch` (in Nightly builds, run with -Z macro-backtrace for more info)

error: expected one of `!`, `.`, `;`, `?`, `{`, `}`, or an operator, found `::`
   --> src/eval/dispatch.rs:347:23
    |
347 |                   $exc_u::launch_unchecked::<CpuRuntime>(
    |                         ^^ expected one of 7 possible tokens
...
604 | /     ten_arm_dispatch!(
605 | |         ctx, order, spin,
606 | |         exc_unpol::lda_x_sloc_exc_unpol, vxc_unpol::lda_x_sloc_vxc_unpol,
607 | |         fxc_unpol::lda_x_sloc_fxc_unpol, kxc_unpol::lda_x_sloc_kxc_unpol,
...   |
612 | |         params = (1.67_f64, 0.3_f64)
613 | |     );
    | |_____- in this macro invocation
    |
    = note: this error originates in the macro `ten_arm_dispatch` (in Nightly builds, run with -Z macro-backtrace for more info)

error: expected one of `!`, `.`, `;`, `?`, `{`, `}`, or an operator, found `::`
   --> src/eval/dispatch.rs:355:23
    |
355 |                   $vxc_u::launch_unchecked::<CpuRuntime>(
    |                         ^^ expected one of 7 possible tokens
...
604 | /     ten_arm_dispatch!(
605 | |         ctx, order, spin,
606 | |         exc_unpol::lda_x_sloc_exc_unpol, vxc_unpol::lda_x_sloc_vxc_unpol,
607 | |         fxc_unpol::lda_x_sloc_fxc_unpol, kxc_unpol::lda_x_sloc_kxc_unpol,
...   |
612 | |         params = (1.67_f64, 0.3_f64)
613 | |     );
    | |_____- in this macro invocation
    |
    = note: this error originates in the macro `ten_arm_dispatch` (in Nightly builds, run with -Z macro-backtrace for more info)

error: expected one of `!`, `.`, `;`, `?`, `{`, `}`, or an operator, found `::`
   --> src/eval/dispatch.rs:363:23
    |
363 |                   $fxc_u::launch_unchecked::<CpuRuntime>(
    |                         ^^ expected one of 7 possible tokens
...
604 | /     ten_arm_dispatch!(
605 | |         ctx, order, spin,
606 | |         exc_unpol::lda_x_sloc_exc_unpol, vxc_unpol::lda_x_sloc_vxc_unpol,
607 | |         fxc_unpol::lda_x_sloc_fxc_unpol, kxc_unpol::lda_x_sloc_kxc_unpol,
...   |
612 | |         params = (1.67_f64, 0.3_f64)
613 | |     );
    | |_____- in this macro invocation
    |
    = note: this error originates in the macro `ten_arm_dispatch` (in Nightly builds, run with -Z macro-backtrace for more info)

error: expected one of `!`, `.`, `;`, `?`, `{`, `}`, or an operator, found `::`
   --> src/eval/dispatch.rs:371:23
    |
371 |                   $kxc_u::launch_unchecked::<CpuRuntime>(
    |                         ^^ expected one of 7 possible tokens
...
604 | /     ten_arm_dispatch!(
605 | |         ctx, order, spin,
606 | |         exc_unpol::lda_x_sloc_exc_unpol, vxc_unpol::lda_x_sloc_vxc_unpol,
607 | |         fxc_unpol::lda_x_sloc_fxc_unpol, kxc_unpol::lda_x_sloc_kxc_unpol,
...   |
612 | |         params = (1.67_f64, 0.3_f64)
613 | |     );
    | |_____- in this macro invocation
    |
    = note: this error originates in the macro `ten_arm_dispatch` (in Nightly builds, run with -Z macro-backtrace for more info)

error: expected one of `!`, `.`, `;`, `?`, `{`, `}`, or an operator, found `::`
   --> src/eval/dispatch.rs:379:23
    |
379 |                   $lxc_u::launch_unchecked::<CpuRuntime>(
    |                         ^^ expected one of 7 possible tokens
...
604 | /     ten_arm_dispatch!(
605 | |         ctx, order, spin,
606 | |         exc_unpol::lda_x_sloc_exc_unpol, vxc_unpol::lda_x_sloc_vxc_unpol,
607 | |         fxc_unpol::lda_x_sloc_fxc_unpol, kxc_unpol::lda_x_sloc_kxc_unpol,
...   |
612 | |         params = (1.67_f64, 0.3_f64)
613 | |     );
    | |_____- in this macro invocation
    |
    = note: this error originates in the macro `ten_arm_dispatch` (in Nightly builds, run with -Z macro-backtrace for more info)

error: expected one of `!`, `.`, `;`, `?`, `{`, `}`, or an operator, found `::`
   --> src/eval/dispatch.rs:387:23
    |
387 |                   $exc_p::launch_unchecked::<CpuRuntime>(
    |                         ^^ expected one of 7 possible tokens
...
604 | /     ten_arm_dispatch!(
605 | |         ctx, order, spin,
606 | |         exc_unpol::lda_x_sloc_exc_unpol, vxc_unpol::lda_x_sloc_vxc_unpol,
607 | |         fxc_unpol::lda_x_sloc_fxc_unpol, kxc_unpol::lda_x_sloc_kxc_unpol,
...   |
612 | |         params = (1.67_f64, 0.3_f64)
613 | |     );
    | |_____- in this macro invocation
    |
    = note: this error originates in the macro `ten_arm_dispatch` (in Nightly builds, run with -Z macro-backtrace for more info)

error: expected one of `!`, `.`, `;`, `?`, `{`, `}`, or an operator, found `::`
   --> src/eval/dispatch.rs:395:23
    |
395 |                   $vxc_p::launch_unchecked::<CpuRuntime>(
    |                         ^^ expected one of 7 possible tokens
...
604 | /     ten_arm_dispatch!(
605 | |         ctx, order, spin,
606 | |         exc_unpol::lda_x_sloc_exc_unpol, vxc_unpol::lda_x_sloc_vxc_unpol,
607 | |         fxc_unpol::lda_x_sloc_fxc_unpol, kxc_unpol::lda_x_sloc_kxc_unpol,
...   |
612 | |         params = (1.67_f64, 0.3_f64)
613 | |     );
    | |_____- in this macro invocation
    |
    = note: this error originates in the macro `ten_arm_dispatch` (in Nightly builds, run with -Z macro-backtrace for more info)

error: expected one of `!`, `.`, `;`, `?`, `{`, `}`, or an operator, found `::`
   --> src/eval/dispatch.rs:403:23
    |
403 |                   $fxc_p::launch_unchecked::<CpuRuntime>(
    |                         ^^ expected one of 7 possible tokens
...
604 | /     ten_arm_dispatch!(
605 | |         ctx, order, spin,
606 | |         exc_unpol::lda_x_sloc_exc_unpol, vxc_unpol::lda_x_sloc_vxc_unpol,
607 | |         fxc_unpol::lda_x_sloc_fxc_unpol, kxc_unpol::lda_x_sloc_kxc_unpol,
...   |
612 | |         params = (1.67_f64, 0.3_f64)
613 | |     );
    | |_____- in this macro invocation
    |
    = note: this error originates in the macro `ten_arm_dispatch` (in Nightly builds, run with -Z macro-backtrace for more info)

error: expected one of `!`, `.`, `;`, `?`, `{`, `}`, or an operator, found `::`
   --> src/eval/dispatch.rs:411:23
    |
411 |                   $kxc_p::launch_unchecked::<CpuRuntime>(
    |                         ^^ expected one of 7 possible tokens
...
604 | /     ten_arm_dispatch!(
605 | |         ctx, order, spin,
606 | |         exc_unpol::lda_x_sloc_exc_unpol, vxc_unpol::lda_x_sloc_vxc_unpol,
607 | |         fxc_unpol::lda_x_sloc_fxc_unpol, kxc_unpol::lda_x_sloc_kxc_unpol,
...   |
612 | |         params = (1.67_f64, 0.3_f64)
613 | |     );
    | |_____- in this macro invocation
    |
    = note: this error originates in the macro `ten_arm_dispatch` (in Nightly builds, run with -Z macro-backtrace for more info)

error: expected one of `!`, `.`, `;`, `?`, `{`, `}`, or an operator, found `::`
   --> src/eval/dispatch.rs:419:23
    |
419 |                   $lxc_p::launch_unchecked::<CpuRuntime>(
    |                         ^^ expected one of 7 possible tokens
...
604 | /     ten_arm_dispatch!(
605 | |         ctx, order, spin,
606 | |         exc_unpol::lda_x_sloc_exc_unpol, vxc_unpol::lda_x_sloc_vxc_unpol,
607 | |         fxc_unpol::lda_x_sloc_fxc_unpol, kxc_unpol::lda_x_sloc_kxc_unpol,
...   |
612 | |         params = (1.67_f64, 0.3_f64)
613 | |     );
    | |_____- in this macro invocation
    |
    = note: this error originates in the macro `ten_arm_dispatch` (in Nightly builds, run with -Z macro-backtrace for more info)

error: expected one of `!`, `.`, `;`, `?`, `{`, `}`, or an operator, found `::`
   --> src/eval/dispatch.rs:347:23
    |
347 |                   $exc_u::launch_unchecked::<CpuRuntime>(
    |                         ^^ expected one of 7 possible tokens
...
620 | /     ten_arm_dispatch!(
621 | |         ctx, order, spin,
622 | |         exc_unpol::lda_x_yukawa_exc_unpol, vxc_unpol::lda_x_yukawa_vxc_unpol,
623 | |         fxc_unpol::lda_x_yukawa_fxc_unpol, kxc_unpol::lda_x_yukawa_kxc_unpol,
...   |
628 | |         params = (0.3_f64)
629 | |     );
    | |_____- in this macro invocation
    |
    = note: this error originates in the macro `ten_arm_dispatch` (in Nightly builds, run with -Z macro-backtrace for more info)

error: expected one of `!`, `.`, `;`, `?`, `{`, `}`, or an operator, found `::`
   --> src/eval/dispatch.rs:355:23
    |
355 |                   $vxc_u::launch_unchecked::<CpuRuntime>(
    |                         ^^ expected one of 7 possible tokens
...
620 | /     ten_arm_dispatch!(
621 | |         ctx, order, spin,
622 | |         exc_unpol::lda_x_yukawa_exc_unpol, vxc_unpol::lda_x_yukawa_vxc_unpol,
623 | |         fxc_unpol::lda_x_yukawa_fxc_unpol, kxc_unpol::lda_x_yukawa_kxc_unpol,
...   |
628 | |         params = (0.3_f64)
629 | |     );
    | |_____- in this macro invocation
    |
    = note: this error originates in the macro `ten_arm_dispatch` (in Nightly builds, run with -Z macro-backtrace for more info)

error: expected one of `!`, `.`, `;`, `?`, `{`, `}`, or an operator, found `::`
   --> src/eval/dispatch.rs:363:23
    |
363 |                   $fxc_u::launch_unchecked::<CpuRuntime>(
    |                         ^^ expected one of 7 possible tokens
...
620 | /     ten_arm_dispatch!(
621 | |         ctx, order, spin,
622 | |         exc_unpol::lda_x_yukawa_exc_unpol, vxc_unpol::lda_x_yukawa_vxc_unpol,
623 | |         fxc_unpol::lda_x_yukawa_fxc_unpol, kxc_unpol::lda_x_yukawa_kxc_unpol,
...   |
628 | |         params = (0.3_f64)
629 | |     );
    | |_____- in this macro invocation
    |
    = note: this error originates in the macro `ten_arm_dispatch` (in Nightly builds, run with -Z macro-backtrace for more info)

error: expected one of `!`, `.`, `;`, `?`, `{`, `}`, or an operator, found `::`
   --> src/eval/dispatch.rs:371:23
    |
371 |                   $kxc_u::launch_unchecked::<CpuRuntime>(
    |                         ^^ expected one of 7 possible tokens
...
620 | /     ten_arm_dispatch!(
621 | |         ctx, order, spin,
622 | |         exc_unpol::lda_x_yukawa_exc_unpol, vxc_unpol::lda_x_yukawa_vxc_unpol,
623 | |         fxc_unpol::lda_x_yukawa_fxc_unpol, kxc_unpol::lda_x_yukawa_kxc_unpol,
...   |
628 | |         params = (0.3_f64)
629 | |     );
    | |_____- in this macro invocation
    |
    = note: this error originates in the macro `ten_arm_dispatch` (in Nightly builds, run with -Z macro-backtrace for more info)

error: expected one of `!`, `.`, `;`, `?`, `{`, `}`, or an operator, found `::`
   --> src/eval/dispatch.rs:379:23
    |
379 |                   $lxc_u::launch_unchecked::<CpuRuntime>(
    |                         ^^ expected one of 7 possible tokens
...
620 | /     ten_arm_dispatch!(
621 | |         ctx, order, spin,
622 | |         exc_unpol::lda_x_yukawa_exc_unpol, vxc_unpol::lda_x_yukawa_vxc_unpol,
623 | |         fxc_unpol::lda_x_yukawa_fxc_unpol, kxc_unpol::lda_x_yukawa_kxc_unpol,
...   |
628 | |         params = (0.3_f64)
629 | |     );
    | |_____- in this macro invocation
    |
    = note: this error originates in the macro `ten_arm_dispatch` (in Nightly builds, run with -Z macro-backtrace for more info)

error: expected one of `!`, `.`, `;`, `?`, `{`, `}`, or an operator, found `::`
   --> src/eval/dispatch.rs:387:23
    |
387 |                   $exc_p::launch_unchecked::<CpuRuntime>(
    |                         ^^ expected one of 7 possible tokens
...
620 | /     ten_arm_dispatch!(
621 | |         ctx, order, spin,
622 | |         exc_unpol::lda_x_yukawa_exc_unpol, vxc_unpol::lda_x_yukawa_vxc_unpol,
623 | |         fxc_unpol::lda_x_yukawa_fxc_unpol, kxc_unpol::lda_x_yukawa_kxc_unpol,
...   |
628 | |         params = (0.3_f64)
629 | |     );
    | |_____- in this macro invocation
    |
    = note: this error originates in the macro `ten_arm_dispatch` (in Nightly builds, run with -Z macro-backtrace for more info)

error: expected one of `!`, `.`, `;`, `?`, `{`, `}`, or an operator, found `::`
   --> src/eval/dispatch.rs:395:23
    |
395 |                   $vxc_p::launch_unchecked::<CpuRuntime>(
    |                         ^^ expected one of 7 possible tokens
...
620 | /     ten_arm_dispatch!(
621 | |         ctx, order, spin,
622 | |         exc_unpol::lda_x_yukawa_exc_unpol, vxc_unpol::lda_x_yukawa_vxc_unpol,
623 | |         fxc_unpol::lda_x_yukawa_fxc_unpol, kxc_unpol::lda_x_yukawa_kxc_unpol,
...   |
628 | |         params = (0.3_f64)
629 | |     );
    | |_____- in this macro invocation
    |
    = note: this error originates in the macro `ten_arm_dispatch` (in Nightly builds, run with -Z macro-backtrace for more info)

error: expected one of `!`, `.`, `;`, `?`, `{`, `}`, or an operator, found `::`
   --> src/eval/dispatch.rs:403:23
    |
403 |                   $fxc_p::launch_unchecked::<CpuRuntime>(
    |                         ^^ expected one of 7 possible tokens
...
620 | /     ten_arm_dispatch!(
621 | |         ctx, order, spin,
622 | |         exc_unpol::lda_x_yukawa_exc_unpol, vxc_unpol::lda_x_yukawa_vxc_unpol,
623 | |         fxc_unpol::lda_x_yukawa_fxc_unpol, kxc_unpol::lda_x_yukawa_kxc_unpol,
...   |
628 | |         params = (0.3_f64)
629 | |     );
    | |_____- in this macro invocation
    |
    = note: this error originates in the macro `ten_arm_dispatch` (in Nightly builds, run with -Z macro-backtrace for more info)

error: expected one of `!`, `.`, `;`, `?`, `{`, `}`, or an operator, found `::`
   --> src/eval/dispatch.rs:411:23
    |
411 |                   $kxc_p::launch_unchecked::<CpuRuntime>(
    |                         ^^ expected one of 7 possible tokens
...
620 | /     ten_arm_dispatch!(
621 | |         ctx, order, spin,
622 | |         exc_unpol::lda_x_yukawa_exc_unpol, vxc_unpol::lda_x_yukawa_vxc_unpol,
623 | |         fxc_unpol::lda_x_yukawa_fxc_unpol, kxc_unpol::lda_x_yukawa_kxc_unpol,
...   |
628 | |         params = (0.3_f64)
629 | |     );
    | |_____- in this macro invocation
    |
    = note: this error originates in the macro `ten_arm_dispatch` (in Nightly builds, run with -Z macro-backtrace for more info)

error: expected one of `!`, `.`, `;`, `?`, `{`, `}`, or an operator, found `::`
   --> src/eval/dispatch.rs:419:23
    |
419 |                   $lxc_p::launch_unchecked::<CpuRuntime>(
    |                         ^^ expected one of 7 possible tokens
...
620 | /     ten_arm_dispatch!(
621 | |         ctx, order, spin,
622 | |         exc_unpol::lda_x_yukawa_exc_unpol, vxc_unpol::lda_x_yukawa_vxc_unpol,
623 | |         fxc_unpol::lda_x_yukawa_fxc_unpol, kxc_unpol::lda_x_yukawa_kxc_unpol,
...   |
628 | |         params = (0.3_f64)
629 | |     );
    | |_____- in this macro invocation
    |
    = note: this error originates in the macro `ten_arm_dispatch` (in Nightly builds, run with -Z macro-backtrace for more info)

error: expected one of `!`, `.`, `;`, `?`, `{`, `}`, or an operator, found `::`
   --> src/eval/dispatch.rs:347:23
    |
347 |                   $exc_u::launch_unchecked::<CpuRuntime>(
    |                         ^^ expected one of 7 possible tokens
...
635 | /     ten_arm_dispatch!(
636 | |         ctx, order, spin,
637 | |         exc_unpol::lda_c_rpa_exc_unpol, vxc_unpol::lda_c_rpa_vxc_unpol,
638 | |         fxc_unpol::lda_c_rpa_fxc_unpol, kxc_unpol::lda_c_rpa_kxc_unpol,
...   |
643 | |         params = ()
644 | |     );
    | |_____- in this macro invocation
    |
    = note: this error originates in the macro `ten_arm_dispatch` (in Nightly builds, run with -Z macro-backtrace for more info)

error: expected one of `!`, `.`, `;`, `?`, `{`, `}`, or an operator, found `::`
   --> src/eval/dispatch.rs:355:23
    |
355 |                   $vxc_u::launch_unchecked::<CpuRuntime>(
    |                         ^^ expected one of 7 possible tokens
...
635 | /     ten_arm_dispatch!(
636 | |         ctx, order, spin,
637 | |         exc_unpol::lda_c_rpa_exc_unpol, vxc_unpol::lda_c_rpa_vxc_unpol,
638 | |         fxc_unpol::lda_c_rpa_fxc_unpol, kxc_unpol::lda_c_rpa_kxc_unpol,
...   |
643 | |         params = ()
644 | |     );
    | |_____- in this macro invocation
    |
    = note: this error originates in the macro `ten_arm_dispatch` (in Nightly builds, run with -Z macro-backtrace for more info)

error: expected one of `!`, `.`, `;`, `?`, `{`, `}`, or an operator, found `::`
   --> src/eval/dispatch.rs:363:23
    |
363 |                   $fxc_u::launch_unchecked::<CpuRuntime>(
    |                         ^^ expected one of 7 possible tokens
...
635 | /     ten_arm_dispatch!(
636 | |         ctx, order, spin,
637 | |         exc_unpol::lda_c_rpa_exc_unpol, vxc_unpol::lda_c_rpa_vxc_unpol,
638 | |         fxc_unpol::lda_c_rpa_fxc_unpol, kxc_unpol::lda_c_rpa_kxc_unpol,
...   |
643 | |         params = ()
644 | |     );
    | |_____- in this macro invocation
    |
    = note: this error originates in the macro `ten_arm_dispatch` (in Nightly builds, run with -Z macro-backtrace for more info)

error: expected one of `!`, `.`, `;`, `?`, `{`, `}`, or an operator, found `::`
   --> src/eval/dispatch.rs:371:23
    |
371 |                   $kxc_u::launch_unchecked::<CpuRuntime>(
    |                         ^^ expected one of 7 possible tokens
...
635 | /     ten_arm_dispatch!(
636 | |         ctx, order, spin,
637 | |         exc_unpol::lda_c_rpa_exc_unpol, vxc_unpol::lda_c_rpa_vxc_unpol,
638 | |         fxc_unpol::lda_c_rpa_fxc_unpol, kxc_unpol::lda_c_rpa_kxc_unpol,
...   |
643 | |         params = ()
644 | |     );
    | |_____- in this macro invocation
    |
    = note: this error originates in the macro `ten_arm_dispatch` (in Nightly builds, run with -Z macro-backtrace for more info)

error: expected one of `!`, `.`, `;`, `?`, `{`, `}`, or an operator, found `::`
   --> src/eval/dispatch.rs:379:23
    |
379 |                   $lxc_u::launch_unchecked::<CpuRuntime>(
    |                         ^^ expected one of 7 possible tokens
...
635 | /     ten_arm_dispatch!(
636 | |         ctx, order, spin,
637 | |         exc_unpol::lda_c_rpa_exc_unpol, vxc_unpol::lda_c_rpa_vxc_unpol,
638 | |         fxc_unpol::lda_c_rpa_fxc_unpol, kxc_unpol::lda_c_rpa_kxc_unpol,
...   |
643 | |         params = ()
644 | |     );
    | |_____- in this macro invocation
    |
    = note: this error originates in the macro `ten_arm_dispatch` (in Nightly builds, run with -Z macro-backtrace for more info)

error: expected one of `!`, `.`, `;`, `?`, `{`, `}`, or an operator, found `::`
   --> src/eval/dispatch.rs:387:23
    |
387 |                   $exc_p::launch_unchecked::<CpuRuntime>(
    |                         ^^ expected one of 7 possible tokens
...
635 | /     ten_arm_dispatch!(
636 | |         ctx, order, spin,
637 | |         exc_unpol::lda_c_rpa_exc_unpol, vxc_unpol::lda_c_rpa_vxc_unpol,
638 | |         fxc_unpol::lda_c_rpa_fxc_unpol, kxc_unpol::lda_c_rpa_kxc_unpol,
...   |
643 | |         params = ()
644 | |     );
    | |_____- in this macro invocation
    |
    = note: this error originates in the macro `ten_arm_dispatch` (in Nightly builds, run with -Z macro-backtrace for more info)

error: expected one of `!`, `.`, `;`, `?`, `{`, `}`, or an operator, found `::`
   --> src/eval/dispatch.rs:395:23
    |
395 |                   $vxc_p::launch_unchecked::<CpuRuntime>(
    |                         ^^ expected one of 7 possible tokens
...
635 | /     ten_arm_dispatch!(
636 | |         ctx, order, spin,
637 | |         exc_unpol::lda_c_rpa_exc_unpol, vxc_unpol::lda_c_rpa_vxc_unpol,
638 | |         fxc_unpol::lda_c_rpa_fxc_unpol, kxc_unpol::lda_c_rpa_kxc_unpol,
...   |
643 | |         params = ()
644 | |     );
    | |_____- in this macro invocation
    |
    = note: this error originates in the macro `ten_arm_dispatch` (in Nightly builds, run with -Z macro-backtrace for more info)

error: expected one of `!`, `.`, `;`, `?`, `{`, `}`, or an operator, found `::`
   --> src/eval/dispatch.rs:403:23
    |
403 |                   $fxc_p::launch_unchecked::<CpuRuntime>(
    |                         ^^ expected one of 7 possible tokens
...
635 | /     ten_arm_dispatch!(
636 | |         ctx, order, spin,
637 | |         exc_unpol::lda_c_rpa_exc_unpol, vxc_unpol::lda_c_rpa_vxc_unpol,
638 | |         fxc_unpol::lda_c_rpa_fxc_unpol, kxc_unpol::lda_c_rpa_kxc_unpol,
...   |
643 | |         params = ()
644 | |     );
    | |_____- in this macro invocation
    |
    = note: this error originates in the macro `ten_arm_dispatch` (in Nightly builds, run with -Z macro-backtrace for more info)

error: expected one of `!`, `.`, `;`, `?`, `{`, `}`, or an operator, found `::`
   --> src/eval/dispatch.rs:411:23
    |
411 |                   $kxc_p::launch_unchecked::<CpuRuntime>(
    |                         ^^ expected one of 7 possible tokens
...
635 | /     ten_arm_dispatch!(
636 | |         ctx, order, spin,
637 | |         exc_unpol::lda_c_rpa_exc_unpol, vxc_unpol::lda_c_rpa_vxc_unpol,
638 | |         fxc_unpol::lda_c_rpa_fxc_unpol, kxc_unpol::lda_c_rpa_kxc_unpol,
...   |
643 | |         params = ()
644 | |     );
    | |_____- in this macro invocation
    |
    = note: this error originates in the macro `ten_arm_dispatch` (in Nightly builds, run with -Z macro-backtrace for more info)

error: expected one of `!`, `.`, `;`, `?`, `{`, `}`, or an operator, found `::`
   --> src/eval/dispatch.rs:419:23
    |
419 |                   $lxc_p::launch_unchecked::<CpuRuntime>(
    |                         ^^ expected one of 7 possible tokens
...
635 | /     ten_arm_dispatch!(
636 | |         ctx, order, spin,
637 | |         exc_unpol::lda_c_rpa_exc_unpol, vxc_unpol::lda_c_rpa_vxc_unpol,
638 | |         fxc_unpol::lda_c_rpa_fxc_unpol, kxc_unpol::lda_c_rpa_kxc_unpol,
...   |
643 | |         params = ()
644 | |     );
    | |_____- in this macro invocation
    |
    = note: this error originates in the macro `ten_arm_dispatch` (in Nightly builds, run with -Z macro-backtrace for more info)

error: expected one of `!`, `.`, `;`, `?`, `{`, `}`, or an operator, found `::`
   --> src/eval/dispatch.rs:347:23
    |
347 |                   $exc_u::launch_unchecked::<CpuRuntime>(
    |                         ^^ expected one of 7 possible tokens
...
653 | /     ten_arm_dispatch!(
654 | |         ctx, order, spin,
655 | |         exc_unpol::lda_c_hl_exc_unpol, vxc_unpol::lda_c_hl_vxc_unpol,
656 | |         fxc_unpol::lda_c_hl_fxc_unpol, kxc_unpol::lda_c_hl_kxc_unpol,
...   |
661 | |         params = (0.0225_f64, 0.0225_f64, 21.0_f64, 21.0_f64)
662 | |     );
    | |_____- in this macro invocation
    |
    = note: this error originates in the macro `ten_arm_dispatch` (in Nightly builds, run with -Z macro-backtrace for more info)

error: expected one of `!`, `.`, `;`, `?`, `{`, `}`, or an operator, found `::`
   --> src/eval/dispatch.rs:355:23
    |
355 |                   $vxc_u::launch_unchecked::<CpuRuntime>(
    |                         ^^ expected one of 7 possible tokens
...
653 | /     ten_arm_dispatch!(
654 | |         ctx, order, spin,
655 | |         exc_unpol::lda_c_hl_exc_unpol, vxc_unpol::lda_c_hl_vxc_unpol,
656 | |         fxc_unpol::lda_c_hl_fxc_unpol, kxc_unpol::lda_c_hl_kxc_unpol,
...   |
661 | |         params = (0.0225_f64, 0.0225_f64, 21.0_f64, 21.0_f64)
662 | |     );
    | |_____- in this macro invocation
    |
    = note: this error originates in the macro `ten_arm_dispatch` (in Nightly builds, run with -Z macro-backtrace for more info)

error: expected one of `!`, `.`, `;`, `?`, `{`, `}`, or an operator, found `::`
   --> src/eval/dispatch.rs:363:23
    |
363 |                   $fxc_u::launch_unchecked::<CpuRuntime>(
    |                         ^^ expected one of 7 possible tokens
...
653 | /     ten_arm_dispatch!(
654 | |         ctx, order, spin,
655 | |         exc_unpol::lda_c_hl_exc_unpol, vxc_unpol::lda_c_hl_vxc_unpol,
656 | |         fxc_unpol::lda_c_hl_fxc_unpol, kxc_unpol::lda_c_hl_kxc_unpol,
...   |
661 | |         params = (0.0225_f64, 0.0225_f64, 21.0_f64, 21.0_f64)
662 | |     );
    | |_____- in this macro invocation
    |
    = note: this error originates in the macro `ten_arm_dispatch` (in Nightly builds, run with -Z macro-backtrace for more info)

error: expected one of `!`, `.`, `;`, `?`, `{`, `}`, or an operator, found `::`
   --> src/eval/dispatch.rs:371:23
    |
371 |                   $kxc_u::launch_unchecked::<CpuRuntime>(
    |                         ^^ expected one of 7 possible tokens
...
653 | /     ten_arm_dispatch!(
654 | |         ctx, order, spin,
655 | |         exc_unpol::lda_c_hl_exc_unpol, vxc_unpol::lda_c_hl_vxc_unpol,
656 | |         fxc_unpol::lda_c_hl_fxc_unpol, kxc_unpol::lda_c_hl_kxc_unpol,
...   |
661 | |         params = (0.0225_f64, 0.0225_f64, 21.0_f64, 21.0_f64)
662 | |     );
    | |_____- in this macro invocation
    |
    = note: this error originates in the macro `ten_arm_dispatch` (in Nightly builds, run with -Z macro-backtrace for more info)

error: expected one of `!`, `.`, `;`, `?`, `{`, `}`, or an operator, found `::`
   --> src/eval/dispatch.rs:379:23
    |
379 |                   $lxc_u::launch_unchecked::<CpuRuntime>(
    |                         ^^ expected one of 7 possible tokens
...
653 | /     ten_arm_dispatch!(
654 | |         ctx, order, spin,
655 | |         exc_unpol::lda_c_hl_exc_unpol, vxc_unpol::lda_c_hl_vxc_unpol,
656 | |         fxc_unpol::lda_c_hl_fxc_unpol, kxc_unpol::lda_c_hl_kxc_unpol,
...   |
661 | |         params = (0.0225_f64, 0.0225_f64, 21.0_f64, 21.0_f64)
662 | |     );
    | |_____- in this macro invocation
    |
    = note: this error originates in the macro `ten_arm_dispatch` (in Nightly builds, run with -Z macro-backtrace for more info)

error: expected one of `!`, `.`, `;`, `?`, `{`, `}`, or an operator, found `::`
   --> src/eval/dispatch.rs:387:23
    |
387 |                   $exc_p::launch_unchecked::<CpuRuntime>(
    |                         ^^ expected one of 7 possible tokens
...
653 | /     ten_arm_dispatch!(
654 | |         ctx, order, spin,
655 | |         exc_unpol::lda_c_hl_exc_unpol, vxc_unpol::lda_c_hl_vxc_unpol,
656 | |         fxc_unpol::lda_c_hl_fxc_unpol, kxc_unpol::lda_c_hl_kxc_unpol,
...   |
661 | |         params = (0.0225_f64, 0.0225_f64, 21.0_f64, 21.0_f64)
662 | |     );
    | |_____- in this macro invocation
    |
    = note: this error originates in the macro `ten_arm_dispatch` (in Nightly builds, run with -Z macro-backtrace for more info)

error: expected one of `!`, `.`, `;`, `?`, `{`, `}`, or an operator, found `::`
   --> src/eval/dispatch.rs:395:23
    |
395 |                   $vxc_p::launch_unchecked::<CpuRuntime>(
    |                         ^^ expected one of 7 possible tokens
...
653 | /     ten_arm_dispatch!(
654 | |         ctx, order, spin,
655 | |         exc_unpol::lda_c_hl_exc_unpol, vxc_unpol::lda_c_hl_vxc_unpol,
656 | |         fxc_unpol::lda_c_hl_fxc_unpol, kxc_unpol::lda_c_hl_kxc_unpol,
...   |
661 | |         params = (0.0225_f64, 0.0225_f64, 21.0_f64, 21.0_f64)
662 | |     );
    | |_____- in this macro invocation
    |
    = note: this error originates in the macro `ten_arm_dispatch` (in Nightly builds, run with -Z macro-backtrace for more info)

error: expected one of `!`, `.`, `;`, `?`, `{`, `}`, or an operator, found `::`
   --> src/eval/dispatch.rs:403:23
    |
403 |                   $fxc_p::launch_unchecked::<CpuRuntime>(
    |                         ^^ expected one of 7 possible tokens
...
653 | /     ten_arm_dispatch!(
654 | |         ctx, order, spin,
655 | |         exc_unpol::lda_c_hl_exc_unpol, vxc_unpol::lda_c_hl_vxc_unpol,
656 | |         fxc_unpol::lda_c_hl_fxc_unpol, kxc_unpol::lda_c_hl_kxc_unpol,
...   |
661 | |         params = (0.0225_f64, 0.0225_f64, 21.0_f64, 21.0_f64)
662 | |     );
    | |_____- in this macro invocation
    |
    = note: this error originates in the macro `ten_arm_dispatch` (in Nightly builds, run with -Z macro-backtrace for more info)

error: expected one of `!`, `.`, `;`, `?`, `{`, `}`, or an operator, found `::`
   --> src/eval/dispatch.rs:411:23
    |
411 |                   $kxc_p::launch_unchecked::<CpuRuntime>(
    |                         ^^ expected one of 7 possible tokens
...
653 | /     ten_arm_dispatch!(
654 | |         ctx, order, spin,
655 | |         exc_unpol::lda_c_hl_exc_unpol, vxc_unpol::lda_c_hl_vxc_unpol,
656 | |         fxc_unpol::lda_c_hl_fxc_unpol, kxc_unpol::lda_c_hl_kxc_unpol,
...   |
661 | |         params = (0.0225_f64, 0.0225_f64, 21.0_f64, 21.0_f64)
662 | |     );
    | |_____- in this macro invocation
    |
    = note: this error originates in the macro `ten_arm_dispatch` (in Nightly builds, run with -Z macro-backtrace for more info)

error: expected one of `!`, `.`, `;`, `?`, `{`, `}`, or an operator, found `::`
   --> src/eval/dispatch.rs:419:23
    |
419 |                   $lxc_p::launch_unchecked::<CpuRuntime>(
    |                         ^^ expected one of 7 possible tokens
...
653 | /     ten_arm_dispatch!(
654 | |         ctx, order, spin,
655 | |         exc_unpol::lda_c_hl_exc_unpol, vxc_unpol::lda_c_hl_vxc_unpol,
656 | |         fxc_unpol::lda_c_hl_fxc_unpol, kxc_unpol::lda_c_hl_kxc_unpol,
...   |
661 | |         params = (0.0225_f64, 0.0225_f64, 21.0_f64, 21.0_f64)
662 | |     );
    | |_____- in this macro invocation
    |
    = note: this error originates in the macro `ten_arm_dispatch` (in Nightly builds, run with -Z macro-backtrace for more info)

error: expected one of `!`, `.`, `;`, `?`, `{`, `}`, or an operator, found `::`
   --> src/eval/dispatch.rs:347:23
    |
347 |                   $exc_u::launch_unchecked::<CpuRuntime>(
    |                         ^^ expected one of 7 possible tokens
...
668 | /     ten_arm_dispatch!(
669 | |         ctx, order, spin,
670 | |         exc_unpol::lda_c_vwn_exc_unpol, vxc_unpol::lda_c_vwn_vxc_unpol,
671 | |         fxc_unpol::lda_c_vwn_fxc_unpol, kxc_unpol::lda_c_vwn_kxc_unpol,
...   |
676 | |         params = ()
677 | |     );
    | |_____- in this macro invocation
    |
    = note: this error originates in the macro `ten_arm_dispatch` (in Nightly builds, run with -Z macro-backtrace for more info)

error: expected one of `!`, `.`, `;`, `?`, `{`, `}`, or an operator, found `::`
   --> src/eval/dispatch.rs:355:23
    |
355 |                   $vxc_u::launch_unchecked::<CpuRuntime>(
    |                         ^^ expected one of 7 possible tokens
...
668 | /     ten_arm_dispatch!(
669 | |         ctx, order, spin,
670 | |         exc_unpol::lda_c_vwn_exc_unpol, vxc_unpol::lda_c_vwn_vxc_unpol,
671 | |         fxc_unpol::lda_c_vwn_fxc_unpol, kxc_unpol::lda_c_vwn_kxc_unpol,
...   |
676 | |         params = ()
677 | |     );
    | |_____- in this macro invocation
    |
    = note: this error originates in the macro `ten_arm_dispatch` (in Nightly builds, run with -Z macro-backtrace for more info)

error: expected one of `!`, `.`, `;`, `?`, `{`, `}`, or an operator, found `::`
   --> src/eval/dispatch.rs:363:23
    |
363 |                   $fxc_u::launch_unchecked::<CpuRuntime>(
    |                         ^^ expected one of 7 possible tokens
...
668 | /     ten_arm_dispatch!(
669 | |         ctx, order, spin,
670 | |         exc_unpol::lda_c_vwn_exc_unpol, vxc_unpol::lda_c_vwn_vxc_unpol,
671 | |         fxc_unpol::lda_c_vwn_fxc_unpol, kxc_unpol::lda_c_vwn_kxc_unpol,
...   |
676 | |         params = ()
677 | |     );
    | |_____- in this macro invocation
    |
    = note: this error originates in the macro `ten_arm_dispatch` (in Nightly builds, run with -Z macro-backtrace for more info)

error: expected one of `!`, `.`, `;`, `?`, `{`, `}`, or an operator, found `::`
   --> src/eval/dispatch.rs:371:23
    |
371 |                   $kxc_u::launch_unchecked::<CpuRuntime>(
    |                         ^^ expected one of 7 possible tokens
...
668 | /     ten_arm_dispatch!(
669 | |         ctx, order, spin,
670 | |         exc_unpol::lda_c_vwn_exc_unpol, vxc_unpol::lda_c_vwn_vxc_unpol,
671 | |         fxc_unpol::lda_c_vwn_fxc_unpol, kxc_unpol::lda_c_vwn_kxc_unpol,
...   |
676 | |         params = ()
677 | |     );
    | |_____- in this macro invocation
    |
    = note: this error originates in the macro `ten_arm_dispatch` (in Nightly builds, run with -Z macro-backtrace for more info)

error: expected one of `!`, `.`, `;`, `?`, `{`, `}`, or an operator, found `::`
   --> src/eval/dispatch.rs:379:23
    |
379 |                   $lxc_u::launch_unchecked::<CpuRuntime>(
    |                         ^^ expected one of 7 possible tokens
...
668 | /     ten_arm_dispatch!(
669 | |         ctx, order, spin,
670 | |         exc_unpol::lda_c_vwn_exc_unpol, vxc_unpol::lda_c_vwn_vxc_unpol,
671 | |         fxc_unpol::lda_c_vwn_fxc_unpol, kxc_unpol::lda_c_vwn_kxc_unpol,
...   |
676 | |         params = ()
677 | |     );
    | |_____- in this macro invocation
    |
    = note: this error originates in the macro `ten_arm_dispatch` (in Nightly builds, run with -Z macro-backtrace for more info)

error: expected one of `!`, `.`, `;`, `?`, `{`, `}`, or an operator, found `::`
   --> src/eval/dispatch.rs:387:23
    |
387 |                   $exc_p::launch_unchecked::<CpuRuntime>(
    |                         ^^ expected one of 7 possible tokens
...
668 | /     ten_arm_dispatch!(
669 | |         ctx, order, spin,
670 | |         exc_unpol::lda_c_vwn_exc_unpol, vxc_unpol::lda_c_vwn_vxc_unpol,
671 | |         fxc_unpol::lda_c_vwn_fxc_unpol, kxc_unpol::lda_c_vwn_kxc_unpol,
...   |
676 | |         params = ()
677 | |     );
    | |_____- in this macro invocation
    |
    = note: this error originates in the macro `ten_arm_dispatch` (in Nightly builds, run with -Z macro-backtrace for more info)

error: expected one of `!`, `.`, `;`, `?`, `{`, `}`, or an operator, found `::`
   --> src/eval/dispatch.rs:395:23
    |
395 |                   $vxc_p::launch_unchecked::<CpuRuntime>(
    |                         ^^ expected one of 7 possible tokens
...
668 | /     ten_arm_dispatch!(
669 | |         ctx, order, spin,
670 | |         exc_unpol::lda_c_vwn_exc_unpol, vxc_unpol::lda_c_vwn_vxc_unpol,
671 | |         fxc_unpol::lda_c_vwn_fxc_unpol, kxc_unpol::lda_c_vwn_kxc_unpol,
...   |
676 | |         params = ()
677 | |     );
    | |_____- in this macro invocation
    |
    = note: this error originates in the macro `ten_arm_dispatch` (in Nightly builds, run with -Z macro-backtrace for more info)

error: expected one of `!`, `.`, `;`, `?`, `{`, `}`, or an operator, found `::`
   --> src/eval/dispatch.rs:403:23
    |
403 |                   $fxc_p::launch_unchecked::<CpuRuntime>(
    |                         ^^ expected one of 7 possible tokens
...
668 | /     ten_arm_dispatch!(
669 | |         ctx, order, spin,
670 | |         exc_unpol::lda_c_vwn_exc_unpol, vxc_unpol::lda_c_vwn_vxc_unpol,
671 | |         fxc_unpol::lda_c_vwn_fxc_unpol, kxc_unpol::lda_c_vwn_kxc_unpol,
...   |
676 | |         params = ()
677 | |     );
    | |_____- in this macro invocation
    |
    = note: this error originates in the macro `ten_arm_dispatch` (in Nightly builds, run with -Z macro-backtrace for more info)

error: expected one of `!`, `.`, `;`, `?`, `{`, `}`, or an operator, found `::`
   --> src/eval/dispatch.rs:411:23
    |
411 |                   $kxc_p::launch_unchecked::<CpuRuntime>(
    |                         ^^ expected one of 7 possible tokens
...
668 | /     ten_arm_dispatch!(
669 | |         ctx, order, spin,
670 | |         exc_unpol::lda_c_vwn_exc_unpol, vxc_unpol::lda_c_vwn_vxc_unpol,
671 | |         fxc_unpol::lda_c_vwn_fxc_unpol, kxc_unpol::lda_c_vwn_kxc_unpol,
...   |
676 | |         params = ()
677 | |     );
    | |_____- in this macro invocation
    |
    = note: this error originates in the macro `ten_arm_dispatch` (in Nightly builds, run with -Z macro-backtrace for more info)

error: expected one of `!`, `.`, `;`, `?`, `{`, `}`, or an operator, found `::`
   --> src/eval/dispatch.rs:419:23
    |
419 |                   $lxc_p::launch_unchecked::<CpuRuntime>(
    |                         ^^ expected one of 7 possible tokens
...
668 | /     ten_arm_dispatch!(
669 | |         ctx, order, spin,
670 | |         exc_unpol::lda_c_vwn_exc_unpol, vxc_unpol::lda_c_vwn_vxc_unpol,
671 | |         fxc_unpol::lda_c_vwn_fxc_unpol, kxc_unpol::lda_c_vwn_kxc_unpol,
...   |
676 | |         params = ()
677 | |     );
    | |_____- in this macro invocation
    |
    = note: this error originates in the macro `ten_arm_dispatch` (in Nightly builds, run with -Z macro-backtrace for more info)

error: expected one of `!`, `.`, `;`, `?`, `{`, `}`, or an operator, found `::`
   --> src/eval/dispatch.rs:347:23
    |
347 |                   $exc_u::launch_unchecked::<CpuRuntime>(
    |                         ^^ expected one of 7 possible tokens
...
683 | /     ten_arm_dispatch!(
684 | |         ctx, order, spin,
685 | |         exc_unpol::lda_c_vwn_rpa_exc_unpol, vxc_unpol::lda_c_vwn_rpa_vxc_unpol,
686 | |         fxc_unpol::lda_c_vwn_rpa_fxc_unpol, kxc_unpol::lda_c_vwn_rpa_kxc_unpol,
...   |
691 | |         params = ()
692 | |     );
    | |_____- in this macro invocation
    |
    = note: this error originates in the macro `ten_arm_dispatch` (in Nightly builds, run with -Z macro-backtrace for more info)

error: expected one of `!`, `.`, `;`, `?`, `{`, `}`, or an operator, found `::`
   --> src/eval/dispatch.rs:355:23
    |
355 |                   $vxc_u::launch_unchecked::<CpuRuntime>(
    |                         ^^ expected one of 7 possible tokens
...
683 | /     ten_arm_dispatch!(
684 | |         ctx, order, spin,
685 | |         exc_unpol::lda_c_vwn_rpa_exc_unpol, vxc_unpol::lda_c_vwn_rpa_vxc_unpol,
686 | |         fxc_unpol::lda_c_vwn_rpa_fxc_unpol, kxc_unpol::lda_c_vwn_rpa_kxc_unpol,
...   |
691 | |         params = ()
692 | |     );
    | |_____- in this macro invocation
    |
    = note: this error originates in the macro `ten_arm_dispatch` (in Nightly builds, run with -Z macro-backtrace for more info)

error: expected one of `!`, `.`, `;`, `?`, `{`, `}`, or an operator, found `::`
   --> src/eval/dispatch.rs:363:23
    |
363 |                   $fxc_u::launch_unchecked::<CpuRuntime>(
    |                         ^^ expected one of 7 possible tokens
...
683 | /     ten_arm_dispatch!(
684 | |         ctx, order, spin,
685 | |         exc_unpol::lda_c_vwn_rpa_exc_unpol, vxc_unpol::lda_c_vwn_rpa_vxc_unpol,
686 | |         fxc_unpol::lda_c_vwn_rpa_fxc_unpol, kxc_unpol::lda_c_vwn_rpa_kxc_unpol,
...   |
691 | |         params = ()
692 | |     );
    | |_____- in this macro invocation
    |
    = note: this error originates in the macro `ten_arm_dispatch` (in Nightly builds, run with -Z macro-backtrace for more info)

error: expected one of `!`, `.`, `;`, `?`, `{`, `}`, or an operator, found `::`
   --> src/eval/dispatch.rs:371:23
    |
371 |                   $kxc_u::launch_unchecked::<CpuRuntime>(
    |                         ^^ expected one of 7 possible tokens
...
683 | /     ten_arm_dispatch!(
684 | |         ctx, order, spin,
685 | |         exc_unpol::lda_c_vwn_rpa_exc_unpol, vxc_unpol::lda_c_vwn_rpa_vxc_unpol,
686 | |         fxc_unpol::lda_c_vwn_rpa_fxc_unpol, kxc_unpol::lda_c_vwn_rpa_kxc_unpol,
...   |
691 | |         params = ()
692 | |     );
    | |_____- in this macro invocation
    |
    = note: this error originates in the macro `ten_arm_dispatch` (in Nightly builds, run with -Z macro-backtrace for more info)

error: expected one of `!`, `.`, `;`, `?`, `{`, `}`, or an operator, found `::`
   --> src/eval/dispatch.rs:379:23
    |
379 |                   $lxc_u::launch_unchecked::<CpuRuntime>(
    |                         ^^ expected one of 7 possible tokens
...
683 | /     ten_arm_dispatch!(
684 | |         ctx, order, spin,
685 | |         exc_unpol::lda_c_vwn_rpa_exc_unpol, vxc_unpol::lda_c_vwn_rpa_vxc_unpol,
686 | |         fxc_unpol::lda_c_vwn_rpa_fxc_unpol, kxc_unpol::lda_c_vwn_rpa_kxc_unpol,
...   |
691 | |         params = ()
692 | |     );
    | |_____- in this macro invocation
    |
    = note: this error originates in the macro `ten_arm_dispatch` (in Nightly builds, run with -Z macro-backtrace for more info)

error: expected one of `!`, `.`, `;`, `?`, `{`, `}`, or an operator, found `::`
   --> src/eval/dispatch.rs:387:23
    |
387 |                   $exc_p::launch_unchecked::<CpuRuntime>(
    |                         ^^ expected one of 7 possible tokens
...
683 | /     ten_arm_dispatch!(
684 | |         ctx, order, spin,
685 | |         exc_unpol::lda_c_vwn_rpa_exc_unpol, vxc_unpol::lda_c_vwn_rpa_vxc_unpol,
686 | |         fxc_unpol::lda_c_vwn_rpa_fxc_unpol, kxc_unpol::lda_c_vwn_rpa_kxc_unpol,
...   |
691 | |         params = ()
692 | |     );
    | |_____- in this macro invocation
    |
    = note: this error originates in the macro `ten_arm_dispatch` (in Nightly builds, run with -Z macro-backtrace for more info)

error: expected one of `!`, `.`, `;`, `?`, `{`, `}`, or an operator, found `::`
   --> src/eval/dispatch.rs:395:23
    |
395 |                   $vxc_p::launch_unchecked::<CpuRuntime>(
    |                         ^^ expected one of 7 possible tokens
...
683 | /     ten_arm_dispatch!(
684 | |         ctx, order, spin,
685 | |         exc_unpol::lda_c_vwn_rpa_exc_unpol, vxc_unpol::lda_c_vwn_rpa_vxc_unpol,
686 | |         fxc_unpol::lda_c_vwn_rpa_fxc_unpol, kxc_unpol::lda_c_vwn_rpa_kxc_unpol,
...   |
691 | |         params = ()
692 | |     );
    | |_____- in this macro invocation
    |
    = note: this error originates in the macro `ten_arm_dispatch` (in Nightly builds, run with -Z macro-backtrace for more info)

error: expected one of `!`, `.`, `;`, `?`, `{`, `}`, or an operator, found `::`
   --> src/eval/dispatch.rs:403:23
    |
403 |                   $fxc_p::launch_unchecked::<CpuRuntime>(
    |                         ^^ expected one of 7 possible tokens
...
683 | /     ten_arm_dispatch!(
684 | |         ctx, order, spin,
685 | |         exc_unpol::lda_c_vwn_rpa_exc_unpol, vxc_unpol::lda_c_vwn_rpa_vxc_unpol,
686 | |         fxc_unpol::lda_c_vwn_rpa_fxc_unpol, kxc_unpol::lda_c_vwn_rpa_kxc_unpol,
...   |
691 | |         params = ()
692 | |     );
    | |_____- in this macro invocation
    |
    = note: this error originates in the macro `ten_arm_dispatch` (in Nightly builds, run with -Z macro-backtrace for more info)

error: expected one of `!`, `.`, `;`, `?`, `{`, `}`, or an operator, found `::`
   --> src/eval/dispatch.rs:411:23
    |
411 |                   $kxc_p::launch_unchecked::<CpuRuntime>(
    |                         ^^ expected one of 7 possible tokens
...
683 | /     ten_arm_dispatch!(
684 | |         ctx, order, spin,
685 | |         exc_unpol::lda_c_vwn_rpa_exc_unpol, vxc_unpol::lda_c_vwn_rpa_vxc_unpol,
686 | |         fxc_unpol::lda_c_vwn_rpa_fxc_unpol, kxc_unpol::lda_c_vwn_rpa_kxc_unpol,
...   |
691 | |         params = ()
692 | |     );
    | |_____- in this macro invocation
    |
    = note: this error originates in the macro `ten_arm_dispatch` (in Nightly builds, run with -Z macro-backtrace for more info)

error: expected one of `!`, `.`, `;`, `?`, `{`, `}`, or an operator, found `::`
   --> src/eval/dispatch.rs:419:23
    |
419 |                   $lxc_p::launch_unchecked::<CpuRuntime>(
    |                         ^^ expected one of 7 possible tokens
...
683 | /     ten_arm_dispatch!(
684 | |         ctx, order, spin,
685 | |         exc_unpol::lda_c_vwn_rpa_exc_unpol, vxc_unpol::lda_c_vwn_rpa_vxc_unpol,
686 | |         fxc_unpol::lda_c_vwn_rpa_fxc_unpol, kxc_unpol::lda_c_vwn_rpa_kxc_unpol,
...   |
691 | |         params = ()
692 | |     );
    | |_____- in this macro invocation
    |
    = note: this error originates in the macro `ten_arm_dispatch` (in Nightly builds, run with -Z macro-backtrace for more info)

error: expected one of `!`, `.`, `;`, `?`, `{`, `}`, or an operator, found `::`
   --> src/eval/dispatch.rs:347:23
    |
347 |                   $exc_u::launch_unchecked::<CpuRuntime>(
    |                         ^^ expected one of 7 possible tokens
...
698 | /     ten_arm_dispatch!(
699 | |         ctx, order, spin,
700 | |         exc_unpol::lda_c_vwn_1_exc_unpol, vxc_unpol::lda_c_vwn_1_vxc_unpol,
701 | |         fxc_unpol::lda_c_vwn_1_fxc_unpol, kxc_unpol::lda_c_vwn_1_kxc_unpol,
...   |
706 | |         params = ()
707 | |     );
    | |_____- in this macro invocation
    |
    = note: this error originates in the macro `ten_arm_dispatch` (in Nightly builds, run with -Z macro-backtrace for more info)

error: expected one of `!`, `.`, `;`, `?`, `{`, `}`, or an operator, found `::`
   --> src/eval/dispatch.rs:355:23
    |
355 |                   $vxc_u::launch_unchecked::<CpuRuntime>(
    |                         ^^ expected one of 7 possible tokens
...
698 | /     ten_arm_dispatch!(
699 | |         ctx, order, spin,
700 | |         exc_unpol::lda_c_vwn_1_exc_unpol, vxc_unpol::lda_c_vwn_1_vxc_unpol,
701 | |         fxc_unpol::lda_c_vwn_1_fxc_unpol, kxc_unpol::lda_c_vwn_1_kxc_unpol,
...   |
706 | |         params = ()
707 | |     );
    | |_____- in this macro invocation
    |
    = note: this error originates in the macro `ten_arm_dispatch` (in Nightly builds, run with -Z macro-backtrace for more info)

error: expected one of `!`, `.`, `;`, `?`, `{`, `}`, or an operator, found `::`
   --> src/eval/dispatch.rs:363:23
    |
363 |                   $fxc_u::launch_unchecked::<CpuRuntime>(
    |                         ^^ expected one of 7 possible tokens
...
698 | /     ten_arm_dispatch!(
699 | |         ctx, order, spin,
700 | |         exc_unpol::lda_c_vwn_1_exc_unpol, vxc_unpol::lda_c_vwn_1_vxc_unpol,
701 | |         fxc_unpol::lda_c_vwn_1_fxc_unpol, kxc_unpol::lda_c_vwn_1_kxc_unpol,
...   |
706 | |         params = ()
707 | |     );
    | |_____- in this macro invocation
    |
    = note: this error originates in the macro `ten_arm_dispatch` (in Nightly builds, run with -Z macro-backtrace for more info)

error: expected one of `!`, `.`, `;`, `?`, `{`, `}`, or an operator, found `::`
   --> src/eval/dispatch.rs:371:23
    |
371 |                   $kxc_u::launch_unchecked::<CpuRuntime>(
    |                         ^^ expected one of 7 possible tokens
...
698 | /     ten_arm_dispatch!(
699 | |         ctx, order, spin,
700 | |         exc_unpol::lda_c_vwn_1_exc_unpol, vxc_unpol::lda_c_vwn_1_vxc_unpol,
701 | |         fxc_unpol::lda_c_vwn_1_fxc_unpol, kxc_unpol::lda_c_vwn_1_kxc_unpol,
...   |
706 | |         params = ()
707 | |     );
    | |_____- in this macro invocation
    |
    = note: this error originates in the macro `ten_arm_dispatch` (in Nightly builds, run with -Z macro-backtrace for more info)

error: expected one of `!`, `.`, `;`, `?`, `{`, `}`, or an operator, found `::`
   --> src/eval/dispatch.rs:379:23
    |
379 |                   $lxc_u::launch_unchecked::<CpuRuntime>(
    |                         ^^ expected one of 7 possible tokens
...
698 | /     ten_arm_dispatch!(
699 | |         ctx, order, spin,
700 | |         exc_unpol::lda_c_vwn_1_exc_unpol, vxc_unpol::lda_c_vwn_1_vxc_unpol,
701 | |         fxc_unpol::lda_c_vwn_1_fxc_unpol, kxc_unpol::lda_c_vwn_1_kxc_unpol,
...   |
706 | |         params = ()
707 | |     );
    | |_____- in this macro invocation
    |
    = note: this error originates in the macro `ten_arm_dispatch` (in Nightly builds, run with -Z macro-backtrace for more info)

error: expected one of `!`, `.`, `;`, `?`, `{`, `}`, or an operator, found `::`
   --> src/eval/dispatch.rs:387:23
    |
387 |                   $exc_p::launch_unchecked::<CpuRuntime>(
    |                         ^^ expected one of 7 possible tokens
...
698 | /     ten_arm_dispatch!(
699 | |         ctx, order, spin,
700 | |         exc_unpol::lda_c_vwn_1_exc_unpol, vxc_unpol::lda_c_vwn_1_vxc_unpol,
701 | |         fxc_unpol::lda_c_vwn_1_fxc_unpol, kxc_unpol::lda_c_vwn_1_kxc_unpol,
...   |
706 | |         params = ()
707 | |     );
    | |_____- in this macro invocation
    |
    = note: this error originates in the macro `ten_arm_dispatch` (in Nightly builds, run with -Z macro-backtrace for more info)

error: expected one of `!`, `.`, `;`, `?`, `{`, `}`, or an operator, found `::`
   --> src/eval/dispatch.rs:395:23
    |
395 |                   $vxc_p::launch_unchecked::<CpuRuntime>(
    |                         ^^ expected one of 7 possible tokens
...
698 | /     ten_arm_dispatch!(
699 | |         ctx, order, spin,
700 | |         exc_unpol::lda_c_vwn_1_exc_unpol, vxc_unpol::lda_c_vwn_1_vxc_unpol,
701 | |         fxc_unpol::lda_c_vwn_1_fxc_unpol, kxc_unpol::lda_c_vwn_1_kxc_unpol,
...   |
706 | |         params = ()
707 | |     );
    | |_____- in this macro invocation
    |
    = note: this error originates in the macro `ten_arm_dispatch` (in Nightly builds, run with -Z macro-backtrace for more info)

error: expected one of `!`, `.`, `;`, `?`, `{`, `}`, or an operator, found `::`
   --> src/eval/dispatch.rs:403:23
    |
403 |                   $fxc_p::launch_unchecked::<CpuRuntime>(
    |                         ^^ expected one of 7 possible tokens
...
698 | /     ten_arm_dispatch!(
699 | |         ctx, order, spin,
700 | |         exc_unpol::lda_c_vwn_1_exc_unpol, vxc_unpol::lda_c_vwn_1_vxc_unpol,
701 | |         fxc_unpol::lda_c_vwn_1_fxc_unpol, kxc_unpol::lda_c_vwn_1_kxc_unpol,
...   |
706 | |         params = ()
707 | |     );
    | |_____- in this macro invocation
    |
    = note: this error originates in the macro `ten_arm_dispatch` (in Nightly builds, run with -Z macro-backtrace for more info)

error: expected one of `!`, `.`, `;`, `?`, `{`, `}`, or an operator, found `::`
   --> src/eval/dispatch.rs:411:23
    |
411 |                   $kxc_p::launch_unchecked::<CpuRuntime>(
    |                         ^^ expected one of 7 possible tokens
...
698 | /     ten_arm_dispatch!(
699 | |         ctx, order, spin,
700 | |         exc_unpol::lda_c_vwn_1_exc_unpol, vxc_unpol::lda_c_vwn_1_vxc_unpol,
701 | |         fxc_unpol::lda_c_vwn_1_fxc_unpol, kxc_unpol::lda_c_vwn_1_kxc_unpol,
...   |
706 | |         params = ()
707 | |     );
    | |_____- in this macro invocation
    |
    = note: this error originates in the macro `ten_arm_dispatch` (in Nightly builds, run with -Z macro-backtrace for more info)

error: expected one of `!`, `.`, `;`, `?`, `{`, `}`, or an operator, found `::`
   --> src/eval/dispatch.rs:419:23
    |
419 |                   $lxc_p::launch_unchecked::<CpuRuntime>(
    |                         ^^ expected one of 7 possible tokens
...
698 | /     ten_arm_dispatch!(
699 | |         ctx, order, spin,
700 | |         exc_unpol::lda_c_vwn_1_exc_unpol, vxc_unpol::lda_c_vwn_1_vxc_unpol,
701 | |         fxc_unpol::lda_c_vwn_1_fxc_unpol, kxc_unpol::lda_c_vwn_1_kxc_unpol,
...   |
706 | |         params = ()
707 | |     );
    | |_____- in this macro invocation
    |
    = note: this error originates in the macro `ten_arm_dispatch` (in Nightly builds, run with -Z macro-backtrace for more info)

error: expected one of `!`, `.`, `;`, `?`, `{`, `}`, or an operator, found `::`
   --> src/eval/dispatch.rs:347:23
    |
347 |                   $exc_u::launch_unchecked::<CpuRuntime>(
    |                         ^^ expected one of 7 possible tokens
...
713 | /     ten_arm_dispatch!(
714 | |         ctx, order, spin,
715 | |         exc_unpol::lda_c_vwn_2_exc_unpol, vxc_unpol::lda_c_vwn_2_vxc_unpol,
716 | |         fxc_unpol::lda_c_vwn_2_fxc_unpol, kxc_unpol::lda_c_vwn_2_kxc_unpol,
...   |
721 | |         params = ()
722 | |     );
    | |_____- in this macro invocation
    |
    = note: this error originates in the macro `ten_arm_dispatch` (in Nightly builds, run with -Z macro-backtrace for more info)

error: expected one of `!`, `.`, `;`, `?`, `{`, `}`, or an operator, found `::`
   --> src/eval/dispatch.rs:355:23
    |
355 |                   $vxc_u::launch_unchecked::<CpuRuntime>(
    |                         ^^ expected one of 7 possible tokens
...
713 | /     ten_arm_dispatch!(
714 | |         ctx, order, spin,
715 | |         exc_unpol::lda_c_vwn_2_exc_unpol, vxc_unpol::lda_c_vwn_2_vxc_unpol,
716 | |         fxc_unpol::lda_c_vwn_2_fxc_unpol, kxc_unpol::lda_c_vwn_2_kxc_unpol,
...   |
721 | |         params = ()
722 | |     );
    | |_____- in this macro invocation
    |
    = note: this error originates in the macro `ten_arm_dispatch` (in Nightly builds, run with -Z macro-backtrace for more info)

error: expected one of `!`, `.`, `;`, `?`, `{`, `}`, or an operator, found `::`
   --> src/eval/dispatch.rs:363:23
    |
363 |                   $fxc_u::launch_unchecked::<CpuRuntime>(
    |                         ^^ expected one of 7 possible tokens
...
713 | /     ten_arm_dispatch!(
714 | |         ctx, order, spin,
715 | |         exc_unpol::lda_c_vwn_2_exc_unpol, vxc_unpol::lda_c_vwn_2_vxc_unpol,
716 | |         fxc_unpol::lda_c_vwn_2_fxc_unpol, kxc_unpol::lda_c_vwn_2_kxc_unpol,
...   |
721 | |         params = ()
722 | |     );
    | |_____- in this macro invocation
    |
    = note: this error originates in the macro `ten_arm_dispatch` (in Nightly builds, run with -Z macro-backtrace for more info)

error: expected one of `!`, `.`, `;`, `?`, `{`, `}`, or an operator, found `::`
   --> src/eval/dispatch.rs:371:23
    |
371 |                   $kxc_u::launch_unchecked::<CpuRuntime>(
    |                         ^^ expected one of 7 possible tokens
...
713 | /     ten_arm_dispatch!(
714 | |         ctx, order, spin,
715 | |         exc_unpol::lda_c_vwn_2_exc_unpol, vxc_unpol::lda_c_vwn_2_vxc_unpol,
716 | |         fxc_unpol::lda_c_vwn_2_fxc_unpol, kxc_unpol::lda_c_vwn_2_kxc_unpol,
...   |
721 | |         params = ()
722 | |     );
    | |_____- in this macro invocation
    |
    = note: this error originates in the macro `ten_arm_dispatch` (in Nightly builds, run with -Z macro-backtrace for more info)

error: expected one of `!`, `.`, `;`, `?`, `{`, `}`, or an operator, found `::`
   --> src/eval/dispatch.rs:379:23
    |
379 |                   $lxc_u::launch_unchecked::<CpuRuntime>(
    |                         ^^ expected one of 7 possible tokens
...
713 | /     ten_arm_dispatch!(
714 | |         ctx, order, spin,
715 | |         exc_unpol::lda_c_vwn_2_exc_unpol, vxc_unpol::lda_c_vwn_2_vxc_unpol,
716 | |         fxc_unpol::lda_c_vwn_2_fxc_unpol, kxc_unpol::lda_c_vwn_2_kxc_unpol,
...   |
721 | |         params = ()
722 | |     );
    | |_____- in this macro invocation
    |
    = note: this error originates in the macro `ten_arm_dispatch` (in Nightly builds, run with -Z macro-backtrace for more info)

error: expected one of `!`, `.`, `;`, `?`, `{`, `}`, or an operator, found `::`
   --> src/eval/dispatch.rs:387:23
    |
387 |                   $exc_p::launch_unchecked::<CpuRuntime>(
    |                         ^^ expected one of 7 possible tokens
...
713 | /     ten_arm_dispatch!(
714 | |         ctx, order, spin,
715 | |         exc_unpol::lda_c_vwn_2_exc_unpol, vxc_unpol::lda_c_vwn_2_vxc_unpol,
716 | |         fxc_unpol::lda_c_vwn_2_fxc_unpol, kxc_unpol::lda_c_vwn_2_kxc_unpol,
...   |
721 | |         params = ()
722 | |     );
    | |_____- in this macro invocation
    |
    = note: this error originates in the macro `ten_arm_dispatch` (in Nightly builds, run with -Z macro-backtrace for more info)

error: expected one of `!`, `.`, `;`, `?`, `{`, `}`, or an operator, found `::`
   --> src/eval/dispatch.rs:395:23
    |
395 |                   $vxc_p::launch_unchecked::<CpuRuntime>(
    |                         ^^ expected one of 7 possible tokens
...
713 | /     ten_arm_dispatch!(
714 | |         ctx, order, spin,
715 | |         exc_unpol::lda_c_vwn_2_exc_unpol, vxc_unpol::lda_c_vwn_2_vxc_unpol,
716 | |         fxc_unpol::lda_c_vwn_2_fxc_unpol, kxc_unpol::lda_c_vwn_2_kxc_unpol,
...   |
721 | |         params = ()
722 | |     );
    | |_____- in this macro invocation
    |
    = note: this error originates in the macro `ten_arm_dispatch` (in Nightly builds, run with -Z macro-backtrace for more info)

error: expected one of `!`, `.`, `;`, `?`, `{`, `}`, or an operator, found `::`
   --> src/eval/dispatch.rs:403:23
    |
403 |                   $fxc_p::launch_unchecked::<CpuRuntime>(
    |                         ^^ expected one of 7 possible tokens
...
713 | /     ten_arm_dispatch!(
714 | |         ctx, order, spin,
715 | |         exc_unpol::lda_c_vwn_2_exc_unpol, vxc_unpol::lda_c_vwn_2_vxc_unpol,
716 | |         fxc_unpol::lda_c_vwn_2_fxc_unpol, kxc_unpol::lda_c_vwn_2_kxc_unpol,
...   |
721 | |         params = ()
722 | |     );
    | |_____- in this macro invocation
    |
    = note: this error originates in the macro `ten_arm_dispatch` (in Nightly builds, run with -Z macro-backtrace for more info)

error: expected one of `!`, `.`, `;`, `?`, `{`, `}`, or an operator, found `::`
   --> src/eval/dispatch.rs:411:23
    |
411 |                   $kxc_p::launch_unchecked::<CpuRuntime>(
    |                         ^^ expected one of 7 possible tokens
...
713 | /     ten_arm_dispatch!(
714 | |         ctx, order, spin,
715 | |         exc_unpol::lda_c_vwn_2_exc_unpol, vxc_unpol::lda_c_vwn_2_vxc_unpol,
716 | |         fxc_unpol::lda_c_vwn_2_fxc_unpol, kxc_unpol::lda_c_vwn_2_kxc_unpol,
...   |
721 | |         params = ()
722 | |     );
    | |_____- in this macro invocation
    |
    = note: this error originates in the macro `ten_arm_dispatch` (in Nightly builds, run with -Z macro-backtrace for more info)

error: expected one of `!`, `.`, `;`, `?`, `{`, `}`, or an operator, found `::`
   --> src/eval/dispatch.rs:419:23
    |
419 |                   $lxc_p::launch_unchecked::<CpuRuntime>(
    |                         ^^ expected one of 7 possible tokens
...
713 | /     ten_arm_dispatch!(
714 | |         ctx, order, spin,
715 | |         exc_unpol::lda_c_vwn_2_exc_unpol, vxc_unpol::lda_c_vwn_2_vxc_unpol,
716 | |         fxc_unpol::lda_c_vwn_2_fxc_unpol, kxc_unpol::lda_c_vwn_2_kxc_unpol,
...   |
721 | |         params = ()
722 | |     );
    | |_____- in this macro invocation
    |
    = note: this error originates in the macro `ten_arm_dispatch` (in Nightly builds, run with -Z macro-backtrace for more info)

error: expected one of `!`, `.`, `;`, `?`, `{`, `}`, or an operator, found `::`
   --> src/eval/dispatch.rs:347:23
    |
347 |                   $exc_u::launch_unchecked::<CpuRuntime>(
    |                         ^^ expected one of 7 possible tokens
...
728 | /     ten_arm_dispatch!(
729 | |         ctx, order, spin,
730 | |         exc_unpol::lda_c_vwn_3_exc_unpol, vxc_unpol::lda_c_vwn_3_vxc_unpol,
731 | |         fxc_unpol::lda_c_vwn_3_fxc_unpol, kxc_unpol::lda_c_vwn_3_kxc_unpol,
...   |
736 | |         params = ()
737 | |     );
    | |_____- in this macro invocation
    |
    = note: this error originates in the macro `ten_arm_dispatch` (in Nightly builds, run with -Z macro-backtrace for more info)

error: expected one of `!`, `.`, `;`, `?`, `{`, `}`, or an operator, found `::`
   --> src/eval/dispatch.rs:355:23
    |
355 |                   $vxc_u::launch_unchecked::<CpuRuntime>(
    |                         ^^ expected one of 7 possible tokens
...
728 | /     ten_arm_dispatch!(
729 | |         ctx, order, spin,
730 | |         exc_unpol::lda_c_vwn_3_exc_unpol, vxc_unpol::lda_c_vwn_3_vxc_unpol,
731 | |         fxc_unpol::lda_c_vwn_3_fxc_unpol, kxc_unpol::lda_c_vwn_3_kxc_unpol,
...   |
736 | |         params = ()
737 | |     );
    | |_____- in this macro invocation
    |
    = note: this error originates in the macro `ten_arm_dispatch` (in Nightly builds, run with -Z macro-backtrace for more info)

error: expected one of `!`, `.`, `;`, `?`, `{`, `}`, or an operator, found `::`
   --> src/eval/dispatch.rs:363:23
    |
363 |                   $fxc_u::launch_unchecked::<CpuRuntime>(
    |                         ^^ expected one of 7 possible tokens
...
728 | /     ten_arm_dispatch!(
729 | |         ctx, order, spin,
730 | |         exc_unpol::lda_c_vwn_3_exc_unpol, vxc_unpol::lda_c_vwn_3_vxc_unpol,
731 | |         fxc_unpol::lda_c_vwn_3_fxc_unpol, kxc_unpol::lda_c_vwn_3_kxc_unpol,
...   |
736 | |         params = ()
737 | |     );
    | |_____- in this macro invocation
    |
    = note: this error originates in the macro `ten_arm_dispatch` (in Nightly builds, run with -Z macro-backtrace for more info)

error: expected one of `!`, `.`, `;`, `?`, `{`, `}`, or an operator, found `::`
   --> src/eval/dispatch.rs:371:23
    |
371 |                   $kxc_u::launch_unchecked::<CpuRuntime>(
    |                         ^^ expected one of 7 possible tokens
...
728 | /     ten_arm_dispatch!(
729 | |         ctx, order, spin,
730 | |         exc_unpol::lda_c_vwn_3_exc_unpol, vxc_unpol::lda_c_vwn_3_vxc_unpol,
731 | |         fxc_unpol::lda_c_vwn_3_fxc_unpol, kxc_unpol::lda_c_vwn_3_kxc_unpol,
...   |
736 | |         params = ()
737 | |     );
    | |_____- in this macro invocation
    |
    = note: this error originates in the macro `ten_arm_dispatch` (in Nightly builds, run with -Z macro-backtrace for more info)

error: expected one of `!`, `.`, `;`, `?`, `{`, `}`, or an operator, found `::`
   --> src/eval/dispatch.rs:379:23
    |
379 |                   $lxc_u::launch_unchecked::<CpuRuntime>(
    |                         ^^ expected one of 7 possible tokens
...
728 | /     ten_arm_dispatch!(
729 | |         ctx, order, spin,
730 | |         exc_unpol::lda_c_vwn_3_exc_unpol, vxc_unpol::lda_c_vwn_3_vxc_unpol,
731 | |         fxc_unpol::lda_c_vwn_3_fxc_unpol, kxc_unpol::lda_c_vwn_3_kxc_unpol,
...   |
736 | |         params = ()
737 | |     );
    | |_____- in this macro invocation
    |
    = note: this error originates in the macro `ten_arm_dispatch` (in Nightly builds, run with -Z macro-backtrace for more info)

error: expected one of `!`, `.`, `;`, `?`, `{`, `}`, or an operator, found `::`
   --> src/eval/dispatch.rs:387:23
    |
387 |                   $exc_p::launch_unchecked::<CpuRuntime>(
    |                         ^^ expected one of 7 possible tokens
...
728 | /     ten_arm_dispatch!(
729 | |         ctx, order, spin,
730 | |         exc_unpol::lda_c_vwn_3_exc_unpol, vxc_unpol::lda_c_vwn_3_vxc_unpol,
731 | |         fxc_unpol::lda_c_vwn_3_fxc_unpol, kxc_unpol::lda_c_vwn_3_kxc_unpol,
...   |
736 | |         params = ()
737 | |     );
    | |_____- in this macro invocation
    |
    = note: this error originates in the macro `ten_arm_dispatch` (in Nightly builds, run with -Z macro-backtrace for more info)

error: expected one of `!`, `.`, `;`, `?`, `{`, `}`, or an operator, found `::`
   --> src/eval/dispatch.rs:395:23
    |
395 |                   $vxc_p::launch_unchecked::<CpuRuntime>(
    |                         ^^ expected one of 7 possible tokens
...
728 | /     ten_arm_dispatch!(
729 | |         ctx, order, spin,
730 | |         exc_unpol::lda_c_vwn_3_exc_unpol, vxc_unpol::lda_c_vwn_3_vxc_unpol,
731 | |         fxc_unpol::lda_c_vwn_3_fxc_unpol, kxc_unpol::lda_c_vwn_3_kxc_unpol,
...   |
736 | |         params = ()
737 | |     );
    | |_____- in this macro invocation
    |
    = note: this error originates in the macro `ten_arm_dispatch` (in Nightly builds, run with -Z macro-backtrace for more info)

error: expected one of `!`, `.`, `;`, `?`, `{`, `}`, or an operator, found `::`
   --> src/eval/dispatch.rs:403:23
    |
403 |                   $fxc_p::launch_unchecked::<CpuRuntime>(
    |                         ^^ expected one of 7 possible tokens
...
728 | /     ten_arm_dispatch!(
729 | |         ctx, order, spin,
730 | |         exc_unpol::lda_c_vwn_3_exc_unpol, vxc_unpol::lda_c_vwn_3_vxc_unpol,
731 | |         fxc_unpol::lda_c_vwn_3_fxc_unpol, kxc_unpol::lda_c_vwn_3_kxc_unpol,
...   |
736 | |         params = ()
737 | |     );
    | |_____- in this macro invocation
    |
    = note: this error originates in the macro `ten_arm_dispatch` (in Nightly builds, run with -Z macro-backtrace for more info)

error: expected one of `!`, `.`, `;`, `?`, `{`, `}`, or an operator, found `::`
   --> src/eval/dispatch.rs:411:23
    |
411 |                   $kxc_p::launch_unchecked::<CpuRuntime>(
    |                         ^^ expected one of 7 possible tokens
...
728 | /     ten_arm_dispatch!(
729 | |         ctx, order, spin,
730 | |         exc_unpol::lda_c_vwn_3_exc_unpol, vxc_unpol::lda_c_vwn_3_vxc_unpol,
731 | |         fxc_unpol::lda_c_vwn_3_fxc_unpol, kxc_unpol::lda_c_vwn_3_kxc_unpol,
...   |
736 | |         params = ()
737 | |     );
    | |_____- in this macro invocation
    |
    = note: this error originates in the macro `ten_arm_dispatch` (in Nightly builds, run with -Z macro-backtrace for more info)

error: expected one of `!`, `.`, `;`, `?`, `{`, `}`, or an operator, found `::`
   --> src/eval/dispatch.rs:419:23
    |
419 |                   $lxc_p::launch_unchecked::<CpuRuntime>(
    |                         ^^ expected one of 7 possible tokens
...
728 | /     ten_arm_dispatch!(
729 | |         ctx, order, spin,
730 | |         exc_unpol::lda_c_vwn_3_exc_unpol, vxc_unpol::lda_c_vwn_3_vxc_unpol,
731 | |         fxc_unpol::lda_c_vwn_3_fxc_unpol, kxc_unpol::lda_c_vwn_3_kxc_unpol,
...   |
736 | |         params = ()
737 | |     );
    | |_____- in this macro invocation
    |
    = note: this error originates in the macro `ten_arm_dispatch` (in Nightly builds, run with -Z macro-backtrace for more info)

error: expected one of `!`, `.`, `;`, `?`, `{`, `}`, or an operator, found `::`
   --> src/eval/dispatch.rs:347:23
    |
347 |                   $exc_u::launch_unchecked::<CpuRuntime>(
    |                         ^^ expected one of 7 possible tokens
...
743 | /     ten_arm_dispatch!(
744 | |         ctx, order, spin,
745 | |         exc_unpol::lda_c_vwn_4_exc_unpol, vxc_unpol::lda_c_vwn_4_vxc_unpol,
746 | |         fxc_unpol::lda_c_vwn_4_fxc_unpol, kxc_unpol::lda_c_vwn_4_kxc_unpol,
...   |
751 | |         params = ()
752 | |     );
    | |_____- in this macro invocation
    |
    = note: this error originates in the macro `ten_arm_dispatch` (in Nightly builds, run with -Z macro-backtrace for more info)

error: expected one of `!`, `.`, `;`, `?`, `{`, `}`, or an operator, found `::`
   --> src/eval/dispatch.rs:355:23
    |
355 |                   $vxc_u::launch_unchecked::<CpuRuntime>(
    |                         ^^ expected one of 7 possible tokens
...
743 | /     ten_arm_dispatch!(
744 | |         ctx, order, spin,
745 | |         exc_unpol::lda_c_vwn_4_exc_unpol, vxc_unpol::lda_c_vwn_4_vxc_unpol,
746 | |         fxc_unpol::lda_c_vwn_4_fxc_unpol, kxc_unpol::lda_c_vwn_4_kxc_unpol,
...   |
751 | |         params = ()
752 | |     );
    | |_____- in this macro invocation
    |
    = note: this error originates in the macro `ten_arm_dispatch` (in Nightly builds, run with -Z macro-backtrace for more info)

error: expected one of `!`, `.`, `;`, `?`, `{`, `}`, or an operator, found `::`
   --> src/eval/dispatch.rs:363:23
    |
363 |                   $fxc_u::launch_unchecked::<CpuRuntime>(
    |                         ^^ expected one of 7 possible tokens
...
743 | /     ten_arm_dispatch!(
744 | |         ctx, order, spin,
745 | |         exc_unpol::lda_c_vwn_4_exc_unpol, vxc_unpol::lda_c_vwn_4_vxc_unpol,
746 | |         fxc_unpol::lda_c_vwn_4_fxc_unpol, kxc_unpol::lda_c_vwn_4_kxc_unpol,
...   |
751 | |         params = ()
752 | |     );
    | |_____- in this macro invocation
    |
    = note: this error originates in the macro `ten_arm_dispatch` (in Nightly builds, run with -Z macro-backtrace for more info)

error: expected one of `!`, `.`, `;`, `?`, `{`, `}`, or an operator, found `::`
   --> src/eval/dispatch.rs:371:23
    |
371 |                   $kxc_u::launch_unchecked::<CpuRuntime>(
    |                         ^^ expected one of 7 possible tokens
...
743 | /     ten_arm_dispatch!(
744 | |         ctx, order, spin,
745 | |         exc_unpol::lda_c_vwn_4_exc_unpol, vxc_unpol::lda_c_vwn_4_vxc_unpol,
746 | |         fxc_unpol::lda_c_vwn_4_fxc_unpol, kxc_unpol::lda_c_vwn_4_kxc_unpol,
...   |
751 | |         params = ()
752 | |     );
    | |_____- in this macro invocation
    |
    = note: this error originates in the macro `ten_arm_dispatch` (in Nightly builds, run with -Z macro-backtrace for more info)

error: expected one of `!`, `.`, `;`, `?`, `{`, `}`, or an operator, found `::`
   --> src/eval/dispatch.rs:379:23
    |
379 |                   $lxc_u::launch_unchecked::<CpuRuntime>(
    |                         ^^ expected one of 7 possible tokens
...
743 | /     ten_arm_dispatch!(
744 | |         ctx, order, spin,
745 | |         exc_unpol::lda_c_vwn_4_exc_unpol, vxc_unpol::lda_c_vwn_4_vxc_unpol,
746 | |         fxc_unpol::lda_c_vwn_4_fxc_unpol, kxc_unpol::lda_c_vwn_4_kxc_unpol,
...   |
751 | |         params = ()
752 | |     );
    | |_____- in this macro invocation
    |
    = note: this error originates in the macro `ten_arm_dispatch` (in Nightly builds, run with -Z macro-backtrace for more info)

error: expected one of `!`, `.`, `;`, `?`, `{`, `}`, or an operator, found `::`
   --> src/eval/dispatch.rs:387:23
    |
387 |                   $exc_p::launch_unchecked::<CpuRuntime>(
    |                         ^^ expected one of 7 possible tokens
...
743 | /     ten_arm_dispatch!(
744 | |         ctx, order, spin,
745 | |         exc_unpol::lda_c_vwn_4_exc_unpol, vxc_unpol::lda_c_vwn_4_vxc_unpol,
746 | |         fxc_unpol::lda_c_vwn_4_fxc_unpol, kxc_unpol::lda_c_vwn_4_kxc_unpol,
...   |
751 | |         params = ()
752 | |     );
    | |_____- in this macro invocation
    |
    = note: this error originates in the macro `ten_arm_dispatch` (in Nightly builds, run with -Z macro-backtrace for more info)

error: expected one of `!`, `.`, `;`, `?`, `{`, `}`, or an operator, found `::`
   --> src/eval/dispatch.rs:395:23
    |
395 |                   $vxc_p::launch_unchecked::<CpuRuntime>(
    |                         ^^ expected one of 7 possible tokens
...
743 | /     ten_arm_dispatch!(
744 | |         ctx, order, spin,
745 | |         exc_unpol::lda_c_vwn_4_exc_unpol, vxc_unpol::lda_c_vwn_4_vxc_unpol,
746 | |         fxc_unpol::lda_c_vwn_4_fxc_unpol, kxc_unpol::lda_c_vwn_4_kxc_unpol,
...   |
751 | |         params = ()
752 | |     );
    | |_____- in this macro invocation
    |
    = note: this error originates in the macro `ten_arm_dispatch` (in Nightly builds, run with -Z macro-backtrace for more info)

error: expected one of `!`, `.`, `;`, `?`, `{`, `}`, or an operator, found `::`
   --> src/eval/dispatch.rs:403:23
    |
403 |                   $fxc_p::launch_unchecked::<CpuRuntime>(
    |                         ^^ expected one of 7 possible tokens
...
743 | /     ten_arm_dispatch!(
744 | |         ctx, order, spin,
745 | |         exc_unpol::lda_c_vwn_4_exc_unpol, vxc_unpol::lda_c_vwn_4_vxc_unpol,
746 | |         fxc_unpol::lda_c_vwn_4_fxc_unpol, kxc_unpol::lda_c_vwn_4_kxc_unpol,
...   |
751 | |         params = ()
752 | |     );
    | |_____- in this macro invocation
    |
    = note: this error originates in the macro `ten_arm_dispatch` (in Nightly builds, run with -Z macro-backtrace for more info)

error: expected one of `!`, `.`, `;`, `?`, `{`, `}`, or an operator, found `::`
   --> src/eval/dispatch.rs:411:23
    |
411 |                   $kxc_p::launch_unchecked::<CpuRuntime>(
    |                         ^^ expected one of 7 possible tokens
...
743 | /     ten_arm_dispatch!(
744 | |         ctx, order, spin,
745 | |         exc_unpol::lda_c_vwn_4_exc_unpol, vxc_unpol::lda_c_vwn_4_vxc_unpol,
746 | |         fxc_unpol::lda_c_vwn_4_fxc_unpol, kxc_unpol::lda_c_vwn_4_kxc_unpol,
...   |
751 | |         params = ()
752 | |     );
    | |_____- in this macro invocation
    |
    = note: this error originates in the macro `ten_arm_dispatch` (in Nightly builds, run with -Z macro-backtrace for more info)

error: expected one of `!`, `.`, `;`, `?`, `{`, `}`, or an operator, found `::`
   --> src/eval/dispatch.rs:419:23
    |
419 |                   $lxc_p::launch_unchecked::<CpuRuntime>(
    |                         ^^ expected one of 7 possible tokens
...
743 | /     ten_arm_dispatch!(
744 | |         ctx, order, spin,
745 | |         exc_unpol::lda_c_vwn_4_exc_unpol, vxc_unpol::lda_c_vwn_4_vxc_unpol,
746 | |         fxc_unpol::lda_c_vwn_4_fxc_unpol, kxc_unpol::lda_c_vwn_4_kxc_unpol,
...   |
751 | |         params = ()
752 | |     );
    | |_____- in this macro invocation
    |
    = note: this error originates in the macro `ten_arm_dispatch` (in Nightly builds, run with -Z macro-backtrace for more info)

error: expected one of `!`, `.`, `;`, `?`, `{`, `}`, or an operator, found `::`
   --> src/eval/dispatch.rs:347:23
    |
347 |                   $exc_u::launch_unchecked::<CpuRuntime>(
    |                         ^^ expected one of 7 possible tokens
...
763 | /     ten_arm_dispatch!(
764 | |         ctx, order, spin,
765 | |         exc_unpol::lda_c_pz_exc_unpol, vxc_unpol::lda_c_pz_vxc_unpol,
766 | |         fxc_unpol::lda_c_pz_fxc_unpol, kxc_unpol::lda_c_pz_kxc_unpol,
...   |
780 | |     );
    | |_____- in this macro invocation
    |
    = note: this error originates in the macro `ten_arm_dispatch` (in Nightly builds, run with -Z macro-backtrace for more info)

error: expected one of `!`, `.`, `;`, `?`, `{`, `}`, or an operator, found `::`
   --> src/eval/dispatch.rs:355:23
    |
355 |                   $vxc_u::launch_unchecked::<CpuRuntime>(
    |                         ^^ expected one of 7 possible tokens
...
763 | /     ten_arm_dispatch!(
764 | |         ctx, order, spin,
765 | |         exc_unpol::lda_c_pz_exc_unpol, vxc_unpol::lda_c_pz_vxc_unpol,
766 | |         fxc_unpol::lda_c_pz_fxc_unpol, kxc_unpol::lda_c_pz_kxc_unpol,
...   |
780 | |     );
    | |_____- in this macro invocation
    |
    = note: this error originates in the macro `ten_arm_dispatch` (in Nightly builds, run with -Z macro-backtrace for more info)

error: expected one of `!`, `.`, `;`, `?`, `{`, `}`, or an operator, found `::`
   --> src/eval/dispatch.rs:363:23
    |
363 |                   $fxc_u::launch_unchecked::<CpuRuntime>(
    |                         ^^ expected one of 7 possible tokens
...
763 | /     ten_arm_dispatch!(
764 | |         ctx, order, spin,
765 | |         exc_unpol::lda_c_pz_exc_unpol, vxc_unpol::lda_c_pz_vxc_unpol,
766 | |         fxc_unpol::lda_c_pz_fxc_unpol, kxc_unpol::lda_c_pz_kxc_unpol,
...   |
780 | |     );
    | |_____- in this macro invocation
    |
    = note: this error originates in the macro `ten_arm_dispatch` (in Nightly builds, run with -Z macro-backtrace for more info)

error: expected one of `!`, `.`, `;`, `?`, `{`, `}`, or an operator, found `::`
   --> src/eval/dispatch.rs:371:23
    |
371 |                   $kxc_u::launch_unchecked::<CpuRuntime>(
    |                         ^^ expected one of 7 possible tokens
...
763 | /     ten_arm_dispatch!(
764 | |         ctx, order, spin,
765 | |         exc_unpol::lda_c_pz_exc_unpol, vxc_unpol::lda_c_pz_vxc_unpol,
766 | |         fxc_unpol::lda_c_pz_fxc_unpol, kxc_unpol::lda_c_pz_kxc_unpol,
...   |
780 | |     );
    | |_____- in this macro invocation
    |
    = note: this error originates in the macro `ten_arm_dispatch` (in Nightly builds, run with -Z macro-backtrace for more info)

error: expected one of `!`, `.`, `;`, `?`, `{`, `}`, or an operator, found `::`
   --> src/eval/dispatch.rs:379:23
    |
379 |                   $lxc_u::launch_unchecked::<CpuRuntime>(
    |                         ^^ expected one of 7 possible tokens
...
763 | /     ten_arm_dispatch!(
764 | |         ctx, order, spin,
765 | |         exc_unpol::lda_c_pz_exc_unpol, vxc_unpol::lda_c_pz_vxc_unpol,
766 | |         fxc_unpol::lda_c_pz_fxc_unpol, kxc_unpol::lda_c_pz_kxc_unpol,
...   |
780 | |     );
    | |_____- in this macro invocation
    |
    = note: this error originates in the macro `ten_arm_dispatch` (in Nightly builds, run with -Z macro-backtrace for more info)

error: expected one of `!`, `.`, `;`, `?`, `{`, `}`, or an operator, found `::`
   --> src/eval/dispatch.rs:387:23
    |
387 |                   $exc_p::launch_unchecked::<CpuRuntime>(
    |                         ^^ expected one of 7 possible tokens
...
763 | /     ten_arm_dispatch!(
764 | |         ctx, order, spin,
765 | |         exc_unpol::lda_c_pz_exc_unpol, vxc_unpol::lda_c_pz_vxc_unpol,
766 | |         fxc_unpol::lda_c_pz_fxc_unpol, kxc_unpol::lda_c_pz_kxc_unpol,
...   |
780 | |     );
    | |_____- in this macro invocation
    |
    = note: this error originates in the macro `ten_arm_dispatch` (in Nightly builds, run with -Z macro-backtrace for more info)

error: expected one of `!`, `.`, `;`, `?`, `{`, `}`, or an operator, found `::`
   --> src/eval/dispatch.rs:395:23
    |
395 |                   $vxc_p::launch_unchecked::<CpuRuntime>(
    |                         ^^ expected one of 7 possible tokens
...
763 | /     ten_arm_dispatch!(
764 | |         ctx, order, spin,
765 | |         exc_unpol::lda_c_pz_exc_unpol, vxc_unpol::lda_c_pz_vxc_unpol,
766 | |         fxc_unpol::lda_c_pz_fxc_unpol, kxc_unpol::lda_c_pz_kxc_unpol,
...   |
780 | |     );
    | |_____- in this macro invocation
    |
    = note: this error originates in the macro `ten_arm_dispatch` (in Nightly builds, run with -Z macro-backtrace for more info)

error: expected one of `!`, `.`, `;`, `?`, `{`, `}`, or an operator, found `::`
   --> src/eval/dispatch.rs:403:23
    |
403 |                   $fxc_p::launch_unchecked::<CpuRuntime>(
    |                         ^^ expected one of 7 possible tokens
...
763 | /     ten_arm_dispatch!(
764 | |         ctx, order, spin,
765 | |         exc_unpol::lda_c_pz_exc_unpol, vxc_unpol::lda_c_pz_vxc_unpol,
766 | |         fxc_unpol::lda_c_pz_fxc_unpol, kxc_unpol::lda_c_pz_kxc_unpol,
...   |
780 | |     );
    | |_____- in this macro invocation
    |
    = note: this error originates in the macro `ten_arm_dispatch` (in Nightly builds, run with -Z macro-backtrace for more info)

error: expected one of `!`, `.`, `;`, `?`, `{`, `}`, or an operator, found `::`
   --> src/eval/dispatch.rs:411:23
    |
411 |                   $kxc_p::launch_unchecked::<CpuRuntime>(
    |                         ^^ expected one of 7 possible tokens
...
763 | /     ten_arm_dispatch!(
764 | |         ctx, order, spin,
765 | |         exc_unpol::lda_c_pz_exc_unpol, vxc_unpol::lda_c_pz_vxc_unpol,
766 | |         fxc_unpol::lda_c_pz_fxc_unpol, kxc_unpol::lda_c_pz_kxc_unpol,
...   |
780 | |     );
    | |_____- in this macro invocation
    |
    = note: this error originates in the macro `ten_arm_dispatch` (in Nightly builds, run with -Z macro-backtrace for more info)

error: expected one of `!`, `.`, `;`, `?`, `{`, `}`, or an operator, found `::`
   --> src/eval/dispatch.rs:419:23
    |
419 |                   $lxc_p::launch_unchecked::<CpuRuntime>(
    |                         ^^ expected one of 7 possible tokens
...
763 | /     ten_arm_dispatch!(
764 | |         ctx, order, spin,
765 | |         exc_unpol::lda_c_pz_exc_unpol, vxc_unpol::lda_c_pz_vxc_unpol,
766 | |         fxc_unpol::lda_c_pz_fxc_unpol, kxc_unpol::lda_c_pz_kxc_unpol,
...   |
780 | |     );
    | |_____- in this macro invocation
    |
    = note: this error originates in the macro `ten_arm_dispatch` (in Nightly builds, run with -Z macro-backtrace for more info)

error: expected one of `!`, `.`, `;`, `?`, `{`, `}`, or an operator, found `::`
   --> src/eval/dispatch.rs:347:23
    |
347 |                   $exc_u::launch_unchecked::<CpuRuntime>(
    |                         ^^ expected one of 7 possible tokens
...
791 | /     ten_arm_dispatch!(
792 | |         ctx, order, spin,
793 | |         exc_unpol::lda_c_pw_exc_unpol, vxc_unpol::lda_c_pw_vxc_unpol,
794 | |         fxc_unpol::lda_c_pw_fxc_unpol, kxc_unpol::lda_c_pw_kxc_unpol,
...   |
809 | |     );
    | |_____- in this macro invocation
    |
    = note: this error originates in the macro `ten_arm_dispatch` (in Nightly builds, run with -Z macro-backtrace for more info)

error: expected one of `!`, `.`, `;`, `?`, `{`, `}`, or an operator, found `::`
   --> src/eval/dispatch.rs:355:23
    |
355 |                   $vxc_u::launch_unchecked::<CpuRuntime>(
    |                         ^^ expected one of 7 possible tokens
...
791 | /     ten_arm_dispatch!(
792 | |         ctx, order, spin,
793 | |         exc_unpol::lda_c_pw_exc_unpol, vxc_unpol::lda_c_pw_vxc_unpol,
794 | |         fxc_unpol::lda_c_pw_fxc_unpol, kxc_unpol::lda_c_pw_kxc_unpol,
...   |
809 | |     );
    | |_____- in this macro invocation
    |
    = note: this error originates in the macro `ten_arm_dispatch` (in Nightly builds, run with -Z macro-backtrace for more info)

error: expected one of `!`, `.`, `;`, `?`, `{`, `}`, or an operator, found `::`
   --> src/eval/dispatch.rs:363:23
    |
363 |                   $fxc_u::launch_unchecked::<CpuRuntime>(
    |                         ^^ expected one of 7 possible tokens
...
791 | /     ten_arm_dispatch!(
792 | |         ctx, order, spin,
793 | |         exc_unpol::lda_c_pw_exc_unpol, vxc_unpol::lda_c_pw_vxc_unpol,
794 | |         fxc_unpol::lda_c_pw_fxc_unpol, kxc_unpol::lda_c_pw_kxc_unpol,
...   |
809 | |     );
    | |_____- in this macro invocation
    |
    = note: this error originates in the macro `ten_arm_dispatch` (in Nightly builds, run with -Z macro-backtrace for more info)

error: expected one of `!`, `.`, `;`, `?`, `{`, `}`, or an operator, found `::`
   --> src/eval/dispatch.rs:371:23
    |
371 |                   $kxc_u::launch_unchecked::<CpuRuntime>(
    |                         ^^ expected one of 7 possible tokens
...
791 | /     ten_arm_dispatch!(
792 | |         ctx, order, spin,
793 | |         exc_unpol::lda_c_pw_exc_unpol, vxc_unpol::lda_c_pw_vxc_unpol,
794 | |         fxc_unpol::lda_c_pw_fxc_unpol, kxc_unpol::lda_c_pw_kxc_unpol,
...   |
809 | |     );
    | |_____- in this macro invocation
    |
    = note: this error originates in the macro `ten_arm_dispatch` (in Nightly builds, run with -Z macro-backtrace for more info)

error: expected one of `!`, `.`, `;`, `?`, `{`, `}`, or an operator, found `::`
   --> src/eval/dispatch.rs:379:23
    |
379 |                   $lxc_u::launch_unchecked::<CpuRuntime>(
    |                         ^^ expected one of 7 possible tokens
...
791 | /     ten_arm_dispatch!(
792 | |         ctx, order, spin,
793 | |         exc_unpol::lda_c_pw_exc_unpol, vxc_unpol::lda_c_pw_vxc_unpol,
794 | |         fxc_unpol::lda_c_pw_fxc_unpol, kxc_unpol::lda_c_pw_kxc_unpol,
...   |
809 | |     );
    | |_____- in this macro invocation
    |
    = note: this error originates in the macro `ten_arm_dispatch` (in Nightly builds, run with -Z macro-backtrace for more info)

error: expected one of `!`, `.`, `;`, `?`, `{`, `}`, or an operator, found `::`
   --> src/eval/dispatch.rs:387:23
    |
387 |                   $exc_p::launch_unchecked::<CpuRuntime>(
    |                         ^^ expected one of 7 possible tokens
...
791 | /     ten_arm_dispatch!(
792 | |         ctx, order, spin,
793 | |         exc_unpol::lda_c_pw_exc_unpol, vxc_unpol::lda_c_pw_vxc_unpol,
794 | |         fxc_unpol::lda_c_pw_fxc_unpol, kxc_unpol::lda_c_pw_kxc_unpol,
...   |
809 | |     );
    | |_____- in this macro invocation
    |
    = note: this error originates in the macro `ten_arm_dispatch` (in Nightly builds, run with -Z macro-backtrace for more info)

error: expected one of `!`, `.`, `;`, `?`, `{`, `}`, or an operator, found `::`
   --> src/eval/dispatch.rs:395:23
    |
395 |                   $vxc_p::launch_unchecked::<CpuRuntime>(
    |                         ^^ expected one of 7 possible tokens
...
791 | /     ten_arm_dispatch!(
792 | |         ctx, order, spin,
793 | |         exc_unpol::lda_c_pw_exc_unpol, vxc_unpol::lda_c_pw_vxc_unpol,
794 | |         fxc_unpol::lda_c_pw_fxc_unpol, kxc_unpol::lda_c_pw_kxc_unpol,
...   |
809 | |     );
    | |_____- in this macro invocation
    |
    = note: this error originates in the macro `ten_arm_dispatch` (in Nightly builds, run with -Z macro-backtrace for more info)

error: expected one of `!`, `.`, `;`, `?`, `{`, `}`, or an operator, found `::`
   --> src/eval/dispatch.rs:403:23
    |
403 |                   $fxc_p::launch_unchecked::<CpuRuntime>(
    |                         ^^ expected one of 7 possible tokens
...
791 | /     ten_arm_dispatch!(
792 | |         ctx, order, spin,
793 | |         exc_unpol::lda_c_pw_exc_unpol, vxc_unpol::lda_c_pw_vxc_unpol,
794 | |         fxc_unpol::lda_c_pw_fxc_unpol, kxc_unpol::lda_c_pw_kxc_unpol,
...   |
809 | |     );
    | |_____- in this macro invocation
    |
    = note: this error originates in the macro `ten_arm_dispatch` (in Nightly builds, run with -Z macro-backtrace for more info)

error: expected one of `!`, `.`, `;`, `?`, `{`, `}`, or an operator, found `::`
   --> src/eval/dispatch.rs:411:23
    |
411 |                   $kxc_p::launch_unchecked::<CpuRuntime>(
    |                         ^^ expected one of 7 possible tokens
...
791 | /     ten_arm_dispatch!(
792 | |         ctx, order, spin,
793 | |         exc_unpol::lda_c_pw_exc_unpol, vxc_unpol::lda_c_pw_vxc_unpol,
794 | |         fxc_unpol::lda_c_pw_fxc_unpol, kxc_unpol::lda_c_pw_kxc_unpol,
...   |
809 | |     );
    | |_____- in this macro invocation
    |
    = note: this error originates in the macro `ten_arm_dispatch` (in Nightly builds, run with -Z macro-backtrace for more info)

error: expected one of `!`, `.`, `;`, `?`, `{`, `}`, or an operator, found `::`
   --> src/eval/dispatch.rs:419:23
    |
419 |                   $lxc_p::launch_unchecked::<CpuRuntime>(
    |                         ^^ expected one of 7 possible tokens
...
791 | /     ten_arm_dispatch!(
792 | |         ctx, order, spin,
793 | |         exc_unpol::lda_c_pw_exc_unpol, vxc_unpol::lda_c_pw_vxc_unpol,
794 | |         fxc_unpol::lda_c_pw_fxc_unpol, kxc_unpol::lda_c_pw_kxc_unpol,
...   |
809 | |     );
    | |_____- in this macro invocation
    |
    = note: this error originates in the macro `ten_arm_dispatch` (in Nightly builds, run with -Z macro-backtrace for more info)

error: expected one of `!`, `.`, `;`, `?`, `{`, `}`, or an operator, found `::`
   --> src/eval/dispatch.rs:347:23
    |
347 |                   $exc_u::launch_unchecked::<CpuRuntime>(
    |                         ^^ expected one of 7 possible tokens
...
816 | /     ten_arm_dispatch!(
817 | |         ctx, order, spin,
818 | |         exc_unpol::lda_c_wigner_exc_unpol, vxc_unpol::lda_c_wigner_vxc_unpol,
819 | |         fxc_unpol::lda_c_wigner_fxc_unpol, kxc_unpol::lda_c_wigner_kxc_unpol,
...   |
824 | |         params = (-0.44_f64, 7.8_f64)
825 | |     );
    | |_____- in this macro invocation
    |
    = note: this error originates in the macro `ten_arm_dispatch` (in Nightly builds, run with -Z macro-backtrace for more info)

error: expected one of `!`, `.`, `;`, `?`, `{`, `}`, or an operator, found `::`
   --> src/eval/dispatch.rs:355:23
    |
355 |                   $vxc_u::launch_unchecked::<CpuRuntime>(
    |                         ^^ expected one of 7 possible tokens
...
816 | /     ten_arm_dispatch!(
817 | |         ctx, order, spin,
818 | |         exc_unpol::lda_c_wigner_exc_unpol, vxc_unpol::lda_c_wigner_vxc_unpol,
819 | |         fxc_unpol::lda_c_wigner_fxc_unpol, kxc_unpol::lda_c_wigner_kxc_unpol,
...   |
824 | |         params = (-0.44_f64, 7.8_f64)
825 | |     );
    | |_____- in this macro invocation
    |
    = note: this error originates in the macro `ten_arm_dispatch` (in Nightly builds, run with -Z macro-backtrace for more info)

error: expected one of `!`, `.`, `;`, `?`, `{`, `}`, or an operator, found `::`
   --> src/eval/dispatch.rs:363:23
    |
363 |                   $fxc_u::launch_unchecked::<CpuRuntime>(
    |                         ^^ expected one of 7 possible tokens
...
816 | /     ten_arm_dispatch!(
817 | |         ctx, order, spin,
818 | |         exc_unpol::lda_c_wigner_exc_unpol, vxc_unpol::lda_c_wigner_vxc_unpol,
819 | |         fxc_unpol::lda_c_wigner_fxc_unpol, kxc_unpol::lda_c_wigner_kxc_unpol,
...   |
824 | |         params = (-0.44_f64, 7.8_f64)
825 | |     );
    | |_____- in this macro invocation
    |
    = note: this error originates in the macro `ten_arm_dispatch` (in Nightly builds, run with -Z macro-backtrace for more info)

error: expected one of `!`, `.`, `;`, `?`, `{`, `}`, or an operator, found `::`
   --> src/eval/dispatch.rs:371:23
    |
371 |                   $kxc_u::launch_unchecked::<CpuRuntime>(
    |                         ^^ expected one of 7 possible tokens
...
816 | /     ten_arm_dispatch!(
817 | |         ctx, order, spin,
818 | |         exc_unpol::lda_c_wigner_exc_unpol, vxc_unpol::lda_c_wigner_vxc_unpol,
819 | |         fxc_unpol::lda_c_wigner_fxc_unpol, kxc_unpol::lda_c_wigner_kxc_unpol,
...   |
824 | |         params = (-0.44_f64, 7.8_f64)
825 | |     );
    | |_____- in this macro invocation
    |
    = note: this error originates in the macro `ten_arm_dispatch` (in Nightly builds, run with -Z macro-backtrace for more info)

error: expected one of `!`, `.`, `;`, `?`, `{`, `}`, or an operator, found `::`
   --> src/eval/dispatch.rs:379:23
    |
379 |                   $lxc_u::launch_unchecked::<CpuRuntime>(
    |                         ^^ expected one of 7 possible tokens
...
816 | /     ten_arm_dispatch!(
817 | |         ctx, order, spin,
818 | |         exc_unpol::lda_c_wigner_exc_unpol, vxc_unpol::lda_c_wigner_vxc_unpol,
819 | |         fxc_unpol::lda_c_wigner_fxc_unpol, kxc_unpol::lda_c_wigner_kxc_unpol,
...   |
824 | |         params = (-0.44_f64, 7.8_f64)
825 | |     );
    | |_____- in this macro invocation
    |
    = note: this error originates in the macro `ten_arm_dispatch` (in Nightly builds, run with -Z macro-backtrace for more info)

error: expected one of `!`, `.`, `;`, `?`, `{`, `}`, or an operator, found `::`
   --> src/eval/dispatch.rs:387:23
    |
387 |                   $exc_p::launch_unchecked::<CpuRuntime>(
    |                         ^^ expected one of 7 possible tokens
...
816 | /     ten_arm_dispatch!(
817 | |         ctx, order, spin,
818 | |         exc_unpol::lda_c_wigner_exc_unpol, vxc_unpol::lda_c_wigner_vxc_unpol,
819 | |         fxc_unpol::lda_c_wigner_fxc_unpol, kxc_unpol::lda_c_wigner_kxc_unpol,
...   |
824 | |         params = (-0.44_f64, 7.8_f64)
825 | |     );
    | |_____- in this macro invocation
    |
    = note: this error originates in the macro `ten_arm_dispatch` (in Nightly builds, run with -Z macro-backtrace for more info)

error: expected one of `!`, `.`, `;`, `?`, `{`, `}`, or an operator, found `::`
   --> src/eval/dispatch.rs:395:23
    |
395 |                   $vxc_p::launch_unchecked::<CpuRuntime>(
    |                         ^^ expected one of 7 possible tokens
...
816 | /     ten_arm_dispatch!(
817 | |         ctx, order, spin,
818 | |         exc_unpol::lda_c_wigner_exc_unpol, vxc_unpol::lda_c_wigner_vxc_unpol,
819 | |         fxc_unpol::lda_c_wigner_fxc_unpol, kxc_unpol::lda_c_wigner_kxc_unpol,
...   |
824 | |         params = (-0.44_f64, 7.8_f64)
825 | |     );
    | |_____- in this macro invocation
    |
    = note: this error originates in the macro `ten_arm_dispatch` (in Nightly builds, run with -Z macro-backtrace for more info)

error: expected one of `!`, `.`, `;`, `?`, `{`, `}`, or an operator, found `::`
   --> src/eval/dispatch.rs:403:23
    |
403 |                   $fxc_p::launch_unchecked::<CpuRuntime>(
    |                         ^^ expected one of 7 possible tokens
...
816 | /     ten_arm_dispatch!(
817 | |         ctx, order, spin,
818 | |         exc_unpol::lda_c_wigner_exc_unpol, vxc_unpol::lda_c_wigner_vxc_unpol,
819 | |         fxc_unpol::lda_c_wigner_fxc_unpol, kxc_unpol::lda_c_wigner_kxc_unpol,
...   |
824 | |         params = (-0.44_f64, 7.8_f64)
825 | |     );
    | |_____- in this macro invocation
    |
    = note: this error originates in the macro `ten_arm_dispatch` (in Nightly builds, run with -Z macro-backtrace for more info)

error: expected one of `!`, `.`, `;`, `?`, `{`, `}`, or an operator, found `::`
   --> src/eval/dispatch.rs:411:23
    |
411 |                   $kxc_p::launch_unchecked::<CpuRuntime>(
    |                         ^^ expected one of 7 possible tokens
...
816 | /     ten_arm_dispatch!(
817 | |         ctx, order, spin,
818 | |         exc_unpol::lda_c_wigner_exc_unpol, vxc_unpol::lda_c_wigner_vxc_unpol,
819 | |         fxc_unpol::lda_c_wigner_fxc_unpol, kxc_unpol::lda_c_wigner_kxc_unpol,
...   |
824 | |         params = (-0.44_f64, 7.8_f64)
825 | |     );
    | |_____- in this macro invocation
    |
    = note: this error originates in the macro `ten_arm_dispatch` (in Nightly builds, run with -Z macro-backtrace for more info)

error: expected one of `!`, `.`, `;`, `?`, `{`, `}`, or an operator, found `::`
   --> src/eval/dispatch.rs:419:23
    |
419 |                   $lxc_p::launch_unchecked::<CpuRuntime>(
    |                         ^^ expected one of 7 possible tokens
...
816 | /     ten_arm_dispatch!(
817 | |         ctx, order, spin,
818 | |         exc_unpol::lda_c_wigner_exc_unpol, vxc_unpol::lda_c_wigner_vxc_unpol,
819 | |         fxc_unpol::lda_c_wigner_fxc_unpol, kxc_unpol::lda_c_wigner_kxc_unpol,
...   |
824 | |         params = (-0.44_f64, 7.8_f64)
825 | |     );
    | |_____- in this macro invocation
    |
    = note: this error originates in the macro `ten_arm_dispatch` (in Nightly builds, run with -Z macro-backtrace for more info)

error: expected one of `!`, `.`, `;`, `?`, `{`, `}`, or an operator, found `::`
   --> src/eval/dispatch.rs:347:23
    |
347 |                   $exc_u::launch_unchecked::<CpuRuntime>(
    |                         ^^ expected one of 7 possible tokens
...
831 | /     ten_arm_dispatch!(
832 | |         ctx, order, spin,
833 | |         exc_unpol::lda_c_rc04_exc_unpol, vxc_unpol::lda_c_rc04_vxc_unpol,
834 | |         fxc_unpol::lda_c_rc04_fxc_unpol, kxc_unpol::lda_c_rc04_kxc_unpol,
...   |
839 | |         params = ()
840 | |     );
    | |_____- in this macro invocation
    |
    = note: this error originates in the macro `ten_arm_dispatch` (in Nightly builds, run with -Z macro-backtrace for more info)

error: expected one of `!`, `.`, `;`, `?`, `{`, `}`, or an operator, found `::`
   --> src/eval/dispatch.rs:355:23
    |
355 |                   $vxc_u::launch_unchecked::<CpuRuntime>(
    |                         ^^ expected one of 7 possible tokens
...
831 | /     ten_arm_dispatch!(
832 | |         ctx, order, spin,
833 | |         exc_unpol::lda_c_rc04_exc_unpol, vxc_unpol::lda_c_rc04_vxc_unpol,
834 | |         fxc_unpol::lda_c_rc04_fxc_unpol, kxc_unpol::lda_c_rc04_kxc_unpol,
...   |
839 | |         params = ()
840 | |     );
    | |_____- in this macro invocation
    |
    = note: this error originates in the macro `ten_arm_dispatch` (in Nightly builds, run with -Z macro-backtrace for more info)

error: expected one of `!`, `.`, `;`, `?`, `{`, `}`, or an operator, found `::`
   --> src/eval/dispatch.rs:363:23
    |
363 |                   $fxc_u::launch_unchecked::<CpuRuntime>(
    |                         ^^ expected one of 7 possible tokens
...
831 | /     ten_arm_dispatch!(
832 | |         ctx, order, spin,
833 | |         exc_unpol::lda_c_rc04_exc_unpol, vxc_unpol::lda_c_rc04_vxc_unpol,
834 | |         fxc_unpol::lda_c_rc04_fxc_unpol, kxc_unpol::lda_c_rc04_kxc_unpol,
...   |
839 | |         params = ()
840 | |     );
    | |_____- in this macro invocation
    |
    = note: this error originates in the macro `ten_arm_dispatch` (in Nightly builds, run with -Z macro-backtrace for more info)

error: expected one of `!`, `.`, `;`, `?`, `{`, `}`, or an operator, found `::`
   --> src/eval/dispatch.rs:371:23
    |
371 |                   $kxc_u::launch_unchecked::<CpuRuntime>(
    |                         ^^ expected one of 7 possible tokens
...
831 | /     ten_arm_dispatch!(
832 | |         ctx, order, spin,
833 | |         exc_unpol::lda_c_rc04_exc_unpol, vxc_unpol::lda_c_rc04_vxc_unpol,
834 | |         fxc_unpol::lda_c_rc04_fxc_unpol, kxc_unpol::lda_c_rc04_kxc_unpol,
...   |
839 | |         params = ()
840 | |     );
    | |_____- in this macro invocation
    |
    = note: this error originates in the macro `ten_arm_dispatch` (in Nightly builds, run with -Z macro-backtrace for more info)

error: expected one of `!`, `.`, `;`, `?`, `{`, `}`, or an operator, found `::`
   --> src/eval/dispatch.rs:379:23
    |
379 |                   $lxc_u::launch_unchecked::<CpuRuntime>(
    |                         ^^ expected one of 7 possible tokens
...
831 | /     ten_arm_dispatch!(
832 | |         ctx, order, spin,
833 | |         exc_unpol::lda_c_rc04_exc_unpol, vxc_unpol::lda_c_rc04_vxc_unpol,
834 | |         fxc_unpol::lda_c_rc04_fxc_unpol, kxc_unpol::lda_c_rc04_kxc_unpol,
...   |
839 | |         params = ()
840 | |     );
    | |_____- in this macro invocation
    |
    = note: this error originates in the macro `ten_arm_dispatch` (in Nightly builds, run with -Z macro-backtrace for more info)

error: expected one of `!`, `.`, `;`, `?`, `{`, `}`, or an operator, found `::`
   --> src/eval/dispatch.rs:387:23
    |
387 |                   $exc_p::launch_unchecked::<CpuRuntime>(
    |                         ^^ expected one of 7 possible tokens
...
831 | /     ten_arm_dispatch!(
832 | |         ctx, order, spin,
833 | |         exc_unpol::lda_c_rc04_exc_unpol, vxc_unpol::lda_c_rc04_vxc_unpol,
834 | |         fxc_unpol::lda_c_rc04_fxc_unpol, kxc_unpol::lda_c_rc04_kxc_unpol,
...   |
839 | |         params = ()
840 | |     );
    | |_____- in this macro invocation
    |
    = note: this error originates in the macro `ten_arm_dispatch` (in Nightly builds, run with -Z macro-backtrace for more info)

error: expected one of `!`, `.`, `;`, `?`, `{`, `}`, or an operator, found `::`
   --> src/eval/dispatch.rs:395:23
    |
395 |                   $vxc_p::launch_unchecked::<CpuRuntime>(
    |                         ^^ expected one of 7 possible tokens
...
831 | /     ten_arm_dispatch!(
832 | |         ctx, order, spin,
833 | |         exc_unpol::lda_c_rc04_exc_unpol, vxc_unpol::lda_c_rc04_vxc_unpol,
834 | |         fxc_unpol::lda_c_rc04_fxc_unpol, kxc_unpol::lda_c_rc04_kxc_unpol,
...   |
839 | |         params = ()
840 | |     );
    | |_____- in this macro invocation
    |
    = note: this error originates in the macro `ten_arm_dispatch` (in Nightly builds, run with -Z macro-backtrace for more info)

error: expected one of `!`, `.`, `;`, `?`, `{`, `}`, or an operator, found `::`
   --> src/eval/dispatch.rs:403:23
    |
403 |                   $fxc_p::launch_unchecked::<CpuRuntime>(
    |                         ^^ expected one of 7 possible tokens
...
831 | /     ten_arm_dispatch!(
832 | |         ctx, order, spin,
833 | |         exc_unpol::lda_c_rc04_exc_unpol, vxc_unpol::lda_c_rc04_vxc_unpol,
834 | |         fxc_unpol::lda_c_rc04_fxc_unpol, kxc_unpol::lda_c_rc04_kxc_unpol,
...   |
839 | |         params = ()
840 | |     );
    | |_____- in this macro invocation
    |
    = note: this error originates in the macro `ten_arm_dispatch` (in Nightly builds, run with -Z macro-backtrace for more info)

error: expected one of `!`, `.`, `;`, `?`, `{`, `}`, or an operator, found `::`
   --> src/eval/dispatch.rs:411:23
    |
411 |                   $kxc_p::launch_unchecked::<CpuRuntime>(
    |                         ^^ expected one of 7 possible tokens
...
831 | /     ten_arm_dispatch!(
832 | |         ctx, order, spin,
833 | |         exc_unpol::lda_c_rc04_exc_unpol, vxc_unpol::lda_c_rc04_vxc_unpol,
834 | |         fxc_unpol::lda_c_rc04_fxc_unpol, kxc_unpol::lda_c_rc04_kxc_unpol,
...   |
839 | |         params = ()
840 | |     );
    | |_____- in this macro invocation
    |
    = note: this error originates in the macro `ten_arm_dispatch` (in Nightly builds, run with -Z macro-backtrace for more info)

error: expected one of `!`, `.`, `;`, `?`, `{`, `}`, or an operator, found `::`
   --> src/eval/dispatch.rs:419:23
    |
419 |                   $lxc_p::launch_unchecked::<CpuRuntime>(
    |                         ^^ expected one of 7 possible tokens
...
831 | /     ten_arm_dispatch!(
832 | |         ctx, order, spin,
833 | |         exc_unpol::lda_c_rc04_exc_unpol, vxc_unpol::lda_c_rc04_vxc_unpol,
834 | |         fxc_unpol::lda_c_rc04_fxc_unpol, kxc_unpol::lda_c_rc04_kxc_unpol,
...   |
839 | |         params = ()
840 | |     );
    | |_____- in this macro invocation
    |
    = note: this error originates in the macro `ten_arm_dispatch` (in Nightly builds, run with -Z macro-backtrace for more info)

error: expected one of `!`, `.`, `;`, `?`, `{`, `}`, or an operator, found `::`
   --> src/eval/dispatch.rs:347:23
    |
347 |                   $exc_u::launch_unchecked::<CpuRuntime>(
    |                         ^^ expected one of 7 possible tokens
...
846 | /     ten_arm_dispatch!(
847 | |         ctx, order, spin,
848 | |         exc_unpol::lda_c_2d_amgb_exc_unpol, vxc_unpol::lda_c_2d_amgb_vxc_unpol,
849 | |         fxc_unpol::lda_c_2d_amgb_fxc_unpol, kxc_unpol::lda_c_2d_amgb_kxc_unpol,
...   |
854 | |         params = ()
855 | |     );
    | |_____- in this macro invocation
    |
    = note: this error originates in the macro `ten_arm_dispatch` (in Nightly builds, run with -Z macro-backtrace for more info)

error: expected one of `!`, `.`, `;`, `?`, `{`, `}`, or an operator, found `::`
   --> src/eval/dispatch.rs:355:23
    |
355 |                   $vxc_u::launch_unchecked::<CpuRuntime>(
    |                         ^^ expected one of 7 possible tokens
...
846 | /     ten_arm_dispatch!(
847 | |         ctx, order, spin,
848 | |         exc_unpol::lda_c_2d_amgb_exc_unpol, vxc_unpol::lda_c_2d_amgb_vxc_unpol,
849 | |         fxc_unpol::lda_c_2d_amgb_fxc_unpol, kxc_unpol::lda_c_2d_amgb_kxc_unpol,
...   |
854 | |         params = ()
855 | |     );
    | |_____- in this macro invocation
    |
    = note: this error originates in the macro `ten_arm_dispatch` (in Nightly builds, run with -Z macro-backtrace for more info)

error: expected one of `!`, `.`, `;`, `?`, `{`, `}`, or an operator, found `::`
   --> src/eval/dispatch.rs:363:23
    |
363 |                   $fxc_u::launch_unchecked::<CpuRuntime>(
    |                         ^^ expected one of 7 possible tokens
...
846 | /     ten_arm_dispatch!(
847 | |         ctx, order, spin,
848 | |         exc_unpol::lda_c_2d_amgb_exc_unpol, vxc_unpol::lda_c_2d_amgb_vxc_unpol,
849 | |         fxc_unpol::lda_c_2d_amgb_fxc_unpol, kxc_unpol::lda_c_2d_amgb_kxc_unpol,
...   |
854 | |         params = ()
855 | |     );
    | |_____- in this macro invocation
    |
    = note: this error originates in the macro `ten_arm_dispatch` (in Nightly builds, run with -Z macro-backtrace for more info)

error: expected one of `!`, `.`, `;`, `?`, `{`, `}`, or an operator, found `::`
   --> src/eval/dispatch.rs:371:23
    |
371 |                   $kxc_u::launch_unchecked::<CpuRuntime>(
    |                         ^^ expected one of 7 possible tokens
...
846 | /     ten_arm_dispatch!(
847 | |         ctx, order, spin,
848 | |         exc_unpol::lda_c_2d_amgb_exc_unpol, vxc_unpol::lda_c_2d_amgb_vxc_unpol,
849 | |         fxc_unpol::lda_c_2d_amgb_fxc_unpol, kxc_unpol::lda_c_2d_amgb_kxc_unpol,
...   |
854 | |         params = ()
855 | |     );
    | |_____- in this macro invocation
    |
    = note: this error originates in the macro `ten_arm_dispatch` (in Nightly builds, run with -Z macro-backtrace for more info)

error: expected one of `!`, `.`, `;`, `?`, `{`, `}`, or an operator, found `::`
   --> src/eval/dispatch.rs:379:23
    |
379 |                   $lxc_u::launch_unchecked::<CpuRuntime>(
    |                         ^^ expected one of 7 possible tokens
...
846 | /     ten_arm_dispatch!(
847 | |         ctx, order, spin,
848 | |         exc_unpol::lda_c_2d_amgb_exc_unpol, vxc_unpol::lda_c_2d_amgb_vxc_unpol,
849 | |         fxc_unpol::lda_c_2d_amgb_fxc_unpol, kxc_unpol::lda_c_2d_amgb_kxc_unpol,
...   |
854 | |         params = ()
855 | |     );
    | |_____- in this macro invocation
    |
    = note: this error originates in the macro `ten_arm_dispatch` (in Nightly builds, run with -Z macro-backtrace for more info)

error: expected one of `!`, `.`, `;`, `?`, `{`, `}`, or an operator, found `::`
   --> src/eval/dispatch.rs:387:23
    |
387 |                   $exc_p::launch_unchecked::<CpuRuntime>(
    |                         ^^ expected one of 7 possible tokens
...
846 | /     ten_arm_dispatch!(
847 | |         ctx, order, spin,
848 | |         exc_unpol::lda_c_2d_amgb_exc_unpol, vxc_unpol::lda_c_2d_amgb_vxc_unpol,
849 | |         fxc_unpol::lda_c_2d_amgb_fxc_unpol, kxc_unpol::lda_c_2d_amgb_kxc_unpol,
...   |
854 | |         params = ()
855 | |     );
    | |_____- in this macro invocation
    |
    = note: this error originates in the macro `ten_arm_dispatch` (in Nightly builds, run with -Z macro-backtrace for more info)

error: expected one of `!`, `.`, `;`, `?`, `{`, `}`, or an operator, found `::`
   --> src/eval/dispatch.rs:395:23
    |
395 |                   $vxc_p::launch_unchecked::<CpuRuntime>(
    |                         ^^ expected one of 7 possible tokens
...
846 | /     ten_arm_dispatch!(
847 | |         ctx, order, spin,
848 | |         exc_unpol::lda_c_2d_amgb_exc_unpol, vxc_unpol::lda_c_2d_amgb_vxc_unpol,
849 | |         fxc_unpol::lda_c_2d_amgb_fxc_unpol, kxc_unpol::lda_c_2d_amgb_kxc_unpol,
...   |
854 | |         params = ()
855 | |     );
    | |_____- in this macro invocation
    |
    = note: this error originates in the macro `ten_arm_dispatch` (in Nightly builds, run with -Z macro-backtrace for more info)

error: expected one of `!`, `.`, `;`, `?`, `{`, `}`, or an operator, found `::`
   --> src/eval/dispatch.rs:403:23
    |
403 |                   $fxc_p::launch_unchecked::<CpuRuntime>(
    |                         ^^ expected one of 7 possible tokens
...
846 | /     ten_arm_dispatch!(
847 | |         ctx, order, spin,
848 | |         exc_unpol::lda_c_2d_amgb_exc_unpol, vxc_unpol::lda_c_2d_amgb_vxc_unpol,
849 | |         fxc_unpol::lda_c_2d_amgb_fxc_unpol, kxc_unpol::lda_c_2d_amgb_kxc_unpol,
...   |
854 | |         params = ()
855 | |     );
    | |_____- in this macro invocation
    |
    = note: this error originates in the macro `ten_arm_dispatch` (in Nightly builds, run with -Z macro-backtrace for more info)

error: expected one of `!`, `.`, `;`, `?`, `{`, `}`, or an operator, found `::`
   --> src/eval/dispatch.rs:411:23
    |
411 |                   $kxc_p::launch_unchecked::<CpuRuntime>(
    |                         ^^ expected one of 7 possible tokens
...
846 | /     ten_arm_dispatch!(
847 | |         ctx, order, spin,
848 | |         exc_unpol::lda_c_2d_amgb_exc_unpol, vxc_unpol::lda_c_2d_amgb_vxc_unpol,
849 | |         fxc_unpol::lda_c_2d_amgb_fxc_unpol, kxc_unpol::lda_c_2d_amgb_kxc_unpol,
...   |
854 | |         params = ()
855 | |     );
    | |_____- in this macro invocation
    |
    = note: this error originates in the macro `ten_arm_dispatch` (in Nightly builds, run with -Z macro-backtrace for more info)

error: expected one of `!`, `.`, `;`, `?`, `{`, `}`, or an operator, found `::`
   --> src/eval/dispatch.rs:419:23
    |
419 |                   $lxc_p::launch_unchecked::<CpuRuntime>(
    |                         ^^ expected one of 7 possible tokens
...
846 | /     ten_arm_dispatch!(
847 | |         ctx, order, spin,
848 | |         exc_unpol::lda_c_2d_amgb_exc_unpol, vxc_unpol::lda_c_2d_amgb_vxc_unpol,
849 | |         fxc_unpol::lda_c_2d_amgb_fxc_unpol, kxc_unpol::lda_c_2d_amgb_kxc_unpol,
...   |
854 | |         params = ()
855 | |     );
    | |_____- in this macro invocation
    |
    = note: this error originates in the macro `ten_arm_dispatch` (in Nightly builds, run with -Z macro-backtrace for more info)

error: expected one of `!`, `.`, `;`, `?`, `{`, `}`, or an operator, found `::`
   --> src/eval/dispatch.rs:347:23
    |
347 |                   $exc_u::launch_unchecked::<CpuRuntime>(
    |                         ^^ expected one of 7 possible tokens
...
864 | /     ten_arm_dispatch!(
865 | |         ctx, order, spin,
866 | |         exc_unpol::lda_c_2d_prm_exc_unpol, vxc_unpol::lda_c_2d_prm_vxc_unpol,
867 | |         fxc_unpol::lda_c_2d_prm_fxc_unpol, kxc_unpol::lda_c_2d_prm_kxc_unpol,
...   |
872 | |         params = (PRM_C_DEFAULT)
873 | |     );
    | |_____- in this macro invocation
    |
    = note: this error originates in the macro `ten_arm_dispatch` (in Nightly builds, run with -Z macro-backtrace for more info)

error: expected one of `!`, `.`, `;`, `?`, `{`, `}`, or an operator, found `::`
   --> src/eval/dispatch.rs:355:23
    |
355 |                   $vxc_u::launch_unchecked::<CpuRuntime>(
    |                         ^^ expected one of 7 possible tokens
...
864 | /     ten_arm_dispatch!(
865 | |         ctx, order, spin,
866 | |         exc_unpol::lda_c_2d_prm_exc_unpol, vxc_unpol::lda_c_2d_prm_vxc_unpol,
867 | |         fxc_unpol::lda_c_2d_prm_fxc_unpol, kxc_unpol::lda_c_2d_prm_kxc_unpol,
...   |
872 | |         params = (PRM_C_DEFAULT)
873 | |     );
    | |_____- in this macro invocation
    |
    = note: this error originates in the macro `ten_arm_dispatch` (in Nightly builds, run with -Z macro-backtrace for more info)

error: expected one of `!`, `.`, `;`, `?`, `{`, `}`, or an operator, found `::`
   --> src/eval/dispatch.rs:363:23
    |
363 |                   $fxc_u::launch_unchecked::<CpuRuntime>(
    |                         ^^ expected one of 7 possible tokens
...
864 | /     ten_arm_dispatch!(
865 | |         ctx, order, spin,
866 | |         exc_unpol::lda_c_2d_prm_exc_unpol, vxc_unpol::lda_c_2d_prm_vxc_unpol,
867 | |         fxc_unpol::lda_c_2d_prm_fxc_unpol, kxc_unpol::lda_c_2d_prm_kxc_unpol,
...   |
872 | |         params = (PRM_C_DEFAULT)
873 | |     );
    | |_____- in this macro invocation
    |
    = note: this error originates in the macro `ten_arm_dispatch` (in Nightly builds, run with -Z macro-backtrace for more info)

error: expected one of `!`, `.`, `;`, `?`, `{`, `}`, or an operator, found `::`
   --> src/eval/dispatch.rs:371:23
    |
371 |                   $kxc_u::launch_unchecked::<CpuRuntime>(
    |                         ^^ expected one of 7 possible tokens
...
864 | /     ten_arm_dispatch!(
865 | |         ctx, order, spin,
866 | |         exc_unpol::lda_c_2d_prm_exc_unpol, vxc_unpol::lda_c_2d_prm_vxc_unpol,
867 | |         fxc_unpol::lda_c_2d_prm_fxc_unpol, kxc_unpol::lda_c_2d_prm_kxc_unpol,
...   |
872 | |         params = (PRM_C_DEFAULT)
873 | |     );
    | |_____- in this macro invocation
    |
    = note: this error originates in the macro `ten_arm_dispatch` (in Nightly builds, run with -Z macro-backtrace for more info)

error: expected one of `!`, `.`, `;`, `?`, `{`, `}`, or an operator, found `::`
   --> src/eval/dispatch.rs:379:23
    |
379 |                   $lxc_u::launch_unchecked::<CpuRuntime>(
    |                         ^^ expected one of 7 possible tokens
...
864 | /     ten_arm_dispatch!(
865 | |         ctx, order, spin,
866 | |         exc_unpol::lda_c_2d_prm_exc_unpol, vxc_unpol::lda_c_2d_prm_vxc_unpol,
867 | |         fxc_unpol::lda_c_2d_prm_fxc_unpol, kxc_unpol::lda_c_2d_prm_kxc_unpol,
...   |
872 | |         params = (PRM_C_DEFAULT)
873 | |     );
    | |_____- in this macro invocation
    |
    = note: this error originates in the macro `ten_arm_dispatch` (in Nightly builds, run with -Z macro-backtrace for more info)

error: expected one of `!`, `.`, `;`, `?`, `{`, `}`, or an operator, found `::`
   --> src/eval/dispatch.rs:387:23
    |
387 |                   $exc_p::launch_unchecked::<CpuRuntime>(
    |                         ^^ expected one of 7 possible tokens
...
864 | /     ten_arm_dispatch!(
865 | |         ctx, order, spin,
866 | |         exc_unpol::lda_c_2d_prm_exc_unpol, vxc_unpol::lda_c_2d_prm_vxc_unpol,
867 | |         fxc_unpol::lda_c_2d_prm_fxc_unpol, kxc_unpol::lda_c_2d_prm_kxc_unpol,
...   |
872 | |         params = (PRM_C_DEFAULT)
873 | |     );
    | |_____- in this macro invocation
    |
    = note: this error originates in the macro `ten_arm_dispatch` (in Nightly builds, run with -Z macro-backtrace for more info)

error: expected one of `!`, `.`, `;`, `?`, `{`, `}`, or an operator, found `::`
   --> src/eval/dispatch.rs:395:23
    |
395 |                   $vxc_p::launch_unchecked::<CpuRuntime>(
    |                         ^^ expected one of 7 possible tokens
...
864 | /     ten_arm_dispatch!(
865 | |         ctx, order, spin,
866 | |         exc_unpol::lda_c_2d_prm_exc_unpol, vxc_unpol::lda_c_2d_prm_vxc_unpol,
867 | |         fxc_unpol::lda_c_2d_prm_fxc_unpol, kxc_unpol::lda_c_2d_prm_kxc_unpol,
...   |
872 | |         params = (PRM_C_DEFAULT)
873 | |     );
    | |_____- in this macro invocation
    |
    = note: this error originates in the macro `ten_arm_dispatch` (in Nightly builds, run with -Z macro-backtrace for more info)

error: expected one of `!`, `.`, `;`, `?`, `{`, `}`, or an operator, found `::`
   --> src/eval/dispatch.rs:403:23
    |
403 |                   $fxc_p::launch_unchecked::<CpuRuntime>(
    |                         ^^ expected one of 7 possible tokens
...
864 | /     ten_arm_dispatch!(
865 | |         ctx, order, spin,
866 | |         exc_unpol::lda_c_2d_prm_exc_unpol, vxc_unpol::lda_c_2d_prm_vxc_unpol,
867 | |         fxc_unpol::lda_c_2d_prm_fxc_unpol, kxc_unpol::lda_c_2d_prm_kxc_unpol,
...   |
872 | |         params = (PRM_C_DEFAULT)
873 | |     );
    | |_____- in this macro invocation
    |
    = note: this error originates in the macro `ten_arm_dispatch` (in Nightly builds, run with -Z macro-backtrace for more info)

error: expected one of `!`, `.`, `;`, `?`, `{`, `}`, or an operator, found `::`
   --> src/eval/dispatch.rs:411:23
    |
411 |                   $kxc_p::launch_unchecked::<CpuRuntime>(
    |                         ^^ expected one of 7 possible tokens
...
864 | /     ten_arm_dispatch!(
865 | |         ctx, order, spin,
866 | |         exc_unpol::lda_c_2d_prm_exc_unpol, vxc_unpol::lda_c_2d_prm_vxc_unpol,
867 | |         fxc_unpol::lda_c_2d_prm_fxc_unpol, kxc_unpol::lda_c_2d_prm_kxc_unpol,
...   |
872 | |         params = (PRM_C_DEFAULT)
873 | |     );
    | |_____- in this macro invocation
    |
    = note: this error originates in the macro `ten_arm_dispatch` (in Nightly builds, run with -Z macro-backtrace for more info)

error: expected one of `!`, `.`, `;`, `?`, `{`, `}`, or an operator, found `::`
   --> src/eval/dispatch.rs:419:23
    |
419 |                   $lxc_p::launch_unchecked::<CpuRuntime>(
    |                         ^^ expected one of 7 possible tokens
...
864 | /     ten_arm_dispatch!(
865 | |         ctx, order, spin,
866 | |         exc_unpol::lda_c_2d_prm_exc_unpol, vxc_unpol::lda_c_2d_prm_vxc_unpol,
867 | |         fxc_unpol::lda_c_2d_prm_fxc_unpol, kxc_unpol::lda_c_2d_prm_kxc_unpol,
...   |
872 | |         params = (PRM_C_DEFAULT)
873 | |     );
    | |_____- in this macro invocation
    |
    = note: this error originates in the macro `ten_arm_dispatch` (in Nightly builds, run with -Z macro-backtrace for more info)

error: expected one of `!`, `.`, `;`, `?`, `{`, `}`, or an operator, found `::`
   --> src/eval/dispatch.rs:347:23
    |
347 |                   $exc_u::launch_unchecked::<CpuRuntime>(
    |                         ^^ expected one of 7 possible tokens
...
882 | /     ten_arm_dispatch!(
883 | |         ctx, order, spin,
884 | |         exc_unpol::lda_c_1d_csc_exc_unpol, vxc_unpol::lda_c_1d_csc_vxc_unpol,
885 | |         fxc_unpol::lda_c_1d_csc_fxc_unpol, kxc_unpol::lda_c_1d_csc_kxc_unpol,
...   |
894 | |     );
    | |_____- in this macro invocation
    |
    = note: this error originates in the macro `ten_arm_dispatch` (in Nightly builds, run with -Z macro-backtrace for more info)

error: expected one of `!`, `.`, `;`, `?`, `{`, `}`, or an operator, found `::`
   --> src/eval/dispatch.rs:355:23
    |
355 |                   $vxc_u::launch_unchecked::<CpuRuntime>(
    |                         ^^ expected one of 7 possible tokens
...
882 | /     ten_arm_dispatch!(
883 | |         ctx, order, spin,
884 | |         exc_unpol::lda_c_1d_csc_exc_unpol, vxc_unpol::lda_c_1d_csc_vxc_unpol,
885 | |         fxc_unpol::lda_c_1d_csc_fxc_unpol, kxc_unpol::lda_c_1d_csc_kxc_unpol,
...   |
894 | |     );
    | |_____- in this macro invocation
    |
    = note: this error originates in the macro `ten_arm_dispatch` (in Nightly builds, run with -Z macro-backtrace for more info)

error: expected one of `!`, `.`, `;`, `?`, `{`, `}`, or an operator, found `::`
   --> src/eval/dispatch.rs:363:23
    |
363 |                   $fxc_u::launch_unchecked::<CpuRuntime>(
    |                         ^^ expected one of 7 possible tokens
...
882 | /     ten_arm_dispatch!(
883 | |         ctx, order, spin,
884 | |         exc_unpol::lda_c_1d_csc_exc_unpol, vxc_unpol::lda_c_1d_csc_vxc_unpol,
885 | |         fxc_unpol::lda_c_1d_csc_fxc_unpol, kxc_unpol::lda_c_1d_csc_kxc_unpol,
...   |
894 | |     );
    | |_____- in this macro invocation
    |
    = note: this error originates in the macro `ten_arm_dispatch` (in Nightly builds, run with -Z macro-backtrace for more info)

error: expected one of `!`, `.`, `;`, `?`, `{`, `}`, or an operator, found `::`
   --> src/eval/dispatch.rs:371:23
    |
371 |                   $kxc_u::launch_unchecked::<CpuRuntime>(
    |                         ^^ expected one of 7 possible tokens
...
882 | /     ten_arm_dispatch!(
883 | |         ctx, order, spin,
884 | |         exc_unpol::lda_c_1d_csc_exc_unpol, vxc_unpol::lda_c_1d_csc_vxc_unpol,
885 | |         fxc_unpol::lda_c_1d_csc_fxc_unpol, kxc_unpol::lda_c_1d_csc_kxc_unpol,
...   |
894 | |     );
    | |_____- in this macro invocation
    |
    = note: this error originates in the macro `ten_arm_dispatch` (in Nightly builds, run with -Z macro-backtrace for more info)

error: expected one of `!`, `.`, `;`, `?`, `{`, `}`, or an operator, found `::`
   --> src/eval/dispatch.rs:379:23
    |
379 |                   $lxc_u::launch_unchecked::<CpuRuntime>(
    |                         ^^ expected one of 7 possible tokens
...
882 | /     ten_arm_dispatch!(
883 | |         ctx, order, spin,
884 | |         exc_unpol::lda_c_1d_csc_exc_unpol, vxc_unpol::lda_c_1d_csc_vxc_unpol,
885 | |         fxc_unpol::lda_c_1d_csc_fxc_unpol, kxc_unpol::lda_c_1d_csc_kxc_unpol,
...   |
894 | |     );
    | |_____- in this macro invocation
    |
    = note: this error originates in the macro `ten_arm_dispatch` (in Nightly builds, run with -Z macro-backtrace for more info)

error: expected one of `!`, `.`, `;`, `?`, `{`, `}`, or an operator, found `::`
   --> src/eval/dispatch.rs:387:23
    |
387 |                   $exc_p::launch_unchecked::<CpuRuntime>(
    |                         ^^ expected one of 7 possible tokens
...
882 | /     ten_arm_dispatch!(
883 | |         ctx, order, spin,
884 | |         exc_unpol::lda_c_1d_csc_exc_unpol, vxc_unpol::lda_c_1d_csc_vxc_unpol,
885 | |         fxc_unpol::lda_c_1d_csc_fxc_unpol, kxc_unpol::lda_c_1d_csc_kxc_unpol,
...   |
894 | |     );
    | |_____- in this macro invocation
    |
    = note: this error originates in the macro `ten_arm_dispatch` (in Nightly builds, run with -Z macro-backtrace for more info)

error: expected one of `!`, `.`, `;`, `?`, `{`, `}`, or an operator, found `::`
   --> src/eval/dispatch.rs:395:23
    |
395 |                   $vxc_p::launch_unchecked::<CpuRuntime>(
    |                         ^^ expected one of 7 possible tokens
...
882 | /     ten_arm_dispatch!(
883 | |         ctx, order, spin,
884 | |         exc_unpol::lda_c_1d_csc_exc_unpol, vxc_unpol::lda_c_1d_csc_vxc_unpol,
885 | |         fxc_unpol::lda_c_1d_csc_fxc_unpol, kxc_unpol::lda_c_1d_csc_kxc_unpol,
...   |
894 | |     );
    | |_____- in this macro invocation
    |
    = note: this error originates in the macro `ten_arm_dispatch` (in Nightly builds, run with -Z macro-backtrace for more info)

error: expected one of `!`, `.`, `;`, `?`, `{`, `}`, or an operator, found `::`
   --> src/eval/dispatch.rs:403:23
    |
403 |                   $fxc_p::launch_unchecked::<CpuRuntime>(
    |                         ^^ expected one of 7 possible tokens
...
882 | /     ten_arm_dispatch!(
883 | |         ctx, order, spin,
884 | |         exc_unpol::lda_c_1d_csc_exc_unpol, vxc_unpol::lda_c_1d_csc_vxc_unpol,
885 | |         fxc_unpol::lda_c_1d_csc_fxc_unpol, kxc_unpol::lda_c_1d_csc_kxc_unpol,
...   |
894 | |     );
    | |_____- in this macro invocation
    |
    = note: this error originates in the macro `ten_arm_dispatch` (in Nightly builds, run with -Z macro-backtrace for more info)

error: expected one of `!`, `.`, `;`, `?`, `{`, `}`, or an operator, found `::`
   --> src/eval/dispatch.rs:411:23
    |
411 |                   $kxc_p::launch_unchecked::<CpuRuntime>(
    |                         ^^ expected one of 7 possible tokens
...
882 | /     ten_arm_dispatch!(
883 | |         ctx, order, spin,
884 | |         exc_unpol::lda_c_1d_csc_exc_unpol, vxc_unpol::lda_c_1d_csc_vxc_unpol,
885 | |         fxc_unpol::lda_c_1d_csc_fxc_unpol, kxc_unpol::lda_c_1d_csc_kxc_unpol,
...   |
894 | |     );
    | |_____- in this macro invocation
    |
    = note: this error originates in the macro `ten_arm_dispatch` (in Nightly builds, run with -Z macro-backtrace for more info)

error: expected one of `!`, `.`, `;`, `?`, `{`, `}`, or an operator, found `::`
   --> src/eval/dispatch.rs:419:23
    |
419 |                   $lxc_p::launch_unchecked::<CpuRuntime>(
    |                         ^^ expected one of 7 possible tokens
...
882 | /     ten_arm_dispatch!(
883 | |         ctx, order, spin,
884 | |         exc_unpol::lda_c_1d_csc_exc_unpol, vxc_unpol::lda_c_1d_csc_vxc_unpol,
885 | |         fxc_unpol::lda_c_1d_csc_fxc_unpol, kxc_unpol::lda_c_1d_csc_kxc_unpol,
...   |
894 | |     );
    | |_____- in this macro invocation
    |
    = note: this error originates in the macro `ten_arm_dispatch` (in Nightly builds, run with -Z macro-backtrace for more info)

error: expected one of `!`, `.`, `;`, `?`, `{`, `}`, or an operator, found `::`
   --> src/eval/dispatch.rs:347:23
    |
347 |                   $exc_u::launch_unchecked::<CpuRuntime>(
    |                         ^^ expected one of 7 possible tokens
...
900 | /     ten_arm_dispatch!(
901 | |         ctx, order, spin,
902 | |         exc_unpol::lda_c_1d_loos_exc_unpol, vxc_unpol::lda_c_1d_loos_vxc_unpol,
903 | |         fxc_unpol::lda_c_1d_loos_fxc_unpol, kxc_unpol::lda_c_1d_loos_kxc_unpol,
...   |
908 | |         params = ()
909 | |     );
    | |_____- in this macro invocation
    |
    = note: this error originates in the macro `ten_arm_dispatch` (in Nightly builds, run with -Z macro-backtrace for more info)

error: expected one of `!`, `.`, `;`, `?`, `{`, `}`, or an operator, found `::`
   --> src/eval/dispatch.rs:355:23
    |
355 |                   $vxc_u::launch_unchecked::<CpuRuntime>(
    |                         ^^ expected one of 7 possible tokens
...
900 | /     ten_arm_dispatch!(
901 | |         ctx, order, spin,
902 | |         exc_unpol::lda_c_1d_loos_exc_unpol, vxc_unpol::lda_c_1d_loos_vxc_unpol,
903 | |         fxc_unpol::lda_c_1d_loos_fxc_unpol, kxc_unpol::lda_c_1d_loos_kxc_unpol,
...   |
908 | |         params = ()
909 | |     );
    | |_____- in this macro invocation
    |
    = note: this error originates in the macro `ten_arm_dispatch` (in Nightly builds, run with -Z macro-backtrace for more info)

error: expected one of `!`, `.`, `;`, `?`, `{`, `}`, or an operator, found `::`
   --> src/eval/dispatch.rs:363:23
    |
363 |                   $fxc_u::launch_unchecked::<CpuRuntime>(
    |                         ^^ expected one of 7 possible tokens
...
900 | /     ten_arm_dispatch!(
901 | |         ctx, order, spin,
902 | |         exc_unpol::lda_c_1d_loos_exc_unpol, vxc_unpol::lda_c_1d_loos_vxc_unpol,
903 | |         fxc_unpol::lda_c_1d_loos_fxc_unpol, kxc_unpol::lda_c_1d_loos_kxc_unpol,
...   |
908 | |         params = ()
909 | |     );
    | |_____- in this macro invocation
    |
    = note: this error originates in the macro `ten_arm_dispatch` (in Nightly builds, run with -Z macro-backtrace for more info)

error: expected one of `!`, `.`, `;`, `?`, `{`, `}`, or an operator, found `::`
   --> src/eval/dispatch.rs:371:23
    |
371 |                   $kxc_u::launch_unchecked::<CpuRuntime>(
    |                         ^^ expected one of 7 possible tokens
...
900 | /     ten_arm_dispatch!(
901 | |         ctx, order, spin,
902 | |         exc_unpol::lda_c_1d_loos_exc_unpol, vxc_unpol::lda_c_1d_loos_vxc_unpol,
903 | |         fxc_unpol::lda_c_1d_loos_fxc_unpol, kxc_unpol::lda_c_1d_loos_kxc_unpol,
...   |
908 | |         params = ()
909 | |     );
    | |_____- in this macro invocation
    |
    = note: this error originates in the macro `ten_arm_dispatch` (in Nightly builds, run with -Z macro-backtrace for more info)

error: expected one of `!`, `.`, `;`, `?`, `{`, `}`, or an operator, found `::`
   --> src/eval/dispatch.rs:379:23
    |
379 |                   $lxc_u::launch_unchecked::<CpuRuntime>(
    |                         ^^ expected one of 7 possible tokens
...
900 | /     ten_arm_dispatch!(
901 | |         ctx, order, spin,
902 | |         exc_unpol::lda_c_1d_loos_exc_unpol, vxc_unpol::lda_c_1d_loos_vxc_unpol,
903 | |         fxc_unpol::lda_c_1d_loos_fxc_unpol, kxc_unpol::lda_c_1d_loos_kxc_unpol,
...   |
908 | |         params = ()
909 | |     );
    | |_____- in this macro invocation
    |
    = note: this error originates in the macro `ten_arm_dispatch` (in Nightly builds, run with -Z macro-backtrace for more info)

error: expected one of `!`, `.`, `;`, `?`, `{`, `}`, or an operator, found `::`
   --> src/eval/dispatch.rs:387:23
    |
387 |                   $exc_p::launch_unchecked::<CpuRuntime>(
    |                         ^^ expected one of 7 possible tokens
...
900 | /     ten_arm_dispatch!(
901 | |         ctx, order, spin,
902 | |         exc_unpol::lda_c_1d_loos_exc_unpol, vxc_unpol::lda_c_1d_loos_vxc_unpol,
903 | |         fxc_unpol::lda_c_1d_loos_fxc_unpol, kxc_unpol::lda_c_1d_loos_kxc_unpol,
...   |
908 | |         params = ()
909 | |     );
    | |_____- in this macro invocation
    |
    = note: this error originates in the macro `ten_arm_dispatch` (in Nightly builds, run with -Z macro-backtrace for more info)

error: expected one of `!`, `.`, `;`, `?`, `{`, `}`, or an operator, found `::`
   --> src/eval/dispatch.rs:395:23
    |
395 |                   $vxc_p::launch_unchecked::<CpuRuntime>(
    |                         ^^ expected one of 7 possible tokens
...
900 | /     ten_arm_dispatch!(
901 | |         ctx, order, spin,
902 | |         exc_unpol::lda_c_1d_loos_exc_unpol, vxc_unpol::lda_c_1d_loos_vxc_unpol,
903 | |         fxc_unpol::lda_c_1d_loos_fxc_unpol, kxc_unpol::lda_c_1d_loos_kxc_unpol,
...   |
908 | |         params = ()
909 | |     );
    | |_____- in this macro invocation
    |
    = note: this error originates in the macro `ten_arm_dispatch` (in Nightly builds, run with -Z macro-backtrace for more info)

error: expected one of `!`, `.`, `;`, `?`, `{`, `}`, or an operator, found `::`
   --> src/eval/dispatch.rs:403:23
    |
403 |                   $fxc_p::launch_unchecked::<CpuRuntime>(
    |                         ^^ expected one of 7 possible tokens
...
900 | /     ten_arm_dispatch!(
901 | |         ctx, order, spin,
902 | |         exc_unpol::lda_c_1d_loos_exc_unpol, vxc_unpol::lda_c_1d_loos_vxc_unpol,
903 | |         fxc_unpol::lda_c_1d_loos_fxc_unpol, kxc_unpol::lda_c_1d_loos_kxc_unpol,
...   |
908 | |         params = ()
909 | |     );
    | |_____- in this macro invocation
    |
    = note: this error originates in the macro `ten_arm_dispatch` (in Nightly builds, run with -Z macro-backtrace for more info)

error: expected one of `!`, `.`, `;`, `?`, `{`, `}`, or an operator, found `::`
   --> src/eval/dispatch.rs:411:23
    |
411 |                   $kxc_p::launch_unchecked::<CpuRuntime>(
    |                         ^^ expected one of 7 possible tokens
...
900 | /     ten_arm_dispatch!(
901 | |         ctx, order, spin,
902 | |         exc_unpol::lda_c_1d_loos_exc_unpol, vxc_unpol::lda_c_1d_loos_vxc_unpol,
903 | |         fxc_unpol::lda_c_1d_loos_fxc_unpol, kxc_unpol::lda_c_1d_loos_kxc_unpol,
...   |
908 | |         params = ()
909 | |     );
    | |_____- in this macro invocation
    |
    = note: this error originates in the macro `ten_arm_dispatch` (in Nightly builds, run with -Z macro-backtrace for more info)

error: expected one of `!`, `.`, `;`, `?`, `{`, `}`, or an operator, found `::`
   --> src/eval/dispatch.rs:419:23
    |
419 |                   $lxc_p::launch_unchecked::<CpuRuntime>(
    |                         ^^ expected one of 7 possible tokens
...
900 | /     ten_arm_dispatch!(
901 | |         ctx, order, spin,
902 | |         exc_unpol::lda_c_1d_loos_exc_unpol, vxc_unpol::lda_c_1d_loos_vxc_unpol,
903 | |         fxc_unpol::lda_c_1d_loos_fxc_unpol, kxc_unpol::lda_c_1d_loos_kxc_unpol,
...   |
908 | |         params = ()
909 | |     );
    | |_____- in this macro invocation
    |
    = note: this error originates in the macro `ten_arm_dispatch` (in Nightly builds, run with -Z macro-backtrace for more info)

error: expected one of `!`, `.`, `;`, `?`, `{`, `}`, or an operator, found `::`
   --> src/eval/dispatch.rs:347:23
    |
347 |                   $exc_u::launch_unchecked::<CpuRuntime>(
    |                         ^^ expected one of 7 possible tokens
...
915 | /     ten_arm_dispatch!(
916 | |         ctx, order, spin,
917 | |         exc_unpol::lda_c_gk72_exc_unpol, vxc_unpol::lda_c_gk72_vxc_unpol,
918 | |         fxc_unpol::lda_c_gk72_fxc_unpol, kxc_unpol::lda_c_gk72_kxc_unpol,
...   |
923 | |         params = ()
924 | |     );
    | |_____- in this macro invocation
    |
    = note: this error originates in the macro `ten_arm_dispatch` (in Nightly builds, run with -Z macro-backtrace for more info)

error: expected one of `!`, `.`, `;`, `?`, `{`, `}`, or an operator, found `::`
   --> src/eval/dispatch.rs:355:23
    |
355 |                   $vxc_u::launch_unchecked::<CpuRuntime>(
    |                         ^^ expected one of 7 possible tokens
...
915 | /     ten_arm_dispatch!(
916 | |         ctx, order, spin,
917 | |         exc_unpol::lda_c_gk72_exc_unpol, vxc_unpol::lda_c_gk72_vxc_unpol,
918 | |         fxc_unpol::lda_c_gk72_fxc_unpol, kxc_unpol::lda_c_gk72_kxc_unpol,
...   |
923 | |         params = ()
924 | |     );
    | |_____- in this macro invocation
    |
    = note: this error originates in the macro `ten_arm_dispatch` (in Nightly builds, run with -Z macro-backtrace for more info)

error: expected one of `!`, `.`, `;`, `?`, `{`, `}`, or an operator, found `::`
   --> src/eval/dispatch.rs:363:23
    |
363 |                   $fxc_u::launch_unchecked::<CpuRuntime>(
    |                         ^^ expected one of 7 possible tokens
...
915 | /     ten_arm_dispatch!(
916 | |         ctx, order, spin,
917 | |         exc_unpol::lda_c_gk72_exc_unpol, vxc_unpol::lda_c_gk72_vxc_unpol,
918 | |         fxc_unpol::lda_c_gk72_fxc_unpol, kxc_unpol::lda_c_gk72_kxc_unpol,
...   |
923 | |         params = ()
924 | |     );
    | |_____- in this macro invocation
    |
    = note: this error originates in the macro `ten_arm_dispatch` (in Nightly builds, run with -Z macro-backtrace for more info)

error: expected one of `!`, `.`, `;`, `?`, `{`, `}`, or an operator, found `::`
   --> src/eval/dispatch.rs:371:23
    |
371 |                   $kxc_u::launch_unchecked::<CpuRuntime>(
    |                         ^^ expected one of 7 possible tokens
...
915 | /     ten_arm_dispatch!(
916 | |         ctx, order, spin,
917 | |         exc_unpol::lda_c_gk72_exc_unpol, vxc_unpol::lda_c_gk72_vxc_unpol,
918 | |         fxc_unpol::lda_c_gk72_fxc_unpol, kxc_unpol::lda_c_gk72_kxc_unpol,
...   |
923 | |         params = ()
924 | |     );
    | |_____- in this macro invocation
    |
    = note: this error originates in the macro `ten_arm_dispatch` (in Nightly builds, run with -Z macro-backtrace for more info)

error: expected one of `!`, `.`, `;`, `?`, `{`, `}`, or an operator, found `::`
   --> src/eval/dispatch.rs:379:23
    |
379 |                   $lxc_u::launch_unchecked::<CpuRuntime>(
    |                         ^^ expected one of 7 possible tokens
...
915 | /     ten_arm_dispatch!(
916 | |         ctx, order, spin,
917 | |         exc_unpol::lda_c_gk72_exc_unpol, vxc_unpol::lda_c_gk72_vxc_unpol,
918 | |         fxc_unpol::lda_c_gk72_fxc_unpol, kxc_unpol::lda_c_gk72_kxc_unpol,
...   |
923 | |         params = ()
924 | |     );
    | |_____- in this macro invocation
    |
    = note: this error originates in the macro `ten_arm_dispatch` (in Nightly builds, run with -Z macro-backtrace for more info)

error: expected one of `!`, `.`, `;`, `?`, `{`, `}`, or an operator, found `::`
   --> src/eval/dispatch.rs:387:23
    |
387 |                   $exc_p::launch_unchecked::<CpuRuntime>(
    |                         ^^ expected one of 7 possible tokens
...
915 | /     ten_arm_dispatch!(
916 | |         ctx, order, spin,
917 | |         exc_unpol::lda_c_gk72_exc_unpol, vxc_unpol::lda_c_gk72_vxc_unpol,
918 | |         fxc_unpol::lda_c_gk72_fxc_unpol, kxc_unpol::lda_c_gk72_kxc_unpol,
...   |
923 | |         params = ()
924 | |     );
    | |_____- in this macro invocation
    |
    = note: this error originates in the macro `ten_arm_dispatch` (in Nightly builds, run with -Z macro-backtrace for more info)

error: expected one of `!`, `.`, `;`, `?`, `{`, `}`, or an operator, found `::`
   --> src/eval/dispatch.rs:395:23
    |
395 |                   $vxc_p::launch_unchecked::<CpuRuntime>(
    |                         ^^ expected one of 7 possible tokens
...
915 | /     ten_arm_dispatch!(
916 | |         ctx, order, spin,
917 | |         exc_unpol::lda_c_gk72_exc_unpol, vxc_unpol::lda_c_gk72_vxc_unpol,
918 | |         fxc_unpol::lda_c_gk72_fxc_unpol, kxc_unpol::lda_c_gk72_kxc_unpol,
...   |
923 | |         params = ()
924 | |     );
    | |_____- in this macro invocation
    |
    = note: this error originates in the macro `ten_arm_dispatch` (in Nightly builds, run with -Z macro-backtrace for more info)

error: expected one of `!`, `.`, `;`, `?`, `{`, `}`, or an operator, found `::`
   --> src/eval/dispatch.rs:403:23
    |
403 |                   $fxc_p::launch_unchecked::<CpuRuntime>(
    |                         ^^ expected one of 7 possible tokens
...
915 | /     ten_arm_dispatch!(
916 | |         ctx, order, spin,
917 | |         exc_unpol::lda_c_gk72_exc_unpol, vxc_unpol::lda_c_gk72_vxc_unpol,
918 | |         fxc_unpol::lda_c_gk72_fxc_unpol, kxc_unpol::lda_c_gk72_kxc_unpol,
...   |
923 | |         params = ()
924 | |     );
    | |_____- in this macro invocation
    |
    = note: this error originates in the macro `ten_arm_dispatch` (in Nightly builds, run with -Z macro-backtrace for more info)

error: expected one of `!`, `.`, `;`, `?`, `{`, `}`, or an operator, found `::`
   --> src/eval/dispatch.rs:411:23
    |
411 |                   $kxc_p::launch_unchecked::<CpuRuntime>(
    |                         ^^ expected one of 7 possible tokens
...
915 | /     ten_arm_dispatch!(
916 | |         ctx, order, spin,
917 | |         exc_unpol::lda_c_gk72_exc_unpol, vxc_unpol::lda_c_gk72_vxc_unpol,
918 | |         fxc_unpol::lda_c_gk72_fxc_unpol, kxc_unpol::lda_c_gk72_kxc_unpol,
...   |
923 | |         params = ()
924 | |     );
    | |_____- in this macro invocation
    |
    = note: this error originates in the macro `ten_arm_dispatch` (in Nightly builds, run with -Z macro-backtrace for more info)

error: expected one of `!`, `.`, `;`, `?`, `{`, `}`, or an operator, found `::`
   --> src/eval/dispatch.rs:419:23
    |
419 |                   $lxc_p::launch_unchecked::<CpuRuntime>(
    |                         ^^ expected one of 7 possible tokens
...
915 | /     ten_arm_dispatch!(
916 | |         ctx, order, spin,
917 | |         exc_unpol::lda_c_gk72_exc_unpol, vxc_unpol::lda_c_gk72_vxc_unpol,
918 | |         fxc_unpol::lda_c_gk72_fxc_unpol, kxc_unpol::lda_c_gk72_kxc_unpol,
...   |
923 | |         params = ()
924 | |     );
    | |_____- in this macro invocation
    |
    = note: this error originates in the macro `ten_arm_dispatch` (in Nightly builds, run with -Z macro-backtrace for more info)

error: expected one of `!`, `.`, `;`, `?`, `{`, `}`, or an operator, found `::`
   --> src/eval/dispatch.rs:347:23
    |
347 |                   $exc_u::launch_unchecked::<CpuRuntime>(
    |                         ^^ expected one of 7 possible tokens
...
930 | /     ten_arm_dispatch!(
931 | |         ctx, order, spin,
932 | |         exc_unpol::lda_c_gombas_exc_unpol, vxc_unpol::lda_c_gombas_vxc_unpol,
933 | |         fxc_unpol::lda_c_gombas_fxc_unpol, kxc_unpol::lda_c_gombas_kxc_unpol,
...   |
938 | |         params = ()
939 | |     );
    | |_____- in this macro invocation
    |
    = note: this error originates in the macro `ten_arm_dispatch` (in Nightly builds, run with -Z macro-backtrace for more info)

error: expected one of `!`, `.`, `;`, `?`, `{`, `}`, or an operator, found `::`
   --> src/eval/dispatch.rs:355:23
    |
355 |                   $vxc_u::launch_unchecked::<CpuRuntime>(
    |                         ^^ expected one of 7 possible tokens
...
930 | /     ten_arm_dispatch!(
931 | |         ctx, order, spin,
932 | |         exc_unpol::lda_c_gombas_exc_unpol, vxc_unpol::lda_c_gombas_vxc_unpol,
933 | |         fxc_unpol::lda_c_gombas_fxc_unpol, kxc_unpol::lda_c_gombas_kxc_unpol,
...   |
938 | |         params = ()
939 | |     );
    | |_____- in this macro invocation
    |
    = note: this error originates in the macro `ten_arm_dispatch` (in Nightly builds, run with -Z macro-backtrace for more info)

error: expected one of `!`, `.`, `;`, `?`, `{`, `}`, or an operator, found `::`
   --> src/eval/dispatch.rs:363:23
    |
363 |                   $fxc_u::launch_unchecked::<CpuRuntime>(
    |                         ^^ expected one of 7 possible tokens
...
930 | /     ten_arm_dispatch!(
931 | |         ctx, order, spin,
932 | |         exc_unpol::lda_c_gombas_exc_unpol, vxc_unpol::lda_c_gombas_vxc_unpol,
933 | |         fxc_unpol::lda_c_gombas_fxc_unpol, kxc_unpol::lda_c_gombas_kxc_unpol,
...   |
938 | |         params = ()
939 | |     );
    | |_____- in this macro invocation
    |
    = note: this error originates in the macro `ten_arm_dispatch` (in Nightly builds, run with -Z macro-backtrace for more info)

error: expected one of `!`, `.`, `;`, `?`, `{`, `}`, or an operator, found `::`
   --> src/eval/dispatch.rs:371:23
    |
371 |                   $kxc_u::launch_unchecked::<CpuRuntime>(
    |                         ^^ expected one of 7 possible tokens
...
930 | /     ten_arm_dispatch!(
931 | |         ctx, order, spin,
932 | |         exc_unpol::lda_c_gombas_exc_unpol, vxc_unpol::lda_c_gombas_vxc_unpol,
933 | |         fxc_unpol::lda_c_gombas_fxc_unpol, kxc_unpol::lda_c_gombas_kxc_unpol,
...   |
938 | |         params = ()
939 | |     );
    | |_____- in this macro invocation
    |
    = note: this error originates in the macro `ten_arm_dispatch` (in Nightly builds, run with -Z macro-backtrace for more info)

error: expected one of `!`, `.`, `;`, `?`, `{`, `}`, or an operator, found `::`
   --> src/eval/dispatch.rs:379:23
    |
379 |                   $lxc_u::launch_unchecked::<CpuRuntime>(
    |                         ^^ expected one of 7 possible tokens
...
930 | /     ten_arm_dispatch!(
931 | |         ctx, order, spin,
932 | |         exc_unpol::lda_c_gombas_exc_unpol, vxc_unpol::lda_c_gombas_vxc_unpol,
933 | |         fxc_unpol::lda_c_gombas_fxc_unpol, kxc_unpol::lda_c_gombas_kxc_unpol,
...   |
938 | |         params = ()
939 | |     );
    | |_____- in this macro invocation
    |
    = note: this error originates in the macro `ten_arm_dispatch` (in Nightly builds, run with -Z macro-backtrace for more info)

error: expected one of `!`, `.`, `;`, `?`, `{`, `}`, or an operator, found `::`
   --> src/eval/dispatch.rs:387:23
    |
387 |                   $exc_p::launch_unchecked::<CpuRuntime>(
    |                         ^^ expected one of 7 possible tokens
...
930 | /     ten_arm_dispatch!(
931 | |         ctx, order, spin,
932 | |         exc_unpol::lda_c_gombas_exc_unpol, vxc_unpol::lda_c_gombas_vxc_unpol,
933 | |         fxc_unpol::lda_c_gombas_fxc_unpol, kxc_unpol::lda_c_gombas_kxc_unpol,
...   |
938 | |         params = ()
939 | |     );
    | |_____- in this macro invocation
    |
    = note: this error originates in the macro `ten_arm_dispatch` (in Nightly builds, run with -Z macro-backtrace for more info)

error: expected one of `!`, `.`, `;`, `?`, `{`, `}`, or an operator, found `::`
   --> src/eval/dispatch.rs:395:23
    |
395 |                   $vxc_p::launch_unchecked::<CpuRuntime>(
    |                         ^^ expected one of 7 possible tokens
...
930 | /     ten_arm_dispatch!(
931 | |         ctx, order, spin,
932 | |         exc_unpol::lda_c_gombas_exc_unpol, vxc_unpol::lda_c_gombas_vxc_unpol,
933 | |         fxc_unpol::lda_c_gombas_fxc_unpol, kxc_unpol::lda_c_gombas_kxc_unpol,
...   |
938 | |         params = ()
939 | |     );
    | |_____- in this macro invocation
    |
    = note: this error originates in the macro `ten_arm_dispatch` (in Nightly builds, run with -Z macro-backtrace for more info)

error: expected one of `!`, `.`, `;`, `?`, `{`, `}`, or an operator, found `::`
   --> src/eval/dispatch.rs:403:23
    |
403 |                   $fxc_p::launch_unchecked::<CpuRuntime>(
    |                         ^^ expected one of 7 possible tokens
...
930 | /     ten_arm_dispatch!(
931 | |         ctx, order, spin,
932 | |         exc_unpol::lda_c_gombas_exc_unpol, vxc_unpol::lda_c_gombas_vxc_unpol,
933 | |         fxc_unpol::lda_c_gombas_fxc_unpol, kxc_unpol::lda_c_gombas_kxc_unpol,
...   |
938 | |         params = ()
939 | |     );
    | |_____- in this macro invocation
    |
    = note: this error originates in the macro `ten_arm_dispatch` (in Nightly builds, run with -Z macro-backtrace for more info)

error: expected one of `!`, `.`, `;`, `?`, `{`, `}`, or an operator, found `::`
   --> src/eval/dispatch.rs:411:23
    |
411 |                   $kxc_p::launch_unchecked::<CpuRuntime>(
    |                         ^^ expected one of 7 possible tokens
...
930 | /     ten_arm_dispatch!(
931 | |         ctx, order, spin,
932 | |         exc_unpol::lda_c_gombas_exc_unpol, vxc_unpol::lda_c_gombas_vxc_unpol,
933 | |         fxc_unpol::lda_c_gombas_fxc_unpol, kxc_unpol::lda_c_gombas_kxc_unpol,
...   |
938 | |         params = ()
939 | |     );
    | |_____- in this macro invocation
    |
    = note: this error originates in the macro `ten_arm_dispatch` (in Nightly builds, run with -Z macro-backtrace for more info)

error: expected one of `!`, `.`, `;`, `?`, `{`, `}`, or an operator, found `::`
   --> src/eval/dispatch.rs:419:23
    |
419 |                   $lxc_p::launch_unchecked::<CpuRuntime>(
    |                         ^^ expected one of 7 possible tokens
...
930 | /     ten_arm_dispatch!(
931 | |         ctx, order, spin,
932 | |         exc_unpol::lda_c_gombas_exc_unpol, vxc_unpol::lda_c_gombas_vxc_unpol,
933 | |         fxc_unpol::lda_c_gombas_fxc_unpol, kxc_unpol::lda_c_gombas_kxc_unpol,
...   |
938 | |         params = ()
939 | |     );
    | |_____- in this macro invocation
    |
    = note: this error originates in the macro `ten_arm_dispatch` (in Nightly builds, run with -Z macro-backtrace for more info)

error: expected one of `!`, `.`, `;`, `?`, `{`, `}`, or an operator, found `::`
   --> src/eval/dispatch.rs:347:23
    |
347 |                   $exc_u::launch_unchecked::<CpuRuntime>(
    |                         ^^ expected one of 7 possible tokens
...
946 | /     ten_arm_dispatch!(
947 | |         ctx, order, spin,
948 | |         exc_unpol::lda_c_lp96_exc_unpol, vxc_unpol::lda_c_lp96_vxc_unpol,
949 | |         fxc_unpol::lda_c_lp96_fxc_unpol, kxc_unpol::lda_c_lp96_kxc_unpol,
...   |
954 | |         params = (-0.0603_f64, 0.0175_f64, -0.00053_f64)
955 | |     );
    | |_____- in this macro invocation
    |
    = note: this error originates in the macro `ten_arm_dispatch` (in Nightly builds, run with -Z macro-backtrace for more info)

error: expected one of `!`, `.`, `;`, `?`, `{`, `}`, or an operator, found `::`
   --> src/eval/dispatch.rs:355:23
    |
355 |                   $vxc_u::launch_unchecked::<CpuRuntime>(
    |                         ^^ expected one of 7 possible tokens
...
946 | /     ten_arm_dispatch!(
947 | |         ctx, order, spin,
948 | |         exc_unpol::lda_c_lp96_exc_unpol, vxc_unpol::lda_c_lp96_vxc_unpol,
949 | |         fxc_unpol::lda_c_lp96_fxc_unpol, kxc_unpol::lda_c_lp96_kxc_unpol,
...   |
954 | |         params = (-0.0603_f64, 0.0175_f64, -0.00053_f64)
955 | |     );
    | |_____- in this macro invocation
    |
    = note: this error originates in the macro `ten_arm_dispatch` (in Nightly builds, run with -Z macro-backtrace for more info)

error: expected one of `!`, `.`, `;`, `?`, `{`, `}`, or an operator, found `::`
   --> src/eval/dispatch.rs:363:23
    |
363 |                   $fxc_u::launch_unchecked::<CpuRuntime>(
    |                         ^^ expected one of 7 possible tokens
...
946 | /     ten_arm_dispatch!(
947 | |         ctx, order, spin,
948 | |         exc_unpol::lda_c_lp96_exc_unpol, vxc_unpol::lda_c_lp96_vxc_unpol,
949 | |         fxc_unpol::lda_c_lp96_fxc_unpol, kxc_unpol::lda_c_lp96_kxc_unpol,
...   |
954 | |         params = (-0.0603_f64, 0.0175_f64, -0.00053_f64)
955 | |     );
    | |_____- in this macro invocation
    |
    = note: this error originates in the macro `ten_arm_dispatch` (in Nightly builds, run with -Z macro-backtrace for more info)

error: expected one of `!`, `.`, `;`, `?`, `{`, `}`, or an operator, found `::`
   --> src/eval/dispatch.rs:371:23
    |
371 |                   $kxc_u::launch_unchecked::<CpuRuntime>(
    |                         ^^ expected one of 7 possible tokens
...
946 | /     ten_arm_dispatch!(
947 | |         ctx, order, spin,
948 | |         exc_unpol::lda_c_lp96_exc_unpol, vxc_unpol::lda_c_lp96_vxc_unpol,
949 | |         fxc_unpol::lda_c_lp96_fxc_unpol, kxc_unpol::lda_c_lp96_kxc_unpol,
...   |
954 | |         params = (-0.0603_f64, 0.0175_f64, -0.00053_f64)
955 | |     );
    | |_____- in this macro invocation
    |
    = note: this error originates in the macro `ten_arm_dispatch` (in Nightly builds, run with -Z macro-backtrace for more info)

error: expected one of `!`, `.`, `;`, `?`, `{`, `}`, or an operator, found `::`
   --> src/eval/dispatch.rs:379:23
    |
379 |                   $lxc_u::launch_unchecked::<CpuRuntime>(
    |                         ^^ expected one of 7 possible tokens
...
946 | /     ten_arm_dispatch!(
947 | |         ctx, order, spin,
948 | |         exc_unpol::lda_c_lp96_exc_unpol, vxc_unpol::lda_c_lp96_vxc_unpol,
949 | |         fxc_unpol::lda_c_lp96_fxc_unpol, kxc_unpol::lda_c_lp96_kxc_unpol,
...   |
954 | |         params = (-0.0603_f64, 0.0175_f64, -0.00053_f64)
955 | |     );
    | |_____- in this macro invocation
    |
    = note: this error originates in the macro `ten_arm_dispatch` (in Nightly builds, run with -Z macro-backtrace for more info)

error: expected one of `!`, `.`, `;`, `?`, `{`, `}`, or an operator, found `::`
   --> src/eval/dispatch.rs:387:23
    |
387 |                   $exc_p::launch_unchecked::<CpuRuntime>(
    |                         ^^ expected one of 7 possible tokens
...
946 | /     ten_arm_dispatch!(
947 | |         ctx, order, spin,
948 | |         exc_unpol::lda_c_lp96_exc_unpol, vxc_unpol::lda_c_lp96_vxc_unpol,
949 | |         fxc_unpol::lda_c_lp96_fxc_unpol, kxc_unpol::lda_c_lp96_kxc_unpol,
...   |
954 | |         params = (-0.0603_f64, 0.0175_f64, -0.00053_f64)
955 | |     );
    | |_____- in this macro invocation
    |
    = note: this error originates in the macro `ten_arm_dispatch` (in Nightly builds, run with -Z macro-backtrace for more info)

error: expected one of `!`, `.`, `;`, `?`, `{`, `}`, or an operator, found `::`
   --> src/eval/dispatch.rs:395:23
    |
395 |                   $vxc_p::launch_unchecked::<CpuRuntime>(
    |                         ^^ expected one of 7 possible tokens
...
946 | /     ten_arm_dispatch!(
947 | |         ctx, order, spin,
948 | |         exc_unpol::lda_c_lp96_exc_unpol, vxc_unpol::lda_c_lp96_vxc_unpol,
949 | |         fxc_unpol::lda_c_lp96_fxc_unpol, kxc_unpol::lda_c_lp96_kxc_unpol,
...   |
954 | |         params = (-0.0603_f64, 0.0175_f64, -0.00053_f64)
955 | |     );
    | |_____- in this macro invocation
    |
    = note: this error originates in the macro `ten_arm_dispatch` (in Nightly builds, run with -Z macro-backtrace for more info)

error: expected one of `!`, `.`, `;`, `?`, `{`, `}`, or an operator, found `::`
   --> src/eval/dispatch.rs:403:23
    |
403 |                   $fxc_p::launch_unchecked::<CpuRuntime>(
    |                         ^^ expected one of 7 possible tokens
...
946 | /     ten_arm_dispatch!(
947 | |         ctx, order, spin,
948 | |         exc_unpol::lda_c_lp96_exc_unpol, vxc_unpol::lda_c_lp96_vxc_unpol,
949 | |         fxc_unpol::lda_c_lp96_fxc_unpol, kxc_unpol::lda_c_lp96_kxc_unpol,
...   |
954 | |         params = (-0.0603_f64, 0.0175_f64, -0.00053_f64)
955 | |     );
    | |_____- in this macro invocation
    |
    = note: this error originates in the macro `ten_arm_dispatch` (in Nightly builds, run with -Z macro-backtrace for more info)

error: expected one of `!`, `.`, `;`, `?`, `{`, `}`, or an operator, found `::`
   --> src/eval/dispatch.rs:411:23
    |
411 |                   $kxc_p::launch_unchecked::<CpuRuntime>(
    |                         ^^ expected one of 7 possible tokens
...
946 | /     ten_arm_dispatch!(
947 | |         ctx, order, spin,
948 | |         exc_unpol::lda_c_lp96_exc_unpol, vxc_unpol::lda_c_lp96_vxc_unpol,
949 | |         fxc_unpol::lda_c_lp96_fxc_unpol, kxc_unpol::lda_c_lp96_kxc_unpol,
...   |
954 | |         params = (-0.0603_f64, 0.0175_f64, -0.00053_f64)
955 | |     );
    | |_____- in this macro invocation
    |
    = note: this error originates in the macro `ten_arm_dispatch` (in Nightly builds, run with -Z macro-backtrace for more info)

error: expected one of `!`, `.`, `;`, `?`, `{`, `}`, or an operator, found `::`
   --> src/eval/dispatch.rs:419:23
    |
419 |                   $lxc_p::launch_unchecked::<CpuRuntime>(
    |                         ^^ expected one of 7 possible tokens
...
946 | /     ten_arm_dispatch!(
947 | |         ctx, order, spin,
948 | |         exc_unpol::lda_c_lp96_exc_unpol, vxc_unpol::lda_c_lp96_vxc_unpol,
949 | |         fxc_unpol::lda_c_lp96_fxc_unpol, kxc_unpol::lda_c_lp96_kxc_unpol,
...   |
954 | |         params = (-0.0603_f64, 0.0175_f64, -0.00053_f64)
955 | |     );
    | |_____- in this macro invocation
    |
    = note: this error originates in the macro `ten_arm_dispatch` (in Nightly builds, run with -Z macro-backtrace for more info)

error: expected one of `!`, `.`, `;`, `?`, `{`, `}`, or an operator, found `::`
   --> src/eval/dispatch.rs:347:23
    |
347 |                   $exc_u::launch_unchecked::<CpuRuntime>(
    |                         ^^ expected one of 7 possible tokens
...
962 | /     ten_arm_dispatch!(
963 | |         ctx, order, spin,
964 | |         exc_unpol::lda_c_ml1_exc_unpol, vxc_unpol::lda_c_ml1_vxc_unpol,
965 | |         fxc_unpol::lda_c_ml1_fxc_unpol, kxc_unpol::lda_c_ml1_kxc_unpol,
...   |
970 | |         params = (0.2026_f64, 0.084_f64)
971 | |     );
    | |_____- in this macro invocation
    |
    = note: this error originates in the macro `ten_arm_dispatch` (in Nightly builds, run with -Z macro-backtrace for more info)

error: expected one of `!`, `.`, `;`, `?`, `{`, `}`, or an operator, found `::`
   --> src/eval/dispatch.rs:355:23
    |
355 |                   $vxc_u::launch_unchecked::<CpuRuntime>(
    |                         ^^ expected one of 7 possible tokens
...
962 | /     ten_arm_dispatch!(
963 | |         ctx, order, spin,
964 | |         exc_unpol::lda_c_ml1_exc_unpol, vxc_unpol::lda_c_ml1_vxc_unpol,
965 | |         fxc_unpol::lda_c_ml1_fxc_unpol, kxc_unpol::lda_c_ml1_kxc_unpol,
...   |
970 | |         params = (0.2026_f64, 0.084_f64)
971 | |     );
    | |_____- in this macro invocation
    |
    = note: this error originates in the macro `ten_arm_dispatch` (in Nightly builds, run with -Z macro-backtrace for more info)

error: expected one of `!`, `.`, `;`, `?`, `{`, `}`, or an operator, found `::`
   --> src/eval/dispatch.rs:363:23
    |
363 |                   $fxc_u::launch_unchecked::<CpuRuntime>(
    |                         ^^ expected one of 7 possible tokens
...
962 | /     ten_arm_dispatch!(
963 | |         ctx, order, spin,
964 | |         exc_unpol::lda_c_ml1_exc_unpol, vxc_unpol::lda_c_ml1_vxc_unpol,
965 | |         fxc_unpol::lda_c_ml1_fxc_unpol, kxc_unpol::lda_c_ml1_kxc_unpol,
...   |
970 | |         params = (0.2026_f64, 0.084_f64)
971 | |     );
    | |_____- in this macro invocation
    |
    = note: this error originates in the macro `ten_arm_dispatch` (in Nightly builds, run with -Z macro-backtrace for more info)

error: expected one of `!`, `.`, `;`, `?`, `{`, `}`, or an operator, found `::`
   --> src/eval/dispatch.rs:371:23
    |
371 |                   $kxc_u::launch_unchecked::<CpuRuntime>(
    |                         ^^ expected one of 7 possible tokens
...
962 | /     ten_arm_dispatch!(
963 | |         ctx, order, spin,
964 | |         exc_unpol::lda_c_ml1_exc_unpol, vxc_unpol::lda_c_ml1_vxc_unpol,
965 | |         fxc_unpol::lda_c_ml1_fxc_unpol, kxc_unpol::lda_c_ml1_kxc_unpol,
...   |
970 | |         params = (0.2026_f64, 0.084_f64)
971 | |     );
    | |_____- in this macro invocation
    |
    = note: this error originates in the macro `ten_arm_dispatch` (in Nightly builds, run with -Z macro-backtrace for more info)

error: expected one of `!`, `.`, `;`, `?`, `{`, `}`, or an operator, found `::`
   --> src/eval/dispatch.rs:379:23
    |
379 |                   $lxc_u::launch_unchecked::<CpuRuntime>(
    |                         ^^ expected one of 7 possible tokens
...
962 | /     ten_arm_dispatch!(
963 | |         ctx, order, spin,
964 | |         exc_unpol::lda_c_ml1_exc_unpol, vxc_unpol::lda_c_ml1_vxc_unpol,
965 | |         fxc_unpol::lda_c_ml1_fxc_unpol, kxc_unpol::lda_c_ml1_kxc_unpol,
...   |
970 | |         params = (0.2026_f64, 0.084_f64)
971 | |     );
    | |_____- in this macro invocation
    |
    = note: this error originates in the macro `ten_arm_dispatch` (in Nightly builds, run with -Z macro-backtrace for more info)

error: expected one of `!`, `.`, `;`, `?`, `{`, `}`, or an operator, found `::`
   --> src/eval/dispatch.rs:387:23
    |
387 |                   $exc_p::launch_unchecked::<CpuRuntime>(
    |                         ^^ expected one of 7 possible tokens
...
962 | /     ten_arm_dispatch!(
963 | |         ctx, order, spin,
964 | |         exc_unpol::lda_c_ml1_exc_unpol, vxc_unpol::lda_c_ml1_vxc_unpol,
965 | |         fxc_unpol::lda_c_ml1_fxc_unpol, kxc_unpol::lda_c_ml1_kxc_unpol,
...   |
970 | |         params = (0.2026_f64, 0.084_f64)
971 | |     );
    | |_____- in this macro invocation
    |
    = note: this error originates in the macro `ten_arm_dispatch` (in Nightly builds, run with -Z macro-backtrace for more info)

error: expected one of `!`, `.`, `;`, `?`, `{`, `}`, or an operator, found `::`
   --> src/eval/dispatch.rs:395:23
    |
395 |                   $vxc_p::launch_unchecked::<CpuRuntime>(
    |                         ^^ expected one of 7 possible tokens
...
962 | /     ten_arm_dispatch!(
963 | |         ctx, order, spin,
964 | |         exc_unpol::lda_c_ml1_exc_unpol, vxc_unpol::lda_c_ml1_vxc_unpol,
965 | |         fxc_unpol::lda_c_ml1_fxc_unpol, kxc_unpol::lda_c_ml1_kxc_unpol,
...   |
970 | |         params = (0.2026_f64, 0.084_f64)
971 | |     );
    | |_____- in this macro invocation
    |
    = note: this error originates in the macro `ten_arm_dispatch` (in Nightly builds, run with -Z macro-backtrace for more info)

error: expected one of `!`, `.`, `;`, `?`, `{`, `}`, or an operator, found `::`
   --> src/eval/dispatch.rs:403:23
    |
403 |                   $fxc_p::launch_unchecked::<CpuRuntime>(
    |                         ^^ expected one of 7 possible tokens
...
962 | /     ten_arm_dispatch!(
963 | |         ctx, order, spin,
964 | |         exc_unpol::lda_c_ml1_exc_unpol, vxc_unpol::lda_c_ml1_vxc_unpol,
965 | |         fxc_unpol::lda_c_ml1_fxc_unpol, kxc_unpol::lda_c_ml1_kxc_unpol,
...   |
970 | |         params = (0.2026_f64, 0.084_f64)
971 | |     );
    | |_____- in this macro invocation
    |
    = note: this error originates in the macro `ten_arm_dispatch` (in Nightly builds, run with -Z macro-backtrace for more info)

error: expected one of `!`, `.`, `;`, `?`, `{`, `}`, or an operator, found `::`
   --> src/eval/dispatch.rs:411:23
    |
411 |                   $kxc_p::launch_unchecked::<CpuRuntime>(
    |                         ^^ expected one of 7 possible tokens
...
962 | /     ten_arm_dispatch!(
963 | |         ctx, order, spin,
964 | |         exc_unpol::lda_c_ml1_exc_unpol, vxc_unpol::lda_c_ml1_vxc_unpol,
965 | |         fxc_unpol::lda_c_ml1_fxc_unpol, kxc_unpol::lda_c_ml1_kxc_unpol,
...   |
970 | |         params = (0.2026_f64, 0.084_f64)
971 | |     );
    | |_____- in this macro invocation
    |
    = note: this error originates in the macro `ten_arm_dispatch` (in Nightly builds, run with -Z macro-backtrace for more info)

error: expected one of `!`, `.`, `;`, `?`, `{`, `}`, or an operator, found `::`
   --> src/eval/dispatch.rs:419:23
    |
419 |                   $lxc_p::launch_unchecked::<CpuRuntime>(
    |                         ^^ expected one of 7 possible tokens
...
962 | /     ten_arm_dispatch!(
963 | |         ctx, order, spin,
964 | |         exc_unpol::lda_c_ml1_exc_unpol, vxc_unpol::lda_c_ml1_vxc_unpol,
965 | |         fxc_unpol::lda_c_ml1_fxc_unpol, kxc_unpol::lda_c_ml1_kxc_unpol,
...   |
970 | |         params = (0.2026_f64, 0.084_f64)
971 | |     );
    | |_____- in this macro invocation
    |
    = note: this error originates in the macro `ten_arm_dispatch` (in Nightly builds, run with -Z macro-backtrace for more info)

error: expected one of `!`, `.`, `;`, `?`, `{`, `}`, or an operator, found `::`
   --> src/eval/dispatch.rs:347:23
    |
347 |                   $exc_u::launch_unchecked::<CpuRuntime>(
    |                         ^^ expected one of 7 possible tokens
...
977 | /     ten_arm_dispatch!(
978 | |         ctx, order, spin,
979 | |         exc_unpol::lda_c_w20_exc_unpol, vxc_unpol::lda_c_w20_vxc_unpol,
980 | |         fxc_unpol::lda_c_w20_fxc_unpol, kxc_unpol::lda_c_w20_kxc_unpol,
...   |
985 | |         params = ()
986 | |     );
    | |_____- in this macro invocation
    |
    = note: this error originates in the macro `ten_arm_dispatch` (in Nightly builds, run with -Z macro-backtrace for more info)

error: expected one of `!`, `.`, `;`, `?`, `{`, `}`, or an operator, found `::`
   --> src/eval/dispatch.rs:355:23
    |
355 |                   $vxc_u::launch_unchecked::<CpuRuntime>(
    |                         ^^ expected one of 7 possible tokens
...
977 | /     ten_arm_dispatch!(
978 | |         ctx, order, spin,
979 | |         exc_unpol::lda_c_w20_exc_unpol, vxc_unpol::lda_c_w20_vxc_unpol,
980 | |         fxc_unpol::lda_c_w20_fxc_unpol, kxc_unpol::lda_c_w20_kxc_unpol,
...   |
985 | |         params = ()
986 | |     );
    | |_____- in this macro invocation
    |
    = note: this error originates in the macro `ten_arm_dispatch` (in Nightly builds, run with -Z macro-backtrace for more info)

error: expected one of `!`, `.`, `;`, `?`, `{`, `}`, or an operator, found `::`
   --> src/eval/dispatch.rs:363:23
    |
363 |                   $fxc_u::launch_unchecked::<CpuRuntime>(
    |                         ^^ expected one of 7 possible tokens
...
977 | /     ten_arm_dispatch!(
978 | |         ctx, order, spin,
979 | |         exc_unpol::lda_c_w20_exc_unpol, vxc_unpol::lda_c_w20_vxc_unpol,
980 | |         fxc_unpol::lda_c_w20_fxc_unpol, kxc_unpol::lda_c_w20_kxc_unpol,
...   |
985 | |         params = ()
986 | |     );
    | |_____- in this macro invocation
    |
    = note: this error originates in the macro `ten_arm_dispatch` (in Nightly builds, run with -Z macro-backtrace for more info)

error: expected one of `!`, `.`, `;`, `?`, `{`, `}`, or an operator, found `::`
   --> src/eval/dispatch.rs:371:23
    |
371 |                   $kxc_u::launch_unchecked::<CpuRuntime>(
    |                         ^^ expected one of 7 possible tokens
...
977 | /     ten_arm_dispatch!(
978 | |         ctx, order, spin,
979 | |         exc_unpol::lda_c_w20_exc_unpol, vxc_unpol::lda_c_w20_vxc_unpol,
980 | |         fxc_unpol::lda_c_w20_fxc_unpol, kxc_unpol::lda_c_w20_kxc_unpol,
...   |
985 | |         params = ()
986 | |     );
    | |_____- in this macro invocation
    |
    = note: this error originates in the macro `ten_arm_dispatch` (in Nightly builds, run with -Z macro-backtrace for more info)

error: expected one of `!`, `.`, `;`, `?`, `{`, `}`, or an operator, found `::`
   --> src/eval/dispatch.rs:379:23
    |
379 |                   $lxc_u::launch_unchecked::<CpuRuntime>(
    |                         ^^ expected one of 7 possible tokens
...
977 | /     ten_arm_dispatch!(
978 | |         ctx, order, spin,
979 | |         exc_unpol::lda_c_w20_exc_unpol, vxc_unpol::lda_c_w20_vxc_unpol,
980 | |         fxc_unpol::lda_c_w20_fxc_unpol, kxc_unpol::lda_c_w20_kxc_unpol,
...   |
985 | |         params = ()
986 | |     );
    | |_____- in this macro invocation
    |
    = note: this error originates in the macro `ten_arm_dispatch` (in Nightly builds, run with -Z macro-backtrace for more info)

error: expected one of `!`, `.`, `;`, `?`, `{`, `}`, or an operator, found `::`
   --> src/eval/dispatch.rs:387:23
    |
387 |                   $exc_p::launch_unchecked::<CpuRuntime>(
    |                         ^^ expected one of 7 possible tokens
...
977 | /     ten_arm_dispatch!(
978 | |         ctx, order, spin,
979 | |         exc_unpol::lda_c_w20_exc_unpol, vxc_unpol::lda_c_w20_vxc_unpol,
980 | |         fxc_unpol::lda_c_w20_fxc_unpol, kxc_unpol::lda_c_w20_kxc_unpol,
...   |
985 | |         params = ()
986 | |     );
    | |_____- in this macro invocation
    |
    = note: this error originates in the macro `ten_arm_dispatch` (in Nightly builds, run with -Z macro-backtrace for more info)

error: expected one of `!`, `.`, `;`, `?`, `{`, `}`, or an operator, found `::`
   --> src/eval/dispatch.rs:395:23
    |
395 |                   $vxc_p::launch_unchecked::<CpuRuntime>(
    |                         ^^ expected one of 7 possible tokens
...
977 | /     ten_arm_dispatch!(
978 | |         ctx, order, spin,
979 | |         exc_unpol::lda_c_w20_exc_unpol, vxc_unpol::lda_c_w20_vxc_unpol,
980 | |         fxc_unpol::lda_c_w20_fxc_unpol, kxc_unpol::lda_c_w20_kxc_unpol,
...   |
985 | |         params = ()
986 | |     );
    | |_____- in this macro invocation
    |
    = note: this error originates in the macro `ten_arm_dispatch` (in Nightly builds, run with -Z macro-backtrace for more info)

error: expected one of `!`, `.`, `;`, `?`, `{`, `}`, or an operator, found `::`
   --> src/eval/dispatch.rs:403:23
    |
403 |                   $fxc_p::launch_unchecked::<CpuRuntime>(
    |                         ^^ expected one of 7 possible tokens
...
977 | /     ten_arm_dispatch!(
978 | |         ctx, order, spin,
979 | |         exc_unpol::lda_c_w20_exc_unpol, vxc_unpol::lda_c_w20_vxc_unpol,
980 | |         fxc_unpol::lda_c_w20_fxc_unpol, kxc_unpol::lda_c_w20_kxc_unpol,
...   |
985 | |         params = ()
986 | |     );
    | |_____- in this macro invocation
    |
    = note: this error originates in the macro `ten_arm_dispatch` (in Nightly builds, run with -Z macro-backtrace for more info)

error: expected one of `!`, `.`, `;`, `?`, `{`, `}`, or an operator, found `::`
   --> src/eval/dispatch.rs:411:23
    |
411 |                   $kxc_p::launch_unchecked::<CpuRuntime>(
    |                         ^^ expected one of 7 possible tokens
...
977 | /     ten_arm_dispatch!(
978 | |         ctx, order, spin,
979 | |         exc_unpol::lda_c_w20_exc_unpol, vxc_unpol::lda_c_w20_vxc_unpol,
980 | |         fxc_unpol::lda_c_w20_fxc_unpol, kxc_unpol::lda_c_w20_kxc_unpol,
...   |
985 | |         params = ()
986 | |     );
    | |_____- in this macro invocation
    |
    = note: this error originates in the macro `ten_arm_dispatch` (in Nightly builds, run with -Z macro-backtrace for more info)

error: expected one of `!`, `.`, `;`, `?`, `{`, `}`, or an operator, found `::`
   --> src/eval/dispatch.rs:419:23
    |
419 |                   $lxc_p::launch_unchecked::<CpuRuntime>(
    |                         ^^ expected one of 7 possible tokens
...
977 | /     ten_arm_dispatch!(
978 | |         ctx, order, spin,
979 | |         exc_unpol::lda_c_w20_exc_unpol, vxc_unpol::lda_c_w20_vxc_unpol,
980 | |         fxc_unpol::lda_c_w20_fxc_unpol, kxc_unpol::lda_c_w20_kxc_unpol,
...   |
985 | |         params = ()
986 | |     );
    | |_____- in this macro invocation
    |
    = note: this error originates in the macro `ten_arm_dispatch` (in Nightly builds, run with -Z macro-backtrace for more info)

error: expected one of `!`, `.`, `;`, `?`, `{`, `}`, or an operator, found `::`
    --> src/eval/dispatch.rs:347:23
     |
 347 |                   $exc_u::launch_unchecked::<CpuRuntime>(
     |                         ^^ expected one of 7 possible tokens
...
 994 | /     ten_arm_dispatch!(
 995 | |         ctx, order, spin,
 996 | |         exc_unpol::lda_c_chachiyo_exc_unpol, vxc_unpol::lda_c_chachiyo_vxc_unpol,
 997 | |         fxc_unpol::lda_c_chachiyo_fxc_unpol, kxc_unpol::lda_c_chachiyo_kxc_unpol,
...    |
1010 | |     );
     | |_____- in this macro invocation
     |
     = note: this error originates in the macro `ten_arm_dispatch` (in Nightly builds, run with -Z macro-backtrace for more info)

error: expected one of `!`, `.`, `;`, `?`, `{`, `}`, or an operator, found `::`
    --> src/eval/dispatch.rs:355:23
     |
 355 |                   $vxc_u::launch_unchecked::<CpuRuntime>(
     |                         ^^ expected one of 7 possible tokens
...
 994 | /     ten_arm_dispatch!(
 995 | |         ctx, order, spin,
 996 | |         exc_unpol::lda_c_chachiyo_exc_unpol, vxc_unpol::lda_c_chachiyo_vxc_unpol,
 997 | |         fxc_unpol::lda_c_chachiyo_fxc_unpol, kxc_unpol::lda_c_chachiyo_kxc_unpol,
...    |
1010 | |     );
     | |_____- in this macro invocation
     |
     = note: this error originates in the macro `ten_arm_dispatch` (in Nightly builds, run with -Z macro-backtrace for more info)

error: expected one of `!`, `.`, `;`, `?`, `{`, `}`, or an operator, found `::`
    --> src/eval/dispatch.rs:363:23
     |
 363 |                   $fxc_u::launch_unchecked::<CpuRuntime>(
     |                         ^^ expected one of 7 possible tokens
...
 994 | /     ten_arm_dispatch!(
 995 | |         ctx, order, spin,
 996 | |         exc_unpol::lda_c_chachiyo_exc_unpol, vxc_unpol::lda_c_chachiyo_vxc_unpol,
 997 | |         fxc_unpol::lda_c_chachiyo_fxc_unpol, kxc_unpol::lda_c_chachiyo_kxc_unpol,
...    |
1010 | |     );
     | |_____- in this macro invocation
     |
     = note: this error originates in the macro `ten_arm_dispatch` (in Nightly builds, run with -Z macro-backtrace for more info)

error: expected one of `!`, `.`, `;`, `?`, `{`, `}`, or an operator, found `::`
    --> src/eval/dispatch.rs:371:23
     |
 371 |                   $kxc_u::launch_unchecked::<CpuRuntime>(
     |                         ^^ expected one of 7 possible tokens
...
 994 | /     ten_arm_dispatch!(
 995 | |         ctx, order, spin,
 996 | |         exc_unpol::lda_c_chachiyo_exc_unpol, vxc_unpol::lda_c_chachiyo_vxc_unpol,
 997 | |         fxc_unpol::lda_c_chachiyo_fxc_unpol, kxc_unpol::lda_c_chachiyo_kxc_unpol,
...    |
1010 | |     );
     | |_____- in this macro invocation
     |
     = note: this error originates in the macro `ten_arm_dispatch` (in Nightly builds, run with -Z macro-backtrace for more info)

error: expected one of `!`, `.`, `;`, `?`, `{`, `}`, or an operator, found `::`
    --> src/eval/dispatch.rs:379:23
     |
 379 |                   $lxc_u::launch_unchecked::<CpuRuntime>(
     |                         ^^ expected one of 7 possible tokens
...
 994 | /     ten_arm_dispatch!(
 995 | |         ctx, order, spin,
 996 | |         exc_unpol::lda_c_chachiyo_exc_unpol, vxc_unpol::lda_c_chachiyo_vxc_unpol,
 997 | |         fxc_unpol::lda_c_chachiyo_fxc_unpol, kxc_unpol::lda_c_chachiyo_kxc_unpol,
...    |
1010 | |     );
     | |_____- in this macro invocation
     |
     = note: this error originates in the macro `ten_arm_dispatch` (in Nightly builds, run with -Z macro-backtrace for more info)

error: expected one of `!`, `.`, `;`, `?`, `{`, `}`, or an operator, found `::`
    --> src/eval/dispatch.rs:387:23
     |
 387 |                   $exc_p::launch_unchecked::<CpuRuntime>(
     |                         ^^ expected one of 7 possible tokens
...
 994 | /     ten_arm_dispatch!(
 995 | |         ctx, order, spin,
 996 | |         exc_unpol::lda_c_chachiyo_exc_unpol, vxc_unpol::lda_c_chachiyo_vxc_unpol,
 997 | |         fxc_unpol::lda_c_chachiyo_fxc_unpol, kxc_unpol::lda_c_chachiyo_kxc_unpol,
...    |
1010 | |     );
     | |_____- in this macro invocation
     |
     = note: this error originates in the macro `ten_arm_dispatch` (in Nightly builds, run with -Z macro-backtrace for more info)

error: expected one of `!`, `.`, `;`, `?`, `{`, `}`, or an operator, found `::`
    --> src/eval/dispatch.rs:395:23
     |
 395 |                   $vxc_p::launch_unchecked::<CpuRuntime>(
     |                         ^^ expected one of 7 possible tokens
...
 994 | /     ten_arm_dispatch!(
 995 | |         ctx, order, spin,
 996 | |         exc_unpol::lda_c_chachiyo_exc_unpol, vxc_unpol::lda_c_chachiyo_vxc_unpol,
 997 | |         fxc_unpol::lda_c_chachiyo_fxc_unpol, kxc_unpol::lda_c_chachiyo_kxc_unpol,
...    |
1010 | |     );
     | |_____- in this macro invocation
     |
     = note: this error originates in the macro `ten_arm_dispatch` (in Nightly builds, run with -Z macro-backtrace for more info)

error: expected one of `!`, `.`, `;`, `?`, `{`, `}`, or an operator, found `::`
    --> src/eval/dispatch.rs:403:23
     |
 403 |                   $fxc_p::launch_unchecked::<CpuRuntime>(
     |                         ^^ expected one of 7 possible tokens
...
 994 | /     ten_arm_dispatch!(
 995 | |         ctx, order, spin,
 996 | |         exc_unpol::lda_c_chachiyo_exc_unpol, vxc_unpol::lda_c_chachiyo_vxc_unpol,
 997 | |         fxc_unpol::lda_c_chachiyo_fxc_unpol, kxc_unpol::lda_c_chachiyo_kxc_unpol,
...    |
1010 | |     );
     | |_____- in this macro invocation
     |
     = note: this error originates in the macro `ten_arm_dispatch` (in Nightly builds, run with -Z macro-backtrace for more info)

error: expected one of `!`, `.`, `;`, `?`, `{`, `}`, or an operator, found `::`
    --> src/eval/dispatch.rs:411:23
     |
 411 |                   $kxc_p::launch_unchecked::<CpuRuntime>(
     |                         ^^ expected one of 7 possible tokens
...
 994 | /     ten_arm_dispatch!(
 995 | |         ctx, order, spin,
 996 | |         exc_unpol::lda_c_chachiyo_exc_unpol, vxc_unpol::lda_c_chachiyo_vxc_unpol,
 997 | |         fxc_unpol::lda_c_chachiyo_fxc_unpol, kxc_unpol::lda_c_chachiyo_kxc_unpol,
...    |
1010 | |     );
     | |_____- in this macro invocation
     |
     = note: this error originates in the macro `ten_arm_dispatch` (in Nightly builds, run with -Z macro-backtrace for more info)

error: expected one of `!`, `.`, `;`, `?`, `{`, `}`, or an operator, found `::`
    --> src/eval/dispatch.rs:419:23
     |
 419 |                   $lxc_p::launch_unchecked::<CpuRuntime>(
     |                         ^^ expected one of 7 possible tokens
...
 994 | /     ten_arm_dispatch!(
 995 | |         ctx, order, spin,
 996 | |         exc_unpol::lda_c_chachiyo_exc_unpol, vxc_unpol::lda_c_chachiyo_vxc_unpol,
 997 | |         fxc_unpol::lda_c_chachiyo_fxc_unpol, kxc_unpol::lda_c_chachiyo_kxc_unpol,
...    |
1010 | |     );
     | |_____- in this macro invocation
     |
     = note: this error originates in the macro `ten_arm_dispatch` (in Nightly builds, run with -Z macro-backtrace for more info)

error: expected one of `!`, `.`, `;`, `?`, `{`, `}`, or an operator, found `::`
    --> src/eval/dispatch.rs:347:23
     |
 347 |                   $exc_u::launch_unchecked::<CpuRuntime>(
     |                         ^^ expected one of 7 possible tokens
...
1017 | /     ten_arm_dispatch!(
1018 | |         ctx, order, spin,
1019 | |         exc_unpol::lda_c_chachiyo_mod_exc_unpol, vxc_unpol::lda_c_chachiyo_mod_vxc_unpol,
1020 | |         fxc_unpol::lda_c_chachiyo_mod_fxc_unpol, kxc_unpol::lda_c_chachiyo_mod_kxc_unpol,
...    |
1030 | |     );
     | |_____- in this macro invocation
     |
     = note: this error originates in the macro `ten_arm_dispatch` (in Nightly builds, run with -Z macro-backtrace for more info)

error: expected one of `!`, `.`, `;`, `?`, `{`, `}`, or an operator, found `::`
    --> src/eval/dispatch.rs:355:23
     |
 355 |                   $vxc_u::launch_unchecked::<CpuRuntime>(
     |                         ^^ expected one of 7 possible tokens
...
1017 | /     ten_arm_dispatch!(
1018 | |         ctx, order, spin,
1019 | |         exc_unpol::lda_c_chachiyo_mod_exc_unpol, vxc_unpol::lda_c_chachiyo_mod_vxc_unpol,
1020 | |         fxc_unpol::lda_c_chachiyo_mod_fxc_unpol, kxc_unpol::lda_c_chachiyo_mod_kxc_unpol,
...    |
1030 | |     );
     | |_____- in this macro invocation
     |
     = note: this error originates in the macro `ten_arm_dispatch` (in Nightly builds, run with -Z macro-backtrace for more info)

error: expected one of `!`, `.`, `;`, `?`, `{`, `}`, or an operator, found `::`
    --> src/eval/dispatch.rs:363:23
     |
 363 |                   $fxc_u::launch_unchecked::<CpuRuntime>(
     |                         ^^ expected one of 7 possible tokens
...
1017 | /     ten_arm_dispatch!(
1018 | |         ctx, order, spin,
1019 | |         exc_unpol::lda_c_chachiyo_mod_exc_unpol, vxc_unpol::lda_c_chachiyo_mod_vxc_unpol,
1020 | |         fxc_unpol::lda_c_chachiyo_mod_fxc_unpol, kxc_unpol::lda_c_chachiyo_mod_kxc_unpol,
...    |
1030 | |     );
     | |_____- in this macro invocation
     |
     = note: this error originates in the macro `ten_arm_dispatch` (in Nightly builds, run with -Z macro-backtrace for more info)

error: expected one of `!`, `.`, `;`, `?`, `{`, `}`, or an operator, found `::`
    --> src/eval/dispatch.rs:371:23
     |
 371 |                   $kxc_u::launch_unchecked::<CpuRuntime>(
     |                         ^^ expected one of 7 possible tokens
...
1017 | /     ten_arm_dispatch!(
1018 | |         ctx, order, spin,
1019 | |         exc_unpol::lda_c_chachiyo_mod_exc_unpol, vxc_unpol::lda_c_chachiyo_mod_vxc_unpol,
1020 | |         fxc_unpol::lda_c_chachiyo_mod_fxc_unpol, kxc_unpol::lda_c_chachiyo_mod_kxc_unpol,
...    |
1030 | |     );
     | |_____- in this macro invocation
     |
     = note: this error originates in the macro `ten_arm_dispatch` (in Nightly builds, run with -Z macro-backtrace for more info)

error: expected one of `!`, `.`, `;`, `?`, `{`, `}`, or an operator, found `::`
    --> src/eval/dispatch.rs:379:23
     |
 379 |                   $lxc_u::launch_unchecked::<CpuRuntime>(
     |                         ^^ expected one of 7 possible tokens
...
1017 | /     ten_arm_dispatch!(
1018 | |         ctx, order, spin,
1019 | |         exc_unpol::lda_c_chachiyo_mod_exc_unpol, vxc_unpol::lda_c_chachiyo_mod_vxc_unpol,
1020 | |         fxc_unpol::lda_c_chachiyo_mod_fxc_unpol, kxc_unpol::lda_c_chachiyo_mod_kxc_unpol,
...    |
1030 | |     );
     | |_____- in this macro invocation
     |
     = note: this error originates in the macro `ten_arm_dispatch` (in Nightly builds, run with -Z macro-backtrace for more info)

error: expected one of `!`, `.`, `;`, `?`, `{`, `}`, or an operator, found `::`
    --> src/eval/dispatch.rs:387:23
     |
 387 |                   $exc_p::launch_unchecked::<CpuRuntime>(
     |                         ^^ expected one of 7 possible tokens
...
1017 | /     ten_arm_dispatch!(
1018 | |         ctx, order, spin,
1019 | |         exc_unpol::lda_c_chachiyo_mod_exc_unpol, vxc_unpol::lda_c_chachiyo_mod_vxc_unpol,
1020 | |         fxc_unpol::lda_c_chachiyo_mod_fxc_unpol, kxc_unpol::lda_c_chachiyo_mod_kxc_unpol,
...    |
1030 | |     );
     | |_____- in this macro invocation
     |
     = note: this error originates in the macro `ten_arm_dispatch` (in Nightly builds, run with -Z macro-backtrace for more info)

error: expected one of `!`, `.`, `;`, `?`, `{`, `}`, or an operator, found `::`
    --> src/eval/dispatch.rs:395:23
     |
 395 |                   $vxc_p::launch_unchecked::<CpuRuntime>(
     |                         ^^ expected one of 7 possible tokens
...
1017 | /     ten_arm_dispatch!(
1018 | |         ctx, order, spin,
1019 | |         exc_unpol::lda_c_chachiyo_mod_exc_unpol, vxc_unpol::lda_c_chachiyo_mod_vxc_unpol,
1020 | |         fxc_unpol::lda_c_chachiyo_mod_fxc_unpol, kxc_unpol::lda_c_chachiyo_mod_kxc_unpol,
...    |
1030 | |     );
     | |_____- in this macro invocation
     |
     = note: this error originates in the macro `ten_arm_dispatch` (in Nightly builds, run with -Z macro-backtrace for more info)

error: expected one of `!`, `.`, `;`, `?`, `{`, `}`, or an operator, found `::`
    --> src/eval/dispatch.rs:403:23
     |
 403 |                   $fxc_p::launch_unchecked::<CpuRuntime>(
     |                         ^^ expected one of 7 possible tokens
...
1017 | /     ten_arm_dispatch!(
1018 | |         ctx, order, spin,
1019 | |         exc_unpol::lda_c_chachiyo_mod_exc_unpol, vxc_unpol::lda_c_chachiyo_mod_vxc_unpol,
1020 | |         fxc_unpol::lda_c_chachiyo_mod_fxc_unpol, kxc_unpol::lda_c_chachiyo_mod_kxc_unpol,
...    |
1030 | |     );
     | |_____- in this macro invocation
     |
     = note: this error originates in the macro `ten_arm_dispatch` (in Nightly builds, run with -Z macro-backtrace for more info)

error: expected one of `!`, `.`, `;`, `?`, `{`, `}`, or an operator, found `::`
    --> src/eval/dispatch.rs:411:23
     |
 411 |                   $kxc_p::launch_unchecked::<CpuRuntime>(
     |                         ^^ expected one of 7 possible tokens
...
1017 | /     ten_arm_dispatch!(
1018 | |         ctx, order, spin,
1019 | |         exc_unpol::lda_c_chachiyo_mod_exc_unpol, vxc_unpol::lda_c_chachiyo_mod_vxc_unpol,
1020 | |         fxc_unpol::lda_c_chachiyo_mod_fxc_unpol, kxc_unpol::lda_c_chachiyo_mod_kxc_unpol,
...    |
1030 | |     );
     | |_____- in this macro invocation
     |
     = note: this error originates in the macro `ten_arm_dispatch` (in Nightly builds, run with -Z macro-backtrace for more info)

error: expected one of `!`, `.`, `;`, `?`, `{`, `}`, or an operator, found `::`
    --> src/eval/dispatch.rs:419:23
     |
 419 |                   $lxc_p::launch_unchecked::<CpuRuntime>(
     |                         ^^ expected one of 7 possible tokens
...
1017 | /     ten_arm_dispatch!(
1018 | |         ctx, order, spin,
1019 | |         exc_unpol::lda_c_chachiyo_mod_exc_unpol, vxc_unpol::lda_c_chachiyo_mod_vxc_unpol,
1020 | |         fxc_unpol::lda_c_chachiyo_mod_fxc_unpol, kxc_unpol::lda_c_chachiyo_mod_kxc_unpol,
...    |
1030 | |     );
     | |_____- in this macro invocation
     |
     = note: this error originates in the macro `ten_arm_dispatch` (in Nightly builds, run with -Z macro-backtrace for more info)

error: expected one of `!`, `.`, `;`, `?`, `{`, `}`, or an operator, found `::`
    --> src/eval/dispatch.rs:347:23
     |
 347 |                   $exc_u::launch_unchecked::<CpuRuntime>(
     |                         ^^ expected one of 7 possible tokens
...
1039 | /     ten_arm_dispatch!(
1040 | |         ctx, order, spin,
1041 | |         exc_unpol::lda_k_tf_exc_unpol, vxc_unpol::lda_k_tf_vxc_unpol,
1042 | |         fxc_unpol::lda_k_tf_fxc_unpol, kxc_unpol::lda_k_tf_kxc_unpol,
...    |
1047 | |         params = (TF_AX)
1048 | |     );
     | |_____- in this macro invocation
     |
     = note: this error originates in the macro `ten_arm_dispatch` (in Nightly builds, run with -Z macro-backtrace for more info)

error: expected one of `!`, `.`, `;`, `?`, `{`, `}`, or an operator, found `::`
    --> src/eval/dispatch.rs:355:23
     |
 355 |                   $vxc_u::launch_unchecked::<CpuRuntime>(
     |                         ^^ expected one of 7 possible tokens
...
1039 | /     ten_arm_dispatch!(
1040 | |         ctx, order, spin,
1041 | |         exc_unpol::lda_k_tf_exc_unpol, vxc_unpol::lda_k_tf_vxc_unpol,
1042 | |         fxc_unpol::lda_k_tf_fxc_unpol, kxc_unpol::lda_k_tf_kxc_unpol,
...    |
1047 | |         params = (TF_AX)
1048 | |     );
     | |_____- in this macro invocation
     |
     = note: this error originates in the macro `ten_arm_dispatch` (in Nightly builds, run with -Z macro-backtrace for more info)

error: expected one of `!`, `.`, `;`, `?`, `{`, `}`, or an operator, found `::`
    --> src/eval/dispatch.rs:363:23
     |
 363 |                   $fxc_u::launch_unchecked::<CpuRuntime>(
     |                         ^^ expected one of 7 possible tokens
...
1039 | /     ten_arm_dispatch!(
1040 | |         ctx, order, spin,
1041 | |         exc_unpol::lda_k_tf_exc_unpol, vxc_unpol::lda_k_tf_vxc_unpol,
1042 | |         fxc_unpol::lda_k_tf_fxc_unpol, kxc_unpol::lda_k_tf_kxc_unpol,
...    |
1047 | |         params = (TF_AX)
1048 | |     );
     | |_____- in this macro invocation
     |
     = note: this error originates in the macro `ten_arm_dispatch` (in Nightly builds, run with -Z macro-backtrace for more info)

error: expected one of `!`, `.`, `;`, `?`, `{`, `}`, or an operator, found `::`
    --> src/eval/dispatch.rs:371:23
     |
 371 |                   $kxc_u::launch_unchecked::<CpuRuntime>(
     |                         ^^ expected one of 7 possible tokens
...
1039 | /     ten_arm_dispatch!(
1040 | |         ctx, order, spin,
1041 | |         exc_unpol::lda_k_tf_exc_unpol, vxc_unpol::lda_k_tf_vxc_unpol,
1042 | |         fxc_unpol::lda_k_tf_fxc_unpol, kxc_unpol::lda_k_tf_kxc_unpol,
...    |
1047 | |         params = (TF_AX)
1048 | |     );
     | |_____- in this macro invocation
     |
     = note: this error originates in the macro `ten_arm_dispatch` (in Nightly builds, run with -Z macro-backtrace for more info)

error: expected one of `!`, `.`, `;`, `?`, `{`, `}`, or an operator, found `::`
    --> src/eval/dispatch.rs:379:23
     |
 379 |                   $lxc_u::launch_unchecked::<CpuRuntime>(
     |                         ^^ expected one of 7 possible tokens
...
1039 | /     ten_arm_dispatch!(
1040 | |         ctx, order, spin,
1041 | |         exc_unpol::lda_k_tf_exc_unpol, vxc_unpol::lda_k_tf_vxc_unpol,
1042 | |         fxc_unpol::lda_k_tf_fxc_unpol, kxc_unpol::lda_k_tf_kxc_unpol,
...    |
1047 | |         params = (TF_AX)
1048 | |     );
     | |_____- in this macro invocation
     |
     = note: this error originates in the macro `ten_arm_dispatch` (in Nightly builds, run with -Z macro-backtrace for more info)

error: expected one of `!`, `.`, `;`, `?`, `{`, `}`, or an operator, found `::`
    --> src/eval/dispatch.rs:387:23
     |
 387 |                   $exc_p::launch_unchecked::<CpuRuntime>(
     |                         ^^ expected one of 7 possible tokens
...
1039 | /     ten_arm_dispatch!(
1040 | |         ctx, order, spin,
1041 | |         exc_unpol::lda_k_tf_exc_unpol, vxc_unpol::lda_k_tf_vxc_unpol,
1042 | |         fxc_unpol::lda_k_tf_fxc_unpol, kxc_unpol::lda_k_tf_kxc_unpol,
...    |
1047 | |         params = (TF_AX)
1048 | |     );
     | |_____- in this macro invocation
     |
     = note: this error originates in the macro `ten_arm_dispatch` (in Nightly builds, run with -Z macro-backtrace for more info)

error: expected one of `!`, `.`, `;`, `?`, `{`, `}`, or an operator, found `::`
    --> src/eval/dispatch.rs:395:23
     |
 395 |                   $vxc_p::launch_unchecked::<CpuRuntime>(
     |                         ^^ expected one of 7 possible tokens
...
1039 | /     ten_arm_dispatch!(
1040 | |         ctx, order, spin,
1041 | |         exc_unpol::lda_k_tf_exc_unpol, vxc_unpol::lda_k_tf_vxc_unpol,
1042 | |         fxc_unpol::lda_k_tf_fxc_unpol, kxc_unpol::lda_k_tf_kxc_unpol,
...    |
1047 | |         params = (TF_AX)
1048 | |     );
     | |_____- in this macro invocation
     |
     = note: this error originates in the macro `ten_arm_dispatch` (in Nightly builds, run with -Z macro-backtrace for more info)

error: expected one of `!`, `.`, `;`, `?`, `{`, `}`, or an operator, found `::`
    --> src/eval/dispatch.rs:403:23
     |
 403 |                   $fxc_p::launch_unchecked::<CpuRuntime>(
     |                         ^^ expected one of 7 possible tokens
...
1039 | /     ten_arm_dispatch!(
1040 | |         ctx, order, spin,
1041 | |         exc_unpol::lda_k_tf_exc_unpol, vxc_unpol::lda_k_tf_vxc_unpol,
1042 | |         fxc_unpol::lda_k_tf_fxc_unpol, kxc_unpol::lda_k_tf_kxc_unpol,
...    |
1047 | |         params = (TF_AX)
1048 | |     );
     | |_____- in this macro invocation
     |
     = note: this error originates in the macro `ten_arm_dispatch` (in Nightly builds, run with -Z macro-backtrace for more info)

error: expected one of `!`, `.`, `;`, `?`, `{`, `}`, or an operator, found `::`
    --> src/eval/dispatch.rs:411:23
     |
 411 |                   $kxc_p::launch_unchecked::<CpuRuntime>(
     |                         ^^ expected one of 7 possible tokens
...
1039 | /     ten_arm_dispatch!(
1040 | |         ctx, order, spin,
1041 | |         exc_unpol::lda_k_tf_exc_unpol, vxc_unpol::lda_k_tf_vxc_unpol,
1042 | |         fxc_unpol::lda_k_tf_fxc_unpol, kxc_unpol::lda_k_tf_kxc_unpol,
...    |
1047 | |         params = (TF_AX)
1048 | |     );
     | |_____- in this macro invocation
     |
     = note: this error originates in the macro `ten_arm_dispatch` (in Nightly builds, run with -Z macro-backtrace for more info)

error: expected one of `!`, `.`, `;`, `?`, `{`, `}`, or an operator, found `::`
    --> src/eval/dispatch.rs:419:23
     |
 419 |                   $lxc_p::launch_unchecked::<CpuRuntime>(
     |                         ^^ expected one of 7 possible tokens
...
1039 | /     ten_arm_dispatch!(
1040 | |         ctx, order, spin,
1041 | |         exc_unpol::lda_k_tf_exc_unpol, vxc_unpol::lda_k_tf_vxc_unpol,
1042 | |         fxc_unpol::lda_k_tf_fxc_unpol, kxc_unpol::lda_k_tf_kxc_unpol,
...    |
1047 | |         params = (TF_AX)
1048 | |     );
     | |_____- in this macro invocation
     |
     = note: this error originates in the macro `ten_arm_dispatch` (in Nightly builds, run with -Z macro-backtrace for more info)

error: expected one of `!`, `.`, `;`, `?`, `{`, `}`, or an operator, found `::`
    --> src/eval/dispatch.rs:347:23
     |
 347 |                   $exc_u::launch_unchecked::<CpuRuntime>(
     |                         ^^ expected one of 7 possible tokens
...
1054 | /     ten_arm_dispatch!(
1055 | |         ctx, order, spin,
1056 | |         exc_unpol::lda_k_zlp_exc_unpol, vxc_unpol::lda_k_zlp_vxc_unpol,
1057 | |         fxc_unpol::lda_k_zlp_fxc_unpol, kxc_unpol::lda_k_zlp_kxc_unpol,
...    |
1062 | |         params = ()
1063 | |     );
     | |_____- in this macro invocation
     |
     = note: this error originates in the macro `ten_arm_dispatch` (in Nightly builds, run with -Z macro-backtrace for more info)

error: expected one of `!`, `.`, `;`, `?`, `{`, `}`, or an operator, found `::`
    --> src/eval/dispatch.rs:355:23
     |
 355 |                   $vxc_u::launch_unchecked::<CpuRuntime>(
     |                         ^^ expected one of 7 possible tokens
...
1054 | /     ten_arm_dispatch!(
1055 | |         ctx, order, spin,
1056 | |         exc_unpol::lda_k_zlp_exc_unpol, vxc_unpol::lda_k_zlp_vxc_unpol,
1057 | |         fxc_unpol::lda_k_zlp_fxc_unpol, kxc_unpol::lda_k_zlp_kxc_unpol,
...    |
1062 | |         params = ()
1063 | |     );
     | |_____- in this macro invocation
     |
     = note: this error originates in the macro `ten_arm_dispatch` (in Nightly builds, run with -Z macro-backtrace for more info)

error: expected one of `!`, `.`, `;`, `?`, `{`, `}`, or an operator, found `::`
    --> src/eval/dispatch.rs:363:23
     |
 363 |                   $fxc_u::launch_unchecked::<CpuRuntime>(
     |                         ^^ expected one of 7 possible tokens
...
1054 | /     ten_arm_dispatch!(
1055 | |         ctx, order, spin,
1056 | |         exc_unpol::lda_k_zlp_exc_unpol, vxc_unpol::lda_k_zlp_vxc_unpol,
1057 | |         fxc_unpol::lda_k_zlp_fxc_unpol, kxc_unpol::lda_k_zlp_kxc_unpol,
...    |
1062 | |         params = ()
1063 | |     );
     | |_____- in this macro invocation
     |
     = note: this error originates in the macro `ten_arm_dispatch` (in Nightly builds, run with -Z macro-backtrace for more info)

error: expected one of `!`, `.`, `;`, `?`, `{`, `}`, or an operator, found `::`
    --> src/eval/dispatch.rs:371:23
     |
 371 |                   $kxc_u::launch_unchecked::<CpuRuntime>(
     |                         ^^ expected one of 7 possible tokens
...
1054 | /     ten_arm_dispatch!(
1055 | |         ctx, order, spin,
1056 | |         exc_unpol::lda_k_zlp_exc_unpol, vxc_unpol::lda_k_zlp_vxc_unpol,
1057 | |         fxc_unpol::lda_k_zlp_fxc_unpol, kxc_unpol::lda_k_zlp_kxc_unpol,
...    |
1062 | |         params = ()
1063 | |     );
     | |_____- in this macro invocation
     |
     = note: this error originates in the macro `ten_arm_dispatch` (in Nightly builds, run with -Z macro-backtrace for more info)

error: expected one of `!`, `.`, `;`, `?`, `{`, `}`, or an operator, found `::`
    --> src/eval/dispatch.rs:379:23
     |
 379 |                   $lxc_u::launch_unchecked::<CpuRuntime>(
     |                         ^^ expected one of 7 possible tokens
...
1054 | /     ten_arm_dispatch!(
1055 | |         ctx, order, spin,
1056 | |         exc_unpol::lda_k_zlp_exc_unpol, vxc_unpol::lda_k_zlp_vxc_unpol,
1057 | |         fxc_unpol::lda_k_zlp_fxc_unpol, kxc_unpol::lda_k_zlp_kxc_unpol,
...    |
1062 | |         params = ()
1063 | |     );
     | |_____- in this macro invocation
     |
     = note: this error originates in the macro `ten_arm_dispatch` (in Nightly builds, run with -Z macro-backtrace for more info)

error: expected one of `!`, `.`, `;`, `?`, `{`, `}`, or an operator, found `::`
    --> src/eval/dispatch.rs:387:23
     |
 387 |                   $exc_p::launch_unchecked::<CpuRuntime>(
     |                         ^^ expected one of 7 possible tokens
...
1054 | /     ten_arm_dispatch!(
1055 | |         ctx, order, spin,
1056 | |         exc_unpol::lda_k_zlp_exc_unpol, vxc_unpol::lda_k_zlp_vxc_unpol,
1057 | |         fxc_unpol::lda_k_zlp_fxc_unpol, kxc_unpol::lda_k_zlp_kxc_unpol,
...    |
1062 | |         params = ()
1063 | |     );
     | |_____- in this macro invocation
     |
     = note: this error originates in the macro `ten_arm_dispatch` (in Nightly builds, run with -Z macro-backtrace for more info)

error: expected one of `!`, `.`, `;`, `?`, `{`, `}`, or an operator, found `::`
    --> src/eval/dispatch.rs:395:23
     |
 395 |                   $vxc_p::launch_unchecked::<CpuRuntime>(
     |                         ^^ expected one of 7 possible tokens
...
1054 | /     ten_arm_dispatch!(
1055 | |         ctx, order, spin,
1056 | |         exc_unpol::lda_k_zlp_exc_unpol, vxc_unpol::lda_k_zlp_vxc_unpol,
1057 | |         fxc_unpol::lda_k_zlp_fxc_unpol, kxc_unpol::lda_k_zlp_kxc_unpol,
...    |
1062 | |         params = ()
1063 | |     );
     | |_____- in this macro invocation
     |
     = note: this error originates in the macro `ten_arm_dispatch` (in Nightly builds, run with -Z macro-backtrace for more info)

error: expected one of `!`, `.`, `;`, `?`, `{`, `}`, or an operator, found `::`
    --> src/eval/dispatch.rs:403:23
     |
 403 |                   $fxc_p::launch_unchecked::<CpuRuntime>(
     |                         ^^ expected one of 7 possible tokens
...
1054 | /     ten_arm_dispatch!(
1055 | |         ctx, order, spin,
1056 | |         exc_unpol::lda_k_zlp_exc_unpol, vxc_unpol::lda_k_zlp_vxc_unpol,
1057 | |         fxc_unpol::lda_k_zlp_fxc_unpol, kxc_unpol::lda_k_zlp_kxc_unpol,
...    |
1062 | |         params = ()
1063 | |     );
     | |_____- in this macro invocation
     |
     = note: this error originates in the macro `ten_arm_dispatch` (in Nightly builds, run with -Z macro-backtrace for more info)

error: expected one of `!`, `.`, `;`, `?`, `{`, `}`, or an operator, found `::`
    --> src/eval/dispatch.rs:411:23
     |
 411 |                   $kxc_p::launch_unchecked::<CpuRuntime>(
     |                         ^^ expected one of 7 possible tokens
...
1054 | /     ten_arm_dispatch!(
1055 | |         ctx, order, spin,
1056 | |         exc_unpol::lda_k_zlp_exc_unpol, vxc_unpol::lda_k_zlp_vxc_unpol,
1057 | |         fxc_unpol::lda_k_zlp_fxc_unpol, kxc_unpol::lda_k_zlp_kxc_unpol,
...    |
1062 | |         params = ()
1063 | |     );
     | |_____- in this macro invocation
     |
     = note: this error originates in the macro `ten_arm_dispatch` (in Nightly builds, run with -Z macro-backtrace for more info)

error: expected one of `!`, `.`, `;`, `?`, `{`, `}`, or an operator, found `::`
    --> src/eval/dispatch.rs:419:23
     |
 419 |                   $lxc_p::launch_unchecked::<CpuRuntime>(
     |                         ^^ expected one of 7 possible tokens
...
1054 | /     ten_arm_dispatch!(
1055 | |         ctx, order, spin,
1056 | |         exc_unpol::lda_k_zlp_exc_unpol, vxc_unpol::lda_k_zlp_vxc_unpol,
1057 | |         fxc_unpol::lda_k_zlp_fxc_unpol, kxc_unpol::lda_k_zlp_kxc_unpol,
...    |
1062 | |         params = ()
1063 | |     );
     | |_____- in this macro invocation
     |
     = note: this error originates in the macro `ten_arm_dispatch` (in Nightly builds, run with -Z macro-backtrace for more info)

error: expected one of `!`, `.`, `;`, `?`, `{`, `}`, or an operator, found `::`
    --> src/eval/dispatch.rs:347:23
     |
 347 |                   $exc_u::launch_unchecked::<CpuRuntime>(
     |                         ^^ expected one of 7 possible tokens
...
1069 | /     ten_arm_dispatch!(
1070 | |         ctx, order, spin,
1071 | |         exc_unpol::lda_xc_teter93_exc_unpol, vxc_unpol::lda_xc_teter93_vxc_unpol,
1072 | |         fxc_unpol::lda_xc_teter93_fxc_unpol, kxc_unpol::lda_xc_teter93_kxc_unpol,
...    |
1077 | |         params = ()
1078 | |     );
     | |_____- in this macro invocation
     |
     = note: this error originates in the macro `ten_arm_dispatch` (in Nightly builds, run with -Z macro-backtrace for more info)

error: expected one of `!`, `.`, `;`, `?`, `{`, `}`, or an operator, found `::`
    --> src/eval/dispatch.rs:355:23
     |
 355 |                   $vxc_u::launch_unchecked::<CpuRuntime>(
     |                         ^^ expected one of 7 possible tokens
...
1069 | /     ten_arm_dispatch!(
1070 | |         ctx, order, spin,
1071 | |         exc_unpol::lda_xc_teter93_exc_unpol, vxc_unpol::lda_xc_teter93_vxc_unpol,
1072 | |         fxc_unpol::lda_xc_teter93_fxc_unpol, kxc_unpol::lda_xc_teter93_kxc_unpol,
...    |
1077 | |         params = ()
1078 | |     );
     | |_____- in this macro invocation
     |
     = note: this error originates in the macro `ten_arm_dispatch` (in Nightly builds, run with -Z macro-backtrace for more info)

error: expected one of `!`, `.`, `;`, `?`, `{`, `}`, or an operator, found `::`
    --> src/eval/dispatch.rs:363:23
     |
 363 |                   $fxc_u::launch_unchecked::<CpuRuntime>(
     |                         ^^ expected one of 7 possible tokens
...
1069 | /     ten_arm_dispatch!(
1070 | |         ctx, order, spin,
1071 | |         exc_unpol::lda_xc_teter93_exc_unpol, vxc_unpol::lda_xc_teter93_vxc_unpol,
1072 | |         fxc_unpol::lda_xc_teter93_fxc_unpol, kxc_unpol::lda_xc_teter93_kxc_unpol,
...    |
1077 | |         params = ()
1078 | |     );
     | |_____- in this macro invocation
     |
     = note: this error originates in the macro `ten_arm_dispatch` (in Nightly builds, run with -Z macro-backtrace for more info)

error: expected one of `!`, `.`, `;`, `?`, `{`, `}`, or an operator, found `::`
    --> src/eval/dispatch.rs:371:23
     |
 371 |                   $kxc_u::launch_unchecked::<CpuRuntime>(
     |                         ^^ expected one of 7 possible tokens
...
1069 | /     ten_arm_dispatch!(
1070 | |         ctx, order, spin,
1071 | |         exc_unpol::lda_xc_teter93_exc_unpol, vxc_unpol::lda_xc_teter93_vxc_unpol,
1072 | |         fxc_unpol::lda_xc_teter93_fxc_unpol, kxc_unpol::lda_xc_teter93_kxc_unpol,
...    |
1077 | |         params = ()
1078 | |     );
     | |_____- in this macro invocation
     |
     = note: this error originates in the macro `ten_arm_dispatch` (in Nightly builds, run with -Z macro-backtrace for more info)

error: expected one of `!`, `.`, `;`, `?`, `{`, `}`, or an operator, found `::`
    --> src/eval/dispatch.rs:379:23
     |
 379 |                   $lxc_u::launch_unchecked::<CpuRuntime>(
     |                         ^^ expected one of 7 possible tokens
...
1069 | /     ten_arm_dispatch!(
1070 | |         ctx, order, spin,
1071 | |         exc_unpol::lda_xc_teter93_exc_unpol, vxc_unpol::lda_xc_teter93_vxc_unpol,
1072 | |         fxc_unpol::lda_xc_teter93_fxc_unpol, kxc_unpol::lda_xc_teter93_kxc_unpol,
...    |
1077 | |         params = ()
1078 | |     );
     | |_____- in this macro invocation
     |
     = note: this error originates in the macro `ten_arm_dispatch` (in Nightly builds, run with -Z macro-backtrace for more info)

error: expected one of `!`, `.`, `;`, `?`, `{`, `}`, or an operator, found `::`
    --> src/eval/dispatch.rs:387:23
     |
 387 |                   $exc_p::launch_unchecked::<CpuRuntime>(
     |                         ^^ expected one of 7 possible tokens
...
1069 | /     ten_arm_dispatch!(
1070 | |         ctx, order, spin,
1071 | |         exc_unpol::lda_xc_teter93_exc_unpol, vxc_unpol::lda_xc_teter93_vxc_unpol,
1072 | |         fxc_unpol::lda_xc_teter93_fxc_unpol, kxc_unpol::lda_xc_teter93_kxc_unpol,
...    |
1077 | |         params = ()
1078 | |     );
     | |_____- in this macro invocation
     |
     = note: this error originates in the macro `ten_arm_dispatch` (in Nightly builds, run with -Z macro-backtrace for more info)

error: expected one of `!`, `.`, `;`, `?`, `{`, `}`, or an operator, found `::`
    --> src/eval/dispatch.rs:395:23
     |
 395 |                   $vxc_p::launch_unchecked::<CpuRuntime>(
     |                         ^^ expected one of 7 possible tokens
...
1069 | /     ten_arm_dispatch!(
1070 | |         ctx, order, spin,
1071 | |         exc_unpol::lda_xc_teter93_exc_unpol, vxc_unpol::lda_xc_teter93_vxc_unpol,
1072 | |         fxc_unpol::lda_xc_teter93_fxc_unpol, kxc_unpol::lda_xc_teter93_kxc_unpol,
...    |
1077 | |         params = ()
1078 | |     );
     | |_____- in this macro invocation
     |
     = note: this error originates in the macro `ten_arm_dispatch` (in Nightly builds, run with -Z macro-backtrace for more info)

error: expected one of `!`, `.`, `;`, `?`, `{`, `}`, or an operator, found `::`
    --> src/eval/dispatch.rs:403:23
     |
 403 |                   $fxc_p::launch_unchecked::<CpuRuntime>(
     |                         ^^ expected one of 7 possible tokens
...
1069 | /     ten_arm_dispatch!(
1070 | |         ctx, order, spin,
1071 | |         exc_unpol::lda_xc_teter93_exc_unpol, vxc_unpol::lda_xc_teter93_vxc_unpol,
1072 | |         fxc_unpol::lda_xc_teter93_fxc_unpol, kxc_unpol::lda_xc_teter93_kxc_unpol,
...    |
1077 | |         params = ()
1078 | |     );
     | |_____- in this macro invocation
     |
     = note: this error originates in the macro `ten_arm_dispatch` (in Nightly builds, run with -Z macro-backtrace for more info)

error: expected one of `!`, `.`, `;`, `?`, `{`, `}`, or an operator, found `::`
    --> src/eval/dispatch.rs:411:23
     |
 411 |                   $kxc_p::launch_unchecked::<CpuRuntime>(
     |                         ^^ expected one of 7 possible tokens
...
1069 | /     ten_arm_dispatch!(
1070 | |         ctx, order, spin,
1071 | |         exc_unpol::lda_xc_teter93_exc_unpol, vxc_unpol::lda_xc_teter93_vxc_unpol,
1072 | |         fxc_unpol::lda_xc_teter93_fxc_unpol, kxc_unpol::lda_xc_teter93_kxc_unpol,
...    |
1077 | |         params = ()
1078 | |     );
     | |_____- in this macro invocation
     |
     = note: this error originates in the macro `ten_arm_dispatch` (in Nightly builds, run with -Z macro-backtrace for more info)

error: expected one of `!`, `.`, `;`, `?`, `{`, `}`, or an operator, found `::`
    --> src/eval/dispatch.rs:419:23
     |
 419 |                   $lxc_p::launch_unchecked::<CpuRuntime>(
     |                         ^^ expected one of 7 possible tokens
...
1069 | /     ten_arm_dispatch!(
1070 | |         ctx, order, spin,
1071 | |         exc_unpol::lda_xc_teter93_exc_unpol, vxc_unpol::lda_xc_teter93_vxc_unpol,
1072 | |         fxc_unpol::lda_xc_teter93_fxc_unpol, kxc_unpol::lda_xc_teter93_kxc_unpol,
...    |
1077 | |         params = ()
1078 | |     );
     | |_____- in this macro invocation
     |
     = note: this error originates in the macro `ten_arm_dispatch` (in Nightly builds, run with -Z macro-backtrace for more info)

error: expected one of `!`, `.`, `;`, `?`, `{`, `}`, or an operator, found `::`
    --> src/eval/dispatch.rs:347:23
     |
 347 |                   $exc_u::launch_unchecked::<CpuRuntime>(
     |                         ^^ expected one of 7 possible tokens
...
1084 | /     ten_arm_dispatch!(
1085 | |         ctx, order, spin,
1086 | |         exc_unpol::lda_xc_zlp_exc_unpol, vxc_unpol::lda_xc_zlp_vxc_unpol,
1087 | |         fxc_unpol::lda_xc_zlp_fxc_unpol, kxc_unpol::lda_xc_zlp_kxc_unpol,
...    |
1092 | |         params = ()
1093 | |     );
     | |_____- in this macro invocation
     |
     = note: this error originates in the macro `ten_arm_dispatch` (in Nightly builds, run with -Z macro-backtrace for more info)

error: expected one of `!`, `.`, `;`, `?`, `{`, `}`, or an operator, found `::`
    --> src/eval/dispatch.rs:355:23
     |
 355 |                   $vxc_u::launch_unchecked::<CpuRuntime>(
     |                         ^^ expected one of 7 possible tokens
...
1084 | /     ten_arm_dispatch!(
1085 | |         ctx, order, spin,
1086 | |         exc_unpol::lda_xc_zlp_exc_unpol, vxc_unpol::lda_xc_zlp_vxc_unpol,
1087 | |         fxc_unpol::lda_xc_zlp_fxc_unpol, kxc_unpol::lda_xc_zlp_kxc_unpol,
...    |
1092 | |         params = ()
1093 | |     );
     | |_____- in this macro invocation
     |
     = note: this error originates in the macro `ten_arm_dispatch` (in Nightly builds, run with -Z macro-backtrace for more info)

error: expected one of `!`, `.`, `;`, `?`, `{`, `}`, or an operator, found `::`
    --> src/eval/dispatch.rs:363:23
     |
 363 |                   $fxc_u::launch_unchecked::<CpuRuntime>(
     |                         ^^ expected one of 7 possible tokens
...
1084 | /     ten_arm_dispatch!(
1085 | |         ctx, order, spin,
1086 | |         exc_unpol::lda_xc_zlp_exc_unpol, vxc_unpol::lda_xc_zlp_vxc_unpol,
1087 | |         fxc_unpol::lda_xc_zlp_fxc_unpol, kxc_unpol::lda_xc_zlp_kxc_unpol,
...    |
1092 | |         params = ()
1093 | |     );
     | |_____- in this macro invocation
     |
     = note: this error originates in the macro `ten_arm_dispatch` (in Nightly builds, run with -Z macro-backtrace for more info)

error: expected one of `!`, `.`, `;`, `?`, `{`, `}`, or an operator, found `::`
    --> src/eval/dispatch.rs:371:23
     |
 371 |                   $kxc_u::launch_unchecked::<CpuRuntime>(
     |                         ^^ expected one of 7 possible tokens
...
1084 | /     ten_arm_dispatch!(
1085 | |         ctx, order, spin,
1086 | |         exc_unpol::lda_xc_zlp_exc_unpol, vxc_unpol::lda_xc_zlp_vxc_unpol,
1087 | |         fxc_unpol::lda_xc_zlp_fxc_unpol, kxc_unpol::lda_xc_zlp_kxc_unpol,
...    |
1092 | |         params = ()
1093 | |     );
     | |_____- in this macro invocation
     |
     = note: this error originates in the macro `ten_arm_dispatch` (in Nightly builds, run with -Z macro-backtrace for more info)

error: expected one of `!`, `.`, `;`, `?`, `{`, `}`, or an operator, found `::`
    --> src/eval/dispatch.rs:379:23
     |
 379 |                   $lxc_u::launch_unchecked::<CpuRuntime>(
     |                         ^^ expected one of 7 possible tokens
...
1084 | /     ten_arm_dispatch!(
1085 | |         ctx, order, spin,
1086 | |         exc_unpol::lda_xc_zlp_exc_unpol, vxc_unpol::lda_xc_zlp_vxc_unpol,
1087 | |         fxc_unpol::lda_xc_zlp_fxc_unpol, kxc_unpol::lda_xc_zlp_kxc_unpol,
...    |
1092 | |         params = ()
1093 | |     );
     | |_____- in this macro invocation
     |
     = note: this error originates in the macro `ten_arm_dispatch` (in Nightly builds, run with -Z macro-backtrace for more info)

error: expected one of `!`, `.`, `;`, `?`, `{`, `}`, or an operator, found `::`
    --> src/eval/dispatch.rs:387:23
     |
 387 |                   $exc_p::launch_unchecked::<CpuRuntime>(
     |                         ^^ expected one of 7 possible tokens
...
1084 | /     ten_arm_dispatch!(
1085 | |         ctx, order, spin,
1086 | |         exc_unpol::lda_xc_zlp_exc_unpol, vxc_unpol::lda_xc_zlp_vxc_unpol,
1087 | |         fxc_unpol::lda_xc_zlp_fxc_unpol, kxc_unpol::lda_xc_zlp_kxc_unpol,
...    |
1092 | |         params = ()
1093 | |     );
     | |_____- in this macro invocation
     |
     = note: this error originates in the macro `ten_arm_dispatch` (in Nightly builds, run with -Z macro-backtrace for more info)

error: expected one of `!`, `.`, `;`, `?`, `{`, `}`, or an operator, found `::`
    --> src/eval/dispatch.rs:395:23
     |
 395 |                   $vxc_p::launch_unchecked::<CpuRuntime>(
     |                         ^^ expected one of 7 possible tokens
...
1084 | /     ten_arm_dispatch!(
1085 | |         ctx, order, spin,
1086 | |         exc_unpol::lda_xc_zlp_exc_unpol, vxc_unpol::lda_xc_zlp_vxc_unpol,
1087 | |         fxc_unpol::lda_xc_zlp_fxc_unpol, kxc_unpol::lda_xc_zlp_kxc_unpol,
...    |
1092 | |         params = ()
1093 | |     );
     | |_____- in this macro invocation
     |
     = note: this error originates in the macro `ten_arm_dispatch` (in Nightly builds, run with -Z macro-backtrace for more info)

error: expected one of `!`, `.`, `;`, `?`, `{`, `}`, or an operator, found `::`
    --> src/eval/dispatch.rs:403:23
     |
 403 |                   $fxc_p::launch_unchecked::<CpuRuntime>(
     |                         ^^ expected one of 7 possible tokens
...
1084 | /     ten_arm_dispatch!(
1085 | |         ctx, order, spin,
1086 | |         exc_unpol::lda_xc_zlp_exc_unpol, vxc_unpol::lda_xc_zlp_vxc_unpol,
1087 | |         fxc_unpol::lda_xc_zlp_fxc_unpol, kxc_unpol::lda_xc_zlp_kxc_unpol,
...    |
1092 | |         params = ()
1093 | |     );
     | |_____- in this macro invocation
     |
     = note: this error originates in the macro `ten_arm_dispatch` (in Nightly builds, run with -Z macro-backtrace for more info)

error: expected one of `!`, `.`, `;`, `?`, `{`, `}`, or an operator, found `::`
    --> src/eval/dispatch.rs:411:23
     |
 411 |                   $kxc_p::launch_unchecked::<CpuRuntime>(
     |                         ^^ expected one of 7 possible tokens
...
1084 | /     ten_arm_dispatch!(
1085 | |         ctx, order, spin,
1086 | |         exc_unpol::lda_xc_zlp_exc_unpol, vxc_unpol::lda_xc_zlp_vxc_unpol,
1087 | |         fxc_unpol::lda_xc_zlp_fxc_unpol, kxc_unpol::lda_xc_zlp_kxc_unpol,
...    |
1092 | |         params = ()
1093 | |     );
     | |_____- in this macro invocation
     |
     = note: this error originates in the macro `ten_arm_dispatch` (in Nightly builds, run with -Z macro-backtrace for more info)

error: expected one of `!`, `.`, `;`, `?`, `{`, `}`, or an operator, found `::`
    --> src/eval/dispatch.rs:419:23
     |
 419 |                   $lxc_p::launch_unchecked::<CpuRuntime>(
     |                         ^^ expected one of 7 possible tokens
...
1084 | /     ten_arm_dispatch!(
1085 | |         ctx, order, spin,
1086 | |         exc_unpol::lda_xc_zlp_exc_unpol, vxc_unpol::lda_xc_zlp_vxc_unpol,
1087 | |         fxc_unpol::lda_xc_zlp_fxc_unpol, kxc_unpol::lda_xc_zlp_kxc_unpol,
...    |
1092 | |         params = ()
1093 | |     );
     | |_____- in this macro invocation
     |
     = note: this error originates in the macro `ten_arm_dispatch` (in Nightly builds, run with -Z macro-backtrace for more info)

error: expected one of `!`, `.`, `;`, `?`, `{`, `}`, or an operator, found `::`
    --> src/eval/dispatch.rs:464:23
     |
 464 |                   $vxc_u::launch_unchecked::<CpuRuntime>(
     |                         ^^ expected one of 7 possible tokens
...
1099 | /     eight_arm_vxc_only_dispatch!(
1100 | |         ctx, order, spin,
1101 | |         vxc_unpol::lda_xc_tih_vxc_unpol, fxc_unpol::lda_xc_tih_fxc_unpol,
1102 | |         kxc_unpol::lda_xc_tih_kxc_unpol, lxc_unpol::lda_xc_tih_lxc_unpol,
...    |
1105 | |         params = ()
1106 | |     );
     | |_____- in this macro invocation
     |
     = note: this error originates in the macro `eight_arm_vxc_only_dispatch` (in Nightly builds, run with -Z macro-backtrace for more info)

error: expected one of `!`, `.`, `;`, `?`, `{`, `}`, or an operator, found `::`
    --> src/eval/dispatch.rs:472:23
     |
 472 |                   $fxc_u::launch_unchecked::<CpuRuntime>(
     |                         ^^ expected one of 7 possible tokens
...
1099 | /     eight_arm_vxc_only_dispatch!(
1100 | |         ctx, order, spin,
1101 | |         vxc_unpol::lda_xc_tih_vxc_unpol, fxc_unpol::lda_xc_tih_fxc_unpol,
1102 | |         kxc_unpol::lda_xc_tih_kxc_unpol, lxc_unpol::lda_xc_tih_lxc_unpol,
...    |
1105 | |         params = ()
1106 | |     );
     | |_____- in this macro invocation
     |
     = note: this error originates in the macro `eight_arm_vxc_only_dispatch` (in Nightly builds, run with -Z macro-backtrace for more info)

error: expected one of `!`, `.`, `;`, `?`, `{`, `}`, or an operator, found `::`
    --> src/eval/dispatch.rs:480:23
     |
 480 |                   $kxc_u::launch_unchecked::<CpuRuntime>(
     |                         ^^ expected one of 7 possible tokens
...
1099 | /     eight_arm_vxc_only_dispatch!(
1100 | |         ctx, order, spin,
1101 | |         vxc_unpol::lda_xc_tih_vxc_unpol, fxc_unpol::lda_xc_tih_fxc_unpol,
1102 | |         kxc_unpol::lda_xc_tih_kxc_unpol, lxc_unpol::lda_xc_tih_lxc_unpol,
...    |
1105 | |         params = ()
1106 | |     );
     | |_____- in this macro invocation
     |
     = note: this error originates in the macro `eight_arm_vxc_only_dispatch` (in Nightly builds, run with -Z macro-backtrace for more info)

error: expected one of `!`, `.`, `;`, `?`, `{`, `}`, or an operator, found `::`
    --> src/eval/dispatch.rs:488:23
     |
 488 |                   $lxc_u::launch_unchecked::<CpuRuntime>(
     |                         ^^ expected one of 7 possible tokens
...
1099 | /     eight_arm_vxc_only_dispatch!(
1100 | |         ctx, order, spin,
1101 | |         vxc_unpol::lda_xc_tih_vxc_unpol, fxc_unpol::lda_xc_tih_fxc_unpol,
1102 | |         kxc_unpol::lda_xc_tih_kxc_unpol, lxc_unpol::lda_xc_tih_lxc_unpol,
...    |
1105 | |         params = ()
1106 | |     );
     | |_____- in this macro invocation
     |
     = note: this error originates in the macro `eight_arm_vxc_only_dispatch` (in Nightly builds, run with -Z macro-backtrace for more info)

error: expected one of `!`, `.`, `;`, `?`, `{`, `}`, or an operator, found `::`
    --> src/eval/dispatch.rs:496:23
     |
 496 |                   $vxc_p::launch_unchecked::<CpuRuntime>(
     |                         ^^ expected one of 7 possible tokens
...
1099 | /     eight_arm_vxc_only_dispatch!(
1100 | |         ctx, order, spin,
1101 | |         vxc_unpol::lda_xc_tih_vxc_unpol, fxc_unpol::lda_xc_tih_fxc_unpol,
1102 | |         kxc_unpol::lda_xc_tih_kxc_unpol, lxc_unpol::lda_xc_tih_lxc_unpol,
...    |
1105 | |         params = ()
1106 | |     );
     | |_____- in this macro invocation
     |
     = note: this error originates in the macro `eight_arm_vxc_only_dispatch` (in Nightly builds, run with -Z macro-backtrace for more info)

error: expected one of `!`, `.`, `;`, `?`, `{`, `}`, or an operator, found `::`
    --> src/eval/dispatch.rs:504:23
     |
 504 |                   $fxc_p::launch_unchecked::<CpuRuntime>(
     |                         ^^ expected one of 7 possible tokens
...
1099 | /     eight_arm_vxc_only_dispatch!(
1100 | |         ctx, order, spin,
1101 | |         vxc_unpol::lda_xc_tih_vxc_unpol, fxc_unpol::lda_xc_tih_fxc_unpol,
1102 | |         kxc_unpol::lda_xc_tih_kxc_unpol, lxc_unpol::lda_xc_tih_lxc_unpol,
...    |
1105 | |         params = ()
1106 | |     );
     | |_____- in this macro invocation
     |
     = note: this error originates in the macro `eight_arm_vxc_only_dispatch` (in Nightly builds, run with -Z macro-backtrace for more info)

error: expected one of `!`, `.`, `;`, `?`, `{`, `}`, or an operator, found `::`
    --> src/eval/dispatch.rs:512:23
     |
 512 |                   $kxc_p::launch_unchecked::<CpuRuntime>(
     |                         ^^ expected one of 7 possible tokens
...
1099 | /     eight_arm_vxc_only_dispatch!(
1100 | |         ctx, order, spin,
1101 | |         vxc_unpol::lda_xc_tih_vxc_unpol, fxc_unpol::lda_xc_tih_fxc_unpol,
1102 | |         kxc_unpol::lda_xc_tih_kxc_unpol, lxc_unpol::lda_xc_tih_lxc_unpol,
...    |
1105 | |         params = ()
1106 | |     );
     | |_____- in this macro invocation
     |
     = note: this error originates in the macro `eight_arm_vxc_only_dispatch` (in Nightly builds, run with -Z macro-backtrace for more info)

error: expected one of `!`, `.`, `;`, `?`, `{`, `}`, or an operator, found `::`
    --> src/eval/dispatch.rs:520:23
     |
 520 |                   $lxc_p::launch_unchecked::<CpuRuntime>(
     |                         ^^ expected one of 7 possible tokens
...
1099 | /     eight_arm_vxc_only_dispatch!(
1100 | |         ctx, order, spin,
1101 | |         vxc_unpol::lda_xc_tih_vxc_unpol, fxc_unpol::lda_xc_tih_fxc_unpol,
1102 | |         kxc_unpol::lda_xc_tih_kxc_unpol, lxc_unpol::lda_xc_tih_lxc_unpol,
...    |
1105 | |         params = ()
1106 | |     );
     | |_____- in this macro invocation
     |
     = note: this error originates in the macro `eight_arm_vxc_only_dispatch` (in Nightly builds, run with -Z macro-backtrace for more info)

error: expected one of `!`, `.`, `;`, `?`, `{`, `}`, or an operator, found `::`
    --> src/eval/dispatch.rs:347:23
     |
 347 |                   $exc_u::launch_unchecked::<CpuRuntime>(
     |                         ^^ expected one of 7 possible tokens
...
1120 | /     ten_arm_dispatch!(
1121 | |         ctx, order, spin,
1122 | |         exc_unpol::lda_xc_1d_ehwlrg_exc_unpol, vxc_unpol::lda_xc_1d_ehwlrg_vxc_unpol,
1123 | |         fxc_unpol::lda_xc_1d_ehwlrg_fxc_unpol, kxc_unpol::lda_xc_1d_ehwlrg_kxc_unpol,
...    |
1128 | |         params = (a1, a2, a3, alpha)
1129 | |     );
     | |_____- in this macro invocation
     |
     = note: this error originates in the macro `ten_arm_dispatch` (in Nightly builds, run with -Z macro-backtrace for more info)

error: expected one of `!`, `.`, `;`, `?`, `{`, `}`, or an operator, found `::`
    --> src/eval/dispatch.rs:355:23
     |
 355 |                   $vxc_u::launch_unchecked::<CpuRuntime>(
     |                         ^^ expected one of 7 possible tokens
...
1120 | /     ten_arm_dispatch!(
1121 | |         ctx, order, spin,
1122 | |         exc_unpol::lda_xc_1d_ehwlrg_exc_unpol, vxc_unpol::lda_xc_1d_ehwlrg_vxc_unpol,
1123 | |         fxc_unpol::lda_xc_1d_ehwlrg_fxc_unpol, kxc_unpol::lda_xc_1d_ehwlrg_kxc_unpol,
...    |
1128 | |         params = (a1, a2, a3, alpha)
1129 | |     );
     | |_____- in this macro invocation
     |
     = note: this error originates in the macro `ten_arm_dispatch` (in Nightly builds, run with -Z macro-backtrace for more info)

error: expected one of `!`, `.`, `;`, `?`, `{`, `}`, or an operator, found `::`
    --> src/eval/dispatch.rs:363:23
     |
 363 |                   $fxc_u::launch_unchecked::<CpuRuntime>(
     |                         ^^ expected one of 7 possible tokens
...
1120 | /     ten_arm_dispatch!(
1121 | |         ctx, order, spin,
1122 | |         exc_unpol::lda_xc_1d_ehwlrg_exc_unpol, vxc_unpol::lda_xc_1d_ehwlrg_vxc_unpol,
1123 | |         fxc_unpol::lda_xc_1d_ehwlrg_fxc_unpol, kxc_unpol::lda_xc_1d_ehwlrg_kxc_unpol,
...    |
1128 | |         params = (a1, a2, a3, alpha)
1129 | |     );
     | |_____- in this macro invocation
     |
     = note: this error originates in the macro `ten_arm_dispatch` (in Nightly builds, run with -Z macro-backtrace for more info)

error: expected one of `!`, `.`, `;`, `?`, `{`, `}`, or an operator, found `::`
    --> src/eval/dispatch.rs:371:23
     |
 371 |                   $kxc_u::launch_unchecked::<CpuRuntime>(
     |                         ^^ expected one of 7 possible tokens
...
1120 | /     ten_arm_dispatch!(
1121 | |         ctx, order, spin,
1122 | |         exc_unpol::lda_xc_1d_ehwlrg_exc_unpol, vxc_unpol::lda_xc_1d_ehwlrg_vxc_unpol,
1123 | |         fxc_unpol::lda_xc_1d_ehwlrg_fxc_unpol, kxc_unpol::lda_xc_1d_ehwlrg_kxc_unpol,
...    |
1128 | |         params = (a1, a2, a3, alpha)
1129 | |     );
     | |_____- in this macro invocation
     |
     = note: this error originates in the macro `ten_arm_dispatch` (in Nightly builds, run with -Z macro-backtrace for more info)

error: expected one of `!`, `.`, `;`, `?`, `{`, `}`, or an operator, found `::`
    --> src/eval/dispatch.rs:379:23
     |
 379 |                   $lxc_u::launch_unchecked::<CpuRuntime>(
     |                         ^^ expected one of 7 possible tokens
...
1120 | /     ten_arm_dispatch!(
1121 | |         ctx, order, spin,
1122 | |         exc_unpol::lda_xc_1d_ehwlrg_exc_unpol, vxc_unpol::lda_xc_1d_ehwlrg_vxc_unpol,
1123 | |         fxc_unpol::lda_xc_1d_ehwlrg_fxc_unpol, kxc_unpol::lda_xc_1d_ehwlrg_kxc_unpol,
...    |
1128 | |         params = (a1, a2, a3, alpha)
1129 | |     );
     | |_____- in this macro invocation
     |
     = note: this error originates in the macro `ten_arm_dispatch` (in Nightly builds, run with -Z macro-backtrace for more info)

error: expected one of `!`, `.`, `;`, `?`, `{`, `}`, or an operator, found `::`
    --> src/eval/dispatch.rs:387:23
     |
 387 |                   $exc_p::launch_unchecked::<CpuRuntime>(
     |                         ^^ expected one of 7 possible tokens
...
1120 | /     ten_arm_dispatch!(
1121 | |         ctx, order, spin,
1122 | |         exc_unpol::lda_xc_1d_ehwlrg_exc_unpol, vxc_unpol::lda_xc_1d_ehwlrg_vxc_unpol,
1123 | |         fxc_unpol::lda_xc_1d_ehwlrg_fxc_unpol, kxc_unpol::lda_xc_1d_ehwlrg_kxc_unpol,
...    |
1128 | |         params = (a1, a2, a3, alpha)
1129 | |     );
     | |_____- in this macro invocation
     |
     = note: this error originates in the macro `ten_arm_dispatch` (in Nightly builds, run with -Z macro-backtrace for more info)

error: expected one of `!`, `.`, `;`, `?`, `{`, `}`, or an operator, found `::`
    --> src/eval/dispatch.rs:395:23
     |
 395 |                   $vxc_p::launch_unchecked::<CpuRuntime>(
     |                         ^^ expected one of 7 possible tokens
...
1120 | /     ten_arm_dispatch!(
1121 | |         ctx, order, spin,
1122 | |         exc_unpol::lda_xc_1d_ehwlrg_exc_unpol, vxc_unpol::lda_xc_1d_ehwlrg_vxc_unpol,
1123 | |         fxc_unpol::lda_xc_1d_ehwlrg_fxc_unpol, kxc_unpol::lda_xc_1d_ehwlrg_kxc_unpol,
...    |
1128 | |         params = (a1, a2, a3, alpha)
1129 | |     );
     | |_____- in this macro invocation
     |
     = note: this error originates in the macro `ten_arm_dispatch` (in Nightly builds, run with -Z macro-backtrace for more info)

error: expected one of `!`, `.`, `;`, `?`, `{`, `}`, or an operator, found `::`
    --> src/eval/dispatch.rs:403:23
     |
 403 |                   $fxc_p::launch_unchecked::<CpuRuntime>(
     |                         ^^ expected one of 7 possible tokens
...
1120 | /     ten_arm_dispatch!(
1121 | |         ctx, order, spin,
1122 | |         exc_unpol::lda_xc_1d_ehwlrg_exc_unpol, vxc_unpol::lda_xc_1d_ehwlrg_vxc_unpol,
1123 | |         fxc_unpol::lda_xc_1d_ehwlrg_fxc_unpol, kxc_unpol::lda_xc_1d_ehwlrg_kxc_unpol,
...    |
1128 | |         params = (a1, a2, a3, alpha)
1129 | |     );
     | |_____- in this macro invocation
     |
     = note: this error originates in the macro `ten_arm_dispatch` (in Nightly builds, run with -Z macro-backtrace for more info)

error: expected one of `!`, `.`, `;`, `?`, `{`, `}`, or an operator, found `::`
    --> src/eval/dispatch.rs:411:23
     |
 411 |                   $kxc_p::launch_unchecked::<CpuRuntime>(
     |                         ^^ expected one of 7 possible tokens
...
1120 | /     ten_arm_dispatch!(
1121 | |         ctx, order, spin,
1122 | |         exc_unpol::lda_xc_1d_ehwlrg_exc_unpol, vxc_unpol::lda_xc_1d_ehwlrg_vxc_unpol,
1123 | |         fxc_unpol::lda_xc_1d_ehwlrg_fxc_unpol, kxc_unpol::lda_xc_1d_ehwlrg_kxc_unpol,
...    |
1128 | |         params = (a1, a2, a3, alpha)
1129 | |     );
     | |_____- in this macro invocation
     |
     = note: this error originates in the macro `ten_arm_dispatch` (in Nightly builds, run with -Z macro-backtrace for more info)

error: expected one of `!`, `.`, `;`, `?`, `{`, `}`, or an operator, found `::`
    --> src/eval/dispatch.rs:419:23
     |
 419 |                   $lxc_p::launch_unchecked::<CpuRuntime>(
     |                         ^^ expected one of 7 possible tokens
...
1120 | /     ten_arm_dispatch!(
1121 | |         ctx, order, spin,
1122 | |         exc_unpol::lda_xc_1d_ehwlrg_exc_unpol, vxc_unpol::lda_xc_1d_ehwlrg_vxc_unpol,
1123 | |         fxc_unpol::lda_xc_1d_ehwlrg_fxc_unpol, kxc_unpol::lda_xc_1d_ehwlrg_kxc_unpol,
...    |
1128 | |         params = (a1, a2, a3, alpha)
1129 | |     );
     | |_____- in this macro invocation
     |
     = note: this error originates in the macro `ten_arm_dispatch` (in Nightly builds, run with -Z macro-backtrace for more info)

error: expected one of `!`, `.`, `;`, `?`, `{`, `}`, or an operator, found `::`
    --> src/eval/dispatch.rs:347:23
     |
 347 |                   $exc_u::launch_unchecked::<CpuRuntime>(
     |                         ^^ expected one of 7 possible tokens
...
1136 | /     ten_arm_dispatch!(
1137 | |         ctx, order, spin,
1138 | |         exc_unpol::hyb_lda_xc_bn05_exc_unpol, vxc_unpol::hyb_lda_xc_bn05_vxc_unpol,
1139 | |         fxc_unpol::hyb_lda_xc_bn05_fxc_unpol, kxc_unpol::hyb_lda_xc_bn05_kxc_unpol,
...    |
1144 | |         params = (1.0_f64)
1145 | |     );
     | |_____- in this macro invocation
     |
     = note: this error originates in the macro `ten_arm_dispatch` (in Nightly builds, run with -Z macro-backtrace for more info)

error: expected one of `!`, `.`, `;`, `?`, `{`, `}`, or an operator, found `::`
    --> src/eval/dispatch.rs:355:23
     |
 355 |                   $vxc_u::launch_unchecked::<CpuRuntime>(
     |                         ^^ expected one of 7 possible tokens
...
1136 | /     ten_arm_dispatch!(
1137 | |         ctx, order, spin,
1138 | |         exc_unpol::hyb_lda_xc_bn05_exc_unpol, vxc_unpol::hyb_lda_xc_bn05_vxc_unpol,
1139 | |         fxc_unpol::hyb_lda_xc_bn05_fxc_unpol, kxc_unpol::hyb_lda_xc_bn05_kxc_unpol,
...    |
1144 | |         params = (1.0_f64)
1145 | |     );
     | |_____- in this macro invocation
     |
     = note: this error originates in the macro `ten_arm_dispatch` (in Nightly builds, run with -Z macro-backtrace for more info)

error: expected one of `!`, `.`, `;`, `?`, `{`, `}`, or an operator, found `::`
    --> src/eval/dispatch.rs:363:23
     |
 363 |                   $fxc_u::launch_unchecked::<CpuRuntime>(
     |                         ^^ expected one of 7 possible tokens
...
1136 | /     ten_arm_dispatch!(
1137 | |         ctx, order, spin,
1138 | |         exc_unpol::hyb_lda_xc_bn05_exc_unpol, vxc_unpol::hyb_lda_xc_bn05_vxc_unpol,
1139 | |         fxc_unpol::hyb_lda_xc_bn05_fxc_unpol, kxc_unpol::hyb_lda_xc_bn05_kxc_unpol,
...    |
1144 | |         params = (1.0_f64)
1145 | |     );
     | |_____- in this macro invocation
     |
     = note: this error originates in the macro `ten_arm_dispatch` (in Nightly builds, run with -Z macro-backtrace for more info)

error: expected one of `!`, `.`, `;`, `?`, `{`, `}`, or an operator, found `::`
    --> src/eval/dispatch.rs:371:23
     |
 371 |                   $kxc_u::launch_unchecked::<CpuRuntime>(
     |                         ^^ expected one of 7 possible tokens
...
1136 | /     ten_arm_dispatch!(
1137 | |         ctx, order, spin,
1138 | |         exc_unpol::hyb_lda_xc_bn05_exc_unpol, vxc_unpol::hyb_lda_xc_bn05_vxc_unpol,
1139 | |         fxc_unpol::hyb_lda_xc_bn05_fxc_unpol, kxc_unpol::hyb_lda_xc_bn05_kxc_unpol,
...    |
1144 | |         params = (1.0_f64)
1145 | |     );
     | |_____- in this macro invocation
     |
     = note: this error originates in the macro `ten_arm_dispatch` (in Nightly builds, run with -Z macro-backtrace for more info)

error: expected one of `!`, `.`, `;`, `?`, `{`, `}`, or an operator, found `::`
    --> src/eval/dispatch.rs:379:23
     |
 379 |                   $lxc_u::launch_unchecked::<CpuRuntime>(
     |                         ^^ expected one of 7 possible tokens
...
1136 | /     ten_arm_dispatch!(
1137 | |         ctx, order, spin,
1138 | |         exc_unpol::hyb_lda_xc_bn05_exc_unpol, vxc_unpol::hyb_lda_xc_bn05_vxc_unpol,
1139 | |         fxc_unpol::hyb_lda_xc_bn05_fxc_unpol, kxc_unpol::hyb_lda_xc_bn05_kxc_unpol,
...    |
1144 | |         params = (1.0_f64)
1145 | |     );
     | |_____- in this macro invocation
     |
     = note: this error originates in the macro `ten_arm_dispatch` (in Nightly builds, run with -Z macro-backtrace for more info)

error: expected one of `!`, `.`, `;`, `?`, `{`, `}`, or an operator, found `::`
    --> src/eval/dispatch.rs:387:23
     |
 387 |                   $exc_p::launch_unchecked::<CpuRuntime>(
     |                         ^^ expected one of 7 possible tokens
...
1136 | /     ten_arm_dispatch!(
1137 | |         ctx, order, spin,
1138 | |         exc_unpol::hyb_lda_xc_bn05_exc_unpol, vxc_unpol::hyb_lda_xc_bn05_vxc_unpol,
1139 | |         fxc_unpol::hyb_lda_xc_bn05_fxc_unpol, kxc_unpol::hyb_lda_xc_bn05_kxc_unpol,
...    |
1144 | |         params = (1.0_f64)
1145 | |     );
     | |_____- in this macro invocation
     |
     = note: this error originates in the macro `ten_arm_dispatch` (in Nightly builds, run with -Z macro-backtrace for more info)

error: expected one of `!`, `.`, `;`, `?`, `{`, `}`, or an operator, found `::`
    --> src/eval/dispatch.rs:395:23
     |
 395 |                   $vxc_p::launch_unchecked::<CpuRuntime>(
     |                         ^^ expected one of 7 possible tokens
...
1136 | /     ten_arm_dispatch!(
1137 | |         ctx, order, spin,
1138 | |         exc_unpol::hyb_lda_xc_bn05_exc_unpol, vxc_unpol::hyb_lda_xc_bn05_vxc_unpol,
1139 | |         fxc_unpol::hyb_lda_xc_bn05_fxc_unpol, kxc_unpol::hyb_lda_xc_bn05_kxc_unpol,
...    |
1144 | |         params = (1.0_f64)
1145 | |     );
     | |_____- in this macro invocation
     |
     = note: this error originates in the macro `ten_arm_dispatch` (in Nightly builds, run with -Z macro-backtrace for more info)

error: expected one of `!`, `.`, `;`, `?`, `{`, `}`, or an operator, found `::`
    --> src/eval/dispatch.rs:403:23
     |
 403 |                   $fxc_p::launch_unchecked::<CpuRuntime>(
     |                         ^^ expected one of 7 possible tokens
...
1136 | /     ten_arm_dispatch!(
1137 | |         ctx, order, spin,
1138 | |         exc_unpol::hyb_lda_xc_bn05_exc_unpol, vxc_unpol::hyb_lda_xc_bn05_vxc_unpol,
1139 | |         fxc_unpol::hyb_lda_xc_bn05_fxc_unpol, kxc_unpol::hyb_lda_xc_bn05_kxc_unpol,
...    |
1144 | |         params = (1.0_f64)
1145 | |     );
     | |_____- in this macro invocation
     |
     = note: this error originates in the macro `ten_arm_dispatch` (in Nightly builds, run with -Z macro-backtrace for more info)

error: expected one of `!`, `.`, `;`, `?`, `{`, `}`, or an operator, found `::`
    --> src/eval/dispatch.rs:411:23
     |
 411 |                   $kxc_p::launch_unchecked::<CpuRuntime>(
     |                         ^^ expected one of 7 possible tokens
...
1136 | /     ten_arm_dispatch!(
1137 | |         ctx, order, spin,
1138 | |         exc_unpol::hyb_lda_xc_bn05_exc_unpol, vxc_unpol::hyb_lda_xc_bn05_vxc_unpol,
1139 | |         fxc_unpol::hyb_lda_xc_bn05_fxc_unpol, kxc_unpol::hyb_lda_xc_bn05_kxc_unpol,
...    |
1144 | |         params = (1.0_f64)
1145 | |     );
     | |_____- in this macro invocation
     |
     = note: this error originates in the macro `ten_arm_dispatch` (in Nightly builds, run with -Z macro-backtrace for more info)

error: expected one of `!`, `.`, `;`, `?`, `{`, `}`, or an operator, found `::`
    --> src/eval/dispatch.rs:419:23
     |
 419 |                   $lxc_p::launch_unchecked::<CpuRuntime>(
     |                         ^^ expected one of 7 possible tokens
...
1136 | /     ten_arm_dispatch!(
1137 | |         ctx, order, spin,
1138 | |         exc_unpol::hyb_lda_xc_bn05_exc_unpol, vxc_unpol::hyb_lda_xc_bn05_vxc_unpol,
1139 | |         fxc_unpol::hyb_lda_xc_bn05_fxc_unpol, kxc_unpol::hyb_lda_xc_bn05_kxc_unpol,
...    |
1144 | |         params = (1.0_f64)
1145 | |     );
     | |_____- in this macro invocation
     |
     = note: this error originates in the macro `ten_arm_dispatch` (in Nightly builds, run with -Z macro-backtrace for more info)

error: unused import: `libxc_kernel_lda::lda_x::*`
   --> src/eval/dispatch.rs:541:9
    |
541 |     use libxc_kernel_lda::lda_x::*;
    |         ^^^^^^^^^^^^^^^^^^^^^^^^^^
    |
note: the lint level is defined here
   --> src/lib.rs:1:9
    |
  1 | #![deny(warnings)]
    |         ^^^^^^^^
    = note: `#[deny(unused_imports)]` implied by `#[deny(warnings)]`

error: unused import: `libxc_kernel_lda::lda_x_2d::*`
   --> src/eval/dispatch.rs:556:9
    |
556 |     use libxc_kernel_lda::lda_x_2d::*;
    |         ^^^^^^^^^^^^^^^^^^^^^^^^^^^^^

error: unused import: `libxc_kernel_lda::lda_x_rel::*`
   --> src/eval/dispatch.rs:571:9
    |
571 |     use libxc_kernel_lda::lda_x_rel::*;
    |         ^^^^^^^^^^^^^^^^^^^^^^^^^^^^^^

error: unused import: `libxc_kernel_lda::lda_x_erf::*`
   --> src/eval/dispatch.rs:586:9
    |
586 |     use libxc_kernel_lda::lda_x_erf::*;
    |         ^^^^^^^^^^^^^^^^^^^^^^^^^^^^^^

error: unused import: `libxc_kernel_lda::lda_x_sloc::*`
   --> src/eval/dispatch.rs:602:9
    |
602 |     use libxc_kernel_lda::lda_x_sloc::*;
    |         ^^^^^^^^^^^^^^^^^^^^^^^^^^^^^^^

error: unused import: `libxc_kernel_lda::lda_x_yukawa::*`
   --> src/eval/dispatch.rs:618:9
    |
618 |     use libxc_kernel_lda::lda_x_yukawa::*;
    |         ^^^^^^^^^^^^^^^^^^^^^^^^^^^^^^^^^

error: unused import: `libxc_kernel_lda::lda_c_rpa::*`
   --> src/eval/dispatch.rs:634:9
    |
634 |     use libxc_kernel_lda::lda_c_rpa::*;
    |         ^^^^^^^^^^^^^^^^^^^^^^^^^^^^^^

error: unused import: `libxc_kernel_lda::lda_c_hl::*`
   --> src/eval/dispatch.rs:649:9
    |
649 |     use libxc_kernel_lda::lda_c_hl::*;
    |         ^^^^^^^^^^^^^^^^^^^^^^^^^^^^^

error: unused import: `libxc_kernel_lda::lda_c_vwn::*`
   --> src/eval/dispatch.rs:667:9
    |
667 |     use libxc_kernel_lda::lda_c_vwn::*;
    |         ^^^^^^^^^^^^^^^^^^^^^^^^^^^^^^

error: unused import: `libxc_kernel_lda::lda_c_vwn_rpa::*`
   --> src/eval/dispatch.rs:682:9
    |
682 |     use libxc_kernel_lda::lda_c_vwn_rpa::*;
    |         ^^^^^^^^^^^^^^^^^^^^^^^^^^^^^^^^^^

error: unused import: `libxc_kernel_lda::lda_c_vwn_1::*`
   --> src/eval/dispatch.rs:697:9
    |
697 |     use libxc_kernel_lda::lda_c_vwn_1::*;
    |         ^^^^^^^^^^^^^^^^^^^^^^^^^^^^^^^^

error: unused import: `libxc_kernel_lda::lda_c_vwn_2::*`
   --> src/eval/dispatch.rs:712:9
    |
712 |     use libxc_kernel_lda::lda_c_vwn_2::*;
    |         ^^^^^^^^^^^^^^^^^^^^^^^^^^^^^^^^

error: unused import: `libxc_kernel_lda::lda_c_vwn_3::*`
   --> src/eval/dispatch.rs:727:9
    |
727 |     use libxc_kernel_lda::lda_c_vwn_3::*;
    |         ^^^^^^^^^^^^^^^^^^^^^^^^^^^^^^^^

error: unused import: `libxc_kernel_lda::lda_c_vwn_4::*`
   --> src/eval/dispatch.rs:742:9
    |
742 |     use libxc_kernel_lda::lda_c_vwn_4::*;
    |         ^^^^^^^^^^^^^^^^^^^^^^^^^^^^^^^^

error: unused import: `libxc_kernel_lda::lda_c_pz::*`
   --> src/eval/dispatch.rs:757:9
    |
757 |     use libxc_kernel_lda::lda_c_pz::*;
    |         ^^^^^^^^^^^^^^^^^^^^^^^^^^^^^

error: unused import: `libxc_kernel_lda::lda_c_pw::*`
   --> src/eval/dispatch.rs:785:9
    |
785 |     use libxc_kernel_lda::lda_c_pw::*;
    |         ^^^^^^^^^^^^^^^^^^^^^^^^^^^^^

error: unused import: `libxc_kernel_lda::lda_c_wigner::*`
   --> src/eval/dispatch.rs:814:9
    |
814 |     use libxc_kernel_lda::lda_c_wigner::*;
    |         ^^^^^^^^^^^^^^^^^^^^^^^^^^^^^^^^^

error: unused import: `libxc_kernel_lda::lda_c_rc04::*`
   --> src/eval/dispatch.rs:830:9
    |
830 |     use libxc_kernel_lda::lda_c_rc04::*;
    |         ^^^^^^^^^^^^^^^^^^^^^^^^^^^^^^^

error: unused import: `libxc_kernel_lda::lda_c_2d_amgb::*`
   --> src/eval/dispatch.rs:845:9
    |
845 |     use libxc_kernel_lda::lda_c_2d_amgb::*;
    |         ^^^^^^^^^^^^^^^^^^^^^^^^^^^^^^^^^^

error: unused import: `libxc_kernel_lda::lda_c_2d_prm::*`
   --> src/eval/dispatch.rs:860:9
    |
860 |     use libxc_kernel_lda::lda_c_2d_prm::*;
    |         ^^^^^^^^^^^^^^^^^^^^^^^^^^^^^^^^^

error: unused import: `libxc_kernel_lda::lda_c_1d_csc::*`
   --> src/eval/dispatch.rs:878:9
    |
878 |     use libxc_kernel_lda::lda_c_1d_csc::*;
    |         ^^^^^^^^^^^^^^^^^^^^^^^^^^^^^^^^^

error: unused import: `libxc_kernel_lda::lda_c_1d_loos::*`
   --> src/eval/dispatch.rs:899:9
    |
899 |     use libxc_kernel_lda::lda_c_1d_loos::*;
    |         ^^^^^^^^^^^^^^^^^^^^^^^^^^^^^^^^^^

error: unused import: `libxc_kernel_lda::lda_c_gk72::*`
   --> src/eval/dispatch.rs:914:9
    |
914 |     use libxc_kernel_lda::lda_c_gk72::*;
    |         ^^^^^^^^^^^^^^^^^^^^^^^^^^^^^^^

error: unused import: `libxc_kernel_lda::lda_c_gombas::*`
   --> src/eval/dispatch.rs:929:9
    |
929 |     use libxc_kernel_lda::lda_c_gombas::*;
    |         ^^^^^^^^^^^^^^^^^^^^^^^^^^^^^^^^^

error: unused import: `libxc_kernel_lda::lda_c_lp96::*`
   --> src/eval/dispatch.rs:944:9
    |
944 |     use libxc_kernel_lda::lda_c_lp96::*;
    |         ^^^^^^^^^^^^^^^^^^^^^^^^^^^^^^^

error: unused import: `libxc_kernel_lda::lda_c_ml1::*`
   --> src/eval/dispatch.rs:960:9
    |
960 |     use libxc_kernel_lda::lda_c_ml1::*;
    |         ^^^^^^^^^^^^^^^^^^^^^^^^^^^^^^

error: unused import: `libxc_kernel_lda::lda_c_w20::*`
   --> src/eval/dispatch.rs:976:9
    |
976 |     use libxc_kernel_lda::lda_c_w20::*;
    |         ^^^^^^^^^^^^^^^^^^^^^^^^^^^^^^

error: unused import: `libxc_kernel_lda::lda_c_chachiyo::*`
   --> src/eval/dispatch.rs:991:9
    |
991 |     use libxc_kernel_lda::lda_c_chachiyo::*;
    |         ^^^^^^^^^^^^^^^^^^^^^^^^^^^^^^^^^^^

error: unused import: `libxc_kernel_lda::lda_c_chachiyo_mod::*`
    --> src/eval/dispatch.rs:1015:9
     |
1015 |     use libxc_kernel_lda::lda_c_chachiyo_mod::*;
     |         ^^^^^^^^^^^^^^^^^^^^^^^^^^^^^^^^^^^^^^^

error: unused import: `libxc_kernel_lda::lda_k_tf::*`
    --> src/eval/dispatch.rs:1035:9
     |
1035 |     use libxc_kernel_lda::lda_k_tf::*;
     |         ^^^^^^^^^^^^^^^^^^^^^^^^^^^^^

error: unused import: `libxc_kernel_lda::lda_k_zlp::*`
    --> src/eval/dispatch.rs:1053:9
     |
1053 |     use libxc_kernel_lda::lda_k_zlp::*;
     |         ^^^^^^^^^^^^^^^^^^^^^^^^^^^^^^

error: unused import: `libxc_kernel_lda::lda_xc_teter93::*`
    --> src/eval/dispatch.rs:1068:9
     |
1068 |     use libxc_kernel_lda::lda_xc_teter93::*;
     |         ^^^^^^^^^^^^^^^^^^^^^^^^^^^^^^^^^^^

error: unused import: `libxc_kernel_lda::lda_xc_zlp::*`
    --> src/eval/dispatch.rs:1083:9
     |
1083 |     use libxc_kernel_lda::lda_xc_zlp::*;
     |         ^^^^^^^^^^^^^^^^^^^^^^^^^^^^^^^

error: unused import: `libxc_kernel_lda::lda_xc_tih::*`
    --> src/eval/dispatch.rs:1098:9
     |
1098 |     use libxc_kernel_lda::lda_xc_tih::*;
     |         ^^^^^^^^^^^^^^^^^^^^^^^^^^^^^^^

error: unused import: `libxc_kernel_lda::lda_xc_1d_ehwlrg::*`
    --> src/eval/dispatch.rs:1119:9
     |
1119 |     use libxc_kernel_lda::lda_xc_1d_ehwlrg::*;
     |         ^^^^^^^^^^^^^^^^^^^^^^^^^^^^^^^^^^^^^

error: unused import: `libxc_kernel_lda::hyb_lda_xc_bn05::*`
    --> src/eval/dispatch.rs:1134:9
     |
1134 |     use libxc_kernel_lda::hyb_lda_xc_bn05::*;
     |         ^^^^^^^^^^^^^^^^^^^^^^^^^^^^^^^^^^^^

error: could not compile `libxc_rs` (lib) due to 394 previous errors
