warning: value assigned to `result` is never read
  --> crates/kernel-math/src/lambert_w.rs:26:22
   |
26 |     let mut result = 0.0f64;
   |                      ^^^^^^
   |
   = help: maybe it is overwritten before being read?
   = note: `#[warn(unused_assignments)]` (part of `#[warn(unused)]`) on by default

warning: value assigned to `w0` is never read
  --> crates/kernel-math/src/lambert_w.rs:36:22
   |
36 |         let mut w0 = 0.0f64;
   |                      ^^^^^^
   |
   = help: maybe it is overwritten before being read?

warning: value assigned to `b2` is never read
  --> crates/kernel-math/src/expint_e1.rs:22:23
   |
22 |     let mut b2: f64 = 0.0;
   |                       ^^^
   |
   = help: maybe it is overwritten before being read?

warning: value assigned to `b2` is never read
  --> crates/kernel-math/src/expint_e1.rs:72:23
   |
72 |     let mut b2: f64 = 0.0;
   |                       ^^^
   |
   = help: maybe it is overwritten before being read?

warning: value assigned to `b2` is never read
   --> crates/kernel-math/src/expint_e1.rs:107:23
    |
107 |     let mut b2: f64 = 0.0;
    |                       ^^^
    |
    = help: maybe it is overwritten before being read?

warning: value assigned to `b2` is never read
   --> crates/kernel-math/src/expint_e1.rs:136:23
    |
136 |     let mut b2: f64 = 0.0;
    |                       ^^^
    |
    = help: maybe it is overwritten before being read?

warning: value assigned to `b2` is never read
   --> crates/kernel-math/src/expint_e1.rs:162:23
    |
162 |     let mut b2: f64 = 0.0;
    |                       ^^^
    |
    = help: maybe it is overwritten before being read?

warning: value assigned to `b2` is never read
   --> crates/kernel-math/src/expint_e1.rs:197:23
    |
197 |     let mut b2: f64 = 0.0;
    |                       ^^^
    |
    = help: maybe it is overwritten before being read?

warning: value assigned to `e1` is never read
   --> crates/kernel-math/src/expint_e1.rs:233:18
    |
233 |     let mut e1 = 0.0f64;
    |                  ^^^^^^
    |
    = help: maybe it is overwritten before being read?

warning: value assigned to `b2` is never read
  --> crates/kernel-math/src/special.rs:36:18
   |
36 |     let mut b2 = 0.0f64;
   |                  ^^^^^^
   |
   = help: maybe it is overwritten before being read?

warning: value assigned to `dspenc` is never read
   --> crates/kernel-math/src/special.rs:139:22
    |
139 |     let mut dspenc = 0.0f64;
    |                      ^^^^^^
    |
    = help: maybe it is overwritten before being read?

warning: value assigned to `result` is never read
   --> crates/kernel-math/src/special.rs:208:22
    |
208 |     let mut result = 0.0f64;
    |                      ^^^^^^
    |
    = help: maybe it is overwritten before being read?

warning: value assigned to `result` is never read
   --> crates/kernel-math/src/special.rs:242:22
    |
242 |     let mut result = 0.0f64;
    |                      ^^^^^^
    |
    = help: maybe it is overwritten before being read?

warning: value assigned to `fa` is never read
   --> crates/kernel-math/src/br89.rs:223:830
    |
223 | ...et tfa = fa; let tfb = fb; a = select(sw, tb, ta); fa = select(sw, tfb, tfa); b = select(sw, ta, tb); fb = select(sw, tfa, tfb);
    |                                                       ^^^^^^^^^^^^^^^^^^^^^^^^^
    |
    = help: maybe it is overwritten before being read?

warning: value assigned to `fb` is never read
   --> crates/kernel-math/src/br89.rs:223:881
    |
223 | ...fa = select(sw, tfb, tfa); b = select(sw, ta, tb); fb = select(sw, tfa, tfb);
    |                                                       ^^^^^^^^^^^^^^^^^^^^^^^^^
    |
    = help: maybe it is overwritten before being read?

warning: value assigned to `c` is never read
   --> crates/kernel-math/src/br89.rs:223:584
    |
223 | ...ct(do_bi, 1.0f64, 0.0f64); let fs = br89_obj(s, rhs); d = c; c = b; fc = fb; let rl = fa*fs < 0.0; b = select(rl, s, b); fb = se...
    |                                                                 ^^^^^
    |
    = help: maybe it is overwritten before being read?

warning: value assigned to `fc` is never read
   --> crates/kernel-math/src/br89.rs:223:591
    |
223 | ..., 1.0f64, 0.0f64); let fs = br89_obj(s, rhs); d = c; c = b; fc = fb; let rl = fa*fs < 0.0; b = select(rl, s, b); fb = select(rl,...
    |                                                                ^^^^^^^
    |
    = help: maybe it is overwritten before being read?

warning: value assigned to `d` is never read
   --> crates/kernel-math/src/br89.rs:223:577
    |
223 | ... = select(do_bi, 1.0f64, 0.0f64); let fs = br89_obj(s, rhs); d = c; c = b; fc = fb; let rl = fa*fs < 0.0; b = select(rl, s, b); ...
    |                                                                 ^^^^^
    |
    = help: maybe it is overwritten before being read?

warning: value assigned to `mf` is never read
   --> crates/kernel-math/src/br89.rs:223:514
    |
223 | ...||c3||c4||c5; s = select(do_bi, (a+b)*0.5, s); mf = select(do_bi, 1.0f64, 0.0f64); let fs = br89_obj(s, rhs); d = c; c = b; fc =...
    |                                                   ^^^^^^^^^^^^^^^^^^^^^^^^^^^^^^^^^^
    |
    = help: maybe it is overwritten before being read?

warning: module `Heaviside` should have a snake case name
  --> crates/kernel-math/src/piecewise.rs:22:8
   |
22 | pub fn Heaviside(x: f64) -> f64 {
   |        ^^^^^^^^^ help: convert the identifier to snake case: `heaviside`
   |
   = note: `#[warn(non_snake_case)]` (part of `#[warn(nonstandard_style)]`) on by default

warning: `libxc-kernel-math` (lib) generated 20 warnings
   Compiling libxc-kernel-mgga-7 v0.1.0 (/workspace/crates/kernel-mgga-7)
sccache: warning: The server looks like it shut down unexpectedly, compiling locally instead
warning: type `mgga_c_kcis_kxc_pol_part0_LO0` should have an upper camel case name
  --> crates/kernel-mgga-7/src/mgga_c_kcis/kxc_pol_part0.rs:14:12
   |
14 | pub struct mgga_c_kcis_kxc_pol_part0_LO0 {
   |            ^^^^^^^^^^^^^^^^^^^^^^^^^^^^^ help: convert the identifier to upper camel case: `MggaCKcisKxcPolPart0Lo0`
   |
   = note: `#[warn(non_camel_case_types)]` (part of `#[warn(nonstandard_style)]`) on by default

warning: type `mgga_c_kcis_kxc_pol_part0_LO1` should have an upper camel case name
   --> crates/kernel-mgga-7/src/mgga_c_kcis/kxc_pol_part0.rs:109:12
    |
109 | pub struct mgga_c_kcis_kxc_pol_part0_LO1 {
    |            ^^^^^^^^^^^^^^^^^^^^^^^^^^^^^ help: convert the identifier to upper camel case: `MggaCKcisKxcPolPart0Lo1`

warning: type `mgga_c_kcis_kxc_pol_part0_LO2` should have an upper camel case name
   --> crates/kernel-mgga-7/src/mgga_c_kcis/kxc_pol_part0.rs:205:12
    |
205 | pub struct mgga_c_kcis_kxc_pol_part0_LO2 {
    |            ^^^^^^^^^^^^^^^^^^^^^^^^^^^^^ help: convert the identifier to upper camel case: `MggaCKcisKxcPolPart0Lo2`

warning: type `mgga_c_kcis_kxc_pol_part0_LO3` should have an upper camel case name
   --> crates/kernel-mgga-7/src/mgga_c_kcis/kxc_pol_part0.rs:301:12
    |
301 | pub struct mgga_c_kcis_kxc_pol_part0_LO3 {
    |            ^^^^^^^^^^^^^^^^^^^^^^^^^^^^^ help: convert the identifier to upper camel case: `MggaCKcisKxcPolPart0Lo3`

warning: type `mgga_c_kcis_kxc_pol_part0_LO4` should have an upper camel case name
   --> crates/kernel-mgga-7/src/mgga_c_kcis/kxc_pol_part0.rs:395:12
    |
395 | pub struct mgga_c_kcis_kxc_pol_part0_LO4 {
    |            ^^^^^^^^^^^^^^^^^^^^^^^^^^^^^ help: convert the identifier to upper camel case: `MggaCKcisKxcPolPart0Lo4`

warning: type `mgga_c_kcis_kxc_pol_part0_LO5` should have an upper camel case name
   --> crates/kernel-mgga-7/src/mgga_c_kcis/kxc_pol_part0.rs:492:12
    |
492 | pub struct mgga_c_kcis_kxc_pol_part0_LO5 {
    |            ^^^^^^^^^^^^^^^^^^^^^^^^^^^^^ help: convert the identifier to upper camel case: `MggaCKcisKxcPolPart0Lo5`

warning: type `mgga_c_kcis_kxc_pol_part0_LO6` should have an upper camel case name
   --> crates/kernel-mgga-7/src/mgga_c_kcis/kxc_pol_part0.rs:593:12
    |
593 | pub struct mgga_c_kcis_kxc_pol_part0_LO6 {
    |            ^^^^^^^^^^^^^^^^^^^^^^^^^^^^^ help: convert the identifier to upper camel case: `MggaCKcisKxcPolPart0Lo6`

warning: type `mgga_c_kcis_kxc_pol_part0_LO7` should have an upper camel case name
   --> crates/kernel-mgga-7/src/mgga_c_kcis/kxc_pol_part0.rs:692:12
    |
692 | pub struct mgga_c_kcis_kxc_pol_part0_LO7 {
    |            ^^^^^^^^^^^^^^^^^^^^^^^^^^^^^ help: convert the identifier to upper camel case: `MggaCKcisKxcPolPart0Lo7`

warning: type `mgga_c_kcis_kxc_pol_part0_LO8` should have an upper camel case name
   --> crates/kernel-mgga-7/src/mgga_c_kcis/kxc_pol_part0.rs:786:12
    |
786 | pub struct mgga_c_kcis_kxc_pol_part0_LO8 {
    |            ^^^^^^^^^^^^^^^^^^^^^^^^^^^^^ help: convert the identifier to upper camel case: `MggaCKcisKxcPolPart0Lo8`

warning: type `mgga_c_kcis_kxc_pol_part0_LO9` should have an upper camel case name
   --> crates/kernel-mgga-7/src/mgga_c_kcis/kxc_pol_part0.rs:886:12
    |
886 | pub struct mgga_c_kcis_kxc_pol_part0_LO9 {
    |            ^^^^^^^^^^^^^^^^^^^^^^^^^^^^^ help: convert the identifier to upper camel case: `MggaCKcisKxcPolPart0Lo9`

warning: type `mgga_c_kcis_kxc_pol_part0_LO10` should have an upper camel case name
   --> crates/kernel-mgga-7/src/mgga_c_kcis/kxc_pol_part0.rs:978:12
    |
978 | pub struct mgga_c_kcis_kxc_pol_part0_LO10 {
    |            ^^^^^^^^^^^^^^^^^^^^^^^^^^^^^^ help: convert the identifier to upper camel case: `MggaCKcisKxcPolPart0Lo10`

warning: type `mgga_c_kcis_kxc_pol_part0_LO11` should have an upper camel case name
    --> crates/kernel-mgga-7/src/mgga_c_kcis/kxc_pol_part0.rs:1065:12
     |
1065 | pub struct mgga_c_kcis_kxc_pol_part0_LO11 {
     |            ^^^^^^^^^^^^^^^^^^^^^^^^^^^^^^ help: convert the identifier to upper camel case: `MggaCKcisKxcPolPart0Lo11`

warning: type `mgga_c_kcis_kxc_pol_part0_LO12` should have an upper camel case name
    --> crates/kernel-mgga-7/src/mgga_c_kcis/kxc_pol_part0.rs:1160:12
     |
1160 | pub struct mgga_c_kcis_kxc_pol_part0_LO12 {
     |            ^^^^^^^^^^^^^^^^^^^^^^^^^^^^^^ help: convert the identifier to upper camel case: `MggaCKcisKxcPolPart0Lo12`

warning: type `mgga_c_kcis_kxc_pol_part0_LO13` should have an upper camel case name
    --> crates/kernel-mgga-7/src/mgga_c_kcis/kxc_pol_part0.rs:1182:12
     |
1182 | pub struct mgga_c_kcis_kxc_pol_part0_LO13 {
     |            ^^^^^^^^^^^^^^^^^^^^^^^^^^^^^^ help: convert the identifier to upper camel case: `MggaCKcisKxcPolPart0Lo13`

warning: type `mgga_c_kcis_kxc_pol_part0_LO14` should have an upper camel case name
    --> crates/kernel-mgga-7/src/mgga_c_kcis/kxc_pol_part0.rs:1231:12
     |
1231 | pub struct mgga_c_kcis_kxc_pol_part0_LO14 {
     |            ^^^^^^^^^^^^^^^^^^^^^^^^^^^^^^ help: convert the identifier to upper camel case: `MggaCKcisKxcPolPart0Lo14`

warning: type `mgga_c_kcis_kxc_pol_part0_LO15` should have an upper camel case name
    --> crates/kernel-mgga-7/src/mgga_c_kcis/kxc_pol_part0.rs:1273:12
     |
1273 | pub struct mgga_c_kcis_kxc_pol_part0_LO15 {
     |            ^^^^^^^^^^^^^^^^^^^^^^^^^^^^^^ help: convert the identifier to upper camel case: `MggaCKcisKxcPolPart0Lo15`

warning: type `mgga_c_kcis_kxc_pol_part0_LO16` should have an upper camel case name
    --> crates/kernel-mgga-7/src/mgga_c_kcis/kxc_pol_part0.rs:1315:12
     |
1315 | pub struct mgga_c_kcis_kxc_pol_part0_LO16 {
     |            ^^^^^^^^^^^^^^^^^^^^^^^^^^^^^^ help: convert the identifier to upper camel case: `MggaCKcisKxcPolPart0Lo16`

warning: type `mgga_c_kcis_kxc_pol_part0_LO17` should have an upper camel case name
    --> crates/kernel-mgga-7/src/mgga_c_kcis/kxc_pol_part0.rs:1382:12
     |
1382 | pub struct mgga_c_kcis_kxc_pol_part0_LO17 {
     |            ^^^^^^^^^^^^^^^^^^^^^^^^^^^^^^ help: convert the identifier to upper camel case: `MggaCKcisKxcPolPart0Lo17`

warning: type `mgga_c_kcis_kxc_pol_part0_LO18` should have an upper camel case name
    --> crates/kernel-mgga-7/src/mgga_c_kcis/kxc_pol_part0.rs:1441:12
     |
1441 | pub struct mgga_c_kcis_kxc_pol_part0_LO18 {
     |            ^^^^^^^^^^^^^^^^^^^^^^^^^^^^^^ help: convert the identifier to upper camel case: `MggaCKcisKxcPolPart0Lo18`

warning: type `mgga_c_kcis_kxc_pol_part0_LO19` should have an upper camel case name
    --> crates/kernel-mgga-7/src/mgga_c_kcis/kxc_pol_part0.rs:1493:12
     |
1493 | pub struct mgga_c_kcis_kxc_pol_part0_LO19 {
     |            ^^^^^^^^^^^^^^^^^^^^^^^^^^^^^^ help: convert the identifier to upper camel case: `MggaCKcisKxcPolPart0Lo19`

warning: type `mgga_c_kcis_kxc_pol_part0_LO20` should have an upper camel case name
    --> crates/kernel-mgga-7/src/mgga_c_kcis/kxc_pol_part0.rs:1552:12
     |
1552 | pub struct mgga_c_kcis_kxc_pol_part0_LO20 {
     |            ^^^^^^^^^^^^^^^^^^^^^^^^^^^^^^ help: convert the identifier to upper camel case: `MggaCKcisKxcPolPart0Lo20`

warning: type `mgga_c_kcis_kxc_pol_part0_LO21` should have an upper camel case name
    --> crates/kernel-mgga-7/src/mgga_c_kcis/kxc_pol_part0.rs:1617:12
     |
1617 | pub struct mgga_c_kcis_kxc_pol_part0_LO21 {
     |            ^^^^^^^^^^^^^^^^^^^^^^^^^^^^^^ help: convert the identifier to upper camel case: `MggaCKcisKxcPolPart0Lo21`

warning: type `mgga_c_kcis_kxc_pol_part0_LO22` should have an upper camel case name
    --> crates/kernel-mgga-7/src/mgga_c_kcis/kxc_pol_part0.rs:1679:12
     |
1679 | pub struct mgga_c_kcis_kxc_pol_part0_LO22 {
     |            ^^^^^^^^^^^^^^^^^^^^^^^^^^^^^^ help: convert the identifier to upper camel case: `MggaCKcisKxcPolPart0Lo22`

warning: type `mgga_c_kcis_kxc_pol_part0_LO23` should have an upper camel case name
    --> crates/kernel-mgga-7/src/mgga_c_kcis/kxc_pol_part0.rs:1734:12
     |
1734 | pub struct mgga_c_kcis_kxc_pol_part0_LO23 {
     |            ^^^^^^^^^^^^^^^^^^^^^^^^^^^^^^ help: convert the identifier to upper camel case: `MggaCKcisKxcPolPart0Lo23`

warning: type `mgga_c_kcis_kxc_pol_part0_LO24` should have an upper camel case name
    --> crates/kernel-mgga-7/src/mgga_c_kcis/kxc_pol_part0.rs:1796:12
     |
1796 | pub struct mgga_c_kcis_kxc_pol_part0_LO24 {
     |            ^^^^^^^^^^^^^^^^^^^^^^^^^^^^^^ help: convert the identifier to upper camel case: `MggaCKcisKxcPolPart0Lo24`

warning: type `mgga_c_kcis_kxc_pol_part0_LO25` should have an upper camel case name
    --> crates/kernel-mgga-7/src/mgga_c_kcis/kxc_pol_part0.rs:1835:12
     |
1835 | pub struct mgga_c_kcis_kxc_pol_part0_LO25 {
     |            ^^^^^^^^^^^^^^^^^^^^^^^^^^^^^^ help: convert the identifier to upper camel case: `MggaCKcisKxcPolPart0Lo25`

warning: type `mgga_c_kcis_kxc_pol_part0_LO26` should have an upper camel case name
    --> crates/kernel-mgga-7/src/mgga_c_kcis/kxc_pol_part0.rs:1888:12
     |
1888 | pub struct mgga_c_kcis_kxc_pol_part0_LO26 {
     |            ^^^^^^^^^^^^^^^^^^^^^^^^^^^^^^ help: convert the identifier to upper camel case: `MggaCKcisKxcPolPart0Lo26`

warning: type `mgga_c_kcis_kxc_pol_part0_LO27` should have an upper camel case name
    --> crates/kernel-mgga-7/src/mgga_c_kcis/kxc_pol_part0.rs:1929:12
     |
1929 | pub struct mgga_c_kcis_kxc_pol_part0_LO27 {
     |            ^^^^^^^^^^^^^^^^^^^^^^^^^^^^^^ help: convert the identifier to upper camel case: `MggaCKcisKxcPolPart0Lo27`

warning: type `mgga_c_kcis_kxc_pol_part0_LO28` should have an upper camel case name
    --> crates/kernel-mgga-7/src/mgga_c_kcis/kxc_pol_part0.rs:1978:12
     |
1978 | pub struct mgga_c_kcis_kxc_pol_part0_LO28 {
     |            ^^^^^^^^^^^^^^^^^^^^^^^^^^^^^^ help: convert the identifier to upper camel case: `MggaCKcisKxcPolPart0Lo28`

warning: type `mgga_c_kcis_kxc_pol_part0_LO29` should have an upper camel case name
    --> crates/kernel-mgga-7/src/mgga_c_kcis/kxc_pol_part0.rs:2015:12
     |
2015 | pub struct mgga_c_kcis_kxc_pol_part0_LO29 {
     |            ^^^^^^^^^^^^^^^^^^^^^^^^^^^^^^ help: convert the identifier to upper camel case: `MggaCKcisKxcPolPart0Lo29`

warning: type `mgga_c_kcis_kxc_pol_part0_LO30` should have an upper camel case name
    --> crates/kernel-mgga-7/src/mgga_c_kcis/kxc_pol_part0.rs:2067:12
     |
2067 | pub struct mgga_c_kcis_kxc_pol_part0_LO30 {
     |            ^^^^^^^^^^^^^^^^^^^^^^^^^^^^^^ help: convert the identifier to upper camel case: `MggaCKcisKxcPolPart0Lo30`

warning: type `mgga_c_kcis_kxc_pol_part0_LO31` should have an upper camel case name
    --> crates/kernel-mgga-7/src/mgga_c_kcis/kxc_pol_part0.rs:2105:12
     |
2105 | pub struct mgga_c_kcis_kxc_pol_part0_LO31 {
     |            ^^^^^^^^^^^^^^^^^^^^^^^^^^^^^^ help: convert the identifier to upper camel case: `MggaCKcisKxcPolPart0Lo31`

warning: type `mgga_c_kcis_kxc_pol_part0_LO32` should have an upper camel case name
    --> crates/kernel-mgga-7/src/mgga_c_kcis/kxc_pol_part0.rs:2151:12
     |
2151 | pub struct mgga_c_kcis_kxc_pol_part0_LO32 {
     |            ^^^^^^^^^^^^^^^^^^^^^^^^^^^^^^ help: convert the identifier to upper camel case: `MggaCKcisKxcPolPart0Lo32`

warning: type `mgga_c_kcis_kxc_pol_part0_LO33` should have an upper camel case name
    --> crates/kernel-mgga-7/src/mgga_c_kcis/kxc_pol_part0.rs:2197:12
     |
2197 | pub struct mgga_c_kcis_kxc_pol_part0_LO33 {
     |            ^^^^^^^^^^^^^^^^^^^^^^^^^^^^^^ help: convert the identifier to upper camel case: `MggaCKcisKxcPolPart0Lo33`

warning: type `mgga_c_kcis_kxc_pol_part0_LO34` should have an upper camel case name
    --> crates/kernel-mgga-7/src/mgga_c_kcis/kxc_pol_part0.rs:2235:12
     |
2235 | pub struct mgga_c_kcis_kxc_pol_part0_LO34 {
     |            ^^^^^^^^^^^^^^^^^^^^^^^^^^^^^^ help: convert the identifier to upper camel case: `MggaCKcisKxcPolPart0Lo34`

warning: type `mgga_c_kcis_kxc_pol_part0_LO35` should have an upper camel case name
    --> crates/kernel-mgga-7/src/mgga_c_kcis/kxc_pol_part0.rs:2242:12
     |
2242 | pub struct mgga_c_kcis_kxc_pol_part0_LO35 {
     |            ^^^^^^^^^^^^^^^^^^^^^^^^^^^^^^ help: convert the identifier to upper camel case: `MggaCKcisKxcPolPart0Lo35`

warning: type `mgga_c_kcis_kxc_pol_part0_LO36` should have an upper camel case name
    --> crates/kernel-mgga-7/src/mgga_c_kcis/kxc_pol_part0.rs:2299:12
     |
2299 | pub struct mgga_c_kcis_kxc_pol_part0_LO36 {
     |            ^^^^^^^^^^^^^^^^^^^^^^^^^^^^^^ help: convert the identifier to upper camel case: `MggaCKcisKxcPolPart0Lo36`

warning: type `mgga_c_kcis_kxc_pol_part0_LO37` should have an upper camel case name
    --> crates/kernel-mgga-7/src/mgga_c_kcis/kxc_pol_part0.rs:2335:12
     |
2335 | pub struct mgga_c_kcis_kxc_pol_part0_LO37 {
     |            ^^^^^^^^^^^^^^^^^^^^^^^^^^^^^^ help: convert the identifier to upper camel case: `MggaCKcisKxcPolPart0Lo37`

warning: type `mgga_c_kcis_kxc_pol_part2_LO0` should have an upper camel case name
  --> crates/kernel-mgga-7/src/mgga_c_kcis/kxc_pol_part2.rs:14:12
   |
14 | pub struct mgga_c_kcis_kxc_pol_part2_LO0 {
   |            ^^^^^^^^^^^^^^^^^^^^^^^^^^^^^ help: convert the identifier to upper camel case: `MggaCKcisKxcPolPart2Lo0`

warning: type `mgga_c_kcis_kxc_pol_part2_LO1` should have an upper camel case name
   --> crates/kernel-mgga-7/src/mgga_c_kcis/kxc_pol_part2.rs:108:12
    |
108 | pub struct mgga_c_kcis_kxc_pol_part2_LO1 {
    |            ^^^^^^^^^^^^^^^^^^^^^^^^^^^^^ help: convert the identifier to upper camel case: `MggaCKcisKxcPolPart2Lo1`

warning: type `mgga_c_kcis_kxc_pol_part2_LO2` should have an upper camel case name
   --> crates/kernel-mgga-7/src/mgga_c_kcis/kxc_pol_part2.rs:201:12
    |
201 | pub struct mgga_c_kcis_kxc_pol_part2_LO2 {
    |            ^^^^^^^^^^^^^^^^^^^^^^^^^^^^^ help: convert the identifier to upper camel case: `MggaCKcisKxcPolPart2Lo2`

warning: type `mgga_c_kcis_kxc_pol_part2_LO3` should have an upper camel case name
   --> crates/kernel-mgga-7/src/mgga_c_kcis/kxc_pol_part2.rs:295:12
    |
295 | pub struct mgga_c_kcis_kxc_pol_part2_LO3 {
    |            ^^^^^^^^^^^^^^^^^^^^^^^^^^^^^ help: convert the identifier to upper camel case: `MggaCKcisKxcPolPart2Lo3`

warning: type `mgga_c_kcis_kxc_pol_part2_LO4` should have an upper camel case name
   --> crates/kernel-mgga-7/src/mgga_c_kcis/kxc_pol_part2.rs:385:12
    |
385 | pub struct mgga_c_kcis_kxc_pol_part2_LO4 {
    |            ^^^^^^^^^^^^^^^^^^^^^^^^^^^^^ help: convert the identifier to upper camel case: `MggaCKcisKxcPolPart2Lo4`

warning: type `mgga_c_kcis_kxc_pol_part2_LO5` should have an upper camel case name
   --> crates/kernel-mgga-7/src/mgga_c_kcis/kxc_pol_part2.rs:481:12
    |
481 | pub struct mgga_c_kcis_kxc_pol_part2_LO5 {
    |            ^^^^^^^^^^^^^^^^^^^^^^^^^^^^^ help: convert the identifier to upper camel case: `MggaCKcisKxcPolPart2Lo5`

warning: type `mgga_c_kcis_kxc_pol_part2_LO6` should have an upper camel case name
   --> crates/kernel-mgga-7/src/mgga_c_kcis/kxc_pol_part2.rs:575:12
    |
575 | pub struct mgga_c_kcis_kxc_pol_part2_LO6 {
    |            ^^^^^^^^^^^^^^^^^^^^^^^^^^^^^ help: convert the identifier to upper camel case: `MggaCKcisKxcPolPart2Lo6`

warning: type `mgga_c_kcis_kxc_pol_part2_LO7` should have an upper camel case name
   --> crates/kernel-mgga-7/src/mgga_c_kcis/kxc_pol_part2.rs:666:12
    |
666 | pub struct mgga_c_kcis_kxc_pol_part2_LO7 {
    |            ^^^^^^^^^^^^^^^^^^^^^^^^^^^^^ help: convert the identifier to upper camel case: `MggaCKcisKxcPolPart2Lo7`

warning: type `mgga_c_kcis_kxc_pol_part2_LO8` should have an upper camel case name
   --> crates/kernel-mgga-7/src/mgga_c_kcis/kxc_pol_part2.rs:752:12
    |
752 | pub struct mgga_c_kcis_kxc_pol_part2_LO8 {
    |            ^^^^^^^^^^^^^^^^^^^^^^^^^^^^^ help: convert the identifier to upper camel case: `MggaCKcisKxcPolPart2Lo8`

warning: type `mgga_c_kcis_kxc_pol_part2_LO9` should have an upper camel case name
   --> crates/kernel-mgga-7/src/mgga_c_kcis/kxc_pol_part2.rs:837:12
    |
837 | pub struct mgga_c_kcis_kxc_pol_part2_LO9 {
    |            ^^^^^^^^^^^^^^^^^^^^^^^^^^^^^ help: convert the identifier to upper camel case: `MggaCKcisKxcPolPart2Lo9`

warning: type `mgga_c_kcis_kxc_pol_part2_LO10` should have an upper camel case name
   --> crates/kernel-mgga-7/src/mgga_c_kcis/kxc_pol_part2.rs:922:12
    |
922 | pub struct mgga_c_kcis_kxc_pol_part2_LO10 {
    |            ^^^^^^^^^^^^^^^^^^^^^^^^^^^^^^ help: convert the identifier to upper camel case: `MggaCKcisKxcPolPart2Lo10`

warning: type `mgga_c_kcis_kxc_pol_part2_LO11` should have an upper camel case name
    --> crates/kernel-mgga-7/src/mgga_c_kcis/kxc_pol_part2.rs:1020:12
     |
1020 | pub struct mgga_c_kcis_kxc_pol_part2_LO11 {
     |            ^^^^^^^^^^^^^^^^^^^^^^^^^^^^^^ help: convert the identifier to upper camel case: `MggaCKcisKxcPolPart2Lo11`

warning: type `mgga_c_kcis_kxc_pol_part2_LO12` should have an upper camel case name
    --> crates/kernel-mgga-7/src/mgga_c_kcis/kxc_pol_part2.rs:1107:12
     |
1107 | pub struct mgga_c_kcis_kxc_pol_part2_LO12 {
     |            ^^^^^^^^^^^^^^^^^^^^^^^^^^^^^^ help: convert the identifier to upper camel case: `MggaCKcisKxcPolPart2Lo12`

warning: type `mgga_c_kcis_kxc_pol_part2_LO13` should have an upper camel case name
    --> crates/kernel-mgga-7/src/mgga_c_kcis/kxc_pol_part2.rs:1203:12
     |
1203 | pub struct mgga_c_kcis_kxc_pol_part2_LO13 {
     |            ^^^^^^^^^^^^^^^^^^^^^^^^^^^^^^ help: convert the identifier to upper camel case: `MggaCKcisKxcPolPart2Lo13`

warning: type `mgga_c_kcis_kxc_pol_part2_LO14` should have an upper camel case name
    --> crates/kernel-mgga-7/src/mgga_c_kcis/kxc_pol_part2.rs:1283:12
     |
1283 | pub struct mgga_c_kcis_kxc_pol_part2_LO14 {
     |            ^^^^^^^^^^^^^^^^^^^^^^^^^^^^^^ help: convert the identifier to upper camel case: `MggaCKcisKxcPolPart2Lo14`

warning: type `mgga_c_kcis_kxc_pol_part2_LO15` should have an upper camel case name
    --> crates/kernel-mgga-7/src/mgga_c_kcis/kxc_pol_part2.rs:1372:12
     |
1372 | pub struct mgga_c_kcis_kxc_pol_part2_LO15 {
     |            ^^^^^^^^^^^^^^^^^^^^^^^^^^^^^^ help: convert the identifier to upper camel case: `MggaCKcisKxcPolPart2Lo15`

warning: type `mgga_c_kcis_kxc_pol_part2_LO16` should have an upper camel case name
    --> crates/kernel-mgga-7/src/mgga_c_kcis/kxc_pol_part2.rs:1465:12
     |
1465 | pub struct mgga_c_kcis_kxc_pol_part2_LO16 {
     |            ^^^^^^^^^^^^^^^^^^^^^^^^^^^^^^ help: convert the identifier to upper camel case: `MggaCKcisKxcPolPart2Lo16`

warning: type `mgga_c_kcis_kxc_pol_part2_LO17` should have an upper camel case name
    --> crates/kernel-mgga-7/src/mgga_c_kcis/kxc_pol_part2.rs:1553:12
     |
1553 | pub struct mgga_c_kcis_kxc_pol_part2_LO17 {
     |            ^^^^^^^^^^^^^^^^^^^^^^^^^^^^^^ help: convert the identifier to upper camel case: `MggaCKcisKxcPolPart2Lo17`

warning: type `mgga_c_kcis_kxc_pol_part2_LO18` should have an upper camel case name
    --> crates/kernel-mgga-7/src/mgga_c_kcis/kxc_pol_part2.rs:1641:12
     |
1641 | pub struct mgga_c_kcis_kxc_pol_part2_LO18 {
     |            ^^^^^^^^^^^^^^^^^^^^^^^^^^^^^^ help: convert the identifier to upper camel case: `MggaCKcisKxcPolPart2Lo18`

warning: type `mgga_c_kcis_kxc_pol_part2_LO19` should have an upper camel case name
    --> crates/kernel-mgga-7/src/mgga_c_kcis/kxc_pol_part2.rs:1711:12
     |
1711 | pub struct mgga_c_kcis_kxc_pol_part2_LO19 {
     |            ^^^^^^^^^^^^^^^^^^^^^^^^^^^^^^ help: convert the identifier to upper camel case: `MggaCKcisKxcPolPart2Lo19`

warning: type `mgga_c_kcis_kxc_pol_part2_LO20` should have an upper camel case name
    --> crates/kernel-mgga-7/src/mgga_c_kcis/kxc_pol_part2.rs:1800:12
     |
1800 | pub struct mgga_c_kcis_kxc_pol_part2_LO20 {
     |            ^^^^^^^^^^^^^^^^^^^^^^^^^^^^^^ help: convert the identifier to upper camel case: `MggaCKcisKxcPolPart2Lo20`

warning: type `mgga_c_kcis_kxc_pol_part2_LO21` should have an upper camel case name
    --> crates/kernel-mgga-7/src/mgga_c_kcis/kxc_pol_part2.rs:1872:12
     |
1872 | pub struct mgga_c_kcis_kxc_pol_part2_LO21 {
     |            ^^^^^^^^^^^^^^^^^^^^^^^^^^^^^^ help: convert the identifier to upper camel case: `MggaCKcisKxcPolPart2Lo21`

warning: type `mgga_c_kcis_kxc_pol_part2_LO22` should have an upper camel case name
    --> crates/kernel-mgga-7/src/mgga_c_kcis/kxc_pol_part2.rs:1957:12
     |
1957 | pub struct mgga_c_kcis_kxc_pol_part2_LO22 {
     |            ^^^^^^^^^^^^^^^^^^^^^^^^^^^^^^ help: convert the identifier to upper camel case: `MggaCKcisKxcPolPart2Lo22`

warning: type `mgga_c_kcis_kxc_pol_part2_LO23` should have an upper camel case name
    --> crates/kernel-mgga-7/src/mgga_c_kcis/kxc_pol_part2.rs:1970:12
     |
1970 | pub struct mgga_c_kcis_kxc_pol_part2_LO23 {
     |            ^^^^^^^^^^^^^^^^^^^^^^^^^^^^^^ help: convert the identifier to upper camel case: `MggaCKcisKxcPolPart2Lo23`

warning: type `mgga_c_kcis_kxc_pol_part2_LO24` should have an upper camel case name
    --> crates/kernel-mgga-7/src/mgga_c_kcis/kxc_pol_part2.rs:2012:12
     |
2012 | pub struct mgga_c_kcis_kxc_pol_part2_LO24 {
     |            ^^^^^^^^^^^^^^^^^^^^^^^^^^^^^^ help: convert the identifier to upper camel case: `MggaCKcisKxcPolPart2Lo24`

warning: type `mgga_c_kcis_kxc_pol_part2_LO25` should have an upper camel case name
    --> crates/kernel-mgga-7/src/mgga_c_kcis/kxc_pol_part2.rs:2036:12
     |
2036 | pub struct mgga_c_kcis_kxc_pol_part2_LO25 {
     |            ^^^^^^^^^^^^^^^^^^^^^^^^^^^^^^ help: convert the identifier to upper camel case: `MggaCKcisKxcPolPart2Lo25`

warning: type `mgga_c_kcis_kxc_pol_part2_LO26` should have an upper camel case name
    --> crates/kernel-mgga-7/src/mgga_c_kcis/kxc_pol_part2.rs:2088:12
     |
2088 | pub struct mgga_c_kcis_kxc_pol_part2_LO26 {
     |            ^^^^^^^^^^^^^^^^^^^^^^^^^^^^^^ help: convert the identifier to upper camel case: `MggaCKcisKxcPolPart2Lo26`

warning: type `mgga_c_kcis_kxc_pol_part2_LO27` should have an upper camel case name
    --> crates/kernel-mgga-7/src/mgga_c_kcis/kxc_pol_part2.rs:2152:12
     |
2152 | pub struct mgga_c_kcis_kxc_pol_part2_LO27 {
     |            ^^^^^^^^^^^^^^^^^^^^^^^^^^^^^^ help: convert the identifier to upper camel case: `MggaCKcisKxcPolPart2Lo27`

warning: type `mgga_c_kcis_kxc_pol_part2_LO28` should have an upper camel case name
    --> crates/kernel-mgga-7/src/mgga_c_kcis/kxc_pol_part2.rs:2207:12
     |
2207 | pub struct mgga_c_kcis_kxc_pol_part2_LO28 {
     |            ^^^^^^^^^^^^^^^^^^^^^^^^^^^^^^ help: convert the identifier to upper camel case: `MggaCKcisKxcPolPart2Lo28`

warning: type `mgga_c_kcis_kxc_pol_part2_LO29` should have an upper camel case name
    --> crates/kernel-mgga-7/src/mgga_c_kcis/kxc_pol_part2.rs:2226:12
     |
2226 | pub struct mgga_c_kcis_kxc_pol_part2_LO29 {
     |            ^^^^^^^^^^^^^^^^^^^^^^^^^^^^^^ help: convert the identifier to upper camel case: `MggaCKcisKxcPolPart2Lo29`

warning: type `mgga_c_kcis_kxc_pol_part2_LO30` should have an upper camel case name
    --> crates/kernel-mgga-7/src/mgga_c_kcis/kxc_pol_part2.rs:2256:12
     |
2256 | pub struct mgga_c_kcis_kxc_pol_part2_LO30 {
     |            ^^^^^^^^^^^^^^^^^^^^^^^^^^^^^^ help: convert the identifier to upper camel case: `MggaCKcisKxcPolPart2Lo30`

warning: type `mgga_c_kcis_kxc_pol_part2_LO31` should have an upper camel case name
    --> crates/kernel-mgga-7/src/mgga_c_kcis/kxc_pol_part2.rs:2286:12
     |
2286 | pub struct mgga_c_kcis_kxc_pol_part2_LO31 {
     |            ^^^^^^^^^^^^^^^^^^^^^^^^^^^^^^ help: convert the identifier to upper camel case: `MggaCKcisKxcPolPart2Lo31`

warning: type `mgga_c_kcis_kxc_pol_part2_LO32` should have an upper camel case name
    --> crates/kernel-mgga-7/src/mgga_c_kcis/kxc_pol_part2.rs:2321:12
     |
2321 | pub struct mgga_c_kcis_kxc_pol_part2_LO32 {
     |            ^^^^^^^^^^^^^^^^^^^^^^^^^^^^^^ help: convert the identifier to upper camel case: `MggaCKcisKxcPolPart2Lo32`

warning: type `mgga_c_kcis_kxc_pol_part2_LO33` should have an upper camel case name
    --> crates/kernel-mgga-7/src/mgga_c_kcis/kxc_pol_part2.rs:2383:12
     |
2383 | pub struct mgga_c_kcis_kxc_pol_part2_LO33 {
     |            ^^^^^^^^^^^^^^^^^^^^^^^^^^^^^^ help: convert the identifier to upper camel case: `MggaCKcisKxcPolPart2Lo33`

warning: type `mgga_c_kcis_kxc_pol_part2_LO34` should have an upper camel case name
    --> crates/kernel-mgga-7/src/mgga_c_kcis/kxc_pol_part2.rs:2388:12
     |
2388 | pub struct mgga_c_kcis_kxc_pol_part2_LO34 {
     |            ^^^^^^^^^^^^^^^^^^^^^^^^^^^^^^ help: convert the identifier to upper camel case: `MggaCKcisKxcPolPart2Lo34`

warning: type `mgga_c_kcis_kxc_pol_part2_LO35` should have an upper camel case name
    --> crates/kernel-mgga-7/src/mgga_c_kcis/kxc_pol_part2.rs:2446:12
     |
2446 | pub struct mgga_c_kcis_kxc_pol_part2_LO35 {
     |            ^^^^^^^^^^^^^^^^^^^^^^^^^^^^^^ help: convert the identifier to upper camel case: `MggaCKcisKxcPolPart2Lo35`

warning: type `mgga_c_kcis_kxc_pol_part2_LO36` should have an upper camel case name
    --> crates/kernel-mgga-7/src/mgga_c_kcis/kxc_pol_part2.rs:2497:12
     |
2497 | pub struct mgga_c_kcis_kxc_pol_part2_LO36 {
     |            ^^^^^^^^^^^^^^^^^^^^^^^^^^^^^^ help: convert the identifier to upper camel case: `MggaCKcisKxcPolPart2Lo36`

warning: type `mgga_c_kcis_kxc_pol_part2_LO37` should have an upper camel case name
    --> crates/kernel-mgga-7/src/mgga_c_kcis/kxc_pol_part2.rs:2546:12
     |
2546 | pub struct mgga_c_kcis_kxc_pol_part2_LO37 {
     |            ^^^^^^^^^^^^^^^^^^^^^^^^^^^^^^ help: convert the identifier to upper camel case: `MggaCKcisKxcPolPart2Lo37`

warning: type `mgga_c_kcis_kxc_pol_part2_LO38` should have an upper camel case name
    --> crates/kernel-mgga-7/src/mgga_c_kcis/kxc_pol_part2.rs:2593:12
     |
2593 | pub struct mgga_c_kcis_kxc_pol_part2_LO38 {
     |            ^^^^^^^^^^^^^^^^^^^^^^^^^^^^^^ help: convert the identifier to upper camel case: `MggaCKcisKxcPolPart2Lo38`

warning: type `mgga_c_kcis_kxc_pol_part2_LO39` should have an upper camel case name
    --> crates/kernel-mgga-7/src/mgga_c_kcis/kxc_pol_part2.rs:2610:12
     |
2610 | pub struct mgga_c_kcis_kxc_pol_part2_LO39 {
     |            ^^^^^^^^^^^^^^^^^^^^^^^^^^^^^^ help: convert the identifier to upper camel case: `MggaCKcisKxcPolPart2Lo39`

warning: type `mgga_c_kcis_kxc_pol_part2_LO40` should have an upper camel case name
    --> crates/kernel-mgga-7/src/mgga_c_kcis/kxc_pol_part2.rs:2650:12
     |
2650 | pub struct mgga_c_kcis_kxc_pol_part2_LO40 {
     |            ^^^^^^^^^^^^^^^^^^^^^^^^^^^^^^ help: convert the identifier to upper camel case: `MggaCKcisKxcPolPart2Lo40`

warning: type `mgga_c_kcis_kxc_pol_part2_LO41` should have an upper camel case name
    --> crates/kernel-mgga-7/src/mgga_c_kcis/kxc_pol_part2.rs:2697:12
     |
2697 | pub struct mgga_c_kcis_kxc_pol_part2_LO41 {
     |            ^^^^^^^^^^^^^^^^^^^^^^^^^^^^^^ help: convert the identifier to upper camel case: `MggaCKcisKxcPolPart2Lo41`

warning: type `mgga_c_kcis_kxc_pol_part2_LO42` should have an upper camel case name
    --> crates/kernel-mgga-7/src/mgga_c_kcis/kxc_pol_part2.rs:2703:12
     |
2703 | pub struct mgga_c_kcis_kxc_pol_part2_LO42 {
     |            ^^^^^^^^^^^^^^^^^^^^^^^^^^^^^^ help: convert the identifier to upper camel case: `MggaCKcisKxcPolPart2Lo42`

warning: type `mgga_c_kcis_kxc_pol_part3_LO0` should have an upper camel case name
  --> crates/kernel-mgga-7/src/mgga_c_kcis/kxc_pol_part3.rs:14:12
   |
14 | pub struct mgga_c_kcis_kxc_pol_part3_LO0 {
   |            ^^^^^^^^^^^^^^^^^^^^^^^^^^^^^ help: convert the identifier to upper camel case: `MggaCKcisKxcPolPart3Lo0`

warning: type `mgga_c_kcis_kxc_pol_part3_LO1` should have an upper camel case name
   --> crates/kernel-mgga-7/src/mgga_c_kcis/kxc_pol_part3.rs:108:12
    |
108 | pub struct mgga_c_kcis_kxc_pol_part3_LO1 {
    |            ^^^^^^^^^^^^^^^^^^^^^^^^^^^^^ help: convert the identifier to upper camel case: `MggaCKcisKxcPolPart3Lo1`

warning: type `mgga_c_kcis_kxc_pol_part3_LO2` should have an upper camel case name
   --> crates/kernel-mgga-7/src/mgga_c_kcis/kxc_pol_part3.rs:201:12
    |
201 | pub struct mgga_c_kcis_kxc_pol_part3_LO2 {
    |            ^^^^^^^^^^^^^^^^^^^^^^^^^^^^^ help: convert the identifier to upper camel case: `MggaCKcisKxcPolPart3Lo2`

warning: type `mgga_c_kcis_kxc_pol_part3_LO3` should have an upper camel case name
   --> crates/kernel-mgga-7/src/mgga_c_kcis/kxc_pol_part3.rs:296:12
    |
296 | pub struct mgga_c_kcis_kxc_pol_part3_LO3 {
    |            ^^^^^^^^^^^^^^^^^^^^^^^^^^^^^ help: convert the identifier to upper camel case: `MggaCKcisKxcPolPart3Lo3`

warning: type `mgga_c_kcis_kxc_pol_part3_LO4` should have an upper camel case name
   --> crates/kernel-mgga-7/src/mgga_c_kcis/kxc_pol_part3.rs:391:12
    |
391 | pub struct mgga_c_kcis_kxc_pol_part3_LO4 {
    |            ^^^^^^^^^^^^^^^^^^^^^^^^^^^^^ help: convert the identifier to upper camel case: `MggaCKcisKxcPolPart3Lo4`

warning: type `mgga_c_kcis_kxc_pol_part3_LO5` should have an upper camel case name
   --> crates/kernel-mgga-7/src/mgga_c_kcis/kxc_pol_part3.rs:487:12
    |
487 | pub struct mgga_c_kcis_kxc_pol_part3_LO5 {
    |            ^^^^^^^^^^^^^^^^^^^^^^^^^^^^^ help: convert the identifier to upper camel case: `MggaCKcisKxcPolPart3Lo5`

warning: type `mgga_c_kcis_kxc_pol_part3_LO6` should have an upper camel case name
   --> crates/kernel-mgga-7/src/mgga_c_kcis/kxc_pol_part3.rs:588:12
    |
588 | pub struct mgga_c_kcis_kxc_pol_part3_LO6 {
    |            ^^^^^^^^^^^^^^^^^^^^^^^^^^^^^ help: convert the identifier to upper camel case: `MggaCKcisKxcPolPart3Lo6`

warning: type `mgga_c_kcis_kxc_pol_part3_LO7` should have an upper camel case name
   --> crates/kernel-mgga-7/src/mgga_c_kcis/kxc_pol_part3.rs:688:12
    |
688 | pub struct mgga_c_kcis_kxc_pol_part3_LO7 {
    |            ^^^^^^^^^^^^^^^^^^^^^^^^^^^^^ help: convert the identifier to upper camel case: `MggaCKcisKxcPolPart3Lo7`

warning: type `mgga_c_kcis_kxc_pol_part3_LO8` should have an upper camel case name
   --> crates/kernel-mgga-7/src/mgga_c_kcis/kxc_pol_part3.rs:787:12
    |
787 | pub struct mgga_c_kcis_kxc_pol_part3_LO8 {
    |            ^^^^^^^^^^^^^^^^^^^^^^^^^^^^^ help: convert the identifier to upper camel case: `MggaCKcisKxcPolPart3Lo8`

warning: type `mgga_c_kcis_kxc_pol_part3_LO9` should have an upper camel case name
   --> crates/kernel-mgga-7/src/mgga_c_kcis/kxc_pol_part3.rs:888:12
    |
888 | pub struct mgga_c_kcis_kxc_pol_part3_LO9 {
    |            ^^^^^^^^^^^^^^^^^^^^^^^^^^^^^ help: convert the identifier to upper camel case: `MggaCKcisKxcPolPart3Lo9`

warning: type `mgga_c_kcis_kxc_pol_part3_LO10` should have an upper camel case name
   --> crates/kernel-mgga-7/src/mgga_c_kcis/kxc_pol_part3.rs:983:12
    |
983 | pub struct mgga_c_kcis_kxc_pol_part3_LO10 {
    |            ^^^^^^^^^^^^^^^^^^^^^^^^^^^^^^ help: convert the identifier to upper camel case: `MggaCKcisKxcPolPart3Lo10`

warning: type `mgga_c_kcis_kxc_pol_part3_LO11` should have an upper camel case name
    --> crates/kernel-mgga-7/src/mgga_c_kcis/kxc_pol_part3.rs:1068:12
     |
1068 | pub struct mgga_c_kcis_kxc_pol_part3_LO11 {
     |            ^^^^^^^^^^^^^^^^^^^^^^^^^^^^^^ help: convert the identifier to upper camel case: `MggaCKcisKxcPolPart3Lo11`

warning: type `mgga_c_kcis_kxc_pol_part3_LO12` should have an upper camel case name
    --> crates/kernel-mgga-7/src/mgga_c_kcis/kxc_pol_part3.rs:1147:12
     |
1147 | pub struct mgga_c_kcis_kxc_pol_part3_LO12 {
     |            ^^^^^^^^^^^^^^^^^^^^^^^^^^^^^^ help: convert the identifier to upper camel case: `MggaCKcisKxcPolPart3Lo12`

warning: type `mgga_c_kcis_kxc_pol_part3_LO13` should have an upper camel case name
    --> crates/kernel-mgga-7/src/mgga_c_kcis/kxc_pol_part3.rs:1243:12
     |
1243 | pub struct mgga_c_kcis_kxc_pol_part3_LO13 {
     |            ^^^^^^^^^^^^^^^^^^^^^^^^^^^^^^ help: convert the identifier to upper camel case: `MggaCKcisKxcPolPart3Lo13`

warning: type `mgga_c_kcis_kxc_pol_part3_LO14` should have an upper camel case name
    --> crates/kernel-mgga-7/src/mgga_c_kcis/kxc_pol_part3.rs:1343:12
     |
1343 | pub struct mgga_c_kcis_kxc_pol_part3_LO14 {
     |            ^^^^^^^^^^^^^^^^^^^^^^^^^^^^^^ help: convert the identifier to upper camel case: `MggaCKcisKxcPolPart3Lo14`

warning: type `mgga_c_kcis_kxc_pol_part3_LO15` should have an upper camel case name
    --> crates/kernel-mgga-7/src/mgga_c_kcis/kxc_pol_part3.rs:1435:12
     |
1435 | pub struct mgga_c_kcis_kxc_pol_part3_LO15 {
     |            ^^^^^^^^^^^^^^^^^^^^^^^^^^^^^^ help: convert the identifier to upper camel case: `MggaCKcisKxcPolPart3Lo15`

warning: type `mgga_c_kcis_kxc_pol_part3_LO16` should have an upper camel case name
    --> crates/kernel-mgga-7/src/mgga_c_kcis/kxc_pol_part3.rs:1534:12
     |
1534 | pub struct mgga_c_kcis_kxc_pol_part3_LO16 {
     |            ^^^^^^^^^^^^^^^^^^^^^^^^^^^^^^ help: convert the identifier to upper camel case: `MggaCKcisKxcPolPart3Lo16`

warning: type `mgga_c_kcis_kxc_pol_part3_LO17` should have an upper camel case name
    --> crates/kernel-mgga-7/src/mgga_c_kcis/kxc_pol_part3.rs:1630:12
     |
1630 | pub struct mgga_c_kcis_kxc_pol_part3_LO17 {
     |            ^^^^^^^^^^^^^^^^^^^^^^^^^^^^^^ help: convert the identifier to upper camel case: `MggaCKcisKxcPolPart3Lo17`

warning: type `mgga_c_kcis_kxc_pol_part3_LO18` should have an upper camel case name
    --> crates/kernel-mgga-7/src/mgga_c_kcis/kxc_pol_part3.rs:1718:12
     |
1718 | pub struct mgga_c_kcis_kxc_pol_part3_LO18 {
     |            ^^^^^^^^^^^^^^^^^^^^^^^^^^^^^^ help: convert the identifier to upper camel case: `MggaCKcisKxcPolPart3Lo18`

warning: type `mgga_c_kcis_kxc_pol_part3_LO19` should have an upper camel case name
    --> crates/kernel-mgga-7/src/mgga_c_kcis/kxc_pol_part3.rs:1794:12
     |
1794 | pub struct mgga_c_kcis_kxc_pol_part3_LO19 {
     |            ^^^^^^^^^^^^^^^^^^^^^^^^^^^^^^ help: convert the identifier to upper camel case: `MggaCKcisKxcPolPart3Lo19`

warning: type `mgga_c_kcis_kxc_pol_part3_LO20` should have an upper camel case name
    --> crates/kernel-mgga-7/src/mgga_c_kcis/kxc_pol_part3.rs:1892:12
     |
1892 | pub struct mgga_c_kcis_kxc_pol_part3_LO20 {
     |            ^^^^^^^^^^^^^^^^^^^^^^^^^^^^^^ help: convert the identifier to upper camel case: `MggaCKcisKxcPolPart3Lo20`

warning: type `mgga_c_kcis_kxc_pol_part3_LO21` should have an upper camel case name
    --> crates/kernel-mgga-7/src/mgga_c_kcis/kxc_pol_part3.rs:1990:12
     |
1990 | pub struct mgga_c_kcis_kxc_pol_part3_LO21 {
     |            ^^^^^^^^^^^^^^^^^^^^^^^^^^^^^^ help: convert the identifier to upper camel case: `MggaCKcisKxcPolPart3Lo21`

warning: type `mgga_c_kcis_kxc_pol_part3_LO22` should have an upper camel case name
    --> crates/kernel-mgga-7/src/mgga_c_kcis/kxc_pol_part3.rs:2087:12
     |
2087 | pub struct mgga_c_kcis_kxc_pol_part3_LO22 {
     |            ^^^^^^^^^^^^^^^^^^^^^^^^^^^^^^ help: convert the identifier to upper camel case: `MggaCKcisKxcPolPart3Lo22`

warning: type `mgga_c_kcis_kxc_pol_part3_LO23` should have an upper camel case name
    --> crates/kernel-mgga-7/src/mgga_c_kcis/kxc_pol_part3.rs:2184:12
     |
2184 | pub struct mgga_c_kcis_kxc_pol_part3_LO23 {
     |            ^^^^^^^^^^^^^^^^^^^^^^^^^^^^^^ help: convert the identifier to upper camel case: `MggaCKcisKxcPolPart3Lo23`

warning: type `mgga_c_kcis_kxc_pol_part3_LO24` should have an upper camel case name
    --> crates/kernel-mgga-7/src/mgga_c_kcis/kxc_pol_part3.rs:2279:12
     |
2279 | pub struct mgga_c_kcis_kxc_pol_part3_LO24 {
     |            ^^^^^^^^^^^^^^^^^^^^^^^^^^^^^^ help: convert the identifier to upper camel case: `MggaCKcisKxcPolPart3Lo24`

warning: type `mgga_c_kcis_kxc_pol_part3_LO25` should have an upper camel case name
    --> crates/kernel-mgga-7/src/mgga_c_kcis/kxc_pol_part3.rs:2380:12
     |
2380 | pub struct mgga_c_kcis_kxc_pol_part3_LO25 {
     |            ^^^^^^^^^^^^^^^^^^^^^^^^^^^^^^ help: convert the identifier to upper camel case: `MggaCKcisKxcPolPart3Lo25`

warning: type `mgga_c_kcis_kxc_pol_part3_LO26` should have an upper camel case name
    --> crates/kernel-mgga-7/src/mgga_c_kcis/kxc_pol_part3.rs:2474:12
     |
2474 | pub struct mgga_c_kcis_kxc_pol_part3_LO26 {
     |            ^^^^^^^^^^^^^^^^^^^^^^^^^^^^^^ help: convert the identifier to upper camel case: `MggaCKcisKxcPolPart3Lo26`

warning: type `mgga_c_kcis_kxc_pol_part3_LO27` should have an upper camel case name
    --> crates/kernel-mgga-7/src/mgga_c_kcis/kxc_pol_part3.rs:2569:12
     |
2569 | pub struct mgga_c_kcis_kxc_pol_part3_LO27 {
     |            ^^^^^^^^^^^^^^^^^^^^^^^^^^^^^^ help: convert the identifier to upper camel case: `MggaCKcisKxcPolPart3Lo27`

warning: type `mgga_c_kcis_kxc_pol_part3_LO28` should have an upper camel case name
    --> crates/kernel-mgga-7/src/mgga_c_kcis/kxc_pol_part3.rs:2663:12
     |
2663 | pub struct mgga_c_kcis_kxc_pol_part3_LO28 {
     |            ^^^^^^^^^^^^^^^^^^^^^^^^^^^^^^ help: convert the identifier to upper camel case: `MggaCKcisKxcPolPart3Lo28`

warning: type `mgga_c_kcis_kxc_pol_part3_LO29` should have an upper camel case name
    --> crates/kernel-mgga-7/src/mgga_c_kcis/kxc_pol_part3.rs:2746:12
     |
2746 | pub struct mgga_c_kcis_kxc_pol_part3_LO29 {
     |            ^^^^^^^^^^^^^^^^^^^^^^^^^^^^^^ help: convert the identifier to upper camel case: `MggaCKcisKxcPolPart3Lo29`

warning: type `mgga_c_kcis_kxc_pol_part3_LO30` should have an upper camel case name
    --> crates/kernel-mgga-7/src/mgga_c_kcis/kxc_pol_part3.rs:2837:12
     |
2837 | pub struct mgga_c_kcis_kxc_pol_part3_LO30 {
     |            ^^^^^^^^^^^^^^^^^^^^^^^^^^^^^^ help: convert the identifier to upper camel case: `MggaCKcisKxcPolPart3Lo30`

warning: type `mgga_c_kcis_kxc_pol_part3_LO31` should have an upper camel case name
    --> crates/kernel-mgga-7/src/mgga_c_kcis/kxc_pol_part3.rs:2919:12
     |
2919 | pub struct mgga_c_kcis_kxc_pol_part3_LO31 {
     |            ^^^^^^^^^^^^^^^^^^^^^^^^^^^^^^ help: convert the identifier to upper camel case: `MggaCKcisKxcPolPart3Lo31`

warning: type `mgga_c_kcis_kxc_pol_part3_LO32` should have an upper camel case name
    --> crates/kernel-mgga-7/src/mgga_c_kcis/kxc_pol_part3.rs:2992:12
     |
2992 | pub struct mgga_c_kcis_kxc_pol_part3_LO32 {
     |            ^^^^^^^^^^^^^^^^^^^^^^^^^^^^^^ help: convert the identifier to upper camel case: `MggaCKcisKxcPolPart3Lo32`

warning: type `mgga_c_kcis_kxc_pol_part3_LO33` should have an upper camel case name
    --> crates/kernel-mgga-7/src/mgga_c_kcis/kxc_pol_part3.rs:3023:12
     |
3023 | pub struct mgga_c_kcis_kxc_pol_part3_LO33 {
     |            ^^^^^^^^^^^^^^^^^^^^^^^^^^^^^^ help: convert the identifier to upper camel case: `MggaCKcisKxcPolPart3Lo33`

warning: type `mgga_c_kcis_kxc_pol_part3_LO34` should have an upper camel case name
    --> crates/kernel-mgga-7/src/mgga_c_kcis/kxc_pol_part3.rs:3057:12
     |
3057 | pub struct mgga_c_kcis_kxc_pol_part3_LO34 {
     |            ^^^^^^^^^^^^^^^^^^^^^^^^^^^^^^ help: convert the identifier to upper camel case: `MggaCKcisKxcPolPart3Lo34`

warning: type `mgga_c_kcis_kxc_pol_part3_LO35` should have an upper camel case name
    --> crates/kernel-mgga-7/src/mgga_c_kcis/kxc_pol_part3.rs:3136:12
     |
3136 | pub struct mgga_c_kcis_kxc_pol_part3_LO35 {
     |            ^^^^^^^^^^^^^^^^^^^^^^^^^^^^^^ help: convert the identifier to upper camel case: `MggaCKcisKxcPolPart3Lo35`

warning: type `mgga_c_kcis_kxc_pol_part3_LO36` should have an upper camel case name
    --> crates/kernel-mgga-7/src/mgga_c_kcis/kxc_pol_part3.rs:3229:12
     |
3229 | pub struct mgga_c_kcis_kxc_pol_part3_LO36 {
     |            ^^^^^^^^^^^^^^^^^^^^^^^^^^^^^^ help: convert the identifier to upper camel case: `MggaCKcisKxcPolPart3Lo36`

warning: type `mgga_c_kcis_kxc_pol_part3_LO37` should have an upper camel case name
    --> crates/kernel-mgga-7/src/mgga_c_kcis/kxc_pol_part3.rs:3314:12
     |
3314 | pub struct mgga_c_kcis_kxc_pol_part3_LO37 {
     |            ^^^^^^^^^^^^^^^^^^^^^^^^^^^^^^ help: convert the identifier to upper camel case: `MggaCKcisKxcPolPart3Lo37`

warning: type `mgga_c_kcis_kxc_pol_part3_LO38` should have an upper camel case name
    --> crates/kernel-mgga-7/src/mgga_c_kcis/kxc_pol_part3.rs:3410:12
     |
3410 | pub struct mgga_c_kcis_kxc_pol_part3_LO38 {
     |            ^^^^^^^^^^^^^^^^^^^^^^^^^^^^^^ help: convert the identifier to upper camel case: `MggaCKcisKxcPolPart3Lo38`

warning: type `mgga_c_kcis_kxc_pol_part3_LO39` should have an upper camel case name
    --> crates/kernel-mgga-7/src/mgga_c_kcis/kxc_pol_part3.rs:3495:12
     |
3495 | pub struct mgga_c_kcis_kxc_pol_part3_LO39 {
     |            ^^^^^^^^^^^^^^^^^^^^^^^^^^^^^^ help: convert the identifier to upper camel case: `MggaCKcisKxcPolPart3Lo39`

warning: type `mgga_c_kcis_kxc_pol_part3_LO40` should have an upper camel case name
    --> crates/kernel-mgga-7/src/mgga_c_kcis/kxc_pol_part3.rs:3565:12
     |
3565 | pub struct mgga_c_kcis_kxc_pol_part3_LO40 {
     |            ^^^^^^^^^^^^^^^^^^^^^^^^^^^^^^ help: convert the identifier to upper camel case: `MggaCKcisKxcPolPart3Lo40`

warning: type `mgga_c_kcis_kxc_pol_part3_LO41` should have an upper camel case name
    --> crates/kernel-mgga-7/src/mgga_c_kcis/kxc_pol_part3.rs:3616:12
     |
3616 | pub struct mgga_c_kcis_kxc_pol_part3_LO41 {
     |            ^^^^^^^^^^^^^^^^^^^^^^^^^^^^^^ help: convert the identifier to upper camel case: `MggaCKcisKxcPolPart3Lo41`

warning: type `mgga_c_kcis_kxc_pol_part3_LO42` should have an upper camel case name
    --> crates/kernel-mgga-7/src/mgga_c_kcis/kxc_pol_part3.rs:3668:12
     |
3668 | pub struct mgga_c_kcis_kxc_pol_part3_LO42 {
     |            ^^^^^^^^^^^^^^^^^^^^^^^^^^^^^^ help: convert the identifier to upper camel case: `MggaCKcisKxcPolPart3Lo42`

warning: type `mgga_c_kcis_kxc_pol_part3_LO43` should have an upper camel case name
    --> crates/kernel-mgga-7/src/mgga_c_kcis/kxc_pol_part3.rs:3699:12
     |
3699 | pub struct mgga_c_kcis_kxc_pol_part3_LO43 {
     |            ^^^^^^^^^^^^^^^^^^^^^^^^^^^^^^ help: convert the identifier to upper camel case: `MggaCKcisKxcPolPart3Lo43`

warning: type `mgga_c_kcis_kxc_pol_part3_LO44` should have an upper camel case name
    --> crates/kernel-mgga-7/src/mgga_c_kcis/kxc_pol_part3.rs:3758:12
     |
3758 | pub struct mgga_c_kcis_kxc_pol_part3_LO44 {
     |            ^^^^^^^^^^^^^^^^^^^^^^^^^^^^^^ help: convert the identifier to upper camel case: `MggaCKcisKxcPolPart3Lo44`

warning: type `mgga_c_kcis_kxc_pol_part3_LO45` should have an upper camel case name
    --> crates/kernel-mgga-7/src/mgga_c_kcis/kxc_pol_part3.rs:3815:12
     |
3815 | pub struct mgga_c_kcis_kxc_pol_part3_LO45 {
     |            ^^^^^^^^^^^^^^^^^^^^^^^^^^^^^^ help: convert the identifier to upper camel case: `MggaCKcisKxcPolPart3Lo45`

warning: type `mgga_c_kcis_kxc_pol_part3_LO46` should have an upper camel case name
    --> crates/kernel-mgga-7/src/mgga_c_kcis/kxc_pol_part3.rs:3839:12
     |
3839 | pub struct mgga_c_kcis_kxc_pol_part3_LO46 {
     |            ^^^^^^^^^^^^^^^^^^^^^^^^^^^^^^ help: convert the identifier to upper camel case: `MggaCKcisKxcPolPart3Lo46`

warning: type `mgga_c_kcis_kxc_pol_part3_LO47` should have an upper camel case name
    --> crates/kernel-mgga-7/src/mgga_c_kcis/kxc_pol_part3.rs:3855:12
     |
3855 | pub struct mgga_c_kcis_kxc_pol_part3_LO47 {
     |            ^^^^^^^^^^^^^^^^^^^^^^^^^^^^^^ help: convert the identifier to upper camel case: `MggaCKcisKxcPolPart3Lo47`

warning: type `mgga_c_kcis_kxc_pol_part3_LO48` should have an upper camel case name
    --> crates/kernel-mgga-7/src/mgga_c_kcis/kxc_pol_part3.rs:3914:12
     |
3914 | pub struct mgga_c_kcis_kxc_pol_part3_LO48 {
     |            ^^^^^^^^^^^^^^^^^^^^^^^^^^^^^^ help: convert the identifier to upper camel case: `MggaCKcisKxcPolPart3Lo48`

warning: type `mgga_c_kcis_kxc_pol_part3_LO49` should have an upper camel case name
    --> crates/kernel-mgga-7/src/mgga_c_kcis/kxc_pol_part3.rs:3973:12
     |
3973 | pub struct mgga_c_kcis_kxc_pol_part3_LO49 {
     |            ^^^^^^^^^^^^^^^^^^^^^^^^^^^^^^ help: convert the identifier to upper camel case: `MggaCKcisKxcPolPart3Lo49`

warning: type `mgga_c_kcis_kxc_pol_part3_LO50` should have an upper camel case name
    --> crates/kernel-mgga-7/src/mgga_c_kcis/kxc_pol_part3.rs:4016:12
     |
4016 | pub struct mgga_c_kcis_kxc_pol_part3_LO50 {
     |            ^^^^^^^^^^^^^^^^^^^^^^^^^^^^^^ help: convert the identifier to upper camel case: `MggaCKcisKxcPolPart3Lo50`

warning: type `mgga_c_kcis_kxc_pol_part3_LO51` should have an upper camel case name
    --> crates/kernel-mgga-7/src/mgga_c_kcis/kxc_pol_part3.rs:4024:12
     |
4024 | pub struct mgga_c_kcis_kxc_pol_part3_LO51 {
     |            ^^^^^^^^^^^^^^^^^^^^^^^^^^^^^^ help: convert the identifier to upper camel case: `MggaCKcisKxcPolPart3Lo51`

warning: type `mgga_c_kcis_kxc_pol_part3_LO52` should have an upper camel case name
    --> crates/kernel-mgga-7/src/mgga_c_kcis/kxc_pol_part3.rs:4063:12
     |
4063 | pub struct mgga_c_kcis_kxc_pol_part3_LO52 {
     |            ^^^^^^^^^^^^^^^^^^^^^^^^^^^^^^ help: convert the identifier to upper camel case: `MggaCKcisKxcPolPart3Lo52`

warning: type `mgga_c_kcis_kxc_pol_part3_LO53` should have an upper camel case name
    --> crates/kernel-mgga-7/src/mgga_c_kcis/kxc_pol_part3.rs:4130:12
     |
4130 | pub struct mgga_c_kcis_kxc_pol_part3_LO53 {
     |            ^^^^^^^^^^^^^^^^^^^^^^^^^^^^^^ help: convert the identifier to upper camel case: `MggaCKcisKxcPolPart3Lo53`

warning: type `mgga_c_kcis_kxc_pol_part3_LO54` should have an upper camel case name
    --> crates/kernel-mgga-7/src/mgga_c_kcis/kxc_pol_part3.rs:4187:12
     |
4187 | pub struct mgga_c_kcis_kxc_pol_part3_LO54 {
     |            ^^^^^^^^^^^^^^^^^^^^^^^^^^^^^^ help: convert the identifier to upper camel case: `MggaCKcisKxcPolPart3Lo54`

warning: type `mgga_c_kcis_kxc_pol_part3_LO55` should have an upper camel case name
    --> crates/kernel-mgga-7/src/mgga_c_kcis/kxc_pol_part3.rs:4218:12
     |
4218 | pub struct mgga_c_kcis_kxc_pol_part3_LO55 {
     |            ^^^^^^^^^^^^^^^^^^^^^^^^^^^^^^ help: convert the identifier to upper camel case: `MggaCKcisKxcPolPart3Lo55`

warning: type `mgga_c_kcis_kxc_pol_part3_LO56` should have an upper camel case name
    --> crates/kernel-mgga-7/src/mgga_c_kcis/kxc_pol_part3.rs:4268:12
     |
4268 | pub struct mgga_c_kcis_kxc_pol_part3_LO56 {
     |            ^^^^^^^^^^^^^^^^^^^^^^^^^^^^^^ help: convert the identifier to upper camel case: `MggaCKcisKxcPolPart3Lo56`

warning: type `mgga_c_kcis_kxc_pol_part3_LO57` should have an upper camel case name
    --> crates/kernel-mgga-7/src/mgga_c_kcis/kxc_pol_part3.rs:4301:12
     |
4301 | pub struct mgga_c_kcis_kxc_pol_part3_LO57 {
     |            ^^^^^^^^^^^^^^^^^^^^^^^^^^^^^^ help: convert the identifier to upper camel case: `MggaCKcisKxcPolPart3Lo57`

warning: type `mgga_c_kcis_kxc_pol_part3_LO58` should have an upper camel case name
    --> crates/kernel-mgga-7/src/mgga_c_kcis/kxc_pol_part3.rs:4323:12
     |
4323 | pub struct mgga_c_kcis_kxc_pol_part3_LO58 {
     |            ^^^^^^^^^^^^^^^^^^^^^^^^^^^^^^ help: convert the identifier to upper camel case: `MggaCKcisKxcPolPart3Lo58`

warning: type `mgga_c_kcis_kxc_pol_part3_LO59` should have an upper camel case name
    --> crates/kernel-mgga-7/src/mgga_c_kcis/kxc_pol_part3.rs:4371:12
     |
4371 | pub struct mgga_c_kcis_kxc_pol_part3_LO59 {
     |            ^^^^^^^^^^^^^^^^^^^^^^^^^^^^^^ help: convert the identifier to upper camel case: `MggaCKcisKxcPolPart3Lo59`

warning: type `mgga_c_kcis_kxc_pol_part3_LO60` should have an upper camel case name
    --> crates/kernel-mgga-7/src/mgga_c_kcis/kxc_pol_part3.rs:4430:12
     |
4430 | pub struct mgga_c_kcis_kxc_pol_part3_LO60 {
     |            ^^^^^^^^^^^^^^^^^^^^^^^^^^^^^^ help: convert the identifier to upper camel case: `MggaCKcisKxcPolPart3Lo60`

warning: type `mgga_c_kcis_kxc_pol_part3_LO61` should have an upper camel case name
    --> crates/kernel-mgga-7/src/mgga_c_kcis/kxc_pol_part3.rs:4446:12
     |
4446 | pub struct mgga_c_kcis_kxc_pol_part3_LO61 {
     |            ^^^^^^^^^^^^^^^^^^^^^^^^^^^^^^ help: convert the identifier to upper camel case: `MggaCKcisKxcPolPart3Lo61`

warning: type `mgga_c_kcis_kxc_pol_part3_LO62` should have an upper camel case name
    --> crates/kernel-mgga-7/src/mgga_c_kcis/kxc_pol_part3.rs:4457:12
     |
4457 | pub struct mgga_c_kcis_kxc_pol_part3_LO62 {
     |            ^^^^^^^^^^^^^^^^^^^^^^^^^^^^^^ help: convert the identifier to upper camel case: `MggaCKcisKxcPolPart3Lo62`

warning: type `mgga_c_kcis_kxc_pol_part4_LO0` should have an upper camel case name
  --> crates/kernel-mgga-7/src/mgga_c_kcis/kxc_pol_part4.rs:14:12
   |
14 | pub struct mgga_c_kcis_kxc_pol_part4_LO0 {
   |            ^^^^^^^^^^^^^^^^^^^^^^^^^^^^^ help: convert the identifier to upper camel case: `MggaCKcisKxcPolPart4Lo0`

warning: type `mgga_c_kcis_kxc_pol_part4_LO1` should have an upper camel case name
   --> crates/kernel-mgga-7/src/mgga_c_kcis/kxc_pol_part4.rs:108:12
    |
108 | pub struct mgga_c_kcis_kxc_pol_part4_LO1 {
    |            ^^^^^^^^^^^^^^^^^^^^^^^^^^^^^ help: convert the identifier to upper camel case: `MggaCKcisKxcPolPart4Lo1`

warning: type `mgga_c_kcis_kxc_pol_part4_LO2` should have an upper camel case name
   --> crates/kernel-mgga-7/src/mgga_c_kcis/kxc_pol_part4.rs:201:12
    |
201 | pub struct mgga_c_kcis_kxc_pol_part4_LO2 {
    |            ^^^^^^^^^^^^^^^^^^^^^^^^^^^^^ help: convert the identifier to upper camel case: `MggaCKcisKxcPolPart4Lo2`

warning: type `mgga_c_kcis_kxc_pol_part4_LO3` should have an upper camel case name
   --> crates/kernel-mgga-7/src/mgga_c_kcis/kxc_pol_part4.rs:296:12
    |
296 | pub struct mgga_c_kcis_kxc_pol_part4_LO3 {
    |            ^^^^^^^^^^^^^^^^^^^^^^^^^^^^^ help: convert the identifier to upper camel case: `MggaCKcisKxcPolPart4Lo3`

warning: type `mgga_c_kcis_kxc_pol_part4_LO4` should have an upper camel case name
   --> crates/kernel-mgga-7/src/mgga_c_kcis/kxc_pol_part4.rs:391:12
    |
391 | pub struct mgga_c_kcis_kxc_pol_part4_LO4 {
    |            ^^^^^^^^^^^^^^^^^^^^^^^^^^^^^ help: convert the identifier to upper camel case: `MggaCKcisKxcPolPart4Lo4`

warning: type `mgga_c_kcis_kxc_pol_part4_LO5` should have an upper camel case name
   --> crates/kernel-mgga-7/src/mgga_c_kcis/kxc_pol_part4.rs:487:12
    |
487 | pub struct mgga_c_kcis_kxc_pol_part4_LO5 {
    |            ^^^^^^^^^^^^^^^^^^^^^^^^^^^^^ help: convert the identifier to upper camel case: `MggaCKcisKxcPolPart4Lo5`

warning: type `mgga_c_kcis_kxc_pol_part4_LO6` should have an upper camel case name
   --> crates/kernel-mgga-7/src/mgga_c_kcis/kxc_pol_part4.rs:585:12
    |
585 | pub struct mgga_c_kcis_kxc_pol_part4_LO6 {
    |            ^^^^^^^^^^^^^^^^^^^^^^^^^^^^^ help: convert the identifier to upper camel case: `MggaCKcisKxcPolPart4Lo6`

warning: type `mgga_c_kcis_kxc_pol_part4_LO7` should have an upper camel case name
   --> crates/kernel-mgga-7/src/mgga_c_kcis/kxc_pol_part4.rs:680:12
    |
680 | pub struct mgga_c_kcis_kxc_pol_part4_LO7 {
    |            ^^^^^^^^^^^^^^^^^^^^^^^^^^^^^ help: convert the identifier to upper camel case: `MggaCKcisKxcPolPart4Lo7`

warning: type `mgga_c_kcis_kxc_pol_part4_LO8` should have an upper camel case name
   --> crates/kernel-mgga-7/src/mgga_c_kcis/kxc_pol_part4.rs:776:12
    |
776 | pub struct mgga_c_kcis_kxc_pol_part4_LO8 {
    |            ^^^^^^^^^^^^^^^^^^^^^^^^^^^^^ help: convert the identifier to upper camel case: `MggaCKcisKxcPolPart4Lo8`

warning: type `mgga_c_kcis_kxc_pol_part4_LO9` should have an upper camel case name
   --> crates/kernel-mgga-7/src/mgga_c_kcis/kxc_pol_part4.rs:876:12
    |
876 | pub struct mgga_c_kcis_kxc_pol_part4_LO9 {
    |            ^^^^^^^^^^^^^^^^^^^^^^^^^^^^^ help: convert the identifier to upper camel case: `MggaCKcisKxcPolPart4Lo9`

warning: type `mgga_c_kcis_kxc_pol_part4_LO10` should have an upper camel case name
   --> crates/kernel-mgga-7/src/mgga_c_kcis/kxc_pol_part4.rs:972:12
    |
972 | pub struct mgga_c_kcis_kxc_pol_part4_LO10 {
    |            ^^^^^^^^^^^^^^^^^^^^^^^^^^^^^^ help: convert the identifier to upper camel case: `MggaCKcisKxcPolPart4Lo10`

warning: type `mgga_c_kcis_kxc_pol_part4_LO11` should have an upper camel case name
    --> crates/kernel-mgga-7/src/mgga_c_kcis/kxc_pol_part4.rs:1062:12
     |
1062 | pub struct mgga_c_kcis_kxc_pol_part4_LO11 {
     |            ^^^^^^^^^^^^^^^^^^^^^^^^^^^^^^ help: convert the identifier to upper camel case: `MggaCKcisKxcPolPart4Lo11`

warning: type `mgga_c_kcis_kxc_pol_part4_LO12` should have an upper camel case name
    --> crates/kernel-mgga-7/src/mgga_c_kcis/kxc_pol_part4.rs:1147:12
     |
1147 | pub struct mgga_c_kcis_kxc_pol_part4_LO12 {
     |            ^^^^^^^^^^^^^^^^^^^^^^^^^^^^^^ help: convert the identifier to upper camel case: `MggaCKcisKxcPolPart4Lo12`

warning: type `mgga_c_kcis_kxc_pol_part4_LO13` should have an upper camel case name
    --> crates/kernel-mgga-7/src/mgga_c_kcis/kxc_pol_part4.rs:1243:12
     |
1243 | pub struct mgga_c_kcis_kxc_pol_part4_LO13 {
     |            ^^^^^^^^^^^^^^^^^^^^^^^^^^^^^^ help: convert the identifier to upper camel case: `MggaCKcisKxcPolPart4Lo13`

warning: type `mgga_c_kcis_kxc_pol_part4_LO14` should have an upper camel case name
    --> crates/kernel-mgga-7/src/mgga_c_kcis/kxc_pol_part4.rs:1330:12
     |
1330 | pub struct mgga_c_kcis_kxc_pol_part4_LO14 {
     |            ^^^^^^^^^^^^^^^^^^^^^^^^^^^^^^ help: convert the identifier to upper camel case: `MggaCKcisKxcPolPart4Lo14`

warning: type `mgga_c_kcis_kxc_pol_part4_LO15` should have an upper camel case name
    --> crates/kernel-mgga-7/src/mgga_c_kcis/kxc_pol_part4.rs:1428:12
     |
1428 | pub struct mgga_c_kcis_kxc_pol_part4_LO15 {
     |            ^^^^^^^^^^^^^^^^^^^^^^^^^^^^^^ help: convert the identifier to upper camel case: `MggaCKcisKxcPolPart4Lo15`

warning: type `mgga_c_kcis_kxc_pol_part4_LO16` should have an upper camel case name
    --> crates/kernel-mgga-7/src/mgga_c_kcis/kxc_pol_part4.rs:1524:12
     |
1524 | pub struct mgga_c_kcis_kxc_pol_part4_LO16 {
     |            ^^^^^^^^^^^^^^^^^^^^^^^^^^^^^^ help: convert the identifier to upper camel case: `MggaCKcisKxcPolPart4Lo16`

warning: type `mgga_c_kcis_kxc_pol_part4_LO17` should have an upper camel case name
    --> crates/kernel-mgga-7/src/mgga_c_kcis/kxc_pol_part4.rs:1623:12
     |
1623 | pub struct mgga_c_kcis_kxc_pol_part4_LO17 {
     |            ^^^^^^^^^^^^^^^^^^^^^^^^^^^^^^ help: convert the identifier to upper camel case: `MggaCKcisKxcPolPart4Lo17`

warning: type `mgga_c_kcis_kxc_pol_part4_LO18` should have an upper camel case name
    --> crates/kernel-mgga-7/src/mgga_c_kcis/kxc_pol_part4.rs:1715:12
     |
1715 | pub struct mgga_c_kcis_kxc_pol_part4_LO18 {
     |            ^^^^^^^^^^^^^^^^^^^^^^^^^^^^^^ help: convert the identifier to upper camel case: `MggaCKcisKxcPolPart4Lo18`

warning: type `mgga_c_kcis_kxc_pol_part4_LO19` should have an upper camel case name
    --> crates/kernel-mgga-7/src/mgga_c_kcis/kxc_pol_part4.rs:1813:12
     |
1813 | pub struct mgga_c_kcis_kxc_pol_part4_LO19 {
     |            ^^^^^^^^^^^^^^^^^^^^^^^^^^^^^^ help: convert the identifier to upper camel case: `MggaCKcisKxcPolPart4Lo19`

warning: type `mgga_c_kcis_kxc_pol_part4_LO20` should have an upper camel case name
    --> crates/kernel-mgga-7/src/mgga_c_kcis/kxc_pol_part4.rs:1898:12
     |
1898 | pub struct mgga_c_kcis_kxc_pol_part4_LO20 {
     |            ^^^^^^^^^^^^^^^^^^^^^^^^^^^^^^ help: convert the identifier to upper camel case: `MggaCKcisKxcPolPart4Lo20`

warning: type `mgga_c_kcis_kxc_pol_part4_LO21` should have an upper camel case name
    --> crates/kernel-mgga-7/src/mgga_c_kcis/kxc_pol_part4.rs:1997:12
     |
1997 | pub struct mgga_c_kcis_kxc_pol_part4_LO21 {
     |            ^^^^^^^^^^^^^^^^^^^^^^^^^^^^^^ help: convert the identifier to upper camel case: `MggaCKcisKxcPolPart4Lo21`

warning: type `mgga_c_kcis_kxc_pol_part4_LO22` should have an upper camel case name
    --> crates/kernel-mgga-7/src/mgga_c_kcis/kxc_pol_part4.rs:2077:12
     |
2077 | pub struct mgga_c_kcis_kxc_pol_part4_LO22 {
     |            ^^^^^^^^^^^^^^^^^^^^^^^^^^^^^^ help: convert the identifier to upper camel case: `MggaCKcisKxcPolPart4Lo22`

warning: type `mgga_c_kcis_kxc_pol_part4_LO23` should have an upper camel case name
    --> crates/kernel-mgga-7/src/mgga_c_kcis/kxc_pol_part4.rs:2175:12
     |
2175 | pub struct mgga_c_kcis_kxc_pol_part4_LO23 {
     |            ^^^^^^^^^^^^^^^^^^^^^^^^^^^^^^ help: convert the identifier to upper camel case: `MggaCKcisKxcPolPart4Lo23`

warning: type `mgga_c_kcis_kxc_pol_part4_LO24` should have an upper camel case name
    --> crates/kernel-mgga-7/src/mgga_c_kcis/kxc_pol_part4.rs:2275:12
     |
2275 | pub struct mgga_c_kcis_kxc_pol_part4_LO24 {
     |            ^^^^^^^^^^^^^^^^^^^^^^^^^^^^^^ help: convert the identifier to upper camel case: `MggaCKcisKxcPolPart4Lo24`

warning: type `mgga_c_kcis_kxc_pol_part4_LO25` should have an upper camel case name
    --> crates/kernel-mgga-7/src/mgga_c_kcis/kxc_pol_part4.rs:2374:12
     |
2374 | pub struct mgga_c_kcis_kxc_pol_part4_LO25 {
     |            ^^^^^^^^^^^^^^^^^^^^^^^^^^^^^^ help: convert the identifier to upper camel case: `MggaCKcisKxcPolPart4Lo25`

warning: type `mgga_c_kcis_kxc_pol_part4_LO26` should have an upper camel case name
    --> crates/kernel-mgga-7/src/mgga_c_kcis/kxc_pol_part4.rs:2463:12
     |
2463 | pub struct mgga_c_kcis_kxc_pol_part4_LO26 {
     |            ^^^^^^^^^^^^^^^^^^^^^^^^^^^^^^ help: convert the identifier to upper camel case: `MggaCKcisKxcPolPart4Lo26`

warning: type `mgga_c_kcis_kxc_pol_part4_LO27` should have an upper camel case name
    --> crates/kernel-mgga-7/src/mgga_c_kcis/kxc_pol_part4.rs:2564:12
     |
2564 | pub struct mgga_c_kcis_kxc_pol_part4_LO27 {
     |            ^^^^^^^^^^^^^^^^^^^^^^^^^^^^^^ help: convert the identifier to upper camel case: `MggaCKcisKxcPolPart4Lo27`

warning: type `mgga_c_kcis_kxc_pol_part4_LO28` should have an upper camel case name
    --> crates/kernel-mgga-7/src/mgga_c_kcis/kxc_pol_part4.rs:2662:12
     |
2662 | pub struct mgga_c_kcis_kxc_pol_part4_LO28 {
     |            ^^^^^^^^^^^^^^^^^^^^^^^^^^^^^^ help: convert the identifier to upper camel case: `MggaCKcisKxcPolPart4Lo28`

warning: type `mgga_c_kcis_kxc_pol_part4_LO29` should have an upper camel case name
    --> crates/kernel-mgga-7/src/mgga_c_kcis/kxc_pol_part4.rs:2753:12
     |
2753 | pub struct mgga_c_kcis_kxc_pol_part4_LO29 {
     |            ^^^^^^^^^^^^^^^^^^^^^^^^^^^^^^ help: convert the identifier to upper camel case: `MggaCKcisKxcPolPart4Lo29`

warning: type `mgga_c_kcis_kxc_pol_part4_LO30` should have an upper camel case name
    --> crates/kernel-mgga-7/src/mgga_c_kcis/kxc_pol_part4.rs:2840:12
     |
2840 | pub struct mgga_c_kcis_kxc_pol_part4_LO30 {
     |            ^^^^^^^^^^^^^^^^^^^^^^^^^^^^^^ help: convert the identifier to upper camel case: `MggaCKcisKxcPolPart4Lo30`

warning: type `mgga_c_kcis_kxc_pol_part4_LO31` should have an upper camel case name
    --> crates/kernel-mgga-7/src/mgga_c_kcis/kxc_pol_part4.rs:2904:12
     |
2904 | pub struct mgga_c_kcis_kxc_pol_part4_LO31 {
     |            ^^^^^^^^^^^^^^^^^^^^^^^^^^^^^^ help: convert the identifier to upper camel case: `MggaCKcisKxcPolPart4Lo31`

warning: type `mgga_c_kcis_kxc_pol_part4_LO32` should have an upper camel case name
    --> crates/kernel-mgga-7/src/mgga_c_kcis/kxc_pol_part4.rs:2963:12
     |
2963 | pub struct mgga_c_kcis_kxc_pol_part4_LO32 {
     |            ^^^^^^^^^^^^^^^^^^^^^^^^^^^^^^ help: convert the identifier to upper camel case: `MggaCKcisKxcPolPart4Lo32`

warning: type `mgga_c_kcis_kxc_pol_part4_LO33` should have an upper camel case name
    --> crates/kernel-mgga-7/src/mgga_c_kcis/kxc_pol_part4.rs:2997:12
     |
2997 | pub struct mgga_c_kcis_kxc_pol_part4_LO33 {
     |            ^^^^^^^^^^^^^^^^^^^^^^^^^^^^^^ help: convert the identifier to upper camel case: `MggaCKcisKxcPolPart4Lo33`

warning: type `mgga_c_kcis_kxc_pol_part4_LO34` should have an upper camel case name
    --> crates/kernel-mgga-7/src/mgga_c_kcis/kxc_pol_part4.rs:3024:12
     |
3024 | pub struct mgga_c_kcis_kxc_pol_part4_LO34 {
     |            ^^^^^^^^^^^^^^^^^^^^^^^^^^^^^^ help: convert the identifier to upper camel case: `MggaCKcisKxcPolPart4Lo34`

warning: type `mgga_c_kcis_kxc_pol_part4_LO35` should have an upper camel case name
    --> crates/kernel-mgga-7/src/mgga_c_kcis/kxc_pol_part4.rs:3106:12
     |
3106 | pub struct mgga_c_kcis_kxc_pol_part4_LO35 {
     |            ^^^^^^^^^^^^^^^^^^^^^^^^^^^^^^ help: convert the identifier to upper camel case: `MggaCKcisKxcPolPart4Lo35`

warning: type `mgga_c_kcis_kxc_pol_part4_LO36` should have an upper camel case name
    --> crates/kernel-mgga-7/src/mgga_c_kcis/kxc_pol_part4.rs:3192:12
     |
3192 | pub struct mgga_c_kcis_kxc_pol_part4_LO36 {
     |            ^^^^^^^^^^^^^^^^^^^^^^^^^^^^^^ help: convert the identifier to upper camel case: `MggaCKcisKxcPolPart4Lo36`

warning: type `mgga_c_kcis_kxc_pol_part4_LO37` should have an upper camel case name
    --> crates/kernel-mgga-7/src/mgga_c_kcis/kxc_pol_part4.rs:3283:12
     |
3283 | pub struct mgga_c_kcis_kxc_pol_part4_LO37 {
     |            ^^^^^^^^^^^^^^^^^^^^^^^^^^^^^^ help: convert the identifier to upper camel case: `MggaCKcisKxcPolPart4Lo37`

warning: type `mgga_c_kcis_kxc_pol_part4_LO38` should have an upper camel case name
    --> crates/kernel-mgga-7/src/mgga_c_kcis/kxc_pol_part4.rs:3368:12
     |
3368 | pub struct mgga_c_kcis_kxc_pol_part4_LO38 {
     |            ^^^^^^^^^^^^^^^^^^^^^^^^^^^^^^ help: convert the identifier to upper camel case: `MggaCKcisKxcPolPart4Lo38`

warning: type `mgga_c_kcis_kxc_pol_part4_LO39` should have an upper camel case name
    --> crates/kernel-mgga-7/src/mgga_c_kcis/kxc_pol_part4.rs:3466:12
     |
3466 | pub struct mgga_c_kcis_kxc_pol_part4_LO39 {
     |            ^^^^^^^^^^^^^^^^^^^^^^^^^^^^^^ help: convert the identifier to upper camel case: `MggaCKcisKxcPolPart4Lo39`

warning: type `mgga_c_kcis_kxc_pol_part4_LO40` should have an upper camel case name
    --> crates/kernel-mgga-7/src/mgga_c_kcis/kxc_pol_part4.rs:3552:12
     |
3552 | pub struct mgga_c_kcis_kxc_pol_part4_LO40 {
     |            ^^^^^^^^^^^^^^^^^^^^^^^^^^^^^^ help: convert the identifier to upper camel case: `MggaCKcisKxcPolPart4Lo40`

warning: type `mgga_c_kcis_kxc_pol_part4_LO41` should have an upper camel case name
    --> crates/kernel-mgga-7/src/mgga_c_kcis/kxc_pol_part4.rs:3642:12
     |
3642 | pub struct mgga_c_kcis_kxc_pol_part4_LO41 {
     |            ^^^^^^^^^^^^^^^^^^^^^^^^^^^^^^ help: convert the identifier to upper camel case: `MggaCKcisKxcPolPart4Lo41`

warning: type `mgga_c_kcis_kxc_pol_part4_LO42` should have an upper camel case name
    --> crates/kernel-mgga-7/src/mgga_c_kcis/kxc_pol_part4.rs:3730:12
     |
3730 | pub struct mgga_c_kcis_kxc_pol_part4_LO42 {
     |            ^^^^^^^^^^^^^^^^^^^^^^^^^^^^^^ help: convert the identifier to upper camel case: `MggaCKcisKxcPolPart4Lo42`

warning: type `mgga_c_kcis_kxc_pol_part4_LO43` should have an upper camel case name
    --> crates/kernel-mgga-7/src/mgga_c_kcis/kxc_pol_part4.rs:3827:12
     |
3827 | pub struct mgga_c_kcis_kxc_pol_part4_LO43 {
     |            ^^^^^^^^^^^^^^^^^^^^^^^^^^^^^^ help: convert the identifier to upper camel case: `MggaCKcisKxcPolPart4Lo43`

warning: type `mgga_c_kcis_kxc_pol_part4_LO44` should have an upper camel case name
    --> crates/kernel-mgga-7/src/mgga_c_kcis/kxc_pol_part4.rs:3885:12
     |
3885 | pub struct mgga_c_kcis_kxc_pol_part4_LO44 {
     |            ^^^^^^^^^^^^^^^^^^^^^^^^^^^^^^ help: convert the identifier to upper camel case: `MggaCKcisKxcPolPart4Lo44`

warning: type `mgga_c_kcis_kxc_pol_part4_LO45` should have an upper camel case name
    --> crates/kernel-mgga-7/src/mgga_c_kcis/kxc_pol_part4.rs:3934:12
     |
3934 | pub struct mgga_c_kcis_kxc_pol_part4_LO45 {
     |            ^^^^^^^^^^^^^^^^^^^^^^^^^^^^^^ help: convert the identifier to upper camel case: `MggaCKcisKxcPolPart4Lo45`

warning: type `mgga_c_kcis_kxc_pol_part4_LO46` should have an upper camel case name
    --> crates/kernel-mgga-7/src/mgga_c_kcis/kxc_pol_part4.rs:3990:12
     |
3990 | pub struct mgga_c_kcis_kxc_pol_part4_LO46 {
     |            ^^^^^^^^^^^^^^^^^^^^^^^^^^^^^^ help: convert the identifier to upper camel case: `MggaCKcisKxcPolPart4Lo46`

warning: type `mgga_c_kcis_kxc_pol_part4_LO47` should have an upper camel case name
    --> crates/kernel-mgga-7/src/mgga_c_kcis/kxc_pol_part4.rs:4027:12
     |
4027 | pub struct mgga_c_kcis_kxc_pol_part4_LO47 {
     |            ^^^^^^^^^^^^^^^^^^^^^^^^^^^^^^ help: convert the identifier to upper camel case: `MggaCKcisKxcPolPart4Lo47`

warning: type `mgga_c_kcis_kxc_pol_part4_LO48` should have an upper camel case name
    --> crates/kernel-mgga-7/src/mgga_c_kcis/kxc_pol_part4.rs:4062:12
     |
4062 | pub struct mgga_c_kcis_kxc_pol_part4_LO48 {
     |            ^^^^^^^^^^^^^^^^^^^^^^^^^^^^^^ help: convert the identifier to upper camel case: `MggaCKcisKxcPolPart4Lo48`

warning: type `mgga_c_kcis_kxc_pol_part4_LO49` should have an upper camel case name
    --> crates/kernel-mgga-7/src/mgga_c_kcis/kxc_pol_part4.rs:4114:12
     |
4114 | pub struct mgga_c_kcis_kxc_pol_part4_LO49 {
     |            ^^^^^^^^^^^^^^^^^^^^^^^^^^^^^^ help: convert the identifier to upper camel case: `MggaCKcisKxcPolPart4Lo49`

warning: type `mgga_c_kcis_kxc_pol_part4_LO50` should have an upper camel case name
    --> crates/kernel-mgga-7/src/mgga_c_kcis/kxc_pol_part4.rs:4162:12
     |
4162 | pub struct mgga_c_kcis_kxc_pol_part4_LO50 {
     |            ^^^^^^^^^^^^^^^^^^^^^^^^^^^^^^ help: convert the identifier to upper camel case: `MggaCKcisKxcPolPart4Lo50`

warning: type `mgga_c_kcis_kxc_pol_part4_LO51` should have an upper camel case name
    --> crates/kernel-mgga-7/src/mgga_c_kcis/kxc_pol_part4.rs:4221:12
     |
4221 | pub struct mgga_c_kcis_kxc_pol_part4_LO51 {
     |            ^^^^^^^^^^^^^^^^^^^^^^^^^^^^^^ help: convert the identifier to upper camel case: `MggaCKcisKxcPolPart4Lo51`

warning: type `mgga_c_kcis_kxc_pol_part4_LO52` should have an upper camel case name
    --> crates/kernel-mgga-7/src/mgga_c_kcis/kxc_pol_part4.rs:4268:12
     |
4268 | pub struct mgga_c_kcis_kxc_pol_part4_LO52 {
     |            ^^^^^^^^^^^^^^^^^^^^^^^^^^^^^^ help: convert the identifier to upper camel case: `MggaCKcisKxcPolPart4Lo52`

warning: type `mgga_c_kcis_kxc_pol_part4_LO53` should have an upper camel case name
    --> crates/kernel-mgga-7/src/mgga_c_kcis/kxc_pol_part4.rs:4276:12
     |
4276 | pub struct mgga_c_kcis_kxc_pol_part4_LO53 {
     |            ^^^^^^^^^^^^^^^^^^^^^^^^^^^^^^ help: convert the identifier to upper camel case: `MggaCKcisKxcPolPart4Lo53`

warning: type `mgga_c_kcis_kxc_pol_part4_LO54` should have an upper camel case name
    --> crates/kernel-mgga-7/src/mgga_c_kcis/kxc_pol_part4.rs:4327:12
     |
4327 | pub struct mgga_c_kcis_kxc_pol_part4_LO54 {
     |            ^^^^^^^^^^^^^^^^^^^^^^^^^^^^^^ help: convert the identifier to upper camel case: `MggaCKcisKxcPolPart4Lo54`

warning: type `mgga_c_kcis_kxc_pol_part4_LO55` should have an upper camel case name
    --> crates/kernel-mgga-7/src/mgga_c_kcis/kxc_pol_part4.rs:4370:12
     |
4370 | pub struct mgga_c_kcis_kxc_pol_part4_LO55 {
     |            ^^^^^^^^^^^^^^^^^^^^^^^^^^^^^^ help: convert the identifier to upper camel case: `MggaCKcisKxcPolPart4Lo55`

warning: type `mgga_c_kcis_kxc_pol_part4_LO56` should have an upper camel case name
    --> crates/kernel-mgga-7/src/mgga_c_kcis/kxc_pol_part4.rs:4427:12
     |
4427 | pub struct mgga_c_kcis_kxc_pol_part4_LO56 {
     |            ^^^^^^^^^^^^^^^^^^^^^^^^^^^^^^ help: convert the identifier to upper camel case: `MggaCKcisKxcPolPart4Lo56`

warning: type `mgga_c_kcis_kxc_pol_part4_LO57` should have an upper camel case name
    --> crates/kernel-mgga-7/src/mgga_c_kcis/kxc_pol_part4.rs:4452:12
     |
4452 | pub struct mgga_c_kcis_kxc_pol_part4_LO57 {
     |            ^^^^^^^^^^^^^^^^^^^^^^^^^^^^^^ help: convert the identifier to upper camel case: `MggaCKcisKxcPolPart4Lo57`

warning: type `mgga_c_kcis_kxc_pol_part4_LO58` should have an upper camel case name
    --> crates/kernel-mgga-7/src/mgga_c_kcis/kxc_pol_part4.rs:4500:12
     |
4500 | pub struct mgga_c_kcis_kxc_pol_part4_LO58 {
     |            ^^^^^^^^^^^^^^^^^^^^^^^^^^^^^^ help: convert the identifier to upper camel case: `MggaCKcisKxcPolPart4Lo58`

warning: type `mgga_c_kcis_kxc_pol_part4_LO59` should have an upper camel case name
    --> crates/kernel-mgga-7/src/mgga_c_kcis/kxc_pol_part4.rs:4538:12
     |
4538 | pub struct mgga_c_kcis_kxc_pol_part4_LO59 {
     |            ^^^^^^^^^^^^^^^^^^^^^^^^^^^^^^ help: convert the identifier to upper camel case: `MggaCKcisKxcPolPart4Lo59`

warning: type `mgga_c_kcis_kxc_pol_part4_LO60` should have an upper camel case name
    --> crates/kernel-mgga-7/src/mgga_c_kcis/kxc_pol_part4.rs:4585:12
     |
4585 | pub struct mgga_c_kcis_kxc_pol_part4_LO60 {
     |            ^^^^^^^^^^^^^^^^^^^^^^^^^^^^^^ help: convert the identifier to upper camel case: `MggaCKcisKxcPolPart4Lo60`

warning: type `mgga_c_kcis_kxc_pol_part4_LO61` should have an upper camel case name
    --> crates/kernel-mgga-7/src/mgga_c_kcis/kxc_pol_part4.rs:4639:12
     |
4639 | pub struct mgga_c_kcis_kxc_pol_part4_LO61 {
     |            ^^^^^^^^^^^^^^^^^^^^^^^^^^^^^^ help: convert the identifier to upper camel case: `MggaCKcisKxcPolPart4Lo61`

warning: type `mgga_c_kcis_kxc_pol_part4_LO62` should have an upper camel case name
    --> crates/kernel-mgga-7/src/mgga_c_kcis/kxc_pol_part4.rs:4685:12
     |
4685 | pub struct mgga_c_kcis_kxc_pol_part4_LO62 {
     |            ^^^^^^^^^^^^^^^^^^^^^^^^^^^^^^ help: convert the identifier to upper camel case: `MggaCKcisKxcPolPart4Lo62`

warning: type `mgga_c_kcis_kxc_pol_part4_LO63` should have an upper camel case name
    --> crates/kernel-mgga-7/src/mgga_c_kcis/kxc_pol_part4.rs:4691:12
     |
4691 | pub struct mgga_c_kcis_kxc_pol_part4_LO63 {
     |            ^^^^^^^^^^^^^^^^^^^^^^^^^^^^^^ help: convert the identifier to upper camel case: `MggaCKcisKxcPolPart4Lo63`

warning: type `mgga_c_kcis_kxc_pol_part5_LO0` should have an upper camel case name
  --> crates/kernel-mgga-7/src/mgga_c_kcis/kxc_pol_part5.rs:14:12
   |
14 | pub struct mgga_c_kcis_kxc_pol_part5_LO0 {
   |            ^^^^^^^^^^^^^^^^^^^^^^^^^^^^^ help: convert the identifier to upper camel case: `MggaCKcisKxcPolPart5Lo0`

warning: type `mgga_c_kcis_kxc_pol_part5_LO1` should have an upper camel case name
   --> crates/kernel-mgga-7/src/mgga_c_kcis/kxc_pol_part5.rs:108:12
    |
108 | pub struct mgga_c_kcis_kxc_pol_part5_LO1 {
    |            ^^^^^^^^^^^^^^^^^^^^^^^^^^^^^ help: convert the identifier to upper camel case: `MggaCKcisKxcPolPart5Lo1`

warning: type `mgga_c_kcis_kxc_pol_part5_LO2` should have an upper camel case name
   --> crates/kernel-mgga-7/src/mgga_c_kcis/kxc_pol_part5.rs:199:12
    |
199 | pub struct mgga_c_kcis_kxc_pol_part5_LO2 {
    |            ^^^^^^^^^^^^^^^^^^^^^^^^^^^^^ help: convert the identifier to upper camel case: `MggaCKcisKxcPolPart5Lo2`

warning: type `mgga_c_kcis_kxc_pol_part5_LO3` should have an upper camel case name
   --> crates/kernel-mgga-7/src/mgga_c_kcis/kxc_pol_part5.rs:290:12
    |
290 | pub struct mgga_c_kcis_kxc_pol_part5_LO3 {
    |            ^^^^^^^^^^^^^^^^^^^^^^^^^^^^^ help: convert the identifier to upper camel case: `MggaCKcisKxcPolPart5Lo3`

warning: type `mgga_c_kcis_kxc_pol_part5_LO4` should have an upper camel case name
   --> crates/kernel-mgga-7/src/mgga_c_kcis/kxc_pol_part5.rs:385:12
    |
385 | pub struct mgga_c_kcis_kxc_pol_part5_LO4 {
    |            ^^^^^^^^^^^^^^^^^^^^^^^^^^^^^ help: convert the identifier to upper camel case: `MggaCKcisKxcPolPart5Lo4`

warning: type `mgga_c_kcis_kxc_pol_part5_LO5` should have an upper camel case name
   --> crates/kernel-mgga-7/src/mgga_c_kcis/kxc_pol_part5.rs:483:12
    |
483 | pub struct mgga_c_kcis_kxc_pol_part5_LO5 {
    |            ^^^^^^^^^^^^^^^^^^^^^^^^^^^^^ help: convert the identifier to upper camel case: `MggaCKcisKxcPolPart5Lo5`

warning: type `mgga_c_kcis_kxc_pol_part5_LO6` should have an upper camel case name
   --> crates/kernel-mgga-7/src/mgga_c_kcis/kxc_pol_part5.rs:584:12
    |
584 | pub struct mgga_c_kcis_kxc_pol_part5_LO6 {
    |            ^^^^^^^^^^^^^^^^^^^^^^^^^^^^^ help: convert the identifier to upper camel case: `MggaCKcisKxcPolPart5Lo6`

warning: type `mgga_c_kcis_kxc_pol_part5_LO7` should have an upper camel case name
   --> crates/kernel-mgga-7/src/mgga_c_kcis/kxc_pol_part5.rs:684:12
    |
684 | pub struct mgga_c_kcis_kxc_pol_part5_LO7 {
    |            ^^^^^^^^^^^^^^^^^^^^^^^^^^^^^ help: convert the identifier to upper camel case: `MggaCKcisKxcPolPart5Lo7`

warning: type `mgga_c_kcis_kxc_pol_part5_LO8` should have an upper camel case name
   --> crates/kernel-mgga-7/src/mgga_c_kcis/kxc_pol_part5.rs:778:12
    |
778 | pub struct mgga_c_kcis_kxc_pol_part5_LO8 {
    |            ^^^^^^^^^^^^^^^^^^^^^^^^^^^^^ help: convert the identifier to upper camel case: `MggaCKcisKxcPolPart5Lo8`

warning: type `mgga_c_kcis_kxc_pol_part5_LO9` should have an upper camel case name
   --> crates/kernel-mgga-7/src/mgga_c_kcis/kxc_pol_part5.rs:864:12
    |
864 | pub struct mgga_c_kcis_kxc_pol_part5_LO9 {
    |            ^^^^^^^^^^^^^^^^^^^^^^^^^^^^^ help: convert the identifier to upper camel case: `MggaCKcisKxcPolPart5Lo9`

warning: type `mgga_c_kcis_kxc_pol_part5_LO10` should have an upper camel case name
   --> crates/kernel-mgga-7/src/mgga_c_kcis/kxc_pol_part5.rs:952:12
    |
952 | pub struct mgga_c_kcis_kxc_pol_part5_LO10 {
    |            ^^^^^^^^^^^^^^^^^^^^^^^^^^^^^^ help: convert the identifier to upper camel case: `MggaCKcisKxcPolPart5Lo10`

warning: type `mgga_c_kcis_kxc_pol_part5_LO11` should have an upper camel case name
    --> crates/kernel-mgga-7/src/mgga_c_kcis/kxc_pol_part5.rs:1050:12
     |
1050 | pub struct mgga_c_kcis_kxc_pol_part5_LO11 {
     |            ^^^^^^^^^^^^^^^^^^^^^^^^^^^^^^ help: convert the identifier to upper camel case: `MggaCKcisKxcPolPart5Lo11`

warning: type `mgga_c_kcis_kxc_pol_part5_LO12` should have an upper camel case name
    --> crates/kernel-mgga-7/src/mgga_c_kcis/kxc_pol_part5.rs:1138:12
     |
1138 | pub struct mgga_c_kcis_kxc_pol_part5_LO12 {
     |            ^^^^^^^^^^^^^^^^^^^^^^^^^^^^^^ help: convert the identifier to upper camel case: `MggaCKcisKxcPolPart5Lo12`

warning: type `mgga_c_kcis_kxc_pol_part5_LO13` should have an upper camel case name
    --> crates/kernel-mgga-7/src/mgga_c_kcis/kxc_pol_part5.rs:1233:12
     |
1233 | pub struct mgga_c_kcis_kxc_pol_part5_LO13 {
     |            ^^^^^^^^^^^^^^^^^^^^^^^^^^^^^^ help: convert the identifier to upper camel case: `MggaCKcisKxcPolPart5Lo13`

warning: type `mgga_c_kcis_kxc_pol_part5_LO14` should have an upper camel case name
    --> crates/kernel-mgga-7/src/mgga_c_kcis/kxc_pol_part5.rs:1331:12
     |
1331 | pub struct mgga_c_kcis_kxc_pol_part5_LO14 {
     |            ^^^^^^^^^^^^^^^^^^^^^^^^^^^^^^ help: convert the identifier to upper camel case: `MggaCKcisKxcPolPart5Lo14`

warning: type `mgga_c_kcis_kxc_pol_part5_LO15` should have an upper camel case name
    --> crates/kernel-mgga-7/src/mgga_c_kcis/kxc_pol_part5.rs:1429:12
     |
1429 | pub struct mgga_c_kcis_kxc_pol_part5_LO15 {
     |            ^^^^^^^^^^^^^^^^^^^^^^^^^^^^^^ help: convert the identifier to upper camel case: `MggaCKcisKxcPolPart5Lo15`

warning: type `mgga_c_kcis_kxc_pol_part5_LO16` should have an upper camel case name
    --> crates/kernel-mgga-7/src/mgga_c_kcis/kxc_pol_part5.rs:1529:12
     |
1529 | pub struct mgga_c_kcis_kxc_pol_part5_LO16 {
     |            ^^^^^^^^^^^^^^^^^^^^^^^^^^^^^^ help: convert the identifier to upper camel case: `MggaCKcisKxcPolPart5Lo16`

warning: type `mgga_c_kcis_kxc_pol_part5_LO17` should have an upper camel case name
    --> crates/kernel-mgga-7/src/mgga_c_kcis/kxc_pol_part5.rs:1626:12
     |
1626 | pub struct mgga_c_kcis_kxc_pol_part5_LO17 {
     |            ^^^^^^^^^^^^^^^^^^^^^^^^^^^^^^ help: convert the identifier to upper camel case: `MggaCKcisKxcPolPart5Lo17`

warning: type `mgga_c_kcis_kxc_pol_part5_LO18` should have an upper camel case name
    --> crates/kernel-mgga-7/src/mgga_c_kcis/kxc_pol_part5.rs:1713:12
     |
1713 | pub struct mgga_c_kcis_kxc_pol_part5_LO18 {
     |            ^^^^^^^^^^^^^^^^^^^^^^^^^^^^^^ help: convert the identifier to upper camel case: `MggaCKcisKxcPolPart5Lo18`

warning: type `mgga_c_kcis_kxc_pol_part5_LO19` should have an upper camel case name
    --> crates/kernel-mgga-7/src/mgga_c_kcis/kxc_pol_part5.rs:1782:12
     |
1782 | pub struct mgga_c_kcis_kxc_pol_part5_LO19 {
     |            ^^^^^^^^^^^^^^^^^^^^^^^^^^^^^^ help: convert the identifier to upper camel case: `MggaCKcisKxcPolPart5Lo19`

warning: type `mgga_c_kcis_kxc_pol_part5_LO20` should have an upper camel case name
    --> crates/kernel-mgga-7/src/mgga_c_kcis/kxc_pol_part5.rs:1884:12
     |
1884 | pub struct mgga_c_kcis_kxc_pol_part5_LO20 {
     |            ^^^^^^^^^^^^^^^^^^^^^^^^^^^^^^ help: convert the identifier to upper camel case: `MggaCKcisKxcPolPart5Lo20`

warning: type `mgga_c_kcis_kxc_pol_part5_LO21` should have an upper camel case name
    --> crates/kernel-mgga-7/src/mgga_c_kcis/kxc_pol_part5.rs:1981:12
     |
1981 | pub struct mgga_c_kcis_kxc_pol_part5_LO21 {
     |            ^^^^^^^^^^^^^^^^^^^^^^^^^^^^^^ help: convert the identifier to upper camel case: `MggaCKcisKxcPolPart5Lo21`

warning: type `mgga_c_kcis_kxc_pol_part5_LO22` should have an upper camel case name
    --> crates/kernel-mgga-7/src/mgga_c_kcis/kxc_pol_part5.rs:2061:12
     |
2061 | pub struct mgga_c_kcis_kxc_pol_part5_LO22 {
     |            ^^^^^^^^^^^^^^^^^^^^^^^^^^^^^^ help: convert the identifier to upper camel case: `MggaCKcisKxcPolPart5Lo22`

warning: type `mgga_c_kcis_kxc_pol_part5_LO23` should have an upper camel case name
    --> crates/kernel-mgga-7/src/mgga_c_kcis/kxc_pol_part5.rs:2116:12
     |
2116 | pub struct mgga_c_kcis_kxc_pol_part5_LO23 {
     |            ^^^^^^^^^^^^^^^^^^^^^^^^^^^^^^ help: convert the identifier to upper camel case: `MggaCKcisKxcPolPart5Lo23`

warning: type `mgga_c_kcis_kxc_pol_part5_LO24` should have an upper camel case name
    --> crates/kernel-mgga-7/src/mgga_c_kcis/kxc_pol_part5.rs:2165:12
     |
2165 | pub struct mgga_c_kcis_kxc_pol_part5_LO24 {
     |            ^^^^^^^^^^^^^^^^^^^^^^^^^^^^^^ help: convert the identifier to upper camel case: `MggaCKcisKxcPolPart5Lo24`

warning: type `mgga_c_kcis_kxc_pol_part5_LO25` should have an upper camel case name
    --> crates/kernel-mgga-7/src/mgga_c_kcis/kxc_pol_part5.rs:2190:12
     |
2190 | pub struct mgga_c_kcis_kxc_pol_part5_LO25 {
     |            ^^^^^^^^^^^^^^^^^^^^^^^^^^^^^^ help: convert the identifier to upper camel case: `MggaCKcisKxcPolPart5Lo25`

warning: type `mgga_c_kcis_kxc_pol_part5_LO26` should have an upper camel case name
    --> crates/kernel-mgga-7/src/mgga_c_kcis/kxc_pol_part5.rs:2275:12
     |
2275 | pub struct mgga_c_kcis_kxc_pol_part5_LO26 {
     |            ^^^^^^^^^^^^^^^^^^^^^^^^^^^^^^ help: convert the identifier to upper camel case: `MggaCKcisKxcPolPart5Lo26`

warning: type `mgga_c_kcis_kxc_pol_part5_LO27` should have an upper camel case name
    --> crates/kernel-mgga-7/src/mgga_c_kcis/kxc_pol_part5.rs:2362:12
     |
2362 | pub struct mgga_c_kcis_kxc_pol_part5_LO27 {
     |            ^^^^^^^^^^^^^^^^^^^^^^^^^^^^^^ help: convert the identifier to upper camel case: `MggaCKcisKxcPolPart5Lo27`

warning: type `mgga_c_kcis_kxc_pol_part5_LO28` should have an upper camel case name
    --> crates/kernel-mgga-7/src/mgga_c_kcis/kxc_pol_part5.rs:2445:12
     |
2445 | pub struct mgga_c_kcis_kxc_pol_part5_LO28 {
     |            ^^^^^^^^^^^^^^^^^^^^^^^^^^^^^^ help: convert the identifier to upper camel case: `MggaCKcisKxcPolPart5Lo28`

warning: type `mgga_c_kcis_kxc_pol_part5_LO29` should have an upper camel case name
    --> crates/kernel-mgga-7/src/mgga_c_kcis/kxc_pol_part5.rs:2539:12
     |
2539 | pub struct mgga_c_kcis_kxc_pol_part5_LO29 {
     |            ^^^^^^^^^^^^^^^^^^^^^^^^^^^^^^ help: convert the identifier to upper camel case: `MggaCKcisKxcPolPart5Lo29`

warning: type `mgga_c_kcis_kxc_pol_part5_LO30` should have an upper camel case name
    --> crates/kernel-mgga-7/src/mgga_c_kcis/kxc_pol_part5.rs:2626:12
     |
2626 | pub struct mgga_c_kcis_kxc_pol_part5_LO30 {
     |            ^^^^^^^^^^^^^^^^^^^^^^^^^^^^^^ help: convert the identifier to upper camel case: `MggaCKcisKxcPolPart5Lo30`

warning: type `mgga_c_kcis_kxc_pol_part5_LO31` should have an upper camel case name
    --> crates/kernel-mgga-7/src/mgga_c_kcis/kxc_pol_part5.rs:2718:12
     |
2718 | pub struct mgga_c_kcis_kxc_pol_part5_LO31 {
     |            ^^^^^^^^^^^^^^^^^^^^^^^^^^^^^^ help: convert the identifier to upper camel case: `MggaCKcisKxcPolPart5Lo31`

warning: type `mgga_c_kcis_kxc_pol_part5_LO32` should have an upper camel case name
    --> crates/kernel-mgga-7/src/mgga_c_kcis/kxc_pol_part5.rs:2762:12
     |
2762 | pub struct mgga_c_kcis_kxc_pol_part5_LO32 {
     |            ^^^^^^^^^^^^^^^^^^^^^^^^^^^^^^ help: convert the identifier to upper camel case: `MggaCKcisKxcPolPart5Lo32`

warning: type `mgga_c_kcis_kxc_pol_part5_LO33` should have an upper camel case name
    --> crates/kernel-mgga-7/src/mgga_c_kcis/kxc_pol_part5.rs:2826:12
     |
2826 | pub struct mgga_c_kcis_kxc_pol_part5_LO33 {
     |            ^^^^^^^^^^^^^^^^^^^^^^^^^^^^^^ help: convert the identifier to upper camel case: `MggaCKcisKxcPolPart5Lo33`

warning: type `mgga_c_kcis_kxc_pol_part5_LO34` should have an upper camel case name
    --> crates/kernel-mgga-7/src/mgga_c_kcis/kxc_pol_part5.rs:2874:12
     |
2874 | pub struct mgga_c_kcis_kxc_pol_part5_LO34 {
     |            ^^^^^^^^^^^^^^^^^^^^^^^^^^^^^^ help: convert the identifier to upper camel case: `MggaCKcisKxcPolPart5Lo34`

warning: type `mgga_c_kcis_kxc_pol_part5_LO35` should have an upper camel case name
    --> crates/kernel-mgga-7/src/mgga_c_kcis/kxc_pol_part5.rs:2900:12
     |
2900 | pub struct mgga_c_kcis_kxc_pol_part5_LO35 {
     |            ^^^^^^^^^^^^^^^^^^^^^^^^^^^^^^ help: convert the identifier to upper camel case: `MggaCKcisKxcPolPart5Lo35`

warning: type `mgga_c_kcis_kxc_pol_part5_LO36` should have an upper camel case name
    --> crates/kernel-mgga-7/src/mgga_c_kcis/kxc_pol_part5.rs:2932:12
     |
2932 | pub struct mgga_c_kcis_kxc_pol_part5_LO36 {
     |            ^^^^^^^^^^^^^^^^^^^^^^^^^^^^^^ help: convert the identifier to upper camel case: `MggaCKcisKxcPolPart5Lo36`

warning: type `mgga_c_kcis_kxc_pol_part5_LO37` should have an upper camel case name
    --> crates/kernel-mgga-7/src/mgga_c_kcis/kxc_pol_part5.rs:2990:12
     |
2990 | pub struct mgga_c_kcis_kxc_pol_part5_LO37 {
     |            ^^^^^^^^^^^^^^^^^^^^^^^^^^^^^^ help: convert the identifier to upper camel case: `MggaCKcisKxcPolPart5Lo37`

warning: type `mgga_c_kcis_kxc_pol_part5_LO38` should have an upper camel case name
    --> crates/kernel-mgga-7/src/mgga_c_kcis/kxc_pol_part5.rs:3029:12
     |
3029 | pub struct mgga_c_kcis_kxc_pol_part5_LO38 {
     |            ^^^^^^^^^^^^^^^^^^^^^^^^^^^^^^ help: convert the identifier to upper camel case: `MggaCKcisKxcPolPart5Lo38`

warning: type `mgga_c_kcis_kxc_pol_part5_LO39` should have an upper camel case name
    --> crates/kernel-mgga-7/src/mgga_c_kcis/kxc_pol_part5.rs:3079:12
     |
3079 | pub struct mgga_c_kcis_kxc_pol_part5_LO39 {
     |            ^^^^^^^^^^^^^^^^^^^^^^^^^^^^^^ help: convert the identifier to upper camel case: `MggaCKcisKxcPolPart5Lo39`

warning: type `mgga_c_kcis_kxc_pol_part5_LO40` should have an upper camel case name
    --> crates/kernel-mgga-7/src/mgga_c_kcis/kxc_pol_part5.rs:3098:12
     |
3098 | pub struct mgga_c_kcis_kxc_pol_part5_LO40 {
     |            ^^^^^^^^^^^^^^^^^^^^^^^^^^^^^^ help: convert the identifier to upper camel case: `MggaCKcisKxcPolPart5Lo40`

warning: type `mgga_c_kcis_kxc_pol_part5_LO41` should have an upper camel case name
    --> crates/kernel-mgga-7/src/mgga_c_kcis/kxc_pol_part5.rs:3153:12
     |
3153 | pub struct mgga_c_kcis_kxc_pol_part5_LO41 {
     |            ^^^^^^^^^^^^^^^^^^^^^^^^^^^^^^ help: convert the identifier to upper camel case: `MggaCKcisKxcPolPart5Lo41`

warning: type `mgga_c_kcis_kxc_pol_part5_LO42` should have an upper camel case name
    --> crates/kernel-mgga-7/src/mgga_c_kcis/kxc_pol_part5.rs:3184:12
     |
3184 | pub struct mgga_c_kcis_kxc_pol_part5_LO42 {
     |            ^^^^^^^^^^^^^^^^^^^^^^^^^^^^^^ help: convert the identifier to upper camel case: `MggaCKcisKxcPolPart5Lo42`

warning: type `mgga_c_kcis_kxc_pol_part6_LO0` should have an upper camel case name
  --> crates/kernel-mgga-7/src/mgga_c_kcis/kxc_pol_part6.rs:14:12
   |
14 | pub struct mgga_c_kcis_kxc_pol_part6_LO0 {
   |            ^^^^^^^^^^^^^^^^^^^^^^^^^^^^^ help: convert the identifier to upper camel case: `MggaCKcisKxcPolPart6Lo0`

warning: type `mgga_c_kcis_kxc_pol_part6_LO1` should have an upper camel case name
   --> crates/kernel-mgga-7/src/mgga_c_kcis/kxc_pol_part6.rs:110:12
    |
110 | pub struct mgga_c_kcis_kxc_pol_part6_LO1 {
    |            ^^^^^^^^^^^^^^^^^^^^^^^^^^^^^ help: convert the identifier to upper camel case: `MggaCKcisKxcPolPart6Lo1`

warning: type `mgga_c_kcis_kxc_pol_part6_LO2` should have an upper camel case name
   --> crates/kernel-mgga-7/src/mgga_c_kcis/kxc_pol_part6.rs:206:12
    |
206 | pub struct mgga_c_kcis_kxc_pol_part6_LO2 {
    |            ^^^^^^^^^^^^^^^^^^^^^^^^^^^^^ help: convert the identifier to upper camel case: `MggaCKcisKxcPolPart6Lo2`

warning: type `mgga_c_kcis_kxc_pol_part6_LO3` should have an upper camel case name
   --> crates/kernel-mgga-7/src/mgga_c_kcis/kxc_pol_part6.rs:301:12
    |
301 | pub struct mgga_c_kcis_kxc_pol_part6_LO3 {
    |            ^^^^^^^^^^^^^^^^^^^^^^^^^^^^^ help: convert the identifier to upper camel case: `MggaCKcisKxcPolPart6Lo3`

warning: type `mgga_c_kcis_kxc_pol_part6_LO4` should have an upper camel case name
   --> crates/kernel-mgga-7/src/mgga_c_kcis/kxc_pol_part6.rs:395:12
    |
395 | pub struct mgga_c_kcis_kxc_pol_part6_LO4 {
    |            ^^^^^^^^^^^^^^^^^^^^^^^^^^^^^ help: convert the identifier to upper camel case: `MggaCKcisKxcPolPart6Lo4`

warning: type `mgga_c_kcis_kxc_pol_part6_LO5` should have an upper camel case name
   --> crates/kernel-mgga-7/src/mgga_c_kcis/kxc_pol_part6.rs:490:12
    |
490 | pub struct mgga_c_kcis_kxc_pol_part6_LO5 {
    |            ^^^^^^^^^^^^^^^^^^^^^^^^^^^^^ help: convert the identifier to upper camel case: `MggaCKcisKxcPolPart6Lo5`

warning: type `mgga_c_kcis_kxc_pol_part6_LO6` should have an upper camel case name
   --> crates/kernel-mgga-7/src/mgga_c_kcis/kxc_pol_part6.rs:585:12
    |
585 | pub struct mgga_c_kcis_kxc_pol_part6_LO6 {
    |            ^^^^^^^^^^^^^^^^^^^^^^^^^^^^^ help: convert the identifier to upper camel case: `MggaCKcisKxcPolPart6Lo6`

warning: type `mgga_c_kcis_kxc_pol_part6_LO7` should have an upper camel case name
   --> crates/kernel-mgga-7/src/mgga_c_kcis/kxc_pol_part6.rs:665:12
    |
665 | pub struct mgga_c_kcis_kxc_pol_part6_LO7 {
    |            ^^^^^^^^^^^^^^^^^^^^^^^^^^^^^ help: convert the identifier to upper camel case: `MggaCKcisKxcPolPart6Lo7`

warning: type `mgga_c_kcis_kxc_pol_part6_LO8` should have an upper camel case name
   --> crates/kernel-mgga-7/src/mgga_c_kcis/kxc_pol_part6.rs:725:12
    |
725 | pub struct mgga_c_kcis_kxc_pol_part6_LO8 {
    |            ^^^^^^^^^^^^^^^^^^^^^^^^^^^^^ help: convert the identifier to upper camel case: `MggaCKcisKxcPolPart6Lo8`

warning: type `mgga_c_kcis_kxc_pol_part6_LO9` should have an upper camel case name
   --> crates/kernel-mgga-7/src/mgga_c_kcis/kxc_pol_part6.rs:769:12
    |
769 | pub struct mgga_c_kcis_kxc_pol_part6_LO9 {
    |            ^^^^^^^^^^^^^^^^^^^^^^^^^^^^^ help: convert the identifier to upper camel case: `MggaCKcisKxcPolPart6Lo9`

warning: type `mgga_c_kcis_kxc_pol_part6_LO10` should have an upper camel case name
   --> crates/kernel-mgga-7/src/mgga_c_kcis/kxc_pol_part6.rs:832:12
    |
832 | pub struct mgga_c_kcis_kxc_pol_part6_LO10 {
    |            ^^^^^^^^^^^^^^^^^^^^^^^^^^^^^^ help: convert the identifier to upper camel case: `MggaCKcisKxcPolPart6Lo10`

warning: type `mgga_c_kcis_kxc_pol_part6_LO11` should have an upper camel case name
   --> crates/kernel-mgga-7/src/mgga_c_kcis/kxc_pol_part6.rs:871:12
    |
871 | pub struct mgga_c_kcis_kxc_pol_part6_LO11 {
    |            ^^^^^^^^^^^^^^^^^^^^^^^^^^^^^^ help: convert the identifier to upper camel case: `MggaCKcisKxcPolPart6Lo11`

warning: type `mgga_c_kcis_kxc_pol_part6_LO12` should have an upper camel case name
   --> crates/kernel-mgga-7/src/mgga_c_kcis/kxc_pol_part6.rs:922:12
    |
922 | pub struct mgga_c_kcis_kxc_pol_part6_LO12 {
    |            ^^^^^^^^^^^^^^^^^^^^^^^^^^^^^^ help: convert the identifier to upper camel case: `MggaCKcisKxcPolPart6Lo12`

warning: type `mgga_c_kcis_kxc_pol_part6_LO13` should have an upper camel case name
   --> crates/kernel-mgga-7/src/mgga_c_kcis/kxc_pol_part6.rs:977:12
    |
977 | pub struct mgga_c_kcis_kxc_pol_part6_LO13 {
    |            ^^^^^^^^^^^^^^^^^^^^^^^^^^^^^^ help: convert the identifier to upper camel case: `MggaCKcisKxcPolPart6Lo13`

warning: type `mgga_c_kcis_kxc_pol_part6_LO14` should have an upper camel case name
    --> crates/kernel-mgga-7/src/mgga_c_kcis/kxc_pol_part6.rs:1036:12
     |
1036 | pub struct mgga_c_kcis_kxc_pol_part6_LO14 {
     |            ^^^^^^^^^^^^^^^^^^^^^^^^^^^^^^ help: convert the identifier to upper camel case: `MggaCKcisKxcPolPart6Lo14`

warning: type `mgga_c_kcis_kxc_pol_part6_LO15` should have an upper camel case name
    --> crates/kernel-mgga-7/src/mgga_c_kcis/kxc_pol_part6.rs:1137:12
     |
1137 | pub struct mgga_c_kcis_kxc_pol_part6_LO15 {
     |            ^^^^^^^^^^^^^^^^^^^^^^^^^^^^^^ help: convert the identifier to upper camel case: `MggaCKcisKxcPolPart6Lo15`

warning: type `mgga_c_kcis_kxc_pol_part6_LO16` should have an upper camel case name
    --> crates/kernel-mgga-7/src/mgga_c_kcis/kxc_pol_part6.rs:1205:12
     |
1205 | pub struct mgga_c_kcis_kxc_pol_part6_LO16 {
     |            ^^^^^^^^^^^^^^^^^^^^^^^^^^^^^^ help: convert the identifier to upper camel case: `MggaCKcisKxcPolPart6Lo16`

warning: type `mgga_c_kcis_kxc_pol_part6_LO17` should have an upper camel case name
    --> crates/kernel-mgga-7/src/mgga_c_kcis/kxc_pol_part6.rs:1269:12
     |
1269 | pub struct mgga_c_kcis_kxc_pol_part6_LO17 {
     |            ^^^^^^^^^^^^^^^^^^^^^^^^^^^^^^ help: convert the identifier to upper camel case: `MggaCKcisKxcPolPart6Lo17`

warning: type `mgga_c_kcis_kxc_pol_part6_LO18` should have an upper camel case name
    --> crates/kernel-mgga-7/src/mgga_c_kcis/kxc_pol_part6.rs:1304:12
     |
1304 | pub struct mgga_c_kcis_kxc_pol_part6_LO18 {
     |            ^^^^^^^^^^^^^^^^^^^^^^^^^^^^^^ help: convert the identifier to upper camel case: `MggaCKcisKxcPolPart6Lo18`

warning: type `mgga_c_kcis_kxc_pol_part6_LO19` should have an upper camel case name
    --> crates/kernel-mgga-7/src/mgga_c_kcis/kxc_pol_part6.rs:1362:12
     |
1362 | pub struct mgga_c_kcis_kxc_pol_part6_LO19 {
     |            ^^^^^^^^^^^^^^^^^^^^^^^^^^^^^^ help: convert the identifier to upper camel case: `MggaCKcisKxcPolPart6Lo19`

warning: type `mgga_c_kcis_kxc_pol_part6_LO20` should have an upper camel case name
    --> crates/kernel-mgga-7/src/mgga_c_kcis/kxc_pol_part6.rs:1396:12
     |
1396 | pub struct mgga_c_kcis_kxc_pol_part6_LO20 {
     |            ^^^^^^^^^^^^^^^^^^^^^^^^^^^^^^ help: convert the identifier to upper camel case: `MggaCKcisKxcPolPart6Lo20`

warning: type `mgga_c_kcis_kxc_pol_part6_LO21` should have an upper camel case name
    --> crates/kernel-mgga-7/src/mgga_c_kcis/kxc_pol_part6.rs:1448:12
     |
1448 | pub struct mgga_c_kcis_kxc_pol_part6_LO21 {
     |            ^^^^^^^^^^^^^^^^^^^^^^^^^^^^^^ help: convert the identifier to upper camel case: `MggaCKcisKxcPolPart6Lo21`

warning: type `mgga_c_kcis_kxc_pol_part6_LO22` should have an upper camel case name
    --> crates/kernel-mgga-7/src/mgga_c_kcis/kxc_pol_part6.rs:1536:12
     |
1536 | pub struct mgga_c_kcis_kxc_pol_part6_LO22 {
     |            ^^^^^^^^^^^^^^^^^^^^^^^^^^^^^^ help: convert the identifier to upper camel case: `MggaCKcisKxcPolPart6Lo22`

warning: type `mgga_c_kcis_kxc_pol_part6_LO23` should have an upper camel case name
    --> crates/kernel-mgga-7/src/mgga_c_kcis/kxc_pol_part6.rs:1623:12
     |
1623 | pub struct mgga_c_kcis_kxc_pol_part6_LO23 {
     |            ^^^^^^^^^^^^^^^^^^^^^^^^^^^^^^ help: convert the identifier to upper camel case: `MggaCKcisKxcPolPart6Lo23`

warning: type `mgga_c_kcis_kxc_pol_part6_LO24` should have an upper camel case name
    --> crates/kernel-mgga-7/src/mgga_c_kcis/kxc_pol_part6.rs:1699:12
     |
1699 | pub struct mgga_c_kcis_kxc_pol_part6_LO24 {
     |            ^^^^^^^^^^^^^^^^^^^^^^^^^^^^^^ help: convert the identifier to upper camel case: `MggaCKcisKxcPolPart6Lo24`

warning: type `mgga_c_kcis_kxc_pol_part6_LO25` should have an upper camel case name
    --> crates/kernel-mgga-7/src/mgga_c_kcis/kxc_pol_part6.rs:1753:12
     |
1753 | pub struct mgga_c_kcis_kxc_pol_part6_LO25 {
     |            ^^^^^^^^^^^^^^^^^^^^^^^^^^^^^^ help: convert the identifier to upper camel case: `MggaCKcisKxcPolPart6Lo25`

warning: type `mgga_c_kcis_kxc_pol_part6_LO26` should have an upper camel case name
    --> crates/kernel-mgga-7/src/mgga_c_kcis/kxc_pol_part6.rs:1787:12
     |
1787 | pub struct mgga_c_kcis_kxc_pol_part6_LO26 {
     |            ^^^^^^^^^^^^^^^^^^^^^^^^^^^^^^ help: convert the identifier to upper camel case: `MggaCKcisKxcPolPart6Lo26`

warning: type `mgga_c_kcis_kxc_pol_part6_LO27` should have an upper camel case name
    --> crates/kernel-mgga-7/src/mgga_c_kcis/kxc_pol_part6.rs:1838:12
     |
1838 | pub struct mgga_c_kcis_kxc_pol_part6_LO27 {
     |            ^^^^^^^^^^^^^^^^^^^^^^^^^^^^^^ help: convert the identifier to upper camel case: `MggaCKcisKxcPolPart6Lo27`

warning: type `mgga_c_kcis_kxc_pol_part6_LO28` should have an upper camel case name
    --> crates/kernel-mgga-7/src/mgga_c_kcis/kxc_pol_part6.rs:1876:12
     |
1876 | pub struct mgga_c_kcis_kxc_pol_part6_LO28 {
     |            ^^^^^^^^^^^^^^^^^^^^^^^^^^^^^^ help: convert the identifier to upper camel case: `MggaCKcisKxcPolPart6Lo28`

warning: type `mgga_c_kcis_kxc_pol_part6_LO29` should have an upper camel case name
    --> crates/kernel-mgga-7/src/mgga_c_kcis/kxc_pol_part6.rs:1951:12
     |
1951 | pub struct mgga_c_kcis_kxc_pol_part6_LO29 {
     |            ^^^^^^^^^^^^^^^^^^^^^^^^^^^^^^ help: convert the identifier to upper camel case: `MggaCKcisKxcPolPart6Lo29`

warning: type `mgga_c_kcis_kxc_pol_part6_LO30` should have an upper camel case name
    --> crates/kernel-mgga-7/src/mgga_c_kcis/kxc_pol_part6.rs:1991:12
     |
1991 | pub struct mgga_c_kcis_kxc_pol_part6_LO30 {
     |            ^^^^^^^^^^^^^^^^^^^^^^^^^^^^^^ help: convert the identifier to upper camel case: `MggaCKcisKxcPolPart6Lo30`

warning: type `mgga_c_kcis_kxc_pol_part6_LO31` should have an upper camel case name
    --> crates/kernel-mgga-7/src/mgga_c_kcis/kxc_pol_part6.rs:2033:12
     |
2033 | pub struct mgga_c_kcis_kxc_pol_part6_LO31 {
     |            ^^^^^^^^^^^^^^^^^^^^^^^^^^^^^^ help: convert the identifier to upper camel case: `MggaCKcisKxcPolPart6Lo31`

warning: type `mgga_c_kcis_kxc_pol_part7_LO0` should have an upper camel case name
  --> crates/kernel-mgga-7/src/mgga_c_kcis/kxc_pol_part7.rs:14:12
   |
14 | pub struct mgga_c_kcis_kxc_pol_part7_LO0 {
   |            ^^^^^^^^^^^^^^^^^^^^^^^^^^^^^ help: convert the identifier to upper camel case: `MggaCKcisKxcPolPart7Lo0`

warning: type `mgga_c_kcis_kxc_pol_part7_LO1` should have an upper camel case name
   --> crates/kernel-mgga-7/src/mgga_c_kcis/kxc_pol_part7.rs:110:12
    |
110 | pub struct mgga_c_kcis_kxc_pol_part7_LO1 {
    |            ^^^^^^^^^^^^^^^^^^^^^^^^^^^^^ help: convert the identifier to upper camel case: `MggaCKcisKxcPolPart7Lo1`

warning: type `mgga_c_kcis_kxc_pol_part7_LO2` should have an upper camel case name
   --> crates/kernel-mgga-7/src/mgga_c_kcis/kxc_pol_part7.rs:206:12
    |
206 | pub struct mgga_c_kcis_kxc_pol_part7_LO2 {
    |            ^^^^^^^^^^^^^^^^^^^^^^^^^^^^^ help: convert the identifier to upper camel case: `MggaCKcisKxcPolPart7Lo2`

warning: type `mgga_c_kcis_kxc_pol_part7_LO3` should have an upper camel case name
   --> crates/kernel-mgga-7/src/mgga_c_kcis/kxc_pol_part7.rs:301:12
    |
301 | pub struct mgga_c_kcis_kxc_pol_part7_LO3 {
    |            ^^^^^^^^^^^^^^^^^^^^^^^^^^^^^ help: convert the identifier to upper camel case: `MggaCKcisKxcPolPart7Lo3`

warning: type `mgga_c_kcis_kxc_pol_part7_LO4` should have an upper camel case name
   --> crates/kernel-mgga-7/src/mgga_c_kcis/kxc_pol_part7.rs:396:12
    |
396 | pub struct mgga_c_kcis_kxc_pol_part7_LO4 {
    |            ^^^^^^^^^^^^^^^^^^^^^^^^^^^^^ help: convert the identifier to upper camel case: `MggaCKcisKxcPolPart7Lo4`

warning: type `mgga_c_kcis_kxc_pol_part7_LO5` should have an upper camel case name
   --> crates/kernel-mgga-7/src/mgga_c_kcis/kxc_pol_part7.rs:496:12
    |
496 | pub struct mgga_c_kcis_kxc_pol_part7_LO5 {
    |            ^^^^^^^^^^^^^^^^^^^^^^^^^^^^^ help: convert the identifier to upper camel case: `MggaCKcisKxcPolPart7Lo5`

warning: type `mgga_c_kcis_kxc_pol_part7_LO6` should have an upper camel case name
   --> crates/kernel-mgga-7/src/mgga_c_kcis/kxc_pol_part7.rs:593:12
    |
593 | pub struct mgga_c_kcis_kxc_pol_part7_LO6 {
    |            ^^^^^^^^^^^^^^^^^^^^^^^^^^^^^ help: convert the identifier to upper camel case: `MggaCKcisKxcPolPart7Lo6`

warning: type `mgga_c_kcis_kxc_pol_part7_LO7` should have an upper camel case name
   --> crates/kernel-mgga-7/src/mgga_c_kcis/kxc_pol_part7.rs:691:12
    |
691 | pub struct mgga_c_kcis_kxc_pol_part7_LO7 {
    |            ^^^^^^^^^^^^^^^^^^^^^^^^^^^^^ help: convert the identifier to upper camel case: `MggaCKcisKxcPolPart7Lo7`

warning: type `mgga_c_kcis_kxc_pol_part7_LO8` should have an upper camel case name
   --> crates/kernel-mgga-7/src/mgga_c_kcis/kxc_pol_part7.rs:769:12
    |
769 | pub struct mgga_c_kcis_kxc_pol_part7_LO8 {
    |            ^^^^^^^^^^^^^^^^^^^^^^^^^^^^^ help: convert the identifier to upper camel case: `MggaCKcisKxcPolPart7Lo8`

warning: type `mgga_c_kcis_kxc_pol_part7_LO9` should have an upper camel case name
   --> crates/kernel-mgga-7/src/mgga_c_kcis/kxc_pol_part7.rs:831:12
    |
831 | pub struct mgga_c_kcis_kxc_pol_part7_LO9 {
    |            ^^^^^^^^^^^^^^^^^^^^^^^^^^^^^ help: convert the identifier to upper camel case: `MggaCKcisKxcPolPart7Lo9`

warning: type `mgga_c_kcis_kxc_pol_part7_LO10` should have an upper camel case name
   --> crates/kernel-mgga-7/src/mgga_c_kcis/kxc_pol_part7.rs:877:12
    |
877 | pub struct mgga_c_kcis_kxc_pol_part7_LO10 {
    |            ^^^^^^^^^^^^^^^^^^^^^^^^^^^^^^ help: convert the identifier to upper camel case: `MggaCKcisKxcPolPart7Lo10`

warning: type `mgga_c_kcis_kxc_pol_part7_LO11` should have an upper camel case name
   --> crates/kernel-mgga-7/src/mgga_c_kcis/kxc_pol_part7.rs:961:12
    |
961 | pub struct mgga_c_kcis_kxc_pol_part7_LO11 {
    |            ^^^^^^^^^^^^^^^^^^^^^^^^^^^^^^ help: convert the identifier to upper camel case: `MggaCKcisKxcPolPart7Lo11`

warning: type `mgga_c_kcis_kxc_pol_part7_LO12` should have an upper camel case name
    --> crates/kernel-mgga-7/src/mgga_c_kcis/kxc_pol_part7.rs:1030:12
     |
1030 | pub struct mgga_c_kcis_kxc_pol_part7_LO12 {
     |            ^^^^^^^^^^^^^^^^^^^^^^^^^^^^^^ help: convert the identifier to upper camel case: `MggaCKcisKxcPolPart7Lo12`

warning: type `mgga_c_kcis_kxc_pol_part7_LO13` should have an upper camel case name
    --> crates/kernel-mgga-7/src/mgga_c_kcis/kxc_pol_part7.rs:1085:12
     |
1085 | pub struct mgga_c_kcis_kxc_pol_part7_LO13 {
     |            ^^^^^^^^^^^^^^^^^^^^^^^^^^^^^^ help: convert the identifier to upper camel case: `MggaCKcisKxcPolPart7Lo13`

warning: type `mgga_c_kcis_kxc_pol_part7_LO14` should have an upper camel case name
    --> crates/kernel-mgga-7/src/mgga_c_kcis/kxc_pol_part7.rs:1122:12
     |
1122 | pub struct mgga_c_kcis_kxc_pol_part7_LO14 {
     |            ^^^^^^^^^^^^^^^^^^^^^^^^^^^^^^ help: convert the identifier to upper camel case: `MggaCKcisKxcPolPart7Lo14`

warning: type `mgga_c_kcis_kxc_pol_part7_LO15` should have an upper camel case name
    --> crates/kernel-mgga-7/src/mgga_c_kcis/kxc_pol_part7.rs:1186:12
     |
1186 | pub struct mgga_c_kcis_kxc_pol_part7_LO15 {
     |            ^^^^^^^^^^^^^^^^^^^^^^^^^^^^^^ help: convert the identifier to upper camel case: `MggaCKcisKxcPolPart7Lo15`

warning: type `mgga_c_kcis_kxc_pol_part7_LO16` should have an upper camel case name
    --> crates/kernel-mgga-7/src/mgga_c_kcis/kxc_pol_part7.rs:1254:12
     |
1254 | pub struct mgga_c_kcis_kxc_pol_part7_LO16 {
     |            ^^^^^^^^^^^^^^^^^^^^^^^^^^^^^^ help: convert the identifier to upper camel case: `MggaCKcisKxcPolPart7Lo16`

warning: type `mgga_c_kcis_kxc_pol_part7_LO17` should have an upper camel case name
    --> crates/kernel-mgga-7/src/mgga_c_kcis/kxc_pol_part7.rs:1328:12
     |
1328 | pub struct mgga_c_kcis_kxc_pol_part7_LO17 {
     |            ^^^^^^^^^^^^^^^^^^^^^^^^^^^^^^ help: convert the identifier to upper camel case: `MggaCKcisKxcPolPart7Lo17`

warning: type `mgga_c_kcis_kxc_pol_part7_LO18` should have an upper camel case name
    --> crates/kernel-mgga-7/src/mgga_c_kcis/kxc_pol_part7.rs:1396:12
     |
1396 | pub struct mgga_c_kcis_kxc_pol_part7_LO18 {
     |            ^^^^^^^^^^^^^^^^^^^^^^^^^^^^^^ help: convert the identifier to upper camel case: `MggaCKcisKxcPolPart7Lo18`

warning: type `mgga_c_kcis_kxc_pol_part7_LO19` should have an upper camel case name
    --> crates/kernel-mgga-7/src/mgga_c_kcis/kxc_pol_part7.rs:1459:12
     |
1459 | pub struct mgga_c_kcis_kxc_pol_part7_LO19 {
     |            ^^^^^^^^^^^^^^^^^^^^^^^^^^^^^^ help: convert the identifier to upper camel case: `MggaCKcisKxcPolPart7Lo19`

warning: type `mgga_c_kcis_kxc_pol_part7_LO20` should have an upper camel case name
    --> crates/kernel-mgga-7/src/mgga_c_kcis/kxc_pol_part7.rs:1533:12
     |
1533 | pub struct mgga_c_kcis_kxc_pol_part7_LO20 {
     |            ^^^^^^^^^^^^^^^^^^^^^^^^^^^^^^ help: convert the identifier to upper camel case: `MggaCKcisKxcPolPart7Lo20`

warning: type `mgga_c_kcis_kxc_pol_part7_LO21` should have an upper camel case name
    --> crates/kernel-mgga-7/src/mgga_c_kcis/kxc_pol_part7.rs:1583:12
     |
1583 | pub struct mgga_c_kcis_kxc_pol_part7_LO21 {
     |            ^^^^^^^^^^^^^^^^^^^^^^^^^^^^^^ help: convert the identifier to upper camel case: `MggaCKcisKxcPolPart7Lo21`

warning: type `mgga_c_kcis_kxc_pol_part7_LO22` should have an upper camel case name
    --> crates/kernel-mgga-7/src/mgga_c_kcis/kxc_pol_part7.rs:1639:12
     |
1639 | pub struct mgga_c_kcis_kxc_pol_part7_LO22 {
     |            ^^^^^^^^^^^^^^^^^^^^^^^^^^^^^^ help: convert the identifier to upper camel case: `MggaCKcisKxcPolPart7Lo22`

warning: type `mgga_c_kcis_kxc_pol_part7_LO23` should have an upper camel case name
    --> crates/kernel-mgga-7/src/mgga_c_kcis/kxc_pol_part7.rs:1664:12
     |
1664 | pub struct mgga_c_kcis_kxc_pol_part7_LO23 {
     |            ^^^^^^^^^^^^^^^^^^^^^^^^^^^^^^ help: convert the identifier to upper camel case: `MggaCKcisKxcPolPart7Lo23`

warning: type `mgga_c_kcis_kxc_pol_part7_LO24` should have an upper camel case name
    --> crates/kernel-mgga-7/src/mgga_c_kcis/kxc_pol_part7.rs:1715:12
     |
1715 | pub struct mgga_c_kcis_kxc_pol_part7_LO24 {
     |            ^^^^^^^^^^^^^^^^^^^^^^^^^^^^^^ help: convert the identifier to upper camel case: `MggaCKcisKxcPolPart7Lo24`

warning: type `mgga_c_kcis_kxc_pol_part7_LO25` should have an upper camel case name
    --> crates/kernel-mgga-7/src/mgga_c_kcis/kxc_pol_part7.rs:1811:12
     |
1811 | pub struct mgga_c_kcis_kxc_pol_part7_LO25 {
     |            ^^^^^^^^^^^^^^^^^^^^^^^^^^^^^^ help: convert the identifier to upper camel case: `MggaCKcisKxcPolPart7Lo25`

warning: type `mgga_c_kcis_kxc_pol_part7_LO26` should have an upper camel case name
    --> crates/kernel-mgga-7/src/mgga_c_kcis/kxc_pol_part7.rs:1912:12
     |
1912 | pub struct mgga_c_kcis_kxc_pol_part7_LO26 {
     |            ^^^^^^^^^^^^^^^^^^^^^^^^^^^^^^ help: convert the identifier to upper camel case: `MggaCKcisKxcPolPart7Lo26`

warning: type `mgga_c_kcis_kxc_pol_part7_LO27` should have an upper camel case name
    --> crates/kernel-mgga-7/src/mgga_c_kcis/kxc_pol_part7.rs:2005:12
     |
2005 | pub struct mgga_c_kcis_kxc_pol_part7_LO27 {
     |            ^^^^^^^^^^^^^^^^^^^^^^^^^^^^^^ help: convert the identifier to upper camel case: `MggaCKcisKxcPolPart7Lo27`

warning: type `mgga_c_kcis_kxc_pol_part7_LO28` should have an upper camel case name
    --> crates/kernel-mgga-7/src/mgga_c_kcis/kxc_pol_part7.rs:2086:12
     |
2086 | pub struct mgga_c_kcis_kxc_pol_part7_LO28 {
     |            ^^^^^^^^^^^^^^^^^^^^^^^^^^^^^^ help: convert the identifier to upper camel case: `MggaCKcisKxcPolPart7Lo28`

warning: type `mgga_c_kcis_kxc_pol_part7_LO29` should have an upper camel case name
    --> crates/kernel-mgga-7/src/mgga_c_kcis/kxc_pol_part7.rs:2172:12
     |
2172 | pub struct mgga_c_kcis_kxc_pol_part7_LO29 {
     |            ^^^^^^^^^^^^^^^^^^^^^^^^^^^^^^ help: convert the identifier to upper camel case: `MggaCKcisKxcPolPart7Lo29`

warning: type `mgga_c_kcis_kxc_pol_part7_LO30` should have an upper camel case name
    --> crates/kernel-mgga-7/src/mgga_c_kcis/kxc_pol_part7.rs:2246:12
     |
2246 | pub struct mgga_c_kcis_kxc_pol_part7_LO30 {
     |            ^^^^^^^^^^^^^^^^^^^^^^^^^^^^^^ help: convert the identifier to upper camel case: `MggaCKcisKxcPolPart7Lo30`

warning: type `mgga_c_kcis_kxc_pol_part7_LO31` should have an upper camel case name
    --> crates/kernel-mgga-7/src/mgga_c_kcis/kxc_pol_part7.rs:2300:12
     |
2300 | pub struct mgga_c_kcis_kxc_pol_part7_LO31 {
     |            ^^^^^^^^^^^^^^^^^^^^^^^^^^^^^^ help: convert the identifier to upper camel case: `MggaCKcisKxcPolPart7Lo31`

warning: type `mgga_c_kcis_kxc_pol_part7_LO32` should have an upper camel case name
    --> crates/kernel-mgga-7/src/mgga_c_kcis/kxc_pol_part7.rs:2338:12
     |
2338 | pub struct mgga_c_kcis_kxc_pol_part7_LO32 {
     |            ^^^^^^^^^^^^^^^^^^^^^^^^^^^^^^ help: convert the identifier to upper camel case: `MggaCKcisKxcPolPart7Lo32`

warning: type `mgga_c_kcis_kxc_pol_part7_LO33` should have an upper camel case name
    --> crates/kernel-mgga-7/src/mgga_c_kcis/kxc_pol_part7.rs:2402:12
     |
2402 | pub struct mgga_c_kcis_kxc_pol_part7_LO33 {
     |            ^^^^^^^^^^^^^^^^^^^^^^^^^^^^^^ help: convert the identifier to upper camel case: `MggaCKcisKxcPolPart7Lo33`

warning: type `mgga_c_kcis_kxc_pol_part7_LO34` should have an upper camel case name
    --> crates/kernel-mgga-7/src/mgga_c_kcis/kxc_pol_part7.rs:2471:12
     |
2471 | pub struct mgga_c_kcis_kxc_pol_part7_LO34 {
     |            ^^^^^^^^^^^^^^^^^^^^^^^^^^^^^^ help: convert the identifier to upper camel case: `MggaCKcisKxcPolPart7Lo34`

warning: type `mgga_c_kcis_kxc_pol_part7_LO35` should have an upper camel case name
    --> crates/kernel-mgga-7/src/mgga_c_kcis/kxc_pol_part7.rs:2541:12
     |
2541 | pub struct mgga_c_kcis_kxc_pol_part7_LO35 {
     |            ^^^^^^^^^^^^^^^^^^^^^^^^^^^^^^ help: convert the identifier to upper camel case: `MggaCKcisKxcPolPart7Lo35`

warning: type `mgga_c_kcis_kxc_pol_part7_LO36` should have an upper camel case name
    --> crates/kernel-mgga-7/src/mgga_c_kcis/kxc_pol_part7.rs:2615:12
     |
2615 | pub struct mgga_c_kcis_kxc_pol_part7_LO36 {
     |            ^^^^^^^^^^^^^^^^^^^^^^^^^^^^^^ help: convert the identifier to upper camel case: `MggaCKcisKxcPolPart7Lo36`

warning: type `mgga_c_kcis_kxc_pol_part7_LO37` should have an upper camel case name
    --> crates/kernel-mgga-7/src/mgga_c_kcis/kxc_pol_part7.rs:2648:12
     |
2648 | pub struct mgga_c_kcis_kxc_pol_part7_LO37 {
     |            ^^^^^^^^^^^^^^^^^^^^^^^^^^^^^^ help: convert the identifier to upper camel case: `MggaCKcisKxcPolPart7Lo37`

warning: type `mgga_c_kcis_kxc_pol_part7_LO38` should have an upper camel case name
    --> crates/kernel-mgga-7/src/mgga_c_kcis/kxc_pol_part7.rs:2685:12
     |
2685 | pub struct mgga_c_kcis_kxc_pol_part7_LO38 {
     |            ^^^^^^^^^^^^^^^^^^^^^^^^^^^^^^ help: convert the identifier to upper camel case: `MggaCKcisKxcPolPart7Lo38`

warning: type `mgga_c_kcis_kxc_pol_part8_LO0` should have an upper camel case name
  --> crates/kernel-mgga-7/src/mgga_c_kcis/kxc_pol_part8.rs:14:12
   |
14 | pub struct mgga_c_kcis_kxc_pol_part8_LO0 {
   |            ^^^^^^^^^^^^^^^^^^^^^^^^^^^^^ help: convert the identifier to upper camel case: `MggaCKcisKxcPolPart8Lo0`

warning: type `mgga_c_kcis_kxc_pol_part8_LO1` should have an upper camel case name
   --> crates/kernel-mgga-7/src/mgga_c_kcis/kxc_pol_part8.rs:110:12
    |
110 | pub struct mgga_c_kcis_kxc_pol_part8_LO1 {
    |            ^^^^^^^^^^^^^^^^^^^^^^^^^^^^^ help: convert the identifier to upper camel case: `MggaCKcisKxcPolPart8Lo1`

warning: type `mgga_c_kcis_kxc_pol_part8_LO2` should have an upper camel case name
   --> crates/kernel-mgga-7/src/mgga_c_kcis/kxc_pol_part8.rs:204:12
    |
204 | pub struct mgga_c_kcis_kxc_pol_part8_LO2 {
    |            ^^^^^^^^^^^^^^^^^^^^^^^^^^^^^ help: convert the identifier to upper camel case: `MggaCKcisKxcPolPart8Lo2`

warning: type `mgga_c_kcis_kxc_pol_part8_LO3` should have an upper camel case name
   --> crates/kernel-mgga-7/src/mgga_c_kcis/kxc_pol_part8.rs:297:12
    |
297 | pub struct mgga_c_kcis_kxc_pol_part8_LO3 {
    |            ^^^^^^^^^^^^^^^^^^^^^^^^^^^^^ help: convert the identifier to upper camel case: `MggaCKcisKxcPolPart8Lo3`

warning: type `mgga_c_kcis_kxc_pol_part8_LO4` should have an upper camel case name
   --> crates/kernel-mgga-7/src/mgga_c_kcis/kxc_pol_part8.rs:387:12
    |
387 | pub struct mgga_c_kcis_kxc_pol_part8_LO4 {
    |            ^^^^^^^^^^^^^^^^^^^^^^^^^^^^^ help: convert the identifier to upper camel case: `MggaCKcisKxcPolPart8Lo4`

warning: type `mgga_c_kcis_kxc_pol_part8_LO5` should have an upper camel case name
   --> crates/kernel-mgga-7/src/mgga_c_kcis/kxc_pol_part8.rs:485:12
    |
485 | pub struct mgga_c_kcis_kxc_pol_part8_LO5 {
    |            ^^^^^^^^^^^^^^^^^^^^^^^^^^^^^ help: convert the identifier to upper camel case: `MggaCKcisKxcPolPart8Lo5`

warning: type `mgga_c_kcis_kxc_pol_part8_LO6` should have an upper camel case name
   --> crates/kernel-mgga-7/src/mgga_c_kcis/kxc_pol_part8.rs:576:12
    |
576 | pub struct mgga_c_kcis_kxc_pol_part8_LO6 {
    |            ^^^^^^^^^^^^^^^^^^^^^^^^^^^^^ help: convert the identifier to upper camel case: `MggaCKcisKxcPolPart8Lo6`

warning: type `mgga_c_kcis_kxc_pol_part8_LO7` should have an upper camel case name
   --> crates/kernel-mgga-7/src/mgga_c_kcis/kxc_pol_part8.rs:647:12
    |
647 | pub struct mgga_c_kcis_kxc_pol_part8_LO7 {
    |            ^^^^^^^^^^^^^^^^^^^^^^^^^^^^^ help: convert the identifier to upper camel case: `MggaCKcisKxcPolPart8Lo7`

warning: type `mgga_c_kcis_kxc_pol_part8_LO8` should have an upper camel case name
   --> crates/kernel-mgga-7/src/mgga_c_kcis/kxc_pol_part8.rs:698:12
    |
698 | pub struct mgga_c_kcis_kxc_pol_part8_LO8 {
    |            ^^^^^^^^^^^^^^^^^^^^^^^^^^^^^ help: convert the identifier to upper camel case: `MggaCKcisKxcPolPart8Lo8`

warning: type `mgga_c_kcis_kxc_pol_part8_LO9` should have an upper camel case name
   --> crates/kernel-mgga-7/src/mgga_c_kcis/kxc_pol_part8.rs:757:12
    |
757 | pub struct mgga_c_kcis_kxc_pol_part8_LO9 {
    |            ^^^^^^^^^^^^^^^^^^^^^^^^^^^^^ help: convert the identifier to upper camel case: `MggaCKcisKxcPolPart8Lo9`

warning: type `mgga_c_kcis_kxc_pol_part8_LO10` should have an upper camel case name
   --> crates/kernel-mgga-7/src/mgga_c_kcis/kxc_pol_part8.rs:840:12
    |
840 | pub struct mgga_c_kcis_kxc_pol_part8_LO10 {
    |            ^^^^^^^^^^^^^^^^^^^^^^^^^^^^^^ help: convert the identifier to upper camel case: `MggaCKcisKxcPolPart8Lo10`

warning: type `mgga_c_kcis_kxc_pol_part8_LO11` should have an upper camel case name
   --> crates/kernel-mgga-7/src/mgga_c_kcis/kxc_pol_part8.rs:927:12
    |
927 | pub struct mgga_c_kcis_kxc_pol_part8_LO11 {
    |            ^^^^^^^^^^^^^^^^^^^^^^^^^^^^^^ help: convert the identifier to upper camel case: `MggaCKcisKxcPolPart8Lo11`

warning: type `mgga_c_kcis_kxc_pol_part8_LO12` should have an upper camel case name
   --> crates/kernel-mgga-7/src/mgga_c_kcis/kxc_pol_part8.rs:974:12
    |
974 | pub struct mgga_c_kcis_kxc_pol_part8_LO12 {
    |            ^^^^^^^^^^^^^^^^^^^^^^^^^^^^^^ help: convert the identifier to upper camel case: `MggaCKcisKxcPolPart8Lo12`

warning: type `mgga_c_kcis_kxc_pol_part8_LO13` should have an upper camel case name
    --> crates/kernel-mgga-7/src/mgga_c_kcis/kxc_pol_part8.rs:1001:12
     |
1001 | pub struct mgga_c_kcis_kxc_pol_part8_LO13 {
     |            ^^^^^^^^^^^^^^^^^^^^^^^^^^^^^^ help: convert the identifier to upper camel case: `MggaCKcisKxcPolPart8Lo13`

warning: type `mgga_c_kcis_kxc_pol_part8_LO14` should have an upper camel case name
    --> crates/kernel-mgga-7/src/mgga_c_kcis/kxc_pol_part8.rs:1099:12
     |
1099 | pub struct mgga_c_kcis_kxc_pol_part8_LO14 {
     |            ^^^^^^^^^^^^^^^^^^^^^^^^^^^^^^ help: convert the identifier to upper camel case: `MggaCKcisKxcPolPart8Lo14`

warning: type `mgga_c_kcis_kxc_pol_part8_LO15` should have an upper camel case name
    --> crates/kernel-mgga-7/src/mgga_c_kcis/kxc_pol_part8.rs:1164:12
     |
1164 | pub struct mgga_c_kcis_kxc_pol_part8_LO15 {
     |            ^^^^^^^^^^^^^^^^^^^^^^^^^^^^^^ help: convert the identifier to upper camel case: `MggaCKcisKxcPolPart8Lo15`

warning: type `mgga_c_kcis_kxc_pol_part8_LO16` should have an upper camel case name
    --> crates/kernel-mgga-7/src/mgga_c_kcis/kxc_pol_part8.rs:1229:12
     |
1229 | pub struct mgga_c_kcis_kxc_pol_part8_LO16 {
     |            ^^^^^^^^^^^^^^^^^^^^^^^^^^^^^^ help: convert the identifier to upper camel case: `MggaCKcisKxcPolPart8Lo16`

warning: type `mgga_c_kcis_kxc_pol_part8_LO17` should have an upper camel case name
    --> crates/kernel-mgga-7/src/mgga_c_kcis/kxc_pol_part8.rs:1302:12
     |
1302 | pub struct mgga_c_kcis_kxc_pol_part8_LO17 {
     |            ^^^^^^^^^^^^^^^^^^^^^^^^^^^^^^ help: convert the identifier to upper camel case: `MggaCKcisKxcPolPart8Lo17`

warning: type `mgga_c_kcis_kxc_pol_part8_LO18` should have an upper camel case name
    --> crates/kernel-mgga-7/src/mgga_c_kcis/kxc_pol_part8.rs:1347:12
     |
1347 | pub struct mgga_c_kcis_kxc_pol_part8_LO18 {
     |            ^^^^^^^^^^^^^^^^^^^^^^^^^^^^^^ help: convert the identifier to upper camel case: `MggaCKcisKxcPolPart8Lo18`

warning: type `mgga_c_kcis_kxc_pol_part8_LO19` should have an upper camel case name
    --> crates/kernel-mgga-7/src/mgga_c_kcis/kxc_pol_part8.rs:1381:12
     |
1381 | pub struct mgga_c_kcis_kxc_pol_part8_LO19 {
     |            ^^^^^^^^^^^^^^^^^^^^^^^^^^^^^^ help: convert the identifier to upper camel case: `MggaCKcisKxcPolPart8Lo19`

warning: type `mgga_c_kcis_kxc_pol_part8_LO20` should have an upper camel case name
    --> crates/kernel-mgga-7/src/mgga_c_kcis/kxc_pol_part8.rs:1468:12
     |
1468 | pub struct mgga_c_kcis_kxc_pol_part8_LO20 {
     |            ^^^^^^^^^^^^^^^^^^^^^^^^^^^^^^ help: convert the identifier to upper camel case: `MggaCKcisKxcPolPart8Lo20`

warning: type `mgga_c_kcis_kxc_pol_part8_LO21` should have an upper camel case name
    --> crates/kernel-mgga-7/src/mgga_c_kcis/kxc_pol_part8.rs:1567:12
     |
1567 | pub struct mgga_c_kcis_kxc_pol_part8_LO21 {
     |            ^^^^^^^^^^^^^^^^^^^^^^^^^^^^^^ help: convert the identifier to upper camel case: `MggaCKcisKxcPolPart8Lo21`

warning: type `mgga_c_kcis_kxc_pol_part8_LO22` should have an upper camel case name
    --> crates/kernel-mgga-7/src/mgga_c_kcis/kxc_pol_part8.rs:1669:12
     |
1669 | pub struct mgga_c_kcis_kxc_pol_part8_LO22 {
     |            ^^^^^^^^^^^^^^^^^^^^^^^^^^^^^^ help: convert the identifier to upper camel case: `MggaCKcisKxcPolPart8Lo22`

warning: type `mgga_c_kcis_kxc_pol_part8_LO23` should have an upper camel case name
    --> crates/kernel-mgga-7/src/mgga_c_kcis/kxc_pol_part8.rs:1751:12
     |
1751 | pub struct mgga_c_kcis_kxc_pol_part8_LO23 {
     |            ^^^^^^^^^^^^^^^^^^^^^^^^^^^^^^ help: convert the identifier to upper camel case: `MggaCKcisKxcPolPart8Lo23`

warning: type `mgga_c_kcis_kxc_pol_part8_LO24` should have an upper camel case name
    --> crates/kernel-mgga-7/src/mgga_c_kcis/kxc_pol_part8.rs:1830:12
     |
1830 | pub struct mgga_c_kcis_kxc_pol_part8_LO24 {
     |            ^^^^^^^^^^^^^^^^^^^^^^^^^^^^^^ help: convert the identifier to upper camel case: `MggaCKcisKxcPolPart8Lo24`

warning: type `mgga_c_kcis_kxc_pol_part8_LO25` should have an upper camel case name
    --> crates/kernel-mgga-7/src/mgga_c_kcis/kxc_pol_part8.rs:1917:12
     |
1917 | pub struct mgga_c_kcis_kxc_pol_part8_LO25 {
     |            ^^^^^^^^^^^^^^^^^^^^^^^^^^^^^^ help: convert the identifier to upper camel case: `MggaCKcisKxcPolPart8Lo25`

warning: type `mgga_c_kcis_kxc_pol_part8_LO26` should have an upper camel case name
    --> crates/kernel-mgga-7/src/mgga_c_kcis/kxc_pol_part8.rs:1966:12
     |
1966 | pub struct mgga_c_kcis_kxc_pol_part8_LO26 {
     |            ^^^^^^^^^^^^^^^^^^^^^^^^^^^^^^ help: convert the identifier to upper camel case: `MggaCKcisKxcPolPart8Lo26`

warning: type `mgga_c_kcis_kxc_pol_part8_LO27` should have an upper camel case name
    --> crates/kernel-mgga-7/src/mgga_c_kcis/kxc_pol_part8.rs:2022:12
     |
2022 | pub struct mgga_c_kcis_kxc_pol_part8_LO27 {
     |            ^^^^^^^^^^^^^^^^^^^^^^^^^^^^^^ help: convert the identifier to upper camel case: `MggaCKcisKxcPolPart8Lo27`

warning: type `mgga_c_kcis_kxc_pol_part8_LO28` should have an upper camel case name
    --> crates/kernel-mgga-7/src/mgga_c_kcis/kxc_pol_part8.rs:2088:12
     |
2088 | pub struct mgga_c_kcis_kxc_pol_part8_LO28 {
     |            ^^^^^^^^^^^^^^^^^^^^^^^^^^^^^^ help: convert the identifier to upper camel case: `MggaCKcisKxcPolPart8Lo28`

warning: type `mgga_c_kcis_kxc_pol_part8_LO29` should have an upper camel case name
    --> crates/kernel-mgga-7/src/mgga_c_kcis/kxc_pol_part8.rs:2157:12
     |
2157 | pub struct mgga_c_kcis_kxc_pol_part8_LO29 {
     |            ^^^^^^^^^^^^^^^^^^^^^^^^^^^^^^ help: convert the identifier to upper camel case: `MggaCKcisKxcPolPart8Lo29`

warning: type `mgga_c_kcis_kxc_pol_part8_LO30` should have an upper camel case name
    --> crates/kernel-mgga-7/src/mgga_c_kcis/kxc_pol_part8.rs:2210:12
     |
2210 | pub struct mgga_c_kcis_kxc_pol_part8_LO30 {
     |            ^^^^^^^^^^^^^^^^^^^^^^^^^^^^^^ help: convert the identifier to upper camel case: `MggaCKcisKxcPolPart8Lo30`

warning: type `mgga_c_kcis_kxc_pol_part8_LO31` should have an upper camel case name
    --> crates/kernel-mgga-7/src/mgga_c_kcis/kxc_pol_part8.rs:2229:12
     |
2229 | pub struct mgga_c_kcis_kxc_pol_part8_LO31 {
     |            ^^^^^^^^^^^^^^^^^^^^^^^^^^^^^^ help: convert the identifier to upper camel case: `MggaCKcisKxcPolPart8Lo31`

warning: type `mgga_c_kcis_kxc_pol_part9_LO0` should have an upper camel case name
  --> crates/kernel-mgga-7/src/mgga_c_kcis/kxc_pol_part9.rs:14:12
   |
14 | pub struct mgga_c_kcis_kxc_pol_part9_LO0 {
   |            ^^^^^^^^^^^^^^^^^^^^^^^^^^^^^ help: convert the identifier to upper camel case: `MggaCKcisKxcPolPart9Lo0`

warning: type `mgga_c_kcis_kxc_pol_part9_LO1` should have an upper camel case name
   --> crates/kernel-mgga-7/src/mgga_c_kcis/kxc_pol_part9.rs:105:12
    |
105 | pub struct mgga_c_kcis_kxc_pol_part9_LO1 {
    |            ^^^^^^^^^^^^^^^^^^^^^^^^^^^^^ help: convert the identifier to upper camel case: `MggaCKcisKxcPolPart9Lo1`

warning: type `mgga_c_kcis_kxc_pol_part9_LO2` should have an upper camel case name
   --> crates/kernel-mgga-7/src/mgga_c_kcis/kxc_pol_part9.rs:199:12
    |
199 | pub struct mgga_c_kcis_kxc_pol_part9_LO2 {
    |            ^^^^^^^^^^^^^^^^^^^^^^^^^^^^^ help: convert the identifier to upper camel case: `MggaCKcisKxcPolPart9Lo2`

warning: type `mgga_c_kcis_kxc_pol_part9_LO3` should have an upper camel case name
   --> crates/kernel-mgga-7/src/mgga_c_kcis/kxc_pol_part9.rs:292:12
    |
292 | pub struct mgga_c_kcis_kxc_pol_part9_LO3 {
    |            ^^^^^^^^^^^^^^^^^^^^^^^^^^^^^ help: convert the identifier to upper camel case: `MggaCKcisKxcPolPart9Lo3`

warning: type `mgga_c_kcis_kxc_pol_part9_LO4` should have an upper camel case name
   --> crates/kernel-mgga-7/src/mgga_c_kcis/kxc_pol_part9.rs:396:12
    |
396 | pub struct mgga_c_kcis_kxc_pol_part9_LO4 {
    |            ^^^^^^^^^^^^^^^^^^^^^^^^^^^^^ help: convert the identifier to upper camel case: `MggaCKcisKxcPolPart9Lo4`

warning: type `mgga_c_kcis_kxc_pol_part9_LO5` should have an upper camel case name
   --> crates/kernel-mgga-7/src/mgga_c_kcis/kxc_pol_part9.rs:493:12
    |
493 | pub struct mgga_c_kcis_kxc_pol_part9_LO5 {
    |            ^^^^^^^^^^^^^^^^^^^^^^^^^^^^^ help: convert the identifier to upper camel case: `MggaCKcisKxcPolPart9Lo5`

warning: type `mgga_c_kcis_kxc_pol_part9_LO6` should have an upper camel case name
   --> crates/kernel-mgga-7/src/mgga_c_kcis/kxc_pol_part9.rs:593:12
    |
593 | pub struct mgga_c_kcis_kxc_pol_part9_LO6 {
    |            ^^^^^^^^^^^^^^^^^^^^^^^^^^^^^ help: convert the identifier to upper camel case: `MggaCKcisKxcPolPart9Lo6`

warning: type `mgga_c_kcis_kxc_pol_part9_LO7` should have an upper camel case name
   --> crates/kernel-mgga-7/src/mgga_c_kcis/kxc_pol_part9.rs:692:12
    |
692 | pub struct mgga_c_kcis_kxc_pol_part9_LO7 {
    |            ^^^^^^^^^^^^^^^^^^^^^^^^^^^^^ help: convert the identifier to upper camel case: `MggaCKcisKxcPolPart9Lo7`

warning: type `mgga_c_kcis_kxc_pol_part9_LO8` should have an upper camel case name
   --> crates/kernel-mgga-7/src/mgga_c_kcis/kxc_pol_part9.rs:790:12
    |
790 | pub struct mgga_c_kcis_kxc_pol_part9_LO8 {
    |            ^^^^^^^^^^^^^^^^^^^^^^^^^^^^^ help: convert the identifier to upper camel case: `MggaCKcisKxcPolPart9Lo8`

warning: type `mgga_c_kcis_kxc_pol_part9_LO9` should have an upper camel case name
   --> crates/kernel-mgga-7/src/mgga_c_kcis/kxc_pol_part9.rs:881:12
    |
881 | pub struct mgga_c_kcis_kxc_pol_part9_LO9 {
    |            ^^^^^^^^^^^^^^^^^^^^^^^^^^^^^ help: convert the identifier to upper camel case: `MggaCKcisKxcPolPart9Lo9`

warning: type `mgga_c_kcis_kxc_pol_part9_LO10` should have an upper camel case name
   --> crates/kernel-mgga-7/src/mgga_c_kcis/kxc_pol_part9.rs:962:12
    |
962 | pub struct mgga_c_kcis_kxc_pol_part9_LO10 {
    |            ^^^^^^^^^^^^^^^^^^^^^^^^^^^^^^ help: convert the identifier to upper camel case: `MggaCKcisKxcPolPart9Lo10`

warning: type `mgga_c_kcis_kxc_pol_part9_LO11` should have an upper camel case name
    --> crates/kernel-mgga-7/src/mgga_c_kcis/kxc_pol_part9.rs:1033:12
     |
1033 | pub struct mgga_c_kcis_kxc_pol_part9_LO11 {
     |            ^^^^^^^^^^^^^^^^^^^^^^^^^^^^^^ help: convert the identifier to upper camel case: `MggaCKcisKxcPolPart9Lo11`

warning: type `mgga_c_kcis_kxc_pol_part9_LO12` should have an upper camel case name
    --> crates/kernel-mgga-7/src/mgga_c_kcis/kxc_pol_part9.rs:1095:12
     |
1095 | pub struct mgga_c_kcis_kxc_pol_part9_LO12 {
     |            ^^^^^^^^^^^^^^^^^^^^^^^^^^^^^^ help: convert the identifier to upper camel case: `MggaCKcisKxcPolPart9Lo12`

warning: type `mgga_c_kcis_kxc_pol_part9_LO13` should have an upper camel case name
    --> crates/kernel-mgga-7/src/mgga_c_kcis/kxc_pol_part9.rs:1154:12
     |
1154 | pub struct mgga_c_kcis_kxc_pol_part9_LO13 {
     |            ^^^^^^^^^^^^^^^^^^^^^^^^^^^^^^ help: convert the identifier to upper camel case: `MggaCKcisKxcPolPart9Lo13`

warning: type `mgga_c_kcis_kxc_pol_part9_LO14` should have an upper camel case name
    --> crates/kernel-mgga-7/src/mgga_c_kcis/kxc_pol_part9.rs:1211:12
     |
1211 | pub struct mgga_c_kcis_kxc_pol_part9_LO14 {
     |            ^^^^^^^^^^^^^^^^^^^^^^^^^^^^^^ help: convert the identifier to upper camel case: `MggaCKcisKxcPolPart9Lo14`

warning: type `mgga_c_kcis_kxc_pol_part9_LO15` should have an upper camel case name
    --> crates/kernel-mgga-7/src/mgga_c_kcis/kxc_pol_part9.rs:1264:12
     |
1264 | pub struct mgga_c_kcis_kxc_pol_part9_LO15 {
     |            ^^^^^^^^^^^^^^^^^^^^^^^^^^^^^^ help: convert the identifier to upper camel case: `MggaCKcisKxcPolPart9Lo15`

warning: type `mgga_c_kcis_kxc_pol_part9_LO16` should have an upper camel case name
    --> crates/kernel-mgga-7/src/mgga_c_kcis/kxc_pol_part9.rs:1332:12
     |
1332 | pub struct mgga_c_kcis_kxc_pol_part9_LO16 {
     |            ^^^^^^^^^^^^^^^^^^^^^^^^^^^^^^ help: convert the identifier to upper camel case: `MggaCKcisKxcPolPart9Lo16`

warning: type `mgga_c_kcis_kxc_pol_part9_LO17` should have an upper camel case name
    --> crates/kernel-mgga-7/src/mgga_c_kcis/kxc_pol_part9.rs:1387:12
     |
1387 | pub struct mgga_c_kcis_kxc_pol_part9_LO17 {
     |            ^^^^^^^^^^^^^^^^^^^^^^^^^^^^^^ help: convert the identifier to upper camel case: `MggaCKcisKxcPolPart9Lo17`

warning: type `mgga_c_kcis_kxc_pol_part9_LO18` should have an upper camel case name
    --> crates/kernel-mgga-7/src/mgga_c_kcis/kxc_pol_part9.rs:1443:12
     |
1443 | pub struct mgga_c_kcis_kxc_pol_part9_LO18 {
     |            ^^^^^^^^^^^^^^^^^^^^^^^^^^^^^^ help: convert the identifier to upper camel case: `MggaCKcisKxcPolPart9Lo18`

warning: type `mgga_c_kcis_kxc_pol_part9_LO19` should have an upper camel case name
    --> crates/kernel-mgga-7/src/mgga_c_kcis/kxc_pol_part9.rs:1488:12
     |
1488 | pub struct mgga_c_kcis_kxc_pol_part9_LO19 {
     |            ^^^^^^^^^^^^^^^^^^^^^^^^^^^^^^ help: convert the identifier to upper camel case: `MggaCKcisKxcPolPart9Lo19`

warning: type `mgga_c_kcis_kxc_pol_part9_LO20` should have an upper camel case name
    --> crates/kernel-mgga-7/src/mgga_c_kcis/kxc_pol_part9.rs:1542:12
     |
1542 | pub struct mgga_c_kcis_kxc_pol_part9_LO20 {
     |            ^^^^^^^^^^^^^^^^^^^^^^^^^^^^^^ help: convert the identifier to upper camel case: `MggaCKcisKxcPolPart9Lo20`

warning: type `mgga_c_kcis_kxc_pol_part9_LO21` should have an upper camel case name
    --> crates/kernel-mgga-7/src/mgga_c_kcis/kxc_pol_part9.rs:1581:12
     |
1581 | pub struct mgga_c_kcis_kxc_pol_part9_LO21 {
     |            ^^^^^^^^^^^^^^^^^^^^^^^^^^^^^^ help: convert the identifier to upper camel case: `MggaCKcisKxcPolPart9Lo21`

warning: type `mgga_c_kcis_kxc_pol_part9_LO22` should have an upper camel case name
    --> crates/kernel-mgga-7/src/mgga_c_kcis/kxc_pol_part9.rs:1632:12
     |
1632 | pub struct mgga_c_kcis_kxc_pol_part9_LO22 {
     |            ^^^^^^^^^^^^^^^^^^^^^^^^^^^^^^ help: convert the identifier to upper camel case: `MggaCKcisKxcPolPart9Lo22`

warning: type `mgga_c_kcis_kxc_pol_part9_LO23` should have an upper camel case name
    --> crates/kernel-mgga-7/src/mgga_c_kcis/kxc_pol_part9.rs:1668:12
     |
1668 | pub struct mgga_c_kcis_kxc_pol_part9_LO23 {
     |            ^^^^^^^^^^^^^^^^^^^^^^^^^^^^^^ help: convert the identifier to upper camel case: `MggaCKcisKxcPolPart9Lo23`

warning: type `mgga_c_kcis_kxc_pol_part9_LO24` should have an upper camel case name
    --> crates/kernel-mgga-7/src/mgga_c_kcis/kxc_pol_part9.rs:1722:12
     |
1722 | pub struct mgga_c_kcis_kxc_pol_part9_LO24 {
     |            ^^^^^^^^^^^^^^^^^^^^^^^^^^^^^^ help: convert the identifier to upper camel case: `MggaCKcisKxcPolPart9Lo24`

warning: type `mgga_c_kcis_kxc_pol_part9_LO25` should have an upper camel case name
    --> crates/kernel-mgga-7/src/mgga_c_kcis/kxc_pol_part9.rs:1763:12
     |
1763 | pub struct mgga_c_kcis_kxc_pol_part9_LO25 {
     |            ^^^^^^^^^^^^^^^^^^^^^^^^^^^^^^ help: convert the identifier to upper camel case: `MggaCKcisKxcPolPart9Lo25`

warning: type `mgga_c_kcis_kxc_pol_part9_LO26` should have an upper camel case name
    --> crates/kernel-mgga-7/src/mgga_c_kcis/kxc_pol_part9.rs:1807:12
     |
1807 | pub struct mgga_c_kcis_kxc_pol_part9_LO26 {
     |            ^^^^^^^^^^^^^^^^^^^^^^^^^^^^^^ help: convert the identifier to upper camel case: `MggaCKcisKxcPolPart9Lo26`

warning: type `mgga_c_kcis_kxc_pol_part9_LO27` should have an upper camel case name
    --> crates/kernel-mgga-7/src/mgga_c_kcis/kxc_pol_part9.rs:1857:12
     |
1857 | pub struct mgga_c_kcis_kxc_pol_part9_LO27 {
     |            ^^^^^^^^^^^^^^^^^^^^^^^^^^^^^^ help: convert the identifier to upper camel case: `MggaCKcisKxcPolPart9Lo27`

warning: type `mgga_c_kcis_kxc_pol_part9_LO28` should have an upper camel case name
    --> crates/kernel-mgga-7/src/mgga_c_kcis/kxc_pol_part9.rs:1887:12
     |
1887 | pub struct mgga_c_kcis_kxc_pol_part9_LO28 {
     |            ^^^^^^^^^^^^^^^^^^^^^^^^^^^^^^ help: convert the identifier to upper camel case: `MggaCKcisKxcPolPart9Lo28`

warning: type `mgga_c_kcis_kxc_pol_part9_LO29` should have an upper camel case name
    --> crates/kernel-mgga-7/src/mgga_c_kcis/kxc_pol_part9.rs:1907:12
     |
1907 | pub struct mgga_c_kcis_kxc_pol_part9_LO29 {
     |            ^^^^^^^^^^^^^^^^^^^^^^^^^^^^^^ help: convert the identifier to upper camel case: `MggaCKcisKxcPolPart9Lo29`

warning: type `mgga_c_kcis_kxc_pol_part9_LO30` should have an upper camel case name
    --> crates/kernel-mgga-7/src/mgga_c_kcis/kxc_pol_part9.rs:1950:12
     |
1950 | pub struct mgga_c_kcis_kxc_pol_part9_LO30 {
     |            ^^^^^^^^^^^^^^^^^^^^^^^^^^^^^^ help: convert the identifier to upper camel case: `MggaCKcisKxcPolPart9Lo30`

warning: type `mgga_c_kcis_kxc_pol_part9_LO31` should have an upper camel case name
    --> crates/kernel-mgga-7/src/mgga_c_kcis/kxc_pol_part9.rs:1987:12
     |
1987 | pub struct mgga_c_kcis_kxc_pol_part9_LO31 {
     |            ^^^^^^^^^^^^^^^^^^^^^^^^^^^^^^ help: convert the identifier to upper camel case: `MggaCKcisKxcPolPart9Lo31`

warning: type `mgga_c_kcis_kxc_pol_part9_LO32` should have an upper camel case name
    --> crates/kernel-mgga-7/src/mgga_c_kcis/kxc_pol_part9.rs:2005:12
     |
2005 | pub struct mgga_c_kcis_kxc_pol_part9_LO32 {
     |            ^^^^^^^^^^^^^^^^^^^^^^^^^^^^^^ help: convert the identifier to upper camel case: `MggaCKcisKxcPolPart9Lo32`

warning: type `mgga_c_kcis_lxc_pol_part0_LO0` should have an upper camel case name
  --> crates/kernel-mgga-7/src/mgga_c_kcis/lxc_pol_part0.rs:14:12
   |
14 | pub struct mgga_c_kcis_lxc_pol_part0_LO0 {
   |            ^^^^^^^^^^^^^^^^^^^^^^^^^^^^^ help: convert the identifier to upper camel case: `MggaCKcisLxcPolPart0Lo0`

warning: type `mgga_c_kcis_lxc_pol_part0_LO1` should have an upper camel case name
   --> crates/kernel-mgga-7/src/mgga_c_kcis/lxc_pol_part0.rs:109:12
    |
109 | pub struct mgga_c_kcis_lxc_pol_part0_LO1 {
    |            ^^^^^^^^^^^^^^^^^^^^^^^^^^^^^ help: convert the identifier to upper camel case: `MggaCKcisLxcPolPart0Lo1`

warning: type `mgga_c_kcis_lxc_pol_part0_LO2` should have an upper camel case name
   --> crates/kernel-mgga-7/src/mgga_c_kcis/lxc_pol_part0.rs:205:12
    |
205 | pub struct mgga_c_kcis_lxc_pol_part0_LO2 {
    |            ^^^^^^^^^^^^^^^^^^^^^^^^^^^^^ help: convert the identifier to upper camel case: `MggaCKcisLxcPolPart0Lo2`

warning: type `mgga_c_kcis_lxc_pol_part0_LO3` should have an upper camel case name
   --> crates/kernel-mgga-7/src/mgga_c_kcis/lxc_pol_part0.rs:301:12
    |
301 | pub struct mgga_c_kcis_lxc_pol_part0_LO3 {
    |            ^^^^^^^^^^^^^^^^^^^^^^^^^^^^^ help: convert the identifier to upper camel case: `MggaCKcisLxcPolPart0Lo3`

warning: type `mgga_c_kcis_lxc_pol_part0_LO4` should have an upper camel case name
   --> crates/kernel-mgga-7/src/mgga_c_kcis/lxc_pol_part0.rs:395:12
    |
395 | pub struct mgga_c_kcis_lxc_pol_part0_LO4 {
    |            ^^^^^^^^^^^^^^^^^^^^^^^^^^^^^ help: convert the identifier to upper camel case: `MggaCKcisLxcPolPart0Lo4`

warning: type `mgga_c_kcis_lxc_pol_part0_LO5` should have an upper camel case name
   --> crates/kernel-mgga-7/src/mgga_c_kcis/lxc_pol_part0.rs:492:12
    |
492 | pub struct mgga_c_kcis_lxc_pol_part0_LO5 {
    |            ^^^^^^^^^^^^^^^^^^^^^^^^^^^^^ help: convert the identifier to upper camel case: `MggaCKcisLxcPolPart0Lo5`

warning: type `mgga_c_kcis_lxc_pol_part0_LO6` should have an upper camel case name
   --> crates/kernel-mgga-7/src/mgga_c_kcis/lxc_pol_part0.rs:593:12
    |
593 | pub struct mgga_c_kcis_lxc_pol_part0_LO6 {
    |            ^^^^^^^^^^^^^^^^^^^^^^^^^^^^^ help: convert the identifier to upper camel case: `MggaCKcisLxcPolPart0Lo6`

warning: type `mgga_c_kcis_lxc_pol_part0_LO7` should have an upper camel case name
   --> crates/kernel-mgga-7/src/mgga_c_kcis/lxc_pol_part0.rs:692:12
    |
692 | pub struct mgga_c_kcis_lxc_pol_part0_LO7 {
    |            ^^^^^^^^^^^^^^^^^^^^^^^^^^^^^ help: convert the identifier to upper camel case: `MggaCKcisLxcPolPart0Lo7`

warning: type `mgga_c_kcis_lxc_pol_part0_LO8` should have an upper camel case name
   --> crates/kernel-mgga-7/src/mgga_c_kcis/lxc_pol_part0.rs:786:12
    |
786 | pub struct mgga_c_kcis_lxc_pol_part0_LO8 {
    |            ^^^^^^^^^^^^^^^^^^^^^^^^^^^^^ help: convert the identifier to upper camel case: `MggaCKcisLxcPolPart0Lo8`

warning: type `mgga_c_kcis_lxc_pol_part0_LO9` should have an upper camel case name
   --> crates/kernel-mgga-7/src/mgga_c_kcis/lxc_pol_part0.rs:886:12
    |
886 | pub struct mgga_c_kcis_lxc_pol_part0_LO9 {
    |            ^^^^^^^^^^^^^^^^^^^^^^^^^^^^^ help: convert the identifier to upper camel case: `MggaCKcisLxcPolPart0Lo9`

warning: type `mgga_c_kcis_lxc_pol_part0_LO10` should have an upper camel case name
   --> crates/kernel-mgga-7/src/mgga_c_kcis/lxc_pol_part0.rs:978:12
    |
978 | pub struct mgga_c_kcis_lxc_pol_part0_LO10 {
    |            ^^^^^^^^^^^^^^^^^^^^^^^^^^^^^^ help: convert the identifier to upper camel case: `MggaCKcisLxcPolPart0Lo10`

warning: type `mgga_c_kcis_lxc_pol_part0_LO11` should have an upper camel case name
    --> crates/kernel-mgga-7/src/mgga_c_kcis/lxc_pol_part0.rs:1065:12
     |
1065 | pub struct mgga_c_kcis_lxc_pol_part0_LO11 {
     |            ^^^^^^^^^^^^^^^^^^^^^^^^^^^^^^ help: convert the identifier to upper camel case: `MggaCKcisLxcPolPart0Lo11`

warning: type `mgga_c_kcis_lxc_pol_part0_LO12` should have an upper camel case name
    --> crates/kernel-mgga-7/src/mgga_c_kcis/lxc_pol_part0.rs:1160:12
     |
1160 | pub struct mgga_c_kcis_lxc_pol_part0_LO12 {
     |            ^^^^^^^^^^^^^^^^^^^^^^^^^^^^^^ help: convert the identifier to upper camel case: `MggaCKcisLxcPolPart0Lo12`

warning: type `mgga_c_kcis_lxc_pol_part0_LO13` should have an upper camel case name
    --> crates/kernel-mgga-7/src/mgga_c_kcis/lxc_pol_part0.rs:1182:12
     |
1182 | pub struct mgga_c_kcis_lxc_pol_part0_LO13 {
     |            ^^^^^^^^^^^^^^^^^^^^^^^^^^^^^^ help: convert the identifier to upper camel case: `MggaCKcisLxcPolPart0Lo13`

warning: type `mgga_c_kcis_lxc_pol_part0_LO14` should have an upper camel case name
    --> crates/kernel-mgga-7/src/mgga_c_kcis/lxc_pol_part0.rs:1231:12
     |
1231 | pub struct mgga_c_kcis_lxc_pol_part0_LO14 {
     |            ^^^^^^^^^^^^^^^^^^^^^^^^^^^^^^ help: convert the identifier to upper camel case: `MggaCKcisLxcPolPart0Lo14`

warning: type `mgga_c_kcis_lxc_pol_part0_LO15` should have an upper camel case name
    --> crates/kernel-mgga-7/src/mgga_c_kcis/lxc_pol_part0.rs:1273:12
     |
1273 | pub struct mgga_c_kcis_lxc_pol_part0_LO15 {
     |            ^^^^^^^^^^^^^^^^^^^^^^^^^^^^^^ help: convert the identifier to upper camel case: `MggaCKcisLxcPolPart0Lo15`

warning: type `mgga_c_kcis_lxc_pol_part0_LO16` should have an upper camel case name
    --> crates/kernel-mgga-7/src/mgga_c_kcis/lxc_pol_part0.rs:1315:12
     |
1315 | pub struct mgga_c_kcis_lxc_pol_part0_LO16 {
     |            ^^^^^^^^^^^^^^^^^^^^^^^^^^^^^^ help: convert the identifier to upper camel case: `MggaCKcisLxcPolPart0Lo16`

warning: type `mgga_c_kcis_lxc_pol_part0_LO17` should have an upper camel case name
    --> crates/kernel-mgga-7/src/mgga_c_kcis/lxc_pol_part0.rs:1382:12
     |
1382 | pub struct mgga_c_kcis_lxc_pol_part0_LO17 {
     |            ^^^^^^^^^^^^^^^^^^^^^^^^^^^^^^ help: convert the identifier to upper camel case: `MggaCKcisLxcPolPart0Lo17`

warning: type `mgga_c_kcis_lxc_pol_part0_LO18` should have an upper camel case name
    --> crates/kernel-mgga-7/src/mgga_c_kcis/lxc_pol_part0.rs:1441:12
     |
1441 | pub struct mgga_c_kcis_lxc_pol_part0_LO18 {
     |            ^^^^^^^^^^^^^^^^^^^^^^^^^^^^^^ help: convert the identifier to upper camel case: `MggaCKcisLxcPolPart0Lo18`

warning: type `mgga_c_kcis_lxc_pol_part0_LO19` should have an upper camel case name
    --> crates/kernel-mgga-7/src/mgga_c_kcis/lxc_pol_part0.rs:1493:12
     |
1493 | pub struct mgga_c_kcis_lxc_pol_part0_LO19 {
     |            ^^^^^^^^^^^^^^^^^^^^^^^^^^^^^^ help: convert the identifier to upper camel case: `MggaCKcisLxcPolPart0Lo19`

warning: type `mgga_c_kcis_lxc_pol_part0_LO20` should have an upper camel case name
    --> crates/kernel-mgga-7/src/mgga_c_kcis/lxc_pol_part0.rs:1552:12
     |
1552 | pub struct mgga_c_kcis_lxc_pol_part0_LO20 {
     |            ^^^^^^^^^^^^^^^^^^^^^^^^^^^^^^ help: convert the identifier to upper camel case: `MggaCKcisLxcPolPart0Lo20`

warning: type `mgga_c_kcis_lxc_pol_part0_LO21` should have an upper camel case name
    --> crates/kernel-mgga-7/src/mgga_c_kcis/lxc_pol_part0.rs:1617:12
     |
1617 | pub struct mgga_c_kcis_lxc_pol_part0_LO21 {
     |            ^^^^^^^^^^^^^^^^^^^^^^^^^^^^^^ help: convert the identifier to upper camel case: `MggaCKcisLxcPolPart0Lo21`

warning: type `mgga_c_kcis_lxc_pol_part0_LO22` should have an upper camel case name
    --> crates/kernel-mgga-7/src/mgga_c_kcis/lxc_pol_part0.rs:1679:12
     |
1679 | pub struct mgga_c_kcis_lxc_pol_part0_LO22 {
     |            ^^^^^^^^^^^^^^^^^^^^^^^^^^^^^^ help: convert the identifier to upper camel case: `MggaCKcisLxcPolPart0Lo22`

warning: type `mgga_c_kcis_lxc_pol_part0_LO23` should have an upper camel case name
    --> crates/kernel-mgga-7/src/mgga_c_kcis/lxc_pol_part0.rs:1734:12
     |
1734 | pub struct mgga_c_kcis_lxc_pol_part0_LO23 {
     |            ^^^^^^^^^^^^^^^^^^^^^^^^^^^^^^ help: convert the identifier to upper camel case: `MggaCKcisLxcPolPart0Lo23`

warning: type `mgga_c_kcis_lxc_pol_part0_LO24` should have an upper camel case name
    --> crates/kernel-mgga-7/src/mgga_c_kcis/lxc_pol_part0.rs:1796:12
     |
1796 | pub struct mgga_c_kcis_lxc_pol_part0_LO24 {
     |            ^^^^^^^^^^^^^^^^^^^^^^^^^^^^^^ help: convert the identifier to upper camel case: `MggaCKcisLxcPolPart0Lo24`

warning: type `mgga_c_kcis_lxc_pol_part0_LO25` should have an upper camel case name
    --> crates/kernel-mgga-7/src/mgga_c_kcis/lxc_pol_part0.rs:1835:12
     |
1835 | pub struct mgga_c_kcis_lxc_pol_part0_LO25 {
     |            ^^^^^^^^^^^^^^^^^^^^^^^^^^^^^^ help: convert the identifier to upper camel case: `MggaCKcisLxcPolPart0Lo25`

warning: type `mgga_c_kcis_lxc_pol_part0_LO26` should have an upper camel case name
    --> crates/kernel-mgga-7/src/mgga_c_kcis/lxc_pol_part0.rs:1888:12
     |
1888 | pub struct mgga_c_kcis_lxc_pol_part0_LO26 {
     |            ^^^^^^^^^^^^^^^^^^^^^^^^^^^^^^ help: convert the identifier to upper camel case: `MggaCKcisLxcPolPart0Lo26`

warning: type `mgga_c_kcis_lxc_pol_part0_LO27` should have an upper camel case name
    --> crates/kernel-mgga-7/src/mgga_c_kcis/lxc_pol_part0.rs:1929:12
     |
1929 | pub struct mgga_c_kcis_lxc_pol_part0_LO27 {
     |            ^^^^^^^^^^^^^^^^^^^^^^^^^^^^^^ help: convert the identifier to upper camel case: `MggaCKcisLxcPolPart0Lo27`

warning: type `mgga_c_kcis_lxc_pol_part0_LO28` should have an upper camel case name
    --> crates/kernel-mgga-7/src/mgga_c_kcis/lxc_pol_part0.rs:1978:12
     |
1978 | pub struct mgga_c_kcis_lxc_pol_part0_LO28 {
     |            ^^^^^^^^^^^^^^^^^^^^^^^^^^^^^^ help: convert the identifier to upper camel case: `MggaCKcisLxcPolPart0Lo28`

warning: type `mgga_c_kcis_lxc_pol_part0_LO29` should have an upper camel case name
    --> crates/kernel-mgga-7/src/mgga_c_kcis/lxc_pol_part0.rs:2015:12
     |
2015 | pub struct mgga_c_kcis_lxc_pol_part0_LO29 {
     |            ^^^^^^^^^^^^^^^^^^^^^^^^^^^^^^ help: convert the identifier to upper camel case: `MggaCKcisLxcPolPart0Lo29`

warning: type `mgga_c_kcis_lxc_pol_part0_LO30` should have an upper camel case name
    --> crates/kernel-mgga-7/src/mgga_c_kcis/lxc_pol_part0.rs:2067:12
     |
2067 | pub struct mgga_c_kcis_lxc_pol_part0_LO30 {
     |            ^^^^^^^^^^^^^^^^^^^^^^^^^^^^^^ help: convert the identifier to upper camel case: `MggaCKcisLxcPolPart0Lo30`

warning: type `mgga_c_kcis_lxc_pol_part0_LO31` should have an upper camel case name
    --> crates/kernel-mgga-7/src/mgga_c_kcis/lxc_pol_part0.rs:2105:12
     |
2105 | pub struct mgga_c_kcis_lxc_pol_part0_LO31 {
     |            ^^^^^^^^^^^^^^^^^^^^^^^^^^^^^^ help: convert the identifier to upper camel case: `MggaCKcisLxcPolPart0Lo31`

warning: type `mgga_c_kcis_lxc_pol_part0_LO32` should have an upper camel case name
    --> crates/kernel-mgga-7/src/mgga_c_kcis/lxc_pol_part0.rs:2151:12
     |
2151 | pub struct mgga_c_kcis_lxc_pol_part0_LO32 {
     |            ^^^^^^^^^^^^^^^^^^^^^^^^^^^^^^ help: convert the identifier to upper camel case: `MggaCKcisLxcPolPart0Lo32`

warning: type `mgga_c_kcis_lxc_pol_part0_LO33` should have an upper camel case name
    --> crates/kernel-mgga-7/src/mgga_c_kcis/lxc_pol_part0.rs:2197:12
     |
2197 | pub struct mgga_c_kcis_lxc_pol_part0_LO33 {
     |            ^^^^^^^^^^^^^^^^^^^^^^^^^^^^^^ help: convert the identifier to upper camel case: `MggaCKcisLxcPolPart0Lo33`

warning: type `mgga_c_kcis_lxc_pol_part0_LO34` should have an upper camel case name
    --> crates/kernel-mgga-7/src/mgga_c_kcis/lxc_pol_part0.rs:2235:12
     |
2235 | pub struct mgga_c_kcis_lxc_pol_part0_LO34 {
     |            ^^^^^^^^^^^^^^^^^^^^^^^^^^^^^^ help: convert the identifier to upper camel case: `MggaCKcisLxcPolPart0Lo34`

warning: type `mgga_c_kcis_lxc_pol_part0_LO35` should have an upper camel case name
    --> crates/kernel-mgga-7/src/mgga_c_kcis/lxc_pol_part0.rs:2242:12
     |
2242 | pub struct mgga_c_kcis_lxc_pol_part0_LO35 {
     |            ^^^^^^^^^^^^^^^^^^^^^^^^^^^^^^ help: convert the identifier to upper camel case: `MggaCKcisLxcPolPart0Lo35`

warning: type `mgga_c_kcis_lxc_pol_part0_LO36` should have an upper camel case name
    --> crates/kernel-mgga-7/src/mgga_c_kcis/lxc_pol_part0.rs:2299:12
     |
2299 | pub struct mgga_c_kcis_lxc_pol_part0_LO36 {
     |            ^^^^^^^^^^^^^^^^^^^^^^^^^^^^^^ help: convert the identifier to upper camel case: `MggaCKcisLxcPolPart0Lo36`

warning: type `mgga_c_kcis_lxc_pol_part0_LO37` should have an upper camel case name
    --> crates/kernel-mgga-7/src/mgga_c_kcis/lxc_pol_part0.rs:2335:12
     |
2335 | pub struct mgga_c_kcis_lxc_pol_part0_LO37 {
     |            ^^^^^^^^^^^^^^^^^^^^^^^^^^^^^^ help: convert the identifier to upper camel case: `MggaCKcisLxcPolPart0Lo37`

warning: type `mgga_c_kcis_lxc_pol_part2_LO0` should have an upper camel case name
  --> crates/kernel-mgga-7/src/mgga_c_kcis/lxc_pol_part2.rs:14:12
   |
14 | pub struct mgga_c_kcis_lxc_pol_part2_LO0 {
   |            ^^^^^^^^^^^^^^^^^^^^^^^^^^^^^ help: convert the identifier to upper camel case: `MggaCKcisLxcPolPart2Lo0`

warning: type `mgga_c_kcis_lxc_pol_part2_LO1` should have an upper camel case name
   --> crates/kernel-mgga-7/src/mgga_c_kcis/lxc_pol_part2.rs:108:12
    |
108 | pub struct mgga_c_kcis_lxc_pol_part2_LO1 {
    |            ^^^^^^^^^^^^^^^^^^^^^^^^^^^^^ help: convert the identifier to upper camel case: `MggaCKcisLxcPolPart2Lo1`

warning: type `mgga_c_kcis_lxc_pol_part2_LO2` should have an upper camel case name
   --> crates/kernel-mgga-7/src/mgga_c_kcis/lxc_pol_part2.rs:201:12
    |
201 | pub struct mgga_c_kcis_lxc_pol_part2_LO2 {
    |            ^^^^^^^^^^^^^^^^^^^^^^^^^^^^^ help: convert the identifier to upper camel case: `MggaCKcisLxcPolPart2Lo2`

warning: type `mgga_c_kcis_lxc_pol_part2_LO3` should have an upper camel case name
   --> crates/kernel-mgga-7/src/mgga_c_kcis/lxc_pol_part2.rs:295:12
    |
295 | pub struct mgga_c_kcis_lxc_pol_part2_LO3 {
    |            ^^^^^^^^^^^^^^^^^^^^^^^^^^^^^ help: convert the identifier to upper camel case: `MggaCKcisLxcPolPart2Lo3`

warning: type `mgga_c_kcis_lxc_pol_part2_LO4` should have an upper camel case name
   --> crates/kernel-mgga-7/src/mgga_c_kcis/lxc_pol_part2.rs:385:12
    |
385 | pub struct mgga_c_kcis_lxc_pol_part2_LO4 {
    |            ^^^^^^^^^^^^^^^^^^^^^^^^^^^^^ help: convert the identifier to upper camel case: `MggaCKcisLxcPolPart2Lo4`

warning: type `mgga_c_kcis_lxc_pol_part2_LO5` should have an upper camel case name
   --> crates/kernel-mgga-7/src/mgga_c_kcis/lxc_pol_part2.rs:481:12
    |
481 | pub struct mgga_c_kcis_lxc_pol_part2_LO5 {
    |            ^^^^^^^^^^^^^^^^^^^^^^^^^^^^^ help: convert the identifier to upper camel case: `MggaCKcisLxcPolPart2Lo5`

warning: type `mgga_c_kcis_lxc_pol_part2_LO6` should have an upper camel case name
   --> crates/kernel-mgga-7/src/mgga_c_kcis/lxc_pol_part2.rs:575:12
    |
575 | pub struct mgga_c_kcis_lxc_pol_part2_LO6 {
    |            ^^^^^^^^^^^^^^^^^^^^^^^^^^^^^ help: convert the identifier to upper camel case: `MggaCKcisLxcPolPart2Lo6`

warning: type `mgga_c_kcis_lxc_pol_part2_LO7` should have an upper camel case name
   --> crates/kernel-mgga-7/src/mgga_c_kcis/lxc_pol_part2.rs:666:12
    |
666 | pub struct mgga_c_kcis_lxc_pol_part2_LO7 {
    |            ^^^^^^^^^^^^^^^^^^^^^^^^^^^^^ help: convert the identifier to upper camel case: `MggaCKcisLxcPolPart2Lo7`

warning: type `mgga_c_kcis_lxc_pol_part2_LO8` should have an upper camel case name
   --> crates/kernel-mgga-7/src/mgga_c_kcis/lxc_pol_part2.rs:752:12
    |
752 | pub struct mgga_c_kcis_lxc_pol_part2_LO8 {
    |            ^^^^^^^^^^^^^^^^^^^^^^^^^^^^^ help: convert the identifier to upper camel case: `MggaCKcisLxcPolPart2Lo8`

warning: type `mgga_c_kcis_lxc_pol_part2_LO9` should have an upper camel case name
   --> crates/kernel-mgga-7/src/mgga_c_kcis/lxc_pol_part2.rs:837:12
    |
837 | pub struct mgga_c_kcis_lxc_pol_part2_LO9 {
    |            ^^^^^^^^^^^^^^^^^^^^^^^^^^^^^ help: convert the identifier to upper camel case: `MggaCKcisLxcPolPart2Lo9`

warning: type `mgga_c_kcis_lxc_pol_part2_LO10` should have an upper camel case name
   --> crates/kernel-mgga-7/src/mgga_c_kcis/lxc_pol_part2.rs:922:12
    |
922 | pub struct mgga_c_kcis_lxc_pol_part2_LO10 {
    |            ^^^^^^^^^^^^^^^^^^^^^^^^^^^^^^ help: convert the identifier to upper camel case: `MggaCKcisLxcPolPart2Lo10`

warning: type `mgga_c_kcis_lxc_pol_part2_LO11` should have an upper camel case name
    --> crates/kernel-mgga-7/src/mgga_c_kcis/lxc_pol_part2.rs:1020:12
     |
1020 | pub struct mgga_c_kcis_lxc_pol_part2_LO11 {
     |            ^^^^^^^^^^^^^^^^^^^^^^^^^^^^^^ help: convert the identifier to upper camel case: `MggaCKcisLxcPolPart2Lo11`

warning: type `mgga_c_kcis_lxc_pol_part2_LO12` should have an upper camel case name
    --> crates/kernel-mgga-7/src/mgga_c_kcis/lxc_pol_part2.rs:1107:12
     |
1107 | pub struct mgga_c_kcis_lxc_pol_part2_LO12 {
     |            ^^^^^^^^^^^^^^^^^^^^^^^^^^^^^^ help: convert the identifier to upper camel case: `MggaCKcisLxcPolPart2Lo12`

warning: type `mgga_c_kcis_lxc_pol_part2_LO13` should have an upper camel case name
    --> crates/kernel-mgga-7/src/mgga_c_kcis/lxc_pol_part2.rs:1203:12
     |
1203 | pub struct mgga_c_kcis_lxc_pol_part2_LO13 {
     |            ^^^^^^^^^^^^^^^^^^^^^^^^^^^^^^ help: convert the identifier to upper camel case: `MggaCKcisLxcPolPart2Lo13`

warning: type `mgga_c_kcis_lxc_pol_part2_LO14` should have an upper camel case name
    --> crates/kernel-mgga-7/src/mgga_c_kcis/lxc_pol_part2.rs:1283:12
     |
1283 | pub struct mgga_c_kcis_lxc_pol_part2_LO14 {
     |            ^^^^^^^^^^^^^^^^^^^^^^^^^^^^^^ help: convert the identifier to upper camel case: `MggaCKcisLxcPolPart2Lo14`

warning: type `mgga_c_kcis_lxc_pol_part2_LO15` should have an upper camel case name
    --> crates/kernel-mgga-7/src/mgga_c_kcis/lxc_pol_part2.rs:1372:12
     |
1372 | pub struct mgga_c_kcis_lxc_pol_part2_LO15 {
     |            ^^^^^^^^^^^^^^^^^^^^^^^^^^^^^^ help: convert the identifier to upper camel case: `MggaCKcisLxcPolPart2Lo15`

warning: type `mgga_c_kcis_lxc_pol_part2_LO16` should have an upper camel case name
    --> crates/kernel-mgga-7/src/mgga_c_kcis/lxc_pol_part2.rs:1465:12
     |
1465 | pub struct mgga_c_kcis_lxc_pol_part2_LO16 {
     |            ^^^^^^^^^^^^^^^^^^^^^^^^^^^^^^ help: convert the identifier to upper camel case: `MggaCKcisLxcPolPart2Lo16`

warning: type `mgga_c_kcis_lxc_pol_part2_LO17` should have an upper camel case name
    --> crates/kernel-mgga-7/src/mgga_c_kcis/lxc_pol_part2.rs:1553:12
     |
1553 | pub struct mgga_c_kcis_lxc_pol_part2_LO17 {
     |            ^^^^^^^^^^^^^^^^^^^^^^^^^^^^^^ help: convert the identifier to upper camel case: `MggaCKcisLxcPolPart2Lo17`

warning: type `mgga_c_kcis_lxc_pol_part2_LO18` should have an upper camel case name
    --> crates/kernel-mgga-7/src/mgga_c_kcis/lxc_pol_part2.rs:1641:12
     |
1641 | pub struct mgga_c_kcis_lxc_pol_part2_LO18 {
     |            ^^^^^^^^^^^^^^^^^^^^^^^^^^^^^^ help: convert the identifier to upper camel case: `MggaCKcisLxcPolPart2Lo18`

warning: type `mgga_c_kcis_lxc_pol_part2_LO19` should have an upper camel case name
    --> crates/kernel-mgga-7/src/mgga_c_kcis/lxc_pol_part2.rs:1711:12
     |
1711 | pub struct mgga_c_kcis_lxc_pol_part2_LO19 {
     |            ^^^^^^^^^^^^^^^^^^^^^^^^^^^^^^ help: convert the identifier to upper camel case: `MggaCKcisLxcPolPart2Lo19`

warning: type `mgga_c_kcis_lxc_pol_part2_LO20` should have an upper camel case name
    --> crates/kernel-mgga-7/src/mgga_c_kcis/lxc_pol_part2.rs:1800:12
     |
1800 | pub struct mgga_c_kcis_lxc_pol_part2_LO20 {
     |            ^^^^^^^^^^^^^^^^^^^^^^^^^^^^^^ help: convert the identifier to upper camel case: `MggaCKcisLxcPolPart2Lo20`

warning: type `mgga_c_kcis_lxc_pol_part2_LO21` should have an upper camel case name
    --> crates/kernel-mgga-7/src/mgga_c_kcis/lxc_pol_part2.rs:1872:12
     |
1872 | pub struct mgga_c_kcis_lxc_pol_part2_LO21 {
     |            ^^^^^^^^^^^^^^^^^^^^^^^^^^^^^^ help: convert the identifier to upper camel case: `MggaCKcisLxcPolPart2Lo21`

warning: type `mgga_c_kcis_lxc_pol_part2_LO22` should have an upper camel case name
    --> crates/kernel-mgga-7/src/mgga_c_kcis/lxc_pol_part2.rs:1957:12
     |
1957 | pub struct mgga_c_kcis_lxc_pol_part2_LO22 {
     |            ^^^^^^^^^^^^^^^^^^^^^^^^^^^^^^ help: convert the identifier to upper camel case: `MggaCKcisLxcPolPart2Lo22`

warning: type `mgga_c_kcis_lxc_pol_part2_LO23` should have an upper camel case name
    --> crates/kernel-mgga-7/src/mgga_c_kcis/lxc_pol_part2.rs:1970:12
     |
1970 | pub struct mgga_c_kcis_lxc_pol_part2_LO23 {
     |            ^^^^^^^^^^^^^^^^^^^^^^^^^^^^^^ help: convert the identifier to upper camel case: `MggaCKcisLxcPolPart2Lo23`

warning: type `mgga_c_kcis_lxc_pol_part2_LO24` should have an upper camel case name
    --> crates/kernel-mgga-7/src/mgga_c_kcis/lxc_pol_part2.rs:2012:12
     |
2012 | pub struct mgga_c_kcis_lxc_pol_part2_LO24 {
     |            ^^^^^^^^^^^^^^^^^^^^^^^^^^^^^^ help: convert the identifier to upper camel case: `MggaCKcisLxcPolPart2Lo24`

warning: type `mgga_c_kcis_lxc_pol_part2_LO25` should have an upper camel case name
    --> crates/kernel-mgga-7/src/mgga_c_kcis/lxc_pol_part2.rs:2036:12
     |
2036 | pub struct mgga_c_kcis_lxc_pol_part2_LO25 {
     |            ^^^^^^^^^^^^^^^^^^^^^^^^^^^^^^ help: convert the identifier to upper camel case: `MggaCKcisLxcPolPart2Lo25`

warning: type `mgga_c_kcis_lxc_pol_part2_LO26` should have an upper camel case name
    --> crates/kernel-mgga-7/src/mgga_c_kcis/lxc_pol_part2.rs:2088:12
     |
2088 | pub struct mgga_c_kcis_lxc_pol_part2_LO26 {
     |            ^^^^^^^^^^^^^^^^^^^^^^^^^^^^^^ help: convert the identifier to upper camel case: `MggaCKcisLxcPolPart2Lo26`

warning: type `mgga_c_kcis_lxc_pol_part2_LO27` should have an upper camel case name
    --> crates/kernel-mgga-7/src/mgga_c_kcis/lxc_pol_part2.rs:2152:12
     |
2152 | pub struct mgga_c_kcis_lxc_pol_part2_LO27 {
     |            ^^^^^^^^^^^^^^^^^^^^^^^^^^^^^^ help: convert the identifier to upper camel case: `MggaCKcisLxcPolPart2Lo27`

warning: type `mgga_c_kcis_lxc_pol_part2_LO28` should have an upper camel case name
    --> crates/kernel-mgga-7/src/mgga_c_kcis/lxc_pol_part2.rs:2207:12
     |
2207 | pub struct mgga_c_kcis_lxc_pol_part2_LO28 {
     |            ^^^^^^^^^^^^^^^^^^^^^^^^^^^^^^ help: convert the identifier to upper camel case: `MggaCKcisLxcPolPart2Lo28`

warning: type `mgga_c_kcis_lxc_pol_part2_LO29` should have an upper camel case name
    --> crates/kernel-mgga-7/src/mgga_c_kcis/lxc_pol_part2.rs:2226:12
     |
2226 | pub struct mgga_c_kcis_lxc_pol_part2_LO29 {
     |            ^^^^^^^^^^^^^^^^^^^^^^^^^^^^^^ help: convert the identifier to upper camel case: `MggaCKcisLxcPolPart2Lo29`

warning: type `mgga_c_kcis_lxc_pol_part2_LO30` should have an upper camel case name
    --> crates/kernel-mgga-7/src/mgga_c_kcis/lxc_pol_part2.rs:2256:12
     |
2256 | pub struct mgga_c_kcis_lxc_pol_part2_LO30 {
     |            ^^^^^^^^^^^^^^^^^^^^^^^^^^^^^^ help: convert the identifier to upper camel case: `MggaCKcisLxcPolPart2Lo30`

warning: type `mgga_c_kcis_lxc_pol_part2_LO31` should have an upper camel case name
    --> crates/kernel-mgga-7/src/mgga_c_kcis/lxc_pol_part2.rs:2286:12
     |
2286 | pub struct mgga_c_kcis_lxc_pol_part2_LO31 {
     |            ^^^^^^^^^^^^^^^^^^^^^^^^^^^^^^ help: convert the identifier to upper camel case: `MggaCKcisLxcPolPart2Lo31`

warning: type `mgga_c_kcis_lxc_pol_part2_LO32` should have an upper camel case name
    --> crates/kernel-mgga-7/src/mgga_c_kcis/lxc_pol_part2.rs:2321:12
     |
2321 | pub struct mgga_c_kcis_lxc_pol_part2_LO32 {
     |            ^^^^^^^^^^^^^^^^^^^^^^^^^^^^^^ help: convert the identifier to upper camel case: `MggaCKcisLxcPolPart2Lo32`

warning: type `mgga_c_kcis_lxc_pol_part2_LO33` should have an upper camel case name
    --> crates/kernel-mgga-7/src/mgga_c_kcis/lxc_pol_part2.rs:2383:12
     |
2383 | pub struct mgga_c_kcis_lxc_pol_part2_LO33 {
     |            ^^^^^^^^^^^^^^^^^^^^^^^^^^^^^^ help: convert the identifier to upper camel case: `MggaCKcisLxcPolPart2Lo33`

warning: type `mgga_c_kcis_lxc_pol_part2_LO34` should have an upper camel case name
    --> crates/kernel-mgga-7/src/mgga_c_kcis/lxc_pol_part2.rs:2388:12
     |
2388 | pub struct mgga_c_kcis_lxc_pol_part2_LO34 {
     |            ^^^^^^^^^^^^^^^^^^^^^^^^^^^^^^ help: convert the identifier to upper camel case: `MggaCKcisLxcPolPart2Lo34`

warning: type `mgga_c_kcis_lxc_pol_part2_LO35` should have an upper camel case name
    --> crates/kernel-mgga-7/src/mgga_c_kcis/lxc_pol_part2.rs:2446:12
     |
2446 | pub struct mgga_c_kcis_lxc_pol_part2_LO35 {
     |            ^^^^^^^^^^^^^^^^^^^^^^^^^^^^^^ help: convert the identifier to upper camel case: `MggaCKcisLxcPolPart2Lo35`

warning: type `mgga_c_kcis_lxc_pol_part2_LO36` should have an upper camel case name
    --> crates/kernel-mgga-7/src/mgga_c_kcis/lxc_pol_part2.rs:2497:12
     |
2497 | pub struct mgga_c_kcis_lxc_pol_part2_LO36 {
     |            ^^^^^^^^^^^^^^^^^^^^^^^^^^^^^^ help: convert the identifier to upper camel case: `MggaCKcisLxcPolPart2Lo36`

warning: type `mgga_c_kcis_lxc_pol_part2_LO37` should have an upper camel case name
    --> crates/kernel-mgga-7/src/mgga_c_kcis/lxc_pol_part2.rs:2546:12
     |
2546 | pub struct mgga_c_kcis_lxc_pol_part2_LO37 {
     |            ^^^^^^^^^^^^^^^^^^^^^^^^^^^^^^ help: convert the identifier to upper camel case: `MggaCKcisLxcPolPart2Lo37`

warning: type `mgga_c_kcis_lxc_pol_part2_LO38` should have an upper camel case name
    --> crates/kernel-mgga-7/src/mgga_c_kcis/lxc_pol_part2.rs:2593:12
     |
2593 | pub struct mgga_c_kcis_lxc_pol_part2_LO38 {
     |            ^^^^^^^^^^^^^^^^^^^^^^^^^^^^^^ help: convert the identifier to upper camel case: `MggaCKcisLxcPolPart2Lo38`

warning: type `mgga_c_kcis_lxc_pol_part2_LO39` should have an upper camel case name
    --> crates/kernel-mgga-7/src/mgga_c_kcis/lxc_pol_part2.rs:2610:12
     |
2610 | pub struct mgga_c_kcis_lxc_pol_part2_LO39 {
     |            ^^^^^^^^^^^^^^^^^^^^^^^^^^^^^^ help: convert the identifier to upper camel case: `MggaCKcisLxcPolPart2Lo39`

warning: type `mgga_c_kcis_lxc_pol_part2_LO40` should have an upper camel case name
    --> crates/kernel-mgga-7/src/mgga_c_kcis/lxc_pol_part2.rs:2650:12
     |
2650 | pub struct mgga_c_kcis_lxc_pol_part2_LO40 {
     |            ^^^^^^^^^^^^^^^^^^^^^^^^^^^^^^ help: convert the identifier to upper camel case: `MggaCKcisLxcPolPart2Lo40`

warning: type `mgga_c_kcis_lxc_pol_part2_LO41` should have an upper camel case name
    --> crates/kernel-mgga-7/src/mgga_c_kcis/lxc_pol_part2.rs:2697:12
     |
2697 | pub struct mgga_c_kcis_lxc_pol_part2_LO41 {
     |            ^^^^^^^^^^^^^^^^^^^^^^^^^^^^^^ help: convert the identifier to upper camel case: `MggaCKcisLxcPolPart2Lo41`

warning: type `mgga_c_kcis_lxc_pol_part2_LO42` should have an upper camel case name
    --> crates/kernel-mgga-7/src/mgga_c_kcis/lxc_pol_part2.rs:2703:12
     |
2703 | pub struct mgga_c_kcis_lxc_pol_part2_LO42 {
     |            ^^^^^^^^^^^^^^^^^^^^^^^^^^^^^^ help: convert the identifier to upper camel case: `MggaCKcisLxcPolPart2Lo42`

warning: type `mgga_c_kcis_lxc_pol_part3_LO0` should have an upper camel case name
  --> crates/kernel-mgga-7/src/mgga_c_kcis/lxc_pol_part3.rs:14:12
   |
14 | pub struct mgga_c_kcis_lxc_pol_part3_LO0 {
   |            ^^^^^^^^^^^^^^^^^^^^^^^^^^^^^ help: convert the identifier to upper camel case: `MggaCKcisLxcPolPart3Lo0`

warning: type `mgga_c_kcis_lxc_pol_part3_LO1` should have an upper camel case name
   --> crates/kernel-mgga-7/src/mgga_c_kcis/lxc_pol_part3.rs:108:12
    |
108 | pub struct mgga_c_kcis_lxc_pol_part3_LO1 {
    |            ^^^^^^^^^^^^^^^^^^^^^^^^^^^^^ help: convert the identifier to upper camel case: `MggaCKcisLxcPolPart3Lo1`

warning: type `mgga_c_kcis_lxc_pol_part3_LO2` should have an upper camel case name
   --> crates/kernel-mgga-7/src/mgga_c_kcis/lxc_pol_part3.rs:201:12
    |
201 | pub struct mgga_c_kcis_lxc_pol_part3_LO2 {
    |            ^^^^^^^^^^^^^^^^^^^^^^^^^^^^^ help: convert the identifier to upper camel case: `MggaCKcisLxcPolPart3Lo2`

warning: type `mgga_c_kcis_lxc_pol_part3_LO3` should have an upper camel case name
   --> crates/kernel-mgga-7/src/mgga_c_kcis/lxc_pol_part3.rs:296:12
    |
296 | pub struct mgga_c_kcis_lxc_pol_part3_LO3 {
    |            ^^^^^^^^^^^^^^^^^^^^^^^^^^^^^ help: convert the identifier to upper camel case: `MggaCKcisLxcPolPart3Lo3`

warning: type `mgga_c_kcis_lxc_pol_part3_LO4` should have an upper camel case name
   --> crates/kernel-mgga-7/src/mgga_c_kcis/lxc_pol_part3.rs:391:12
    |
391 | pub struct mgga_c_kcis_lxc_pol_part3_LO4 {
    |            ^^^^^^^^^^^^^^^^^^^^^^^^^^^^^ help: convert the identifier to upper camel case: `MggaCKcisLxcPolPart3Lo4`

warning: type `mgga_c_kcis_lxc_pol_part3_LO5` should have an upper camel case name
   --> crates/kernel-mgga-7/src/mgga_c_kcis/lxc_pol_part3.rs:487:12
    |
487 | pub struct mgga_c_kcis_lxc_pol_part3_LO5 {
    |            ^^^^^^^^^^^^^^^^^^^^^^^^^^^^^ help: convert the identifier to upper camel case: `MggaCKcisLxcPolPart3Lo5`

warning: type `mgga_c_kcis_lxc_pol_part3_LO6` should have an upper camel case name
   --> crates/kernel-mgga-7/src/mgga_c_kcis/lxc_pol_part3.rs:588:12
    |
588 | pub struct mgga_c_kcis_lxc_pol_part3_LO6 {
    |            ^^^^^^^^^^^^^^^^^^^^^^^^^^^^^ help: convert the identifier to upper camel case: `MggaCKcisLxcPolPart3Lo6`

warning: type `mgga_c_kcis_lxc_pol_part3_LO7` should have an upper camel case name
   --> crates/kernel-mgga-7/src/mgga_c_kcis/lxc_pol_part3.rs:688:12
    |
688 | pub struct mgga_c_kcis_lxc_pol_part3_LO7 {
    |            ^^^^^^^^^^^^^^^^^^^^^^^^^^^^^ help: convert the identifier to upper camel case: `MggaCKcisLxcPolPart3Lo7`

warning: type `mgga_c_kcis_lxc_pol_part3_LO8` should have an upper camel case name
   --> crates/kernel-mgga-7/src/mgga_c_kcis/lxc_pol_part3.rs:787:12
    |
787 | pub struct mgga_c_kcis_lxc_pol_part3_LO8 {
    |            ^^^^^^^^^^^^^^^^^^^^^^^^^^^^^ help: convert the identifier to upper camel case: `MggaCKcisLxcPolPart3Lo8`

warning: type `mgga_c_kcis_lxc_pol_part3_LO9` should have an upper camel case name
   --> crates/kernel-mgga-7/src/mgga_c_kcis/lxc_pol_part3.rs:888:12
    |
888 | pub struct mgga_c_kcis_lxc_pol_part3_LO9 {
    |            ^^^^^^^^^^^^^^^^^^^^^^^^^^^^^ help: convert the identifier to upper camel case: `MggaCKcisLxcPolPart3Lo9`

warning: type `mgga_c_kcis_lxc_pol_part3_LO10` should have an upper camel case name
   --> crates/kernel-mgga-7/src/mgga_c_kcis/lxc_pol_part3.rs:983:12
    |
983 | pub struct mgga_c_kcis_lxc_pol_part3_LO10 {
    |            ^^^^^^^^^^^^^^^^^^^^^^^^^^^^^^ help: convert the identifier to upper camel case: `MggaCKcisLxcPolPart3Lo10`

warning: type `mgga_c_kcis_lxc_pol_part3_LO11` should have an upper camel case name
    --> crates/kernel-mgga-7/src/mgga_c_kcis/lxc_pol_part3.rs:1068:12
     |
1068 | pub struct mgga_c_kcis_lxc_pol_part3_LO11 {
     |            ^^^^^^^^^^^^^^^^^^^^^^^^^^^^^^ help: convert the identifier to upper camel case: `MggaCKcisLxcPolPart3Lo11`

warning: type `mgga_c_kcis_lxc_pol_part3_LO12` should have an upper camel case name
    --> crates/kernel-mgga-7/src/mgga_c_kcis/lxc_pol_part3.rs:1147:12
     |
1147 | pub struct mgga_c_kcis_lxc_pol_part3_LO12 {
     |            ^^^^^^^^^^^^^^^^^^^^^^^^^^^^^^ help: convert the identifier to upper camel case: `MggaCKcisLxcPolPart3Lo12`

warning: type `mgga_c_kcis_lxc_pol_part3_LO13` should have an upper camel case name
    --> crates/kernel-mgga-7/src/mgga_c_kcis/lxc_pol_part3.rs:1243:12
     |
1243 | pub struct mgga_c_kcis_lxc_pol_part3_LO13 {
     |            ^^^^^^^^^^^^^^^^^^^^^^^^^^^^^^ help: convert the identifier to upper camel case: `MggaCKcisLxcPolPart3Lo13`

warning: type `mgga_c_kcis_lxc_pol_part3_LO14` should have an upper camel case name
    --> crates/kernel-mgga-7/src/mgga_c_kcis/lxc_pol_part3.rs:1343:12
     |
1343 | pub struct mgga_c_kcis_lxc_pol_part3_LO14 {
     |            ^^^^^^^^^^^^^^^^^^^^^^^^^^^^^^ help: convert the identifier to upper camel case: `MggaCKcisLxcPolPart3Lo14`

warning: type `mgga_c_kcis_lxc_pol_part3_LO15` should have an upper camel case name
    --> crates/kernel-mgga-7/src/mgga_c_kcis/lxc_pol_part3.rs:1435:12
     |
1435 | pub struct mgga_c_kcis_lxc_pol_part3_LO15 {
     |            ^^^^^^^^^^^^^^^^^^^^^^^^^^^^^^ help: convert the identifier to upper camel case: `MggaCKcisLxcPolPart3Lo15`

warning: type `mgga_c_kcis_lxc_pol_part3_LO16` should have an upper camel case name
    --> crates/kernel-mgga-7/src/mgga_c_kcis/lxc_pol_part3.rs:1534:12
     |
1534 | pub struct mgga_c_kcis_lxc_pol_part3_LO16 {
     |            ^^^^^^^^^^^^^^^^^^^^^^^^^^^^^^ help: convert the identifier to upper camel case: `MggaCKcisLxcPolPart3Lo16`

warning: type `mgga_c_kcis_lxc_pol_part3_LO17` should have an upper camel case name
    --> crates/kernel-mgga-7/src/mgga_c_kcis/lxc_pol_part3.rs:1630:12
     |
1630 | pub struct mgga_c_kcis_lxc_pol_part3_LO17 {
     |            ^^^^^^^^^^^^^^^^^^^^^^^^^^^^^^ help: convert the identifier to upper camel case: `MggaCKcisLxcPolPart3Lo17`

warning: type `mgga_c_kcis_lxc_pol_part3_LO18` should have an upper camel case name
    --> crates/kernel-mgga-7/src/mgga_c_kcis/lxc_pol_part3.rs:1718:12
     |
1718 | pub struct mgga_c_kcis_lxc_pol_part3_LO18 {
     |            ^^^^^^^^^^^^^^^^^^^^^^^^^^^^^^ help: convert the identifier to upper camel case: `MggaCKcisLxcPolPart3Lo18`

warning: type `mgga_c_kcis_lxc_pol_part3_LO19` should have an upper camel case name
    --> crates/kernel-mgga-7/src/mgga_c_kcis/lxc_pol_part3.rs:1794:12
     |
1794 | pub struct mgga_c_kcis_lxc_pol_part3_LO19 {
     |            ^^^^^^^^^^^^^^^^^^^^^^^^^^^^^^ help: convert the identifier to upper camel case: `MggaCKcisLxcPolPart3Lo19`

warning: type `mgga_c_kcis_lxc_pol_part3_LO20` should have an upper camel case name
    --> crates/kernel-mgga-7/src/mgga_c_kcis/lxc_pol_part3.rs:1892:12
     |
1892 | pub struct mgga_c_kcis_lxc_pol_part3_LO20 {
     |            ^^^^^^^^^^^^^^^^^^^^^^^^^^^^^^ help: convert the identifier to upper camel case: `MggaCKcisLxcPolPart3Lo20`

warning: type `mgga_c_kcis_lxc_pol_part3_LO21` should have an upper camel case name
    --> crates/kernel-mgga-7/src/mgga_c_kcis/lxc_pol_part3.rs:1990:12
     |
1990 | pub struct mgga_c_kcis_lxc_pol_part3_LO21 {
     |            ^^^^^^^^^^^^^^^^^^^^^^^^^^^^^^ help: convert the identifier to upper camel case: `MggaCKcisLxcPolPart3Lo21`

warning: type `mgga_c_kcis_lxc_pol_part3_LO22` should have an upper camel case name
    --> crates/kernel-mgga-7/src/mgga_c_kcis/lxc_pol_part3.rs:2087:12
     |
2087 | pub struct mgga_c_kcis_lxc_pol_part3_LO22 {
     |            ^^^^^^^^^^^^^^^^^^^^^^^^^^^^^^ help: convert the identifier to upper camel case: `MggaCKcisLxcPolPart3Lo22`

warning: type `mgga_c_kcis_lxc_pol_part3_LO23` should have an upper camel case name
    --> crates/kernel-mgga-7/src/mgga_c_kcis/lxc_pol_part3.rs:2184:12
     |
2184 | pub struct mgga_c_kcis_lxc_pol_part3_LO23 {
     |            ^^^^^^^^^^^^^^^^^^^^^^^^^^^^^^ help: convert the identifier to upper camel case: `MggaCKcisLxcPolPart3Lo23`

warning: type `mgga_c_kcis_lxc_pol_part3_LO24` should have an upper camel case name
    --> crates/kernel-mgga-7/src/mgga_c_kcis/lxc_pol_part3.rs:2279:12
     |
2279 | pub struct mgga_c_kcis_lxc_pol_part3_LO24 {
     |            ^^^^^^^^^^^^^^^^^^^^^^^^^^^^^^ help: convert the identifier to upper camel case: `MggaCKcisLxcPolPart3Lo24`

warning: type `mgga_c_kcis_lxc_pol_part3_LO25` should have an upper camel case name
    --> crates/kernel-mgga-7/src/mgga_c_kcis/lxc_pol_part3.rs:2380:12
     |
2380 | pub struct mgga_c_kcis_lxc_pol_part3_LO25 {
     |            ^^^^^^^^^^^^^^^^^^^^^^^^^^^^^^ help: convert the identifier to upper camel case: `MggaCKcisLxcPolPart3Lo25`

warning: type `mgga_c_kcis_lxc_pol_part3_LO26` should have an upper camel case name
    --> crates/kernel-mgga-7/src/mgga_c_kcis/lxc_pol_part3.rs:2474:12
     |
2474 | pub struct mgga_c_kcis_lxc_pol_part3_LO26 {
     |            ^^^^^^^^^^^^^^^^^^^^^^^^^^^^^^ help: convert the identifier to upper camel case: `MggaCKcisLxcPolPart3Lo26`

warning: type `mgga_c_kcis_lxc_pol_part3_LO27` should have an upper camel case name
    --> crates/kernel-mgga-7/src/mgga_c_kcis/lxc_pol_part3.rs:2569:12
     |
2569 | pub struct mgga_c_kcis_lxc_pol_part3_LO27 {
     |            ^^^^^^^^^^^^^^^^^^^^^^^^^^^^^^ help: convert the identifier to upper camel case: `MggaCKcisLxcPolPart3Lo27`

warning: type `mgga_c_kcis_lxc_pol_part3_LO28` should have an upper camel case name
    --> crates/kernel-mgga-7/src/mgga_c_kcis/lxc_pol_part3.rs:2663:12
     |
2663 | pub struct mgga_c_kcis_lxc_pol_part3_LO28 {
     |            ^^^^^^^^^^^^^^^^^^^^^^^^^^^^^^ help: convert the identifier to upper camel case: `MggaCKcisLxcPolPart3Lo28`

warning: type `mgga_c_kcis_lxc_pol_part3_LO29` should have an upper camel case name
    --> crates/kernel-mgga-7/src/mgga_c_kcis/lxc_pol_part3.rs:2746:12
     |
2746 | pub struct mgga_c_kcis_lxc_pol_part3_LO29 {
     |            ^^^^^^^^^^^^^^^^^^^^^^^^^^^^^^ help: convert the identifier to upper camel case: `MggaCKcisLxcPolPart3Lo29`

warning: type `mgga_c_kcis_lxc_pol_part3_LO30` should have an upper camel case name
    --> crates/kernel-mgga-7/src/mgga_c_kcis/lxc_pol_part3.rs:2837:12
     |
2837 | pub struct mgga_c_kcis_lxc_pol_part3_LO30 {
     |            ^^^^^^^^^^^^^^^^^^^^^^^^^^^^^^ help: convert the identifier to upper camel case: `MggaCKcisLxcPolPart3Lo30`

warning: type `mgga_c_kcis_lxc_pol_part3_LO31` should have an upper camel case name
    --> crates/kernel-mgga-7/src/mgga_c_kcis/lxc_pol_part3.rs:2919:12
     |
2919 | pub struct mgga_c_kcis_lxc_pol_part3_LO31 {
     |            ^^^^^^^^^^^^^^^^^^^^^^^^^^^^^^ help: convert the identifier to upper camel case: `MggaCKcisLxcPolPart3Lo31`

warning: type `mgga_c_kcis_lxc_pol_part3_LO32` should have an upper camel case name
    --> crates/kernel-mgga-7/src/mgga_c_kcis/lxc_pol_part3.rs:2992:12
     |
2992 | pub struct mgga_c_kcis_lxc_pol_part3_LO32 {
     |            ^^^^^^^^^^^^^^^^^^^^^^^^^^^^^^ help: convert the identifier to upper camel case: `MggaCKcisLxcPolPart3Lo32`

warning: type `mgga_c_kcis_lxc_pol_part3_LO33` should have an upper camel case name
    --> crates/kernel-mgga-7/src/mgga_c_kcis/lxc_pol_part3.rs:3023:12
     |
3023 | pub struct mgga_c_kcis_lxc_pol_part3_LO33 {
     |            ^^^^^^^^^^^^^^^^^^^^^^^^^^^^^^ help: convert the identifier to upper camel case: `MggaCKcisLxcPolPart3Lo33`

warning: type `mgga_c_kcis_lxc_pol_part3_LO34` should have an upper camel case name
    --> crates/kernel-mgga-7/src/mgga_c_kcis/lxc_pol_part3.rs:3057:12
     |
3057 | pub struct mgga_c_kcis_lxc_pol_part3_LO34 {
     |            ^^^^^^^^^^^^^^^^^^^^^^^^^^^^^^ help: convert the identifier to upper camel case: `MggaCKcisLxcPolPart3Lo34`

warning: type `mgga_c_kcis_lxc_pol_part3_LO35` should have an upper camel case name
    --> crates/kernel-mgga-7/src/mgga_c_kcis/lxc_pol_part3.rs:3136:12
     |
3136 | pub struct mgga_c_kcis_lxc_pol_part3_LO35 {
     |            ^^^^^^^^^^^^^^^^^^^^^^^^^^^^^^ help: convert the identifier to upper camel case: `MggaCKcisLxcPolPart3Lo35`

warning: type `mgga_c_kcis_lxc_pol_part3_LO36` should have an upper camel case name
    --> crates/kernel-mgga-7/src/mgga_c_kcis/lxc_pol_part3.rs:3229:12
     |
3229 | pub struct mgga_c_kcis_lxc_pol_part3_LO36 {
     |            ^^^^^^^^^^^^^^^^^^^^^^^^^^^^^^ help: convert the identifier to upper camel case: `MggaCKcisLxcPolPart3Lo36`

warning: type `mgga_c_kcis_lxc_pol_part3_LO37` should have an upper camel case name
    --> crates/kernel-mgga-7/src/mgga_c_kcis/lxc_pol_part3.rs:3314:12
     |
3314 | pub struct mgga_c_kcis_lxc_pol_part3_LO37 {
     |            ^^^^^^^^^^^^^^^^^^^^^^^^^^^^^^ help: convert the identifier to upper camel case: `MggaCKcisLxcPolPart3Lo37`

warning: type `mgga_c_kcis_lxc_pol_part3_LO38` should have an upper camel case name
    --> crates/kernel-mgga-7/src/mgga_c_kcis/lxc_pol_part3.rs:3410:12
     |
3410 | pub struct mgga_c_kcis_lxc_pol_part3_LO38 {
     |            ^^^^^^^^^^^^^^^^^^^^^^^^^^^^^^ help: convert the identifier to upper camel case: `MggaCKcisLxcPolPart3Lo38`

warning: type `mgga_c_kcis_lxc_pol_part3_LO39` should have an upper camel case name
    --> crates/kernel-mgga-7/src/mgga_c_kcis/lxc_pol_part3.rs:3495:12
     |
3495 | pub struct mgga_c_kcis_lxc_pol_part3_LO39 {
     |            ^^^^^^^^^^^^^^^^^^^^^^^^^^^^^^ help: convert the identifier to upper camel case: `MggaCKcisLxcPolPart3Lo39`

warning: type `mgga_c_kcis_lxc_pol_part3_LO40` should have an upper camel case name
    --> crates/kernel-mgga-7/src/mgga_c_kcis/lxc_pol_part3.rs:3565:12
     |
3565 | pub struct mgga_c_kcis_lxc_pol_part3_LO40 {
     |            ^^^^^^^^^^^^^^^^^^^^^^^^^^^^^^ help: convert the identifier to upper camel case: `MggaCKcisLxcPolPart3Lo40`

warning: type `mgga_c_kcis_lxc_pol_part3_LO41` should have an upper camel case name
    --> crates/kernel-mgga-7/src/mgga_c_kcis/lxc_pol_part3.rs:3616:12
     |
3616 | pub struct mgga_c_kcis_lxc_pol_part3_LO41 {
     |            ^^^^^^^^^^^^^^^^^^^^^^^^^^^^^^ help: convert the identifier to upper camel case: `MggaCKcisLxcPolPart3Lo41`

warning: type `mgga_c_kcis_lxc_pol_part3_LO42` should have an upper camel case name
    --> crates/kernel-mgga-7/src/mgga_c_kcis/lxc_pol_part3.rs:3668:12
     |
3668 | pub struct mgga_c_kcis_lxc_pol_part3_LO42 {
     |            ^^^^^^^^^^^^^^^^^^^^^^^^^^^^^^ help: convert the identifier to upper camel case: `MggaCKcisLxcPolPart3Lo42`

warning: type `mgga_c_kcis_lxc_pol_part3_LO43` should have an upper camel case name
    --> crates/kernel-mgga-7/src/mgga_c_kcis/lxc_pol_part3.rs:3699:12
     |
3699 | pub struct mgga_c_kcis_lxc_pol_part3_LO43 {
     |            ^^^^^^^^^^^^^^^^^^^^^^^^^^^^^^ help: convert the identifier to upper camel case: `MggaCKcisLxcPolPart3Lo43`

warning: type `mgga_c_kcis_lxc_pol_part3_LO44` should have an upper camel case name
    --> crates/kernel-mgga-7/src/mgga_c_kcis/lxc_pol_part3.rs:3758:12
     |
3758 | pub struct mgga_c_kcis_lxc_pol_part3_LO44 {
     |            ^^^^^^^^^^^^^^^^^^^^^^^^^^^^^^ help: convert the identifier to upper camel case: `MggaCKcisLxcPolPart3Lo44`

warning: type `mgga_c_kcis_lxc_pol_part3_LO45` should have an upper camel case name
    --> crates/kernel-mgga-7/src/mgga_c_kcis/lxc_pol_part3.rs:3815:12
     |
3815 | pub struct mgga_c_kcis_lxc_pol_part3_LO45 {
     |            ^^^^^^^^^^^^^^^^^^^^^^^^^^^^^^ help: convert the identifier to upper camel case: `MggaCKcisLxcPolPart3Lo45`

warning: type `mgga_c_kcis_lxc_pol_part3_LO46` should have an upper camel case name
    --> crates/kernel-mgga-7/src/mgga_c_kcis/lxc_pol_part3.rs:3839:12
     |
3839 | pub struct mgga_c_kcis_lxc_pol_part3_LO46 {
     |            ^^^^^^^^^^^^^^^^^^^^^^^^^^^^^^ help: convert the identifier to upper camel case: `MggaCKcisLxcPolPart3Lo46`

warning: type `mgga_c_kcis_lxc_pol_part3_LO47` should have an upper camel case name
    --> crates/kernel-mgga-7/src/mgga_c_kcis/lxc_pol_part3.rs:3855:12
     |
3855 | pub struct mgga_c_kcis_lxc_pol_part3_LO47 {
     |            ^^^^^^^^^^^^^^^^^^^^^^^^^^^^^^ help: convert the identifier to upper camel case: `MggaCKcisLxcPolPart3Lo47`

warning: type `mgga_c_kcis_lxc_pol_part3_LO48` should have an upper camel case name
    --> crates/kernel-mgga-7/src/mgga_c_kcis/lxc_pol_part3.rs:3914:12
     |
3914 | pub struct mgga_c_kcis_lxc_pol_part3_LO48 {
     |            ^^^^^^^^^^^^^^^^^^^^^^^^^^^^^^ help: convert the identifier to upper camel case: `MggaCKcisLxcPolPart3Lo48`

warning: type `mgga_c_kcis_lxc_pol_part3_LO49` should have an upper camel case name
    --> crates/kernel-mgga-7/src/mgga_c_kcis/lxc_pol_part3.rs:3973:12
     |
3973 | pub struct mgga_c_kcis_lxc_pol_part3_LO49 {
     |            ^^^^^^^^^^^^^^^^^^^^^^^^^^^^^^ help: convert the identifier to upper camel case: `MggaCKcisLxcPolPart3Lo49`

warning: type `mgga_c_kcis_lxc_pol_part3_LO50` should have an upper camel case name
    --> crates/kernel-mgga-7/src/mgga_c_kcis/lxc_pol_part3.rs:4016:12
     |
4016 | pub struct mgga_c_kcis_lxc_pol_part3_LO50 {
     |            ^^^^^^^^^^^^^^^^^^^^^^^^^^^^^^ help: convert the identifier to upper camel case: `MggaCKcisLxcPolPart3Lo50`

warning: type `mgga_c_kcis_lxc_pol_part3_LO51` should have an upper camel case name
    --> crates/kernel-mgga-7/src/mgga_c_kcis/lxc_pol_part3.rs:4024:12
     |
4024 | pub struct mgga_c_kcis_lxc_pol_part3_LO51 {
     |            ^^^^^^^^^^^^^^^^^^^^^^^^^^^^^^ help: convert the identifier to upper camel case: `MggaCKcisLxcPolPart3Lo51`

warning: type `mgga_c_kcis_lxc_pol_part3_LO52` should have an upper camel case name
    --> crates/kernel-mgga-7/src/mgga_c_kcis/lxc_pol_part3.rs:4063:12
     |
4063 | pub struct mgga_c_kcis_lxc_pol_part3_LO52 {
     |            ^^^^^^^^^^^^^^^^^^^^^^^^^^^^^^ help: convert the identifier to upper camel case: `MggaCKcisLxcPolPart3Lo52`

warning: type `mgga_c_kcis_lxc_pol_part3_LO53` should have an upper camel case name
    --> crates/kernel-mgga-7/src/mgga_c_kcis/lxc_pol_part3.rs:4130:12
     |
4130 | pub struct mgga_c_kcis_lxc_pol_part3_LO53 {
     |            ^^^^^^^^^^^^^^^^^^^^^^^^^^^^^^ help: convert the identifier to upper camel case: `MggaCKcisLxcPolPart3Lo53`

warning: type `mgga_c_kcis_lxc_pol_part3_LO54` should have an upper camel case name
    --> crates/kernel-mgga-7/src/mgga_c_kcis/lxc_pol_part3.rs:4187:12
     |
4187 | pub struct mgga_c_kcis_lxc_pol_part3_LO54 {
     |            ^^^^^^^^^^^^^^^^^^^^^^^^^^^^^^ help: convert the identifier to upper camel case: `MggaCKcisLxcPolPart3Lo54`

warning: type `mgga_c_kcis_lxc_pol_part3_LO55` should have an upper camel case name
    --> crates/kernel-mgga-7/src/mgga_c_kcis/lxc_pol_part3.rs:4218:12
     |
4218 | pub struct mgga_c_kcis_lxc_pol_part3_LO55 {
     |            ^^^^^^^^^^^^^^^^^^^^^^^^^^^^^^ help: convert the identifier to upper camel case: `MggaCKcisLxcPolPart3Lo55`

warning: type `mgga_c_kcis_lxc_pol_part3_LO56` should have an upper camel case name
    --> crates/kernel-mgga-7/src/mgga_c_kcis/lxc_pol_part3.rs:4268:12
     |
4268 | pub struct mgga_c_kcis_lxc_pol_part3_LO56 {
     |            ^^^^^^^^^^^^^^^^^^^^^^^^^^^^^^ help: convert the identifier to upper camel case: `MggaCKcisLxcPolPart3Lo56`

warning: type `mgga_c_kcis_lxc_pol_part3_LO57` should have an upper camel case name
    --> crates/kernel-mgga-7/src/mgga_c_kcis/lxc_pol_part3.rs:4301:12
     |
4301 | pub struct mgga_c_kcis_lxc_pol_part3_LO57 {
     |            ^^^^^^^^^^^^^^^^^^^^^^^^^^^^^^ help: convert the identifier to upper camel case: `MggaCKcisLxcPolPart3Lo57`

warning: type `mgga_c_kcis_lxc_pol_part3_LO58` should have an upper camel case name
    --> crates/kernel-mgga-7/src/mgga_c_kcis/lxc_pol_part3.rs:4323:12
     |
4323 | pub struct mgga_c_kcis_lxc_pol_part3_LO58 {
     |            ^^^^^^^^^^^^^^^^^^^^^^^^^^^^^^ help: convert the identifier to upper camel case: `MggaCKcisLxcPolPart3Lo58`

warning: type `mgga_c_kcis_lxc_pol_part3_LO59` should have an upper camel case name
    --> crates/kernel-mgga-7/src/mgga_c_kcis/lxc_pol_part3.rs:4371:12
     |
4371 | pub struct mgga_c_kcis_lxc_pol_part3_LO59 {
     |            ^^^^^^^^^^^^^^^^^^^^^^^^^^^^^^ help: convert the identifier to upper camel case: `MggaCKcisLxcPolPart3Lo59`

warning: type `mgga_c_kcis_lxc_pol_part3_LO60` should have an upper camel case name
    --> crates/kernel-mgga-7/src/mgga_c_kcis/lxc_pol_part3.rs:4430:12
     |
4430 | pub struct mgga_c_kcis_lxc_pol_part3_LO60 {
     |            ^^^^^^^^^^^^^^^^^^^^^^^^^^^^^^ help: convert the identifier to upper camel case: `MggaCKcisLxcPolPart3Lo60`

warning: type `mgga_c_kcis_lxc_pol_part3_LO61` should have an upper camel case name
    --> crates/kernel-mgga-7/src/mgga_c_kcis/lxc_pol_part3.rs:4446:12
     |
4446 | pub struct mgga_c_kcis_lxc_pol_part3_LO61 {
     |            ^^^^^^^^^^^^^^^^^^^^^^^^^^^^^^ help: convert the identifier to upper camel case: `MggaCKcisLxcPolPart3Lo61`

warning: type `mgga_c_kcis_lxc_pol_part3_LO62` should have an upper camel case name
    --> crates/kernel-mgga-7/src/mgga_c_kcis/lxc_pol_part3.rs:4457:12
     |
4457 | pub struct mgga_c_kcis_lxc_pol_part3_LO62 {
     |            ^^^^^^^^^^^^^^^^^^^^^^^^^^^^^^ help: convert the identifier to upper camel case: `MggaCKcisLxcPolPart3Lo62`

warning: type `mgga_c_kcis_lxc_pol_part4_LO0` should have an upper camel case name
  --> crates/kernel-mgga-7/src/mgga_c_kcis/lxc_pol_part4.rs:14:12
   |
14 | pub struct mgga_c_kcis_lxc_pol_part4_LO0 {
   |            ^^^^^^^^^^^^^^^^^^^^^^^^^^^^^ help: convert the identifier to upper camel case: `MggaCKcisLxcPolPart4Lo0`

warning: type `mgga_c_kcis_lxc_pol_part4_LO1` should have an upper camel case name
   --> crates/kernel-mgga-7/src/mgga_c_kcis/lxc_pol_part4.rs:108:12
    |
108 | pub struct mgga_c_kcis_lxc_pol_part4_LO1 {
    |            ^^^^^^^^^^^^^^^^^^^^^^^^^^^^^ help: convert the identifier to upper camel case: `MggaCKcisLxcPolPart4Lo1`

warning: type `mgga_c_kcis_lxc_pol_part4_LO2` should have an upper camel case name
   --> crates/kernel-mgga-7/src/mgga_c_kcis/lxc_pol_part4.rs:201:12
    |
201 | pub struct mgga_c_kcis_lxc_pol_part4_LO2 {
    |            ^^^^^^^^^^^^^^^^^^^^^^^^^^^^^ help: convert the identifier to upper camel case: `MggaCKcisLxcPolPart4Lo2`

warning: type `mgga_c_kcis_lxc_pol_part4_LO3` should have an upper camel case name
   --> crates/kernel-mgga-7/src/mgga_c_kcis/lxc_pol_part4.rs:296:12
    |
296 | pub struct mgga_c_kcis_lxc_pol_part4_LO3 {
    |            ^^^^^^^^^^^^^^^^^^^^^^^^^^^^^ help: convert the identifier to upper camel case: `MggaCKcisLxcPolPart4Lo3`

warning: type `mgga_c_kcis_lxc_pol_part4_LO4` should have an upper camel case name
   --> crates/kernel-mgga-7/src/mgga_c_kcis/lxc_pol_part4.rs:391:12
    |
391 | pub struct mgga_c_kcis_lxc_pol_part4_LO4 {
    |            ^^^^^^^^^^^^^^^^^^^^^^^^^^^^^ help: convert the identifier to upper camel case: `MggaCKcisLxcPolPart4Lo4`

warning: type `mgga_c_kcis_lxc_pol_part4_LO5` should have an upper camel case name
   --> crates/kernel-mgga-7/src/mgga_c_kcis/lxc_pol_part4.rs:487:12
    |
487 | pub struct mgga_c_kcis_lxc_pol_part4_LO5 {
    |            ^^^^^^^^^^^^^^^^^^^^^^^^^^^^^ help: convert the identifier to upper camel case: `MggaCKcisLxcPolPart4Lo5`

warning: type `mgga_c_kcis_lxc_pol_part4_LO6` should have an upper camel case name
   --> crates/kernel-mgga-7/src/mgga_c_kcis/lxc_pol_part4.rs:585:12
    |
585 | pub struct mgga_c_kcis_lxc_pol_part4_LO6 {
    |            ^^^^^^^^^^^^^^^^^^^^^^^^^^^^^ help: convert the identifier to upper camel case: `MggaCKcisLxcPolPart4Lo6`

warning: type `mgga_c_kcis_lxc_pol_part4_LO7` should have an upper camel case name
   --> crates/kernel-mgga-7/src/mgga_c_kcis/lxc_pol_part4.rs:680:12
    |
680 | pub struct mgga_c_kcis_lxc_pol_part4_LO7 {
    |            ^^^^^^^^^^^^^^^^^^^^^^^^^^^^^ help: convert the identifier to upper camel case: `MggaCKcisLxcPolPart4Lo7`

warning: type `mgga_c_kcis_lxc_pol_part4_LO8` should have an upper camel case name
   --> crates/kernel-mgga-7/src/mgga_c_kcis/lxc_pol_part4.rs:776:12
    |
776 | pub struct mgga_c_kcis_lxc_pol_part4_LO8 {
    |            ^^^^^^^^^^^^^^^^^^^^^^^^^^^^^ help: convert the identifier to upper camel case: `MggaCKcisLxcPolPart4Lo8`

warning: type `mgga_c_kcis_lxc_pol_part4_LO9` should have an upper camel case name
   --> crates/kernel-mgga-7/src/mgga_c_kcis/lxc_pol_part4.rs:876:12
    |
876 | pub struct mgga_c_kcis_lxc_pol_part4_LO9 {
    |            ^^^^^^^^^^^^^^^^^^^^^^^^^^^^^ help: convert the identifier to upper camel case: `MggaCKcisLxcPolPart4Lo9`

warning: type `mgga_c_kcis_lxc_pol_part4_LO10` should have an upper camel case name
   --> crates/kernel-mgga-7/src/mgga_c_kcis/lxc_pol_part4.rs:972:12
    |
972 | pub struct mgga_c_kcis_lxc_pol_part4_LO10 {
    |            ^^^^^^^^^^^^^^^^^^^^^^^^^^^^^^ help: convert the identifier to upper camel case: `MggaCKcisLxcPolPart4Lo10`

warning: type `mgga_c_kcis_lxc_pol_part4_LO11` should have an upper camel case name
    --> crates/kernel-mgga-7/src/mgga_c_kcis/lxc_pol_part4.rs:1062:12
     |
1062 | pub struct mgga_c_kcis_lxc_pol_part4_LO11 {
     |            ^^^^^^^^^^^^^^^^^^^^^^^^^^^^^^ help: convert the identifier to upper camel case: `MggaCKcisLxcPolPart4Lo11`

warning: type `mgga_c_kcis_lxc_pol_part4_LO12` should have an upper camel case name
    --> crates/kernel-mgga-7/src/mgga_c_kcis/lxc_pol_part4.rs:1147:12
     |
1147 | pub struct mgga_c_kcis_lxc_pol_part4_LO12 {
     |            ^^^^^^^^^^^^^^^^^^^^^^^^^^^^^^ help: convert the identifier to upper camel case: `MggaCKcisLxcPolPart4Lo12`

warning: type `mgga_c_kcis_lxc_pol_part4_LO13` should have an upper camel case name
    --> crates/kernel-mgga-7/src/mgga_c_kcis/lxc_pol_part4.rs:1243:12
     |
1243 | pub struct mgga_c_kcis_lxc_pol_part4_LO13 {
     |            ^^^^^^^^^^^^^^^^^^^^^^^^^^^^^^ help: convert the identifier to upper camel case: `MggaCKcisLxcPolPart4Lo13`

warning: type `mgga_c_kcis_lxc_pol_part4_LO14` should have an upper camel case name
    --> crates/kernel-mgga-7/src/mgga_c_kcis/lxc_pol_part4.rs:1330:12
     |
1330 | pub struct mgga_c_kcis_lxc_pol_part4_LO14 {
     |            ^^^^^^^^^^^^^^^^^^^^^^^^^^^^^^ help: convert the identifier to upper camel case: `MggaCKcisLxcPolPart4Lo14`

warning: type `mgga_c_kcis_lxc_pol_part4_LO15` should have an upper camel case name
    --> crates/kernel-mgga-7/src/mgga_c_kcis/lxc_pol_part4.rs:1428:12
     |
1428 | pub struct mgga_c_kcis_lxc_pol_part4_LO15 {
     |            ^^^^^^^^^^^^^^^^^^^^^^^^^^^^^^ help: convert the identifier to upper camel case: `MggaCKcisLxcPolPart4Lo15`

warning: type `mgga_c_kcis_lxc_pol_part4_LO16` should have an upper camel case name
    --> crates/kernel-mgga-7/src/mgga_c_kcis/lxc_pol_part4.rs:1524:12
     |
1524 | pub struct mgga_c_kcis_lxc_pol_part4_LO16 {
     |            ^^^^^^^^^^^^^^^^^^^^^^^^^^^^^^ help: convert the identifier to upper camel case: `MggaCKcisLxcPolPart4Lo16`

warning: type `mgga_c_kcis_lxc_pol_part4_LO17` should have an upper camel case name
    --> crates/kernel-mgga-7/src/mgga_c_kcis/lxc_pol_part4.rs:1623:12
     |
1623 | pub struct mgga_c_kcis_lxc_pol_part4_LO17 {
     |            ^^^^^^^^^^^^^^^^^^^^^^^^^^^^^^ help: convert the identifier to upper camel case: `MggaCKcisLxcPolPart4Lo17`

warning: type `mgga_c_kcis_lxc_pol_part4_LO18` should have an upper camel case name
    --> crates/kernel-mgga-7/src/mgga_c_kcis/lxc_pol_part4.rs:1715:12
     |
1715 | pub struct mgga_c_kcis_lxc_pol_part4_LO18 {
     |            ^^^^^^^^^^^^^^^^^^^^^^^^^^^^^^ help: convert the identifier to upper camel case: `MggaCKcisLxcPolPart4Lo18`

warning: type `mgga_c_kcis_lxc_pol_part4_LO19` should have an upper camel case name
    --> crates/kernel-mgga-7/src/mgga_c_kcis/lxc_pol_part4.rs:1813:12
     |
1813 | pub struct mgga_c_kcis_lxc_pol_part4_LO19 {
     |            ^^^^^^^^^^^^^^^^^^^^^^^^^^^^^^ help: convert the identifier to upper camel case: `MggaCKcisLxcPolPart4Lo19`

warning: type `mgga_c_kcis_lxc_pol_part4_LO20` should have an upper camel case name
    --> crates/kernel-mgga-7/src/mgga_c_kcis/lxc_pol_part4.rs:1898:12
     |
1898 | pub struct mgga_c_kcis_lxc_pol_part4_LO20 {
     |            ^^^^^^^^^^^^^^^^^^^^^^^^^^^^^^ help: convert the identifier to upper camel case: `MggaCKcisLxcPolPart4Lo20`

warning: type `mgga_c_kcis_lxc_pol_part4_LO21` should have an upper camel case name
    --> crates/kernel-mgga-7/src/mgga_c_kcis/lxc_pol_part4.rs:1997:12
     |
1997 | pub struct mgga_c_kcis_lxc_pol_part4_LO21 {
     |            ^^^^^^^^^^^^^^^^^^^^^^^^^^^^^^ help: convert the identifier to upper camel case: `MggaCKcisLxcPolPart4Lo21`

warning: type `mgga_c_kcis_lxc_pol_part4_LO22` should have an upper camel case name
    --> crates/kernel-mgga-7/src/mgga_c_kcis/lxc_pol_part4.rs:2077:12
     |
2077 | pub struct mgga_c_kcis_lxc_pol_part4_LO22 {
     |            ^^^^^^^^^^^^^^^^^^^^^^^^^^^^^^ help: convert the identifier to upper camel case: `MggaCKcisLxcPolPart4Lo22`

warning: type `mgga_c_kcis_lxc_pol_part4_LO23` should have an upper camel case name
    --> crates/kernel-mgga-7/src/mgga_c_kcis/lxc_pol_part4.rs:2175:12
     |
2175 | pub struct mgga_c_kcis_lxc_pol_part4_LO23 {
     |            ^^^^^^^^^^^^^^^^^^^^^^^^^^^^^^ help: convert the identifier to upper camel case: `MggaCKcisLxcPolPart4Lo23`

warning: type `mgga_c_kcis_lxc_pol_part4_LO24` should have an upper camel case name
    --> crates/kernel-mgga-7/src/mgga_c_kcis/lxc_pol_part4.rs:2275:12
     |
2275 | pub struct mgga_c_kcis_lxc_pol_part4_LO24 {
     |            ^^^^^^^^^^^^^^^^^^^^^^^^^^^^^^ help: convert the identifier to upper camel case: `MggaCKcisLxcPolPart4Lo24`

warning: type `mgga_c_kcis_lxc_pol_part4_LO25` should have an upper camel case name
    --> crates/kernel-mgga-7/src/mgga_c_kcis/lxc_pol_part4.rs:2374:12
     |
2374 | pub struct mgga_c_kcis_lxc_pol_part4_LO25 {
     |            ^^^^^^^^^^^^^^^^^^^^^^^^^^^^^^ help: convert the identifier to upper camel case: `MggaCKcisLxcPolPart4Lo25`

warning: type `mgga_c_kcis_lxc_pol_part4_LO26` should have an upper camel case name
    --> crates/kernel-mgga-7/src/mgga_c_kcis/lxc_pol_part4.rs:2463:12
     |
2463 | pub struct mgga_c_kcis_lxc_pol_part4_LO26 {
     |            ^^^^^^^^^^^^^^^^^^^^^^^^^^^^^^ help: convert the identifier to upper camel case: `MggaCKcisLxcPolPart4Lo26`

warning: type `mgga_c_kcis_lxc_pol_part4_LO27` should have an upper camel case name
    --> crates/kernel-mgga-7/src/mgga_c_kcis/lxc_pol_part4.rs:2564:12
     |
2564 | pub struct mgga_c_kcis_lxc_pol_part4_LO27 {
     |            ^^^^^^^^^^^^^^^^^^^^^^^^^^^^^^ help: convert the identifier to upper camel case: `MggaCKcisLxcPolPart4Lo27`

warning: type `mgga_c_kcis_lxc_pol_part4_LO28` should have an upper camel case name
    --> crates/kernel-mgga-7/src/mgga_c_kcis/lxc_pol_part4.rs:2662:12
     |
2662 | pub struct mgga_c_kcis_lxc_pol_part4_LO28 {
     |            ^^^^^^^^^^^^^^^^^^^^^^^^^^^^^^ help: convert the identifier to upper camel case: `MggaCKcisLxcPolPart4Lo28`

warning: type `mgga_c_kcis_lxc_pol_part4_LO29` should have an upper camel case name
    --> crates/kernel-mgga-7/src/mgga_c_kcis/lxc_pol_part4.rs:2753:12
     |
2753 | pub struct mgga_c_kcis_lxc_pol_part4_LO29 {
     |            ^^^^^^^^^^^^^^^^^^^^^^^^^^^^^^ help: convert the identifier to upper camel case: `MggaCKcisLxcPolPart4Lo29`

warning: type `mgga_c_kcis_lxc_pol_part4_LO30` should have an upper camel case name
    --> crates/kernel-mgga-7/src/mgga_c_kcis/lxc_pol_part4.rs:2840:12
     |
2840 | pub struct mgga_c_kcis_lxc_pol_part4_LO30 {
     |            ^^^^^^^^^^^^^^^^^^^^^^^^^^^^^^ help: convert the identifier to upper camel case: `MggaCKcisLxcPolPart4Lo30`

warning: type `mgga_c_kcis_lxc_pol_part4_LO31` should have an upper camel case name
    --> crates/kernel-mgga-7/src/mgga_c_kcis/lxc_pol_part4.rs:2904:12
     |
2904 | pub struct mgga_c_kcis_lxc_pol_part4_LO31 {
     |            ^^^^^^^^^^^^^^^^^^^^^^^^^^^^^^ help: convert the identifier to upper camel case: `MggaCKcisLxcPolPart4Lo31`

warning: type `mgga_c_kcis_lxc_pol_part4_LO32` should have an upper camel case name
    --> crates/kernel-mgga-7/src/mgga_c_kcis/lxc_pol_part4.rs:2963:12
     |
2963 | pub struct mgga_c_kcis_lxc_pol_part4_LO32 {
     |            ^^^^^^^^^^^^^^^^^^^^^^^^^^^^^^ help: convert the identifier to upper camel case: `MggaCKcisLxcPolPart4Lo32`

warning: type `mgga_c_kcis_lxc_pol_part4_LO33` should have an upper camel case name
    --> crates/kernel-mgga-7/src/mgga_c_kcis/lxc_pol_part4.rs:2997:12
     |
2997 | pub struct mgga_c_kcis_lxc_pol_part4_LO33 {
     |            ^^^^^^^^^^^^^^^^^^^^^^^^^^^^^^ help: convert the identifier to upper camel case: `MggaCKcisLxcPolPart4Lo33`

warning: type `mgga_c_kcis_lxc_pol_part4_LO34` should have an upper camel case name
    --> crates/kernel-mgga-7/src/mgga_c_kcis/lxc_pol_part4.rs:3024:12
     |
3024 | pub struct mgga_c_kcis_lxc_pol_part4_LO34 {
     |            ^^^^^^^^^^^^^^^^^^^^^^^^^^^^^^ help: convert the identifier to upper camel case: `MggaCKcisLxcPolPart4Lo34`

warning: type `mgga_c_kcis_lxc_pol_part4_LO35` should have an upper camel case name
    --> crates/kernel-mgga-7/src/mgga_c_kcis/lxc_pol_part4.rs:3106:12
     |
3106 | pub struct mgga_c_kcis_lxc_pol_part4_LO35 {
     |            ^^^^^^^^^^^^^^^^^^^^^^^^^^^^^^ help: convert the identifier to upper camel case: `MggaCKcisLxcPolPart4Lo35`

warning: type `mgga_c_kcis_lxc_pol_part4_LO36` should have an upper camel case name
    --> crates/kernel-mgga-7/src/mgga_c_kcis/lxc_pol_part4.rs:3192:12
     |
3192 | pub struct mgga_c_kcis_lxc_pol_part4_LO36 {
     |            ^^^^^^^^^^^^^^^^^^^^^^^^^^^^^^ help: convert the identifier to upper camel case: `MggaCKcisLxcPolPart4Lo36`

warning: type `mgga_c_kcis_lxc_pol_part4_LO37` should have an upper camel case name
    --> crates/kernel-mgga-7/src/mgga_c_kcis/lxc_pol_part4.rs:3283:12
     |
3283 | pub struct mgga_c_kcis_lxc_pol_part4_LO37 {
     |            ^^^^^^^^^^^^^^^^^^^^^^^^^^^^^^ help: convert the identifier to upper camel case: `MggaCKcisLxcPolPart4Lo37`

warning: type `mgga_c_kcis_lxc_pol_part4_LO38` should have an upper camel case name
    --> crates/kernel-mgga-7/src/mgga_c_kcis/lxc_pol_part4.rs:3368:12
     |
3368 | pub struct mgga_c_kcis_lxc_pol_part4_LO38 {
     |            ^^^^^^^^^^^^^^^^^^^^^^^^^^^^^^ help: convert the identifier to upper camel case: `MggaCKcisLxcPolPart4Lo38`

warning: type `mgga_c_kcis_lxc_pol_part4_LO39` should have an upper camel case name
    --> crates/kernel-mgga-7/src/mgga_c_kcis/lxc_pol_part4.rs:3466:12
     |
3466 | pub struct mgga_c_kcis_lxc_pol_part4_LO39 {
     |            ^^^^^^^^^^^^^^^^^^^^^^^^^^^^^^ help: convert the identifier to upper camel case: `MggaCKcisLxcPolPart4Lo39`

warning: type `mgga_c_kcis_lxc_pol_part4_LO40` should have an upper camel case name
    --> crates/kernel-mgga-7/src/mgga_c_kcis/lxc_pol_part4.rs:3552:12
     |
3552 | pub struct mgga_c_kcis_lxc_pol_part4_LO40 {
     |            ^^^^^^^^^^^^^^^^^^^^^^^^^^^^^^ help: convert the identifier to upper camel case: `MggaCKcisLxcPolPart4Lo40`

warning: type `mgga_c_kcis_lxc_pol_part4_LO41` should have an upper camel case name
    --> crates/kernel-mgga-7/src/mgga_c_kcis/lxc_pol_part4.rs:3642:12
     |
3642 | pub struct mgga_c_kcis_lxc_pol_part4_LO41 {
     |            ^^^^^^^^^^^^^^^^^^^^^^^^^^^^^^ help: convert the identifier to upper camel case: `MggaCKcisLxcPolPart4Lo41`

warning: type `mgga_c_kcis_lxc_pol_part4_LO42` should have an upper camel case name
    --> crates/kernel-mgga-7/src/mgga_c_kcis/lxc_pol_part4.rs:3730:12
     |
3730 | pub struct mgga_c_kcis_lxc_pol_part4_LO42 {
     |            ^^^^^^^^^^^^^^^^^^^^^^^^^^^^^^ help: convert the identifier to upper camel case: `MggaCKcisLxcPolPart4Lo42`

warning: type `mgga_c_kcis_lxc_pol_part4_LO43` should have an upper camel case name
    --> crates/kernel-mgga-7/src/mgga_c_kcis/lxc_pol_part4.rs:3827:12
     |
3827 | pub struct mgga_c_kcis_lxc_pol_part4_LO43 {
     |            ^^^^^^^^^^^^^^^^^^^^^^^^^^^^^^ help: convert the identifier to upper camel case: `MggaCKcisLxcPolPart4Lo43`

warning: type `mgga_c_kcis_lxc_pol_part4_LO44` should have an upper camel case name
    --> crates/kernel-mgga-7/src/mgga_c_kcis/lxc_pol_part4.rs:3885:12
     |
3885 | pub struct mgga_c_kcis_lxc_pol_part4_LO44 {
     |            ^^^^^^^^^^^^^^^^^^^^^^^^^^^^^^ help: convert the identifier to upper camel case: `MggaCKcisLxcPolPart4Lo44`

warning: type `mgga_c_kcis_lxc_pol_part4_LO45` should have an upper camel case name
    --> crates/kernel-mgga-7/src/mgga_c_kcis/lxc_pol_part4.rs:3934:12
     |
3934 | pub struct mgga_c_kcis_lxc_pol_part4_LO45 {
     |            ^^^^^^^^^^^^^^^^^^^^^^^^^^^^^^ help: convert the identifier to upper camel case: `MggaCKcisLxcPolPart4Lo45`

warning: type `mgga_c_kcis_lxc_pol_part4_LO46` should have an upper camel case name
    --> crates/kernel-mgga-7/src/mgga_c_kcis/lxc_pol_part4.rs:3990:12
     |
3990 | pub struct mgga_c_kcis_lxc_pol_part4_LO46 {
     |            ^^^^^^^^^^^^^^^^^^^^^^^^^^^^^^ help: convert the identifier to upper camel case: `MggaCKcisLxcPolPart4Lo46`

warning: type `mgga_c_kcis_lxc_pol_part4_LO47` should have an upper camel case name
    --> crates/kernel-mgga-7/src/mgga_c_kcis/lxc_pol_part4.rs:4027:12
     |
4027 | pub struct mgga_c_kcis_lxc_pol_part4_LO47 {
     |            ^^^^^^^^^^^^^^^^^^^^^^^^^^^^^^ help: convert the identifier to upper camel case: `MggaCKcisLxcPolPart4Lo47`

warning: type `mgga_c_kcis_lxc_pol_part4_LO48` should have an upper camel case name
    --> crates/kernel-mgga-7/src/mgga_c_kcis/lxc_pol_part4.rs:4062:12
     |
4062 | pub struct mgga_c_kcis_lxc_pol_part4_LO48 {
     |            ^^^^^^^^^^^^^^^^^^^^^^^^^^^^^^ help: convert the identifier to upper camel case: `MggaCKcisLxcPolPart4Lo48`

warning: type `mgga_c_kcis_lxc_pol_part4_LO49` should have an upper camel case name
    --> crates/kernel-mgga-7/src/mgga_c_kcis/lxc_pol_part4.rs:4114:12
     |
4114 | pub struct mgga_c_kcis_lxc_pol_part4_LO49 {
     |            ^^^^^^^^^^^^^^^^^^^^^^^^^^^^^^ help: convert the identifier to upper camel case: `MggaCKcisLxcPolPart4Lo49`

warning: type `mgga_c_kcis_lxc_pol_part4_LO50` should have an upper camel case name
    --> crates/kernel-mgga-7/src/mgga_c_kcis/lxc_pol_part4.rs:4162:12
     |
4162 | pub struct mgga_c_kcis_lxc_pol_part4_LO50 {
     |            ^^^^^^^^^^^^^^^^^^^^^^^^^^^^^^ help: convert the identifier to upper camel case: `MggaCKcisLxcPolPart4Lo50`

warning: type `mgga_c_kcis_lxc_pol_part4_LO51` should have an upper camel case name
    --> crates/kernel-mgga-7/src/mgga_c_kcis/lxc_pol_part4.rs:4221:12
     |
4221 | pub struct mgga_c_kcis_lxc_pol_part4_LO51 {
     |            ^^^^^^^^^^^^^^^^^^^^^^^^^^^^^^ help: convert the identifier to upper camel case: `MggaCKcisLxcPolPart4Lo51`

warning: type `mgga_c_kcis_lxc_pol_part4_LO52` should have an upper camel case name
    --> crates/kernel-mgga-7/src/mgga_c_kcis/lxc_pol_part4.rs:4268:12
     |
4268 | pub struct mgga_c_kcis_lxc_pol_part4_LO52 {
     |            ^^^^^^^^^^^^^^^^^^^^^^^^^^^^^^ help: convert the identifier to upper camel case: `MggaCKcisLxcPolPart4Lo52`

warning: type `mgga_c_kcis_lxc_pol_part4_LO53` should have an upper camel case name
    --> crates/kernel-mgga-7/src/mgga_c_kcis/lxc_pol_part4.rs:4276:12
     |
4276 | pub struct mgga_c_kcis_lxc_pol_part4_LO53 {
     |            ^^^^^^^^^^^^^^^^^^^^^^^^^^^^^^ help: convert the identifier to upper camel case: `MggaCKcisLxcPolPart4Lo53`

warning: type `mgga_c_kcis_lxc_pol_part4_LO54` should have an upper camel case name
    --> crates/kernel-mgga-7/src/mgga_c_kcis/lxc_pol_part4.rs:4327:12
     |
4327 | pub struct mgga_c_kcis_lxc_pol_part4_LO54 {
     |            ^^^^^^^^^^^^^^^^^^^^^^^^^^^^^^ help: convert the identifier to upper camel case: `MggaCKcisLxcPolPart4Lo54`

warning: type `mgga_c_kcis_lxc_pol_part4_LO55` should have an upper camel case name
    --> crates/kernel-mgga-7/src/mgga_c_kcis/lxc_pol_part4.rs:4370:12
     |
4370 | pub struct mgga_c_kcis_lxc_pol_part4_LO55 {
     |            ^^^^^^^^^^^^^^^^^^^^^^^^^^^^^^ help: convert the identifier to upper camel case: `MggaCKcisLxcPolPart4Lo55`

warning: type `mgga_c_kcis_lxc_pol_part4_LO56` should have an upper camel case name
    --> crates/kernel-mgga-7/src/mgga_c_kcis/lxc_pol_part4.rs:4427:12
     |
4427 | pub struct mgga_c_kcis_lxc_pol_part4_LO56 {
     |            ^^^^^^^^^^^^^^^^^^^^^^^^^^^^^^ help: convert the identifier to upper camel case: `MggaCKcisLxcPolPart4Lo56`

warning: type `mgga_c_kcis_lxc_pol_part4_LO57` should have an upper camel case name
    --> crates/kernel-mgga-7/src/mgga_c_kcis/lxc_pol_part4.rs:4452:12
     |
4452 | pub struct mgga_c_kcis_lxc_pol_part4_LO57 {
     |            ^^^^^^^^^^^^^^^^^^^^^^^^^^^^^^ help: convert the identifier to upper camel case: `MggaCKcisLxcPolPart4Lo57`

warning: type `mgga_c_kcis_lxc_pol_part4_LO58` should have an upper camel case name
    --> crates/kernel-mgga-7/src/mgga_c_kcis/lxc_pol_part4.rs:4500:12
     |
4500 | pub struct mgga_c_kcis_lxc_pol_part4_LO58 {
     |            ^^^^^^^^^^^^^^^^^^^^^^^^^^^^^^ help: convert the identifier to upper camel case: `MggaCKcisLxcPolPart4Lo58`

warning: type `mgga_c_kcis_lxc_pol_part4_LO59` should have an upper camel case name
    --> crates/kernel-mgga-7/src/mgga_c_kcis/lxc_pol_part4.rs:4538:12
     |
4538 | pub struct mgga_c_kcis_lxc_pol_part4_LO59 {
     |            ^^^^^^^^^^^^^^^^^^^^^^^^^^^^^^ help: convert the identifier to upper camel case: `MggaCKcisLxcPolPart4Lo59`

warning: type `mgga_c_kcis_lxc_pol_part4_LO60` should have an upper camel case name
    --> crates/kernel-mgga-7/src/mgga_c_kcis/lxc_pol_part4.rs:4585:12
     |
4585 | pub struct mgga_c_kcis_lxc_pol_part4_LO60 {
     |            ^^^^^^^^^^^^^^^^^^^^^^^^^^^^^^ help: convert the identifier to upper camel case: `MggaCKcisLxcPolPart4Lo60`

warning: type `mgga_c_kcis_lxc_pol_part4_LO61` should have an upper camel case name
    --> crates/kernel-mgga-7/src/mgga_c_kcis/lxc_pol_part4.rs:4639:12
     |
4639 | pub struct mgga_c_kcis_lxc_pol_part4_LO61 {
     |            ^^^^^^^^^^^^^^^^^^^^^^^^^^^^^^ help: convert the identifier to upper camel case: `MggaCKcisLxcPolPart4Lo61`

warning: type `mgga_c_kcis_lxc_pol_part4_LO62` should have an upper camel case name
    --> crates/kernel-mgga-7/src/mgga_c_kcis/lxc_pol_part4.rs:4685:12
     |
4685 | pub struct mgga_c_kcis_lxc_pol_part4_LO62 {
     |            ^^^^^^^^^^^^^^^^^^^^^^^^^^^^^^ help: convert the identifier to upper camel case: `MggaCKcisLxcPolPart4Lo62`

warning: type `mgga_c_kcis_lxc_pol_part4_LO63` should have an upper camel case name
    --> crates/kernel-mgga-7/src/mgga_c_kcis/lxc_pol_part4.rs:4691:12
     |
4691 | pub struct mgga_c_kcis_lxc_pol_part4_LO63 {
     |            ^^^^^^^^^^^^^^^^^^^^^^^^^^^^^^ help: convert the identifier to upper camel case: `MggaCKcisLxcPolPart4Lo63`

warning: type `mgga_c_kcis_lxc_pol_part5_LO0` should have an upper camel case name
  --> crates/kernel-mgga-7/src/mgga_c_kcis/lxc_pol_part5.rs:14:12
   |
14 | pub struct mgga_c_kcis_lxc_pol_part5_LO0 {
   |            ^^^^^^^^^^^^^^^^^^^^^^^^^^^^^ help: convert the identifier to upper camel case: `MggaCKcisLxcPolPart5Lo0`

warning: type `mgga_c_kcis_lxc_pol_part5_LO1` should have an upper camel case name
   --> crates/kernel-mgga-7/src/mgga_c_kcis/lxc_pol_part5.rs:108:12
    |
108 | pub struct mgga_c_kcis_lxc_pol_part5_LO1 {
    |            ^^^^^^^^^^^^^^^^^^^^^^^^^^^^^ help: convert the identifier to upper camel case: `MggaCKcisLxcPolPart5Lo1`

warning: type `mgga_c_kcis_lxc_pol_part5_LO2` should have an upper camel case name
   --> crates/kernel-mgga-7/src/mgga_c_kcis/lxc_pol_part5.rs:199:12
    |
199 | pub struct mgga_c_kcis_lxc_pol_part5_LO2 {
    |            ^^^^^^^^^^^^^^^^^^^^^^^^^^^^^ help: convert the identifier to upper camel case: `MggaCKcisLxcPolPart5Lo2`

warning: type `mgga_c_kcis_lxc_pol_part5_LO3` should have an upper camel case name
   --> crates/kernel-mgga-7/src/mgga_c_kcis/lxc_pol_part5.rs:290:12
    |
290 | pub struct mgga_c_kcis_lxc_pol_part5_LO3 {
    |            ^^^^^^^^^^^^^^^^^^^^^^^^^^^^^ help: convert the identifier to upper camel case: `MggaCKcisLxcPolPart5Lo3`

warning: type `mgga_c_kcis_lxc_pol_part5_LO4` should have an upper camel case name
   --> crates/kernel-mgga-7/src/mgga_c_kcis/lxc_pol_part5.rs:385:12
    |
385 | pub struct mgga_c_kcis_lxc_pol_part5_LO4 {
    |            ^^^^^^^^^^^^^^^^^^^^^^^^^^^^^ help: convert the identifier to upper camel case: `MggaCKcisLxcPolPart5Lo4`

warning: type `mgga_c_kcis_lxc_pol_part5_LO5` should have an upper camel case name
   --> crates/kernel-mgga-7/src/mgga_c_kcis/lxc_pol_part5.rs:483:12
    |
483 | pub struct mgga_c_kcis_lxc_pol_part5_LO5 {
    |            ^^^^^^^^^^^^^^^^^^^^^^^^^^^^^ help: convert the identifier to upper camel case: `MggaCKcisLxcPolPart5Lo5`

warning: type `mgga_c_kcis_lxc_pol_part5_LO6` should have an upper camel case name
   --> crates/kernel-mgga-7/src/mgga_c_kcis/lxc_pol_part5.rs:584:12
    |
584 | pub struct mgga_c_kcis_lxc_pol_part5_LO6 {
    |            ^^^^^^^^^^^^^^^^^^^^^^^^^^^^^ help: convert the identifier to upper camel case: `MggaCKcisLxcPolPart5Lo6`

warning: type `mgga_c_kcis_lxc_pol_part5_LO7` should have an upper camel case name
   --> crates/kernel-mgga-7/src/mgga_c_kcis/lxc_pol_part5.rs:684:12
    |
684 | pub struct mgga_c_kcis_lxc_pol_part5_LO7 {
    |            ^^^^^^^^^^^^^^^^^^^^^^^^^^^^^ help: convert the identifier to upper camel case: `MggaCKcisLxcPolPart5Lo7`

warning: type `mgga_c_kcis_lxc_pol_part5_LO8` should have an upper camel case name
   --> crates/kernel-mgga-7/src/mgga_c_kcis/lxc_pol_part5.rs:778:12
    |
778 | pub struct mgga_c_kcis_lxc_pol_part5_LO8 {
    |            ^^^^^^^^^^^^^^^^^^^^^^^^^^^^^ help: convert the identifier to upper camel case: `MggaCKcisLxcPolPart5Lo8`

warning: type `mgga_c_kcis_lxc_pol_part5_LO9` should have an upper camel case name
   --> crates/kernel-mgga-7/src/mgga_c_kcis/lxc_pol_part5.rs:864:12
    |
864 | pub struct mgga_c_kcis_lxc_pol_part5_LO9 {
    |            ^^^^^^^^^^^^^^^^^^^^^^^^^^^^^ help: convert the identifier to upper camel case: `MggaCKcisLxcPolPart5Lo9`

warning: type `mgga_c_kcis_lxc_pol_part5_LO10` should have an upper camel case name
   --> crates/kernel-mgga-7/src/mgga_c_kcis/lxc_pol_part5.rs:952:12
    |
952 | pub struct mgga_c_kcis_lxc_pol_part5_LO10 {
    |            ^^^^^^^^^^^^^^^^^^^^^^^^^^^^^^ help: convert the identifier to upper camel case: `MggaCKcisLxcPolPart5Lo10`

warning: type `mgga_c_kcis_lxc_pol_part5_LO11` should have an upper camel case name
    --> crates/kernel-mgga-7/src/mgga_c_kcis/lxc_pol_part5.rs:1050:12
     |
1050 | pub struct mgga_c_kcis_lxc_pol_part5_LO11 {
     |            ^^^^^^^^^^^^^^^^^^^^^^^^^^^^^^ help: convert the identifier to upper camel case: `MggaCKcisLxcPolPart5Lo11`

warning: type `mgga_c_kcis_lxc_pol_part5_LO12` should have an upper camel case name
    --> crates/kernel-mgga-7/src/mgga_c_kcis/lxc_pol_part5.rs:1138:12
     |
1138 | pub struct mgga_c_kcis_lxc_pol_part5_LO12 {
     |            ^^^^^^^^^^^^^^^^^^^^^^^^^^^^^^ help: convert the identifier to upper camel case: `MggaCKcisLxcPolPart5Lo12`

warning: type `mgga_c_kcis_lxc_pol_part5_LO13` should have an upper camel case name
    --> crates/kernel-mgga-7/src/mgga_c_kcis/lxc_pol_part5.rs:1233:12
     |
1233 | pub struct mgga_c_kcis_lxc_pol_part5_LO13 {
     |            ^^^^^^^^^^^^^^^^^^^^^^^^^^^^^^ help: convert the identifier to upper camel case: `MggaCKcisLxcPolPart5Lo13`

warning: type `mgga_c_kcis_lxc_pol_part5_LO14` should have an upper camel case name
    --> crates/kernel-mgga-7/src/mgga_c_kcis/lxc_pol_part5.rs:1331:12
     |
1331 | pub struct mgga_c_kcis_lxc_pol_part5_LO14 {
     |            ^^^^^^^^^^^^^^^^^^^^^^^^^^^^^^ help: convert the identifier to upper camel case: `MggaCKcisLxcPolPart5Lo14`

warning: type `mgga_c_kcis_lxc_pol_part5_LO15` should have an upper camel case name
    --> crates/kernel-mgga-7/src/mgga_c_kcis/lxc_pol_part5.rs:1429:12
     |
1429 | pub struct mgga_c_kcis_lxc_pol_part5_LO15 {
     |            ^^^^^^^^^^^^^^^^^^^^^^^^^^^^^^ help: convert the identifier to upper camel case: `MggaCKcisLxcPolPart5Lo15`

warning: type `mgga_c_kcis_lxc_pol_part5_LO16` should have an upper camel case name
    --> crates/kernel-mgga-7/src/mgga_c_kcis/lxc_pol_part5.rs:1529:12
     |
1529 | pub struct mgga_c_kcis_lxc_pol_part5_LO16 {
     |            ^^^^^^^^^^^^^^^^^^^^^^^^^^^^^^ help: convert the identifier to upper camel case: `MggaCKcisLxcPolPart5Lo16`

warning: type `mgga_c_kcis_lxc_pol_part5_LO17` should have an upper camel case name
    --> crates/kernel-mgga-7/src/mgga_c_kcis/lxc_pol_part5.rs:1626:12
     |
1626 | pub struct mgga_c_kcis_lxc_pol_part5_LO17 {
     |            ^^^^^^^^^^^^^^^^^^^^^^^^^^^^^^ help: convert the identifier to upper camel case: `MggaCKcisLxcPolPart5Lo17`

warning: type `mgga_c_kcis_lxc_pol_part5_LO18` should have an upper camel case name
    --> crates/kernel-mgga-7/src/mgga_c_kcis/lxc_pol_part5.rs:1713:12
     |
1713 | pub struct mgga_c_kcis_lxc_pol_part5_LO18 {
     |            ^^^^^^^^^^^^^^^^^^^^^^^^^^^^^^ help: convert the identifier to upper camel case: `MggaCKcisLxcPolPart5Lo18`

warning: type `mgga_c_kcis_lxc_pol_part5_LO19` should have an upper camel case name
    --> crates/kernel-mgga-7/src/mgga_c_kcis/lxc_pol_part5.rs:1782:12
     |
1782 | pub struct mgga_c_kcis_lxc_pol_part5_LO19 {
     |            ^^^^^^^^^^^^^^^^^^^^^^^^^^^^^^ help: convert the identifier to upper camel case: `MggaCKcisLxcPolPart5Lo19`

warning: type `mgga_c_kcis_lxc_pol_part5_LO20` should have an upper camel case name
    --> crates/kernel-mgga-7/src/mgga_c_kcis/lxc_pol_part5.rs:1884:12
     |
1884 | pub struct mgga_c_kcis_lxc_pol_part5_LO20 {
     |            ^^^^^^^^^^^^^^^^^^^^^^^^^^^^^^ help: convert the identifier to upper camel case: `MggaCKcisLxcPolPart5Lo20`

warning: type `mgga_c_kcis_lxc_pol_part5_LO21` should have an upper camel case name
    --> crates/kernel-mgga-7/src/mgga_c_kcis/lxc_pol_part5.rs:1981:12
     |
1981 | pub struct mgga_c_kcis_lxc_pol_part5_LO21 {
     |            ^^^^^^^^^^^^^^^^^^^^^^^^^^^^^^ help: convert the identifier to upper camel case: `MggaCKcisLxcPolPart5Lo21`

warning: type `mgga_c_kcis_lxc_pol_part5_LO22` should have an upper camel case name
    --> crates/kernel-mgga-7/src/mgga_c_kcis/lxc_pol_part5.rs:2061:12
     |
2061 | pub struct mgga_c_kcis_lxc_pol_part5_LO22 {
     |            ^^^^^^^^^^^^^^^^^^^^^^^^^^^^^^ help: convert the identifier to upper camel case: `MggaCKcisLxcPolPart5Lo22`

warning: type `mgga_c_kcis_lxc_pol_part5_LO23` should have an upper camel case name
    --> crates/kernel-mgga-7/src/mgga_c_kcis/lxc_pol_part5.rs:2116:12
     |
2116 | pub struct mgga_c_kcis_lxc_pol_part5_LO23 {
     |            ^^^^^^^^^^^^^^^^^^^^^^^^^^^^^^ help: convert the identifier to upper camel case: `MggaCKcisLxcPolPart5Lo23`

warning: type `mgga_c_kcis_lxc_pol_part5_LO24` should have an upper camel case name
    --> crates/kernel-mgga-7/src/mgga_c_kcis/lxc_pol_part5.rs:2165:12
     |
2165 | pub struct mgga_c_kcis_lxc_pol_part5_LO24 {
     |            ^^^^^^^^^^^^^^^^^^^^^^^^^^^^^^ help: convert the identifier to upper camel case: `MggaCKcisLxcPolPart5Lo24`

warning: type `mgga_c_kcis_lxc_pol_part5_LO25` should have an upper camel case name
    --> crates/kernel-mgga-7/src/mgga_c_kcis/lxc_pol_part5.rs:2190:12
     |
2190 | pub struct mgga_c_kcis_lxc_pol_part5_LO25 {
     |            ^^^^^^^^^^^^^^^^^^^^^^^^^^^^^^ help: convert the identifier to upper camel case: `MggaCKcisLxcPolPart5Lo25`

warning: type `mgga_c_kcis_lxc_pol_part5_LO26` should have an upper camel case name
    --> crates/kernel-mgga-7/src/mgga_c_kcis/lxc_pol_part5.rs:2275:12
     |
2275 | pub struct mgga_c_kcis_lxc_pol_part5_LO26 {
     |            ^^^^^^^^^^^^^^^^^^^^^^^^^^^^^^ help: convert the identifier to upper camel case: `MggaCKcisLxcPolPart5Lo26`

warning: type `mgga_c_kcis_lxc_pol_part5_LO27` should have an upper camel case name
    --> crates/kernel-mgga-7/src/mgga_c_kcis/lxc_pol_part5.rs:2362:12
     |
2362 | pub struct mgga_c_kcis_lxc_pol_part5_LO27 {
     |            ^^^^^^^^^^^^^^^^^^^^^^^^^^^^^^ help: convert the identifier to upper camel case: `MggaCKcisLxcPolPart5Lo27`

warning: type `mgga_c_kcis_lxc_pol_part5_LO28` should have an upper camel case name
    --> crates/kernel-mgga-7/src/mgga_c_kcis/lxc_pol_part5.rs:2445:12
     |
2445 | pub struct mgga_c_kcis_lxc_pol_part5_LO28 {
     |            ^^^^^^^^^^^^^^^^^^^^^^^^^^^^^^ help: convert the identifier to upper camel case: `MggaCKcisLxcPolPart5Lo28`

warning: type `mgga_c_kcis_lxc_pol_part5_LO29` should have an upper camel case name
    --> crates/kernel-mgga-7/src/mgga_c_kcis/lxc_pol_part5.rs:2539:12
     |
2539 | pub struct mgga_c_kcis_lxc_pol_part5_LO29 {
     |            ^^^^^^^^^^^^^^^^^^^^^^^^^^^^^^ help: convert the identifier to upper camel case: `MggaCKcisLxcPolPart5Lo29`

warning: type `mgga_c_kcis_lxc_pol_part5_LO30` should have an upper camel case name
    --> crates/kernel-mgga-7/src/mgga_c_kcis/lxc_pol_part5.rs:2626:12
     |
2626 | pub struct mgga_c_kcis_lxc_pol_part5_LO30 {
     |            ^^^^^^^^^^^^^^^^^^^^^^^^^^^^^^ help: convert the identifier to upper camel case: `MggaCKcisLxcPolPart5Lo30`

warning: type `mgga_c_kcis_lxc_pol_part5_LO31` should have an upper camel case name
    --> crates/kernel-mgga-7/src/mgga_c_kcis/lxc_pol_part5.rs:2718:12
     |
2718 | pub struct mgga_c_kcis_lxc_pol_part5_LO31 {
     |            ^^^^^^^^^^^^^^^^^^^^^^^^^^^^^^ help: convert the identifier to upper camel case: `MggaCKcisLxcPolPart5Lo31`

warning: type `mgga_c_kcis_lxc_pol_part5_LO32` should have an upper camel case name
    --> crates/kernel-mgga-7/src/mgga_c_kcis/lxc_pol_part5.rs:2762:12
     |
2762 | pub struct mgga_c_kcis_lxc_pol_part5_LO32 {
     |            ^^^^^^^^^^^^^^^^^^^^^^^^^^^^^^ help: convert the identifier to upper camel case: `MggaCKcisLxcPolPart5Lo32`

warning: type `mgga_c_kcis_lxc_pol_part5_LO33` should have an upper camel case name
    --> crates/kernel-mgga-7/src/mgga_c_kcis/lxc_pol_part5.rs:2826:12
     |
2826 | pub struct mgga_c_kcis_lxc_pol_part5_LO33 {
     |            ^^^^^^^^^^^^^^^^^^^^^^^^^^^^^^ help: convert the identifier to upper camel case: `MggaCKcisLxcPolPart5Lo33`

warning: type `mgga_c_kcis_lxc_pol_part5_LO34` should have an upper camel case name
    --> crates/kernel-mgga-7/src/mgga_c_kcis/lxc_pol_part5.rs:2874:12
     |
2874 | pub struct mgga_c_kcis_lxc_pol_part5_LO34 {
     |            ^^^^^^^^^^^^^^^^^^^^^^^^^^^^^^ help: convert the identifier to upper camel case: `MggaCKcisLxcPolPart5Lo34`

warning: type `mgga_c_kcis_lxc_pol_part5_LO35` should have an upper camel case name
    --> crates/kernel-mgga-7/src/mgga_c_kcis/lxc_pol_part5.rs:2900:12
     |
2900 | pub struct mgga_c_kcis_lxc_pol_part5_LO35 {
     |            ^^^^^^^^^^^^^^^^^^^^^^^^^^^^^^ help: convert the identifier to upper camel case: `MggaCKcisLxcPolPart5Lo35`

warning: type `mgga_c_kcis_lxc_pol_part5_LO36` should have an upper camel case name
    --> crates/kernel-mgga-7/src/mgga_c_kcis/lxc_pol_part5.rs:2932:12
     |
2932 | pub struct mgga_c_kcis_lxc_pol_part5_LO36 {
     |            ^^^^^^^^^^^^^^^^^^^^^^^^^^^^^^ help: convert the identifier to upper camel case: `MggaCKcisLxcPolPart5Lo36`

warning: type `mgga_c_kcis_lxc_pol_part5_LO37` should have an upper camel case name
    --> crates/kernel-mgga-7/src/mgga_c_kcis/lxc_pol_part5.rs:2990:12
     |
2990 | pub struct mgga_c_kcis_lxc_pol_part5_LO37 {
     |            ^^^^^^^^^^^^^^^^^^^^^^^^^^^^^^ help: convert the identifier to upper camel case: `MggaCKcisLxcPolPart5Lo37`

warning: type `mgga_c_kcis_lxc_pol_part5_LO38` should have an upper camel case name
    --> crates/kernel-mgga-7/src/mgga_c_kcis/lxc_pol_part5.rs:3029:12
     |
3029 | pub struct mgga_c_kcis_lxc_pol_part5_LO38 {
     |            ^^^^^^^^^^^^^^^^^^^^^^^^^^^^^^ help: convert the identifier to upper camel case: `MggaCKcisLxcPolPart5Lo38`

warning: type `mgga_c_kcis_lxc_pol_part5_LO39` should have an upper camel case name
    --> crates/kernel-mgga-7/src/mgga_c_kcis/lxc_pol_part5.rs:3079:12
     |
3079 | pub struct mgga_c_kcis_lxc_pol_part5_LO39 {
     |            ^^^^^^^^^^^^^^^^^^^^^^^^^^^^^^ help: convert the identifier to upper camel case: `MggaCKcisLxcPolPart5Lo39`

warning: type `mgga_c_kcis_lxc_pol_part5_LO40` should have an upper camel case name
    --> crates/kernel-mgga-7/src/mgga_c_kcis/lxc_pol_part5.rs:3098:12
     |
3098 | pub struct mgga_c_kcis_lxc_pol_part5_LO40 {
     |            ^^^^^^^^^^^^^^^^^^^^^^^^^^^^^^ help: convert the identifier to upper camel case: `MggaCKcisLxcPolPart5Lo40`

warning: type `mgga_c_kcis_lxc_pol_part5_LO41` should have an upper camel case name
    --> crates/kernel-mgga-7/src/mgga_c_kcis/lxc_pol_part5.rs:3153:12
     |
3153 | pub struct mgga_c_kcis_lxc_pol_part5_LO41 {
     |            ^^^^^^^^^^^^^^^^^^^^^^^^^^^^^^ help: convert the identifier to upper camel case: `MggaCKcisLxcPolPart5Lo41`

warning: type `mgga_c_kcis_lxc_pol_part5_LO42` should have an upper camel case name
    --> crates/kernel-mgga-7/src/mgga_c_kcis/lxc_pol_part5.rs:3184:12
     |
3184 | pub struct mgga_c_kcis_lxc_pol_part5_LO42 {
     |            ^^^^^^^^^^^^^^^^^^^^^^^^^^^^^^ help: convert the identifier to upper camel case: `MggaCKcisLxcPolPart5Lo42`

warning: type `mgga_c_kcis_lxc_pol_part6_LO0` should have an upper camel case name
  --> crates/kernel-mgga-7/src/mgga_c_kcis/lxc_pol_part6.rs:14:12
   |
14 | pub struct mgga_c_kcis_lxc_pol_part6_LO0 {
   |            ^^^^^^^^^^^^^^^^^^^^^^^^^^^^^ help: convert the identifier to upper camel case: `MggaCKcisLxcPolPart6Lo0`

warning: type `mgga_c_kcis_lxc_pol_part6_LO1` should have an upper camel case name
   --> crates/kernel-mgga-7/src/mgga_c_kcis/lxc_pol_part6.rs:110:12
    |
110 | pub struct mgga_c_kcis_lxc_pol_part6_LO1 {
    |            ^^^^^^^^^^^^^^^^^^^^^^^^^^^^^ help: convert the identifier to upper camel case: `MggaCKcisLxcPolPart6Lo1`

warning: type `mgga_c_kcis_lxc_pol_part6_LO2` should have an upper camel case name
   --> crates/kernel-mgga-7/src/mgga_c_kcis/lxc_pol_part6.rs:206:12
    |
206 | pub struct mgga_c_kcis_lxc_pol_part6_LO2 {
    |            ^^^^^^^^^^^^^^^^^^^^^^^^^^^^^ help: convert the identifier to upper camel case: `MggaCKcisLxcPolPart6Lo2`

warning: type `mgga_c_kcis_lxc_pol_part6_LO3` should have an upper camel case name
   --> crates/kernel-mgga-7/src/mgga_c_kcis/lxc_pol_part6.rs:301:12
    |
301 | pub struct mgga_c_kcis_lxc_pol_part6_LO3 {
    |            ^^^^^^^^^^^^^^^^^^^^^^^^^^^^^ help: convert the identifier to upper camel case: `MggaCKcisLxcPolPart6Lo3`

warning: type `mgga_c_kcis_lxc_pol_part6_LO4` should have an upper camel case name
   --> crates/kernel-mgga-7/src/mgga_c_kcis/lxc_pol_part6.rs:395:12
    |
395 | pub struct mgga_c_kcis_lxc_pol_part6_LO4 {
    |            ^^^^^^^^^^^^^^^^^^^^^^^^^^^^^ help: convert the identifier to upper camel case: `MggaCKcisLxcPolPart6Lo4`

warning: type `mgga_c_kcis_lxc_pol_part6_LO5` should have an upper camel case name
   --> crates/kernel-mgga-7/src/mgga_c_kcis/lxc_pol_part6.rs:490:12
    |
490 | pub struct mgga_c_kcis_lxc_pol_part6_LO5 {
    |            ^^^^^^^^^^^^^^^^^^^^^^^^^^^^^ help: convert the identifier to upper camel case: `MggaCKcisLxcPolPart6Lo5`

warning: type `mgga_c_kcis_lxc_pol_part6_LO6` should have an upper camel case name
   --> crates/kernel-mgga-7/src/mgga_c_kcis/lxc_pol_part6.rs:585:12
    |
585 | pub struct mgga_c_kcis_lxc_pol_part6_LO6 {
    |            ^^^^^^^^^^^^^^^^^^^^^^^^^^^^^ help: convert the identifier to upper camel case: `MggaCKcisLxcPolPart6Lo6`

warning: type `mgga_c_kcis_lxc_pol_part6_LO7` should have an upper camel case name
   --> crates/kernel-mgga-7/src/mgga_c_kcis/lxc_pol_part6.rs:665:12
    |
665 | pub struct mgga_c_kcis_lxc_pol_part6_LO7 {
    |            ^^^^^^^^^^^^^^^^^^^^^^^^^^^^^ help: convert the identifier to upper camel case: `MggaCKcisLxcPolPart6Lo7`

warning: type `mgga_c_kcis_lxc_pol_part6_LO8` should have an upper camel case name
   --> crates/kernel-mgga-7/src/mgga_c_kcis/lxc_pol_part6.rs:725:12
    |
725 | pub struct mgga_c_kcis_lxc_pol_part6_LO8 {
    |            ^^^^^^^^^^^^^^^^^^^^^^^^^^^^^ help: convert the identifier to upper camel case: `MggaCKcisLxcPolPart6Lo8`

warning: type `mgga_c_kcis_lxc_pol_part6_LO9` should have an upper camel case name
   --> crates/kernel-mgga-7/src/mgga_c_kcis/lxc_pol_part6.rs:769:12
    |
769 | pub struct mgga_c_kcis_lxc_pol_part6_LO9 {
    |            ^^^^^^^^^^^^^^^^^^^^^^^^^^^^^ help: convert the identifier to upper camel case: `MggaCKcisLxcPolPart6Lo9`

warning: type `mgga_c_kcis_lxc_pol_part6_LO10` should have an upper camel case name
   --> crates/kernel-mgga-7/src/mgga_c_kcis/lxc_pol_part6.rs:832:12
    |
832 | pub struct mgga_c_kcis_lxc_pol_part6_LO10 {
    |            ^^^^^^^^^^^^^^^^^^^^^^^^^^^^^^ help: convert the identifier to upper camel case: `MggaCKcisLxcPolPart6Lo10`

warning: type `mgga_c_kcis_lxc_pol_part6_LO11` should have an upper camel case name
   --> crates/kernel-mgga-7/src/mgga_c_kcis/lxc_pol_part6.rs:871:12
    |
871 | pub struct mgga_c_kcis_lxc_pol_part6_LO11 {
    |            ^^^^^^^^^^^^^^^^^^^^^^^^^^^^^^ help: convert the identifier to upper camel case: `MggaCKcisLxcPolPart6Lo11`

warning: type `mgga_c_kcis_lxc_pol_part6_LO12` should have an upper camel case name
   --> crates/kernel-mgga-7/src/mgga_c_kcis/lxc_pol_part6.rs:922:12
    |
922 | pub struct mgga_c_kcis_lxc_pol_part6_LO12 {
    |            ^^^^^^^^^^^^^^^^^^^^^^^^^^^^^^ help: convert the identifier to upper camel case: `MggaCKcisLxcPolPart6Lo12`

warning: type `mgga_c_kcis_lxc_pol_part6_LO13` should have an upper camel case name
   --> crates/kernel-mgga-7/src/mgga_c_kcis/lxc_pol_part6.rs:977:12
    |
977 | pub struct mgga_c_kcis_lxc_pol_part6_LO13 {
    |            ^^^^^^^^^^^^^^^^^^^^^^^^^^^^^^ help: convert the identifier to upper camel case: `MggaCKcisLxcPolPart6Lo13`

warning: type `mgga_c_kcis_lxc_pol_part6_LO14` should have an upper camel case name
    --> crates/kernel-mgga-7/src/mgga_c_kcis/lxc_pol_part6.rs:1036:12
     |
1036 | pub struct mgga_c_kcis_lxc_pol_part6_LO14 {
     |            ^^^^^^^^^^^^^^^^^^^^^^^^^^^^^^ help: convert the identifier to upper camel case: `MggaCKcisLxcPolPart6Lo14`

warning: type `mgga_c_kcis_lxc_pol_part6_LO15` should have an upper camel case name
    --> crates/kernel-mgga-7/src/mgga_c_kcis/lxc_pol_part6.rs:1137:12
     |
1137 | pub struct mgga_c_kcis_lxc_pol_part6_LO15 {
     |            ^^^^^^^^^^^^^^^^^^^^^^^^^^^^^^ help: convert the identifier to upper camel case: `MggaCKcisLxcPolPart6Lo15`

warning: type `mgga_c_kcis_lxc_pol_part6_LO16` should have an upper camel case name
    --> crates/kernel-mgga-7/src/mgga_c_kcis/lxc_pol_part6.rs:1205:12
     |
1205 | pub struct mgga_c_kcis_lxc_pol_part6_LO16 {
     |            ^^^^^^^^^^^^^^^^^^^^^^^^^^^^^^ help: convert the identifier to upper camel case: `MggaCKcisLxcPolPart6Lo16`

warning: type `mgga_c_kcis_lxc_pol_part6_LO17` should have an upper camel case name
    --> crates/kernel-mgga-7/src/mgga_c_kcis/lxc_pol_part6.rs:1269:12
     |
1269 | pub struct mgga_c_kcis_lxc_pol_part6_LO17 {
     |            ^^^^^^^^^^^^^^^^^^^^^^^^^^^^^^ help: convert the identifier to upper camel case: `MggaCKcisLxcPolPart6Lo17`

warning: type `mgga_c_kcis_lxc_pol_part6_LO18` should have an upper camel case name
    --> crates/kernel-mgga-7/src/mgga_c_kcis/lxc_pol_part6.rs:1304:12
     |
1304 | pub struct mgga_c_kcis_lxc_pol_part6_LO18 {
     |            ^^^^^^^^^^^^^^^^^^^^^^^^^^^^^^ help: convert the identifier to upper camel case: `MggaCKcisLxcPolPart6Lo18`

warning: type `mgga_c_kcis_lxc_pol_part6_LO19` should have an upper camel case name
    --> crates/kernel-mgga-7/src/mgga_c_kcis/lxc_pol_part6.rs:1362:12
     |
1362 | pub struct mgga_c_kcis_lxc_pol_part6_LO19 {
     |            ^^^^^^^^^^^^^^^^^^^^^^^^^^^^^^ help: convert the identifier to upper camel case: `MggaCKcisLxcPolPart6Lo19`

warning: type `mgga_c_kcis_lxc_pol_part6_LO20` should have an upper camel case name
    --> crates/kernel-mgga-7/src/mgga_c_kcis/lxc_pol_part6.rs:1396:12
     |
1396 | pub struct mgga_c_kcis_lxc_pol_part6_LO20 {
     |            ^^^^^^^^^^^^^^^^^^^^^^^^^^^^^^ help: convert the identifier to upper camel case: `MggaCKcisLxcPolPart6Lo20`

warning: type `mgga_c_kcis_lxc_pol_part6_LO21` should have an upper camel case name
    --> crates/kernel-mgga-7/src/mgga_c_kcis/lxc_pol_part6.rs:1448:12
     |
1448 | pub struct mgga_c_kcis_lxc_pol_part6_LO21 {
     |            ^^^^^^^^^^^^^^^^^^^^^^^^^^^^^^ help: convert the identifier to upper camel case: `MggaCKcisLxcPolPart6Lo21`

warning: type `mgga_c_kcis_lxc_pol_part6_LO22` should have an upper camel case name
    --> crates/kernel-mgga-7/src/mgga_c_kcis/lxc_pol_part6.rs:1536:12
     |
1536 | pub struct mgga_c_kcis_lxc_pol_part6_LO22 {
     |            ^^^^^^^^^^^^^^^^^^^^^^^^^^^^^^ help: convert the identifier to upper camel case: `MggaCKcisLxcPolPart6Lo22`

warning: type `mgga_c_kcis_lxc_pol_part6_LO23` should have an upper camel case name
    --> crates/kernel-mgga-7/src/mgga_c_kcis/lxc_pol_part6.rs:1623:12
     |
1623 | pub struct mgga_c_kcis_lxc_pol_part6_LO23 {
     |            ^^^^^^^^^^^^^^^^^^^^^^^^^^^^^^ help: convert the identifier to upper camel case: `MggaCKcisLxcPolPart6Lo23`

warning: type `mgga_c_kcis_lxc_pol_part6_LO24` should have an upper camel case name
    --> crates/kernel-mgga-7/src/mgga_c_kcis/lxc_pol_part6.rs:1699:12
     |
1699 | pub struct mgga_c_kcis_lxc_pol_part6_LO24 {
     |            ^^^^^^^^^^^^^^^^^^^^^^^^^^^^^^ help: convert the identifier to upper camel case: `MggaCKcisLxcPolPart6Lo24`

warning: type `mgga_c_kcis_lxc_pol_part6_LO25` should have an upper camel case name
    --> crates/kernel-mgga-7/src/mgga_c_kcis/lxc_pol_part6.rs:1753:12
     |
1753 | pub struct mgga_c_kcis_lxc_pol_part6_LO25 {
     |            ^^^^^^^^^^^^^^^^^^^^^^^^^^^^^^ help: convert the identifier to upper camel case: `MggaCKcisLxcPolPart6Lo25`

warning: type `mgga_c_kcis_lxc_pol_part6_LO26` should have an upper camel case name
    --> crates/kernel-mgga-7/src/mgga_c_kcis/lxc_pol_part6.rs:1787:12
     |
1787 | pub struct mgga_c_kcis_lxc_pol_part6_LO26 {
     |            ^^^^^^^^^^^^^^^^^^^^^^^^^^^^^^ help: convert the identifier to upper camel case: `MggaCKcisLxcPolPart6Lo26`

warning: type `mgga_c_kcis_lxc_pol_part6_LO27` should have an upper camel case name
    --> crates/kernel-mgga-7/src/mgga_c_kcis/lxc_pol_part6.rs:1838:12
     |
1838 | pub struct mgga_c_kcis_lxc_pol_part6_LO27 {
     |            ^^^^^^^^^^^^^^^^^^^^^^^^^^^^^^ help: convert the identifier to upper camel case: `MggaCKcisLxcPolPart6Lo27`

warning: type `mgga_c_kcis_lxc_pol_part6_LO28` should have an upper camel case name
    --> crates/kernel-mgga-7/src/mgga_c_kcis/lxc_pol_part6.rs:1876:12
     |
1876 | pub struct mgga_c_kcis_lxc_pol_part6_LO28 {
     |            ^^^^^^^^^^^^^^^^^^^^^^^^^^^^^^ help: convert the identifier to upper camel case: `MggaCKcisLxcPolPart6Lo28`

warning: type `mgga_c_kcis_lxc_pol_part6_LO29` should have an upper camel case name
    --> crates/kernel-mgga-7/src/mgga_c_kcis/lxc_pol_part6.rs:1951:12
     |
1951 | pub struct mgga_c_kcis_lxc_pol_part6_LO29 {
     |            ^^^^^^^^^^^^^^^^^^^^^^^^^^^^^^ help: convert the identifier to upper camel case: `MggaCKcisLxcPolPart6Lo29`

warning: type `mgga_c_kcis_lxc_pol_part6_LO30` should have an upper camel case name
    --> crates/kernel-mgga-7/src/mgga_c_kcis/lxc_pol_part6.rs:1991:12
     |
1991 | pub struct mgga_c_kcis_lxc_pol_part6_LO30 {
     |            ^^^^^^^^^^^^^^^^^^^^^^^^^^^^^^ help: convert the identifier to upper camel case: `MggaCKcisLxcPolPart6Lo30`

warning: type `mgga_c_kcis_lxc_pol_part6_LO31` should have an upper camel case name
    --> crates/kernel-mgga-7/src/mgga_c_kcis/lxc_pol_part6.rs:2033:12
     |
2033 | pub struct mgga_c_kcis_lxc_pol_part6_LO31 {
     |            ^^^^^^^^^^^^^^^^^^^^^^^^^^^^^^ help: convert the identifier to upper camel case: `MggaCKcisLxcPolPart6Lo31`

warning: type `mgga_c_kcis_lxc_pol_part7_LO0` should have an upper camel case name
  --> crates/kernel-mgga-7/src/mgga_c_kcis/lxc_pol_part7.rs:14:12
   |
14 | pub struct mgga_c_kcis_lxc_pol_part7_LO0 {
   |            ^^^^^^^^^^^^^^^^^^^^^^^^^^^^^ help: convert the identifier to upper camel case: `MggaCKcisLxcPolPart7Lo0`

warning: type `mgga_c_kcis_lxc_pol_part7_LO1` should have an upper camel case name
   --> crates/kernel-mgga-7/src/mgga_c_kcis/lxc_pol_part7.rs:110:12
    |
110 | pub struct mgga_c_kcis_lxc_pol_part7_LO1 {
    |            ^^^^^^^^^^^^^^^^^^^^^^^^^^^^^ help: convert the identifier to upper camel case: `MggaCKcisLxcPolPart7Lo1`

warning: type `mgga_c_kcis_lxc_pol_part7_LO2` should have an upper camel case name
   --> crates/kernel-mgga-7/src/mgga_c_kcis/lxc_pol_part7.rs:206:12
    |
206 | pub struct mgga_c_kcis_lxc_pol_part7_LO2 {
    |            ^^^^^^^^^^^^^^^^^^^^^^^^^^^^^ help: convert the identifier to upper camel case: `MggaCKcisLxcPolPart7Lo2`

warning: type `mgga_c_kcis_lxc_pol_part7_LO3` should have an upper camel case name
   --> crates/kernel-mgga-7/src/mgga_c_kcis/lxc_pol_part7.rs:301:12
    |
301 | pub struct mgga_c_kcis_lxc_pol_part7_LO3 {
    |            ^^^^^^^^^^^^^^^^^^^^^^^^^^^^^ help: convert the identifier to upper camel case: `MggaCKcisLxcPolPart7Lo3`

warning: type `mgga_c_kcis_lxc_pol_part7_LO4` should have an upper camel case name
   --> crates/kernel-mgga-7/src/mgga_c_kcis/lxc_pol_part7.rs:396:12
    |
396 | pub struct mgga_c_kcis_lxc_pol_part7_LO4 {
    |            ^^^^^^^^^^^^^^^^^^^^^^^^^^^^^ help: convert the identifier to upper camel case: `MggaCKcisLxcPolPart7Lo4`

warning: type `mgga_c_kcis_lxc_pol_part7_LO5` should have an upper camel case name
   --> crates/kernel-mgga-7/src/mgga_c_kcis/lxc_pol_part7.rs:496:12
    |
496 | pub struct mgga_c_kcis_lxc_pol_part7_LO5 {
    |            ^^^^^^^^^^^^^^^^^^^^^^^^^^^^^ help: convert the identifier to upper camel case: `MggaCKcisLxcPolPart7Lo5`

warning: type `mgga_c_kcis_lxc_pol_part7_LO6` should have an upper camel case name
   --> crates/kernel-mgga-7/src/mgga_c_kcis/lxc_pol_part7.rs:593:12
    |
593 | pub struct mgga_c_kcis_lxc_pol_part7_LO6 {
    |            ^^^^^^^^^^^^^^^^^^^^^^^^^^^^^ help: convert the identifier to upper camel case: `MggaCKcisLxcPolPart7Lo6`

warning: type `mgga_c_kcis_lxc_pol_part7_LO7` should have an upper camel case name
   --> crates/kernel-mgga-7/src/mgga_c_kcis/lxc_pol_part7.rs:691:12
    |
691 | pub struct mgga_c_kcis_lxc_pol_part7_LO7 {
    |            ^^^^^^^^^^^^^^^^^^^^^^^^^^^^^ help: convert the identifier to upper camel case: `MggaCKcisLxcPolPart7Lo7`

warning: type `mgga_c_kcis_lxc_pol_part7_LO8` should have an upper camel case name
   --> crates/kernel-mgga-7/src/mgga_c_kcis/lxc_pol_part7.rs:769:12
    |
769 | pub struct mgga_c_kcis_lxc_pol_part7_LO8 {
    |            ^^^^^^^^^^^^^^^^^^^^^^^^^^^^^ help: convert the identifier to upper camel case: `MggaCKcisLxcPolPart7Lo8`

warning: type `mgga_c_kcis_lxc_pol_part7_LO9` should have an upper camel case name
   --> crates/kernel-mgga-7/src/mgga_c_kcis/lxc_pol_part7.rs:831:12
    |
831 | pub struct mgga_c_kcis_lxc_pol_part7_LO9 {
    |            ^^^^^^^^^^^^^^^^^^^^^^^^^^^^^ help: convert the identifier to upper camel case: `MggaCKcisLxcPolPart7Lo9`

warning: type `mgga_c_kcis_lxc_pol_part7_LO10` should have an upper camel case name
   --> crates/kernel-mgga-7/src/mgga_c_kcis/lxc_pol_part7.rs:877:12
    |
877 | pub struct mgga_c_kcis_lxc_pol_part7_LO10 {
    |            ^^^^^^^^^^^^^^^^^^^^^^^^^^^^^^ help: convert the identifier to upper camel case: `MggaCKcisLxcPolPart7Lo10`

warning: type `mgga_c_kcis_lxc_pol_part7_LO11` should have an upper camel case name
   --> crates/kernel-mgga-7/src/mgga_c_kcis/lxc_pol_part7.rs:961:12
    |
961 | pub struct mgga_c_kcis_lxc_pol_part7_LO11 {
    |            ^^^^^^^^^^^^^^^^^^^^^^^^^^^^^^ help: convert the identifier to upper camel case: `MggaCKcisLxcPolPart7Lo11`

warning: type `mgga_c_kcis_lxc_pol_part7_LO12` should have an upper camel case name
    --> crates/kernel-mgga-7/src/mgga_c_kcis/lxc_pol_part7.rs:1030:12
     |
1030 | pub struct mgga_c_kcis_lxc_pol_part7_LO12 {
     |            ^^^^^^^^^^^^^^^^^^^^^^^^^^^^^^ help: convert the identifier to upper camel case: `MggaCKcisLxcPolPart7Lo12`

warning: type `mgga_c_kcis_lxc_pol_part7_LO13` should have an upper camel case name
    --> crates/kernel-mgga-7/src/mgga_c_kcis/lxc_pol_part7.rs:1085:12
     |
1085 | pub struct mgga_c_kcis_lxc_pol_part7_LO13 {
     |            ^^^^^^^^^^^^^^^^^^^^^^^^^^^^^^ help: convert the identifier to upper camel case: `MggaCKcisLxcPolPart7Lo13`

warning: type `mgga_c_kcis_lxc_pol_part7_LO14` should have an upper camel case name
    --> crates/kernel-mgga-7/src/mgga_c_kcis/lxc_pol_part7.rs:1122:12
     |
1122 | pub struct mgga_c_kcis_lxc_pol_part7_LO14 {
     |            ^^^^^^^^^^^^^^^^^^^^^^^^^^^^^^ help: convert the identifier to upper camel case: `MggaCKcisLxcPolPart7Lo14`

warning: type `mgga_c_kcis_lxc_pol_part7_LO15` should have an upper camel case name
    --> crates/kernel-mgga-7/src/mgga_c_kcis/lxc_pol_part7.rs:1186:12
     |
1186 | pub struct mgga_c_kcis_lxc_pol_part7_LO15 {
     |            ^^^^^^^^^^^^^^^^^^^^^^^^^^^^^^ help: convert the identifier to upper camel case: `MggaCKcisLxcPolPart7Lo15`

warning: type `mgga_c_kcis_lxc_pol_part7_LO16` should have an upper camel case name
    --> crates/kernel-mgga-7/src/mgga_c_kcis/lxc_pol_part7.rs:1254:12
     |
1254 | pub struct mgga_c_kcis_lxc_pol_part7_LO16 {
     |            ^^^^^^^^^^^^^^^^^^^^^^^^^^^^^^ help: convert the identifier to upper camel case: `MggaCKcisLxcPolPart7Lo16`

warning: type `mgga_c_kcis_lxc_pol_part7_LO17` should have an upper camel case name
    --> crates/kernel-mgga-7/src/mgga_c_kcis/lxc_pol_part7.rs:1328:12
     |
1328 | pub struct mgga_c_kcis_lxc_pol_part7_LO17 {
     |            ^^^^^^^^^^^^^^^^^^^^^^^^^^^^^^ help: convert the identifier to upper camel case: `MggaCKcisLxcPolPart7Lo17`

warning: type `mgga_c_kcis_lxc_pol_part7_LO18` should have an upper camel case name
    --> crates/kernel-mgga-7/src/mgga_c_kcis/lxc_pol_part7.rs:1396:12
     |
1396 | pub struct mgga_c_kcis_lxc_pol_part7_LO18 {
     |            ^^^^^^^^^^^^^^^^^^^^^^^^^^^^^^ help: convert the identifier to upper camel case: `MggaCKcisLxcPolPart7Lo18`

warning: type `mgga_c_kcis_lxc_pol_part7_LO19` should have an upper camel case name
    --> crates/kernel-mgga-7/src/mgga_c_kcis/lxc_pol_part7.rs:1459:12
     |
1459 | pub struct mgga_c_kcis_lxc_pol_part7_LO19 {
     |            ^^^^^^^^^^^^^^^^^^^^^^^^^^^^^^ help: convert the identifier to upper camel case: `MggaCKcisLxcPolPart7Lo19`

warning: type `mgga_c_kcis_lxc_pol_part7_LO20` should have an upper camel case name
    --> crates/kernel-mgga-7/src/mgga_c_kcis/lxc_pol_part7.rs:1533:12
     |
1533 | pub struct mgga_c_kcis_lxc_pol_part7_LO20 {
     |            ^^^^^^^^^^^^^^^^^^^^^^^^^^^^^^ help: convert the identifier to upper camel case: `MggaCKcisLxcPolPart7Lo20`

warning: type `mgga_c_kcis_lxc_pol_part7_LO21` should have an upper camel case name
    --> crates/kernel-mgga-7/src/mgga_c_kcis/lxc_pol_part7.rs:1583:12
     |
1583 | pub struct mgga_c_kcis_lxc_pol_part7_LO21 {
     |            ^^^^^^^^^^^^^^^^^^^^^^^^^^^^^^ help: convert the identifier to upper camel case: `MggaCKcisLxcPolPart7Lo21`

warning: type `mgga_c_kcis_lxc_pol_part7_LO22` should have an upper camel case name
    --> crates/kernel-mgga-7/src/mgga_c_kcis/lxc_pol_part7.rs:1639:12
     |
1639 | pub struct mgga_c_kcis_lxc_pol_part7_LO22 {
     |            ^^^^^^^^^^^^^^^^^^^^^^^^^^^^^^ help: convert the identifier to upper camel case: `MggaCKcisLxcPolPart7Lo22`

warning: type `mgga_c_kcis_lxc_pol_part7_LO23` should have an upper camel case name
    --> crates/kernel-mgga-7/src/mgga_c_kcis/lxc_pol_part7.rs:1664:12
     |
1664 | pub struct mgga_c_kcis_lxc_pol_part7_LO23 {
     |            ^^^^^^^^^^^^^^^^^^^^^^^^^^^^^^ help: convert the identifier to upper camel case: `MggaCKcisLxcPolPart7Lo23`

warning: type `mgga_c_kcis_lxc_pol_part7_LO24` should have an upper camel case name
    --> crates/kernel-mgga-7/src/mgga_c_kcis/lxc_pol_part7.rs:1715:12
     |
1715 | pub struct mgga_c_kcis_lxc_pol_part7_LO24 {
     |            ^^^^^^^^^^^^^^^^^^^^^^^^^^^^^^ help: convert the identifier to upper camel case: `MggaCKcisLxcPolPart7Lo24`

warning: type `mgga_c_kcis_lxc_pol_part7_LO25` should have an upper camel case name
    --> crates/kernel-mgga-7/src/mgga_c_kcis/lxc_pol_part7.rs:1811:12
     |
1811 | pub struct mgga_c_kcis_lxc_pol_part7_LO25 {
     |            ^^^^^^^^^^^^^^^^^^^^^^^^^^^^^^ help: convert the identifier to upper camel case: `MggaCKcisLxcPolPart7Lo25`

warning: type `mgga_c_kcis_lxc_pol_part7_LO26` should have an upper camel case name
    --> crates/kernel-mgga-7/src/mgga_c_kcis/lxc_pol_part7.rs:1912:12
     |
1912 | pub struct mgga_c_kcis_lxc_pol_part7_LO26 {
     |            ^^^^^^^^^^^^^^^^^^^^^^^^^^^^^^ help: convert the identifier to upper camel case: `MggaCKcisLxcPolPart7Lo26`

warning: type `mgga_c_kcis_lxc_pol_part7_LO27` should have an upper camel case name
    --> crates/kernel-mgga-7/src/mgga_c_kcis/lxc_pol_part7.rs:2005:12
     |
2005 | pub struct mgga_c_kcis_lxc_pol_part7_LO27 {
     |            ^^^^^^^^^^^^^^^^^^^^^^^^^^^^^^ help: convert the identifier to upper camel case: `MggaCKcisLxcPolPart7Lo27`

warning: type `mgga_c_kcis_lxc_pol_part7_LO28` should have an upper camel case name
    --> crates/kernel-mgga-7/src/mgga_c_kcis/lxc_pol_part7.rs:2086:12
     |
2086 | pub struct mgga_c_kcis_lxc_pol_part7_LO28 {
     |            ^^^^^^^^^^^^^^^^^^^^^^^^^^^^^^ help: convert the identifier to upper camel case: `MggaCKcisLxcPolPart7Lo28`

warning: type `mgga_c_kcis_lxc_pol_part7_LO29` should have an upper camel case name
    --> crates/kernel-mgga-7/src/mgga_c_kcis/lxc_pol_part7.rs:2172:12
     |
2172 | pub struct mgga_c_kcis_lxc_pol_part7_LO29 {
     |            ^^^^^^^^^^^^^^^^^^^^^^^^^^^^^^ help: convert the identifier to upper camel case: `MggaCKcisLxcPolPart7Lo29`

warning: type `mgga_c_kcis_lxc_pol_part7_LO30` should have an upper camel case name
    --> crates/kernel-mgga-7/src/mgga_c_kcis/lxc_pol_part7.rs:2246:12
     |
2246 | pub struct mgga_c_kcis_lxc_pol_part7_LO30 {
     |            ^^^^^^^^^^^^^^^^^^^^^^^^^^^^^^ help: convert the identifier to upper camel case: `MggaCKcisLxcPolPart7Lo30`

warning: type `mgga_c_kcis_lxc_pol_part7_LO31` should have an upper camel case name
    --> crates/kernel-mgga-7/src/mgga_c_kcis/lxc_pol_part7.rs:2300:12
     |
2300 | pub struct mgga_c_kcis_lxc_pol_part7_LO31 {
     |            ^^^^^^^^^^^^^^^^^^^^^^^^^^^^^^ help: convert the identifier to upper camel case: `MggaCKcisLxcPolPart7Lo31`

warning: type `mgga_c_kcis_lxc_pol_part7_LO32` should have an upper camel case name
    --> crates/kernel-mgga-7/src/mgga_c_kcis/lxc_pol_part7.rs:2338:12
     |
2338 | pub struct mgga_c_kcis_lxc_pol_part7_LO32 {
     |            ^^^^^^^^^^^^^^^^^^^^^^^^^^^^^^ help: convert the identifier to upper camel case: `MggaCKcisLxcPolPart7Lo32`

warning: type `mgga_c_kcis_lxc_pol_part7_LO33` should have an upper camel case name
    --> crates/kernel-mgga-7/src/mgga_c_kcis/lxc_pol_part7.rs:2402:12
     |
2402 | pub struct mgga_c_kcis_lxc_pol_part7_LO33 {
     |            ^^^^^^^^^^^^^^^^^^^^^^^^^^^^^^ help: convert the identifier to upper camel case: `MggaCKcisLxcPolPart7Lo33`

warning: type `mgga_c_kcis_lxc_pol_part7_LO34` should have an upper camel case name
    --> crates/kernel-mgga-7/src/mgga_c_kcis/lxc_pol_part7.rs:2471:12
     |
2471 | pub struct mgga_c_kcis_lxc_pol_part7_LO34 {
     |            ^^^^^^^^^^^^^^^^^^^^^^^^^^^^^^ help: convert the identifier to upper camel case: `MggaCKcisLxcPolPart7Lo34`

warning: type `mgga_c_kcis_lxc_pol_part7_LO35` should have an upper camel case name
    --> crates/kernel-mgga-7/src/mgga_c_kcis/lxc_pol_part7.rs:2541:12
     |
2541 | pub struct mgga_c_kcis_lxc_pol_part7_LO35 {
     |            ^^^^^^^^^^^^^^^^^^^^^^^^^^^^^^ help: convert the identifier to upper camel case: `MggaCKcisLxcPolPart7Lo35`

warning: type `mgga_c_kcis_lxc_pol_part7_LO36` should have an upper camel case name
    --> crates/kernel-mgga-7/src/mgga_c_kcis/lxc_pol_part7.rs:2615:12
     |
2615 | pub struct mgga_c_kcis_lxc_pol_part7_LO36 {
     |            ^^^^^^^^^^^^^^^^^^^^^^^^^^^^^^ help: convert the identifier to upper camel case: `MggaCKcisLxcPolPart7Lo36`

warning: type `mgga_c_kcis_lxc_pol_part7_LO37` should have an upper camel case name
    --> crates/kernel-mgga-7/src/mgga_c_kcis/lxc_pol_part7.rs:2648:12
     |
2648 | pub struct mgga_c_kcis_lxc_pol_part7_LO37 {
     |            ^^^^^^^^^^^^^^^^^^^^^^^^^^^^^^ help: convert the identifier to upper camel case: `MggaCKcisLxcPolPart7Lo37`

warning: type `mgga_c_kcis_lxc_pol_part7_LO38` should have an upper camel case name
    --> crates/kernel-mgga-7/src/mgga_c_kcis/lxc_pol_part7.rs:2685:12
     |
2685 | pub struct mgga_c_kcis_lxc_pol_part7_LO38 {
     |            ^^^^^^^^^^^^^^^^^^^^^^^^^^^^^^ help: convert the identifier to upper camel case: `MggaCKcisLxcPolPart7Lo38`

warning: type `mgga_c_kcis_lxc_pol_part8_LO0` should have an upper camel case name
  --> crates/kernel-mgga-7/src/mgga_c_kcis/lxc_pol_part8.rs:14:12
   |
14 | pub struct mgga_c_kcis_lxc_pol_part8_LO0 {
   |            ^^^^^^^^^^^^^^^^^^^^^^^^^^^^^ help: convert the identifier to upper camel case: `MggaCKcisLxcPolPart8Lo0`

warning: type `mgga_c_kcis_lxc_pol_part8_LO1` should have an upper camel case name
   --> crates/kernel-mgga-7/src/mgga_c_kcis/lxc_pol_part8.rs:110:12
    |
110 | pub struct mgga_c_kcis_lxc_pol_part8_LO1 {
    |            ^^^^^^^^^^^^^^^^^^^^^^^^^^^^^ help: convert the identifier to upper camel case: `MggaCKcisLxcPolPart8Lo1`

warning: type `mgga_c_kcis_lxc_pol_part8_LO2` should have an upper camel case name
   --> crates/kernel-mgga-7/src/mgga_c_kcis/lxc_pol_part8.rs:204:12
    |
204 | pub struct mgga_c_kcis_lxc_pol_part8_LO2 {
    |            ^^^^^^^^^^^^^^^^^^^^^^^^^^^^^ help: convert the identifier to upper camel case: `MggaCKcisLxcPolPart8Lo2`

warning: type `mgga_c_kcis_lxc_pol_part8_LO3` should have an upper camel case name
   --> crates/kernel-mgga-7/src/mgga_c_kcis/lxc_pol_part8.rs:297:12
    |
297 | pub struct mgga_c_kcis_lxc_pol_part8_LO3 {
    |            ^^^^^^^^^^^^^^^^^^^^^^^^^^^^^ help: convert the identifier to upper camel case: `MggaCKcisLxcPolPart8Lo3`

warning: type `mgga_c_kcis_lxc_pol_part8_LO4` should have an upper camel case name
   --> crates/kernel-mgga-7/src/mgga_c_kcis/lxc_pol_part8.rs:387:12
    |
387 | pub struct mgga_c_kcis_lxc_pol_part8_LO4 {
    |            ^^^^^^^^^^^^^^^^^^^^^^^^^^^^^ help: convert the identifier to upper camel case: `MggaCKcisLxcPolPart8Lo4`

warning: type `mgga_c_kcis_lxc_pol_part8_LO5` should have an upper camel case name
   --> crates/kernel-mgga-7/src/mgga_c_kcis/lxc_pol_part8.rs:485:12
    |
485 | pub struct mgga_c_kcis_lxc_pol_part8_LO5 {
    |            ^^^^^^^^^^^^^^^^^^^^^^^^^^^^^ help: convert the identifier to upper camel case: `MggaCKcisLxcPolPart8Lo5`

warning: type `mgga_c_kcis_lxc_pol_part8_LO6` should have an upper camel case name
   --> crates/kernel-mgga-7/src/mgga_c_kcis/lxc_pol_part8.rs:576:12
    |
576 | pub struct mgga_c_kcis_lxc_pol_part8_LO6 {
    |            ^^^^^^^^^^^^^^^^^^^^^^^^^^^^^ help: convert the identifier to upper camel case: `MggaCKcisLxcPolPart8Lo6`

warning: type `mgga_c_kcis_lxc_pol_part8_LO7` should have an upper camel case name
   --> crates/kernel-mgga-7/src/mgga_c_kcis/lxc_pol_part8.rs:647:12
    |
647 | pub struct mgga_c_kcis_lxc_pol_part8_LO7 {
    |            ^^^^^^^^^^^^^^^^^^^^^^^^^^^^^ help: convert the identifier to upper camel case: `MggaCKcisLxcPolPart8Lo7`

warning: type `mgga_c_kcis_lxc_pol_part8_LO8` should have an upper camel case name
   --> crates/kernel-mgga-7/src/mgga_c_kcis/lxc_pol_part8.rs:698:12
    |
698 | pub struct mgga_c_kcis_lxc_pol_part8_LO8 {
    |            ^^^^^^^^^^^^^^^^^^^^^^^^^^^^^ help: convert the identifier to upper camel case: `MggaCKcisLxcPolPart8Lo8`

warning: type `mgga_c_kcis_lxc_pol_part8_LO9` should have an upper camel case name
   --> crates/kernel-mgga-7/src/mgga_c_kcis/lxc_pol_part8.rs:757:12
    |
757 | pub struct mgga_c_kcis_lxc_pol_part8_LO9 {
    |            ^^^^^^^^^^^^^^^^^^^^^^^^^^^^^ help: convert the identifier to upper camel case: `MggaCKcisLxcPolPart8Lo9`

warning: type `mgga_c_kcis_lxc_pol_part8_LO10` should have an upper camel case name
   --> crates/kernel-mgga-7/src/mgga_c_kcis/lxc_pol_part8.rs:840:12
    |
840 | pub struct mgga_c_kcis_lxc_pol_part8_LO10 {
    |            ^^^^^^^^^^^^^^^^^^^^^^^^^^^^^^ help: convert the identifier to upper camel case: `MggaCKcisLxcPolPart8Lo10`

warning: type `mgga_c_kcis_lxc_pol_part8_LO11` should have an upper camel case name
   --> crates/kernel-mgga-7/src/mgga_c_kcis/lxc_pol_part8.rs:927:12
    |
927 | pub struct mgga_c_kcis_lxc_pol_part8_LO11 {
    |            ^^^^^^^^^^^^^^^^^^^^^^^^^^^^^^ help: convert the identifier to upper camel case: `MggaCKcisLxcPolPart8Lo11`

warning: type `mgga_c_kcis_lxc_pol_part8_LO12` should have an upper camel case name
   --> crates/kernel-mgga-7/src/mgga_c_kcis/lxc_pol_part8.rs:974:12
    |
974 | pub struct mgga_c_kcis_lxc_pol_part8_LO12 {
    |            ^^^^^^^^^^^^^^^^^^^^^^^^^^^^^^ help: convert the identifier to upper camel case: `MggaCKcisLxcPolPart8Lo12`

warning: type `mgga_c_kcis_lxc_pol_part8_LO13` should have an upper camel case name
    --> crates/kernel-mgga-7/src/mgga_c_kcis/lxc_pol_part8.rs:1001:12
     |
1001 | pub struct mgga_c_kcis_lxc_pol_part8_LO13 {
     |            ^^^^^^^^^^^^^^^^^^^^^^^^^^^^^^ help: convert the identifier to upper camel case: `MggaCKcisLxcPolPart8Lo13`

warning: type `mgga_c_kcis_lxc_pol_part8_LO14` should have an upper camel case name
    --> crates/kernel-mgga-7/src/mgga_c_kcis/lxc_pol_part8.rs:1099:12
     |
1099 | pub struct mgga_c_kcis_lxc_pol_part8_LO14 {
     |            ^^^^^^^^^^^^^^^^^^^^^^^^^^^^^^ help: convert the identifier to upper camel case: `MggaCKcisLxcPolPart8Lo14`

warning: type `mgga_c_kcis_lxc_pol_part8_LO15` should have an upper camel case name
    --> crates/kernel-mgga-7/src/mgga_c_kcis/lxc_pol_part8.rs:1164:12
     |
1164 | pub struct mgga_c_kcis_lxc_pol_part8_LO15 {
     |            ^^^^^^^^^^^^^^^^^^^^^^^^^^^^^^ help: convert the identifier to upper camel case: `MggaCKcisLxcPolPart8Lo15`

warning: type `mgga_c_kcis_lxc_pol_part8_LO16` should have an upper camel case name
    --> crates/kernel-mgga-7/src/mgga_c_kcis/lxc_pol_part8.rs:1229:12
     |
1229 | pub struct mgga_c_kcis_lxc_pol_part8_LO16 {
     |            ^^^^^^^^^^^^^^^^^^^^^^^^^^^^^^ help: convert the identifier to upper camel case: `MggaCKcisLxcPolPart8Lo16`

warning: type `mgga_c_kcis_lxc_pol_part8_LO17` should have an upper camel case name
    --> crates/kernel-mgga-7/src/mgga_c_kcis/lxc_pol_part8.rs:1302:12
     |
1302 | pub struct mgga_c_kcis_lxc_pol_part8_LO17 {
     |            ^^^^^^^^^^^^^^^^^^^^^^^^^^^^^^ help: convert the identifier to upper camel case: `MggaCKcisLxcPolPart8Lo17`

warning: type `mgga_c_kcis_lxc_pol_part8_LO18` should have an upper camel case name
    --> crates/kernel-mgga-7/src/mgga_c_kcis/lxc_pol_part8.rs:1347:12
     |
1347 | pub struct mgga_c_kcis_lxc_pol_part8_LO18 {
     |            ^^^^^^^^^^^^^^^^^^^^^^^^^^^^^^ help: convert the identifier to upper camel case: `MggaCKcisLxcPolPart8Lo18`

warning: type `mgga_c_kcis_lxc_pol_part8_LO19` should have an upper camel case name
    --> crates/kernel-mgga-7/src/mgga_c_kcis/lxc_pol_part8.rs:1381:12
     |
1381 | pub struct mgga_c_kcis_lxc_pol_part8_LO19 {
     |            ^^^^^^^^^^^^^^^^^^^^^^^^^^^^^^ help: convert the identifier to upper camel case: `MggaCKcisLxcPolPart8Lo19`

warning: type `mgga_c_kcis_lxc_pol_part8_LO20` should have an upper camel case name
    --> crates/kernel-mgga-7/src/mgga_c_kcis/lxc_pol_part8.rs:1468:12
     |
1468 | pub struct mgga_c_kcis_lxc_pol_part8_LO20 {
     |            ^^^^^^^^^^^^^^^^^^^^^^^^^^^^^^ help: convert the identifier to upper camel case: `MggaCKcisLxcPolPart8Lo20`

warning: type `mgga_c_kcis_lxc_pol_part8_LO21` should have an upper camel case name
    --> crates/kernel-mgga-7/src/mgga_c_kcis/lxc_pol_part8.rs:1567:12
     |
1567 | pub struct mgga_c_kcis_lxc_pol_part8_LO21 {
     |            ^^^^^^^^^^^^^^^^^^^^^^^^^^^^^^ help: convert the identifier to upper camel case: `MggaCKcisLxcPolPart8Lo21`

warning: type `mgga_c_kcis_lxc_pol_part8_LO22` should have an upper camel case name
    --> crates/kernel-mgga-7/src/mgga_c_kcis/lxc_pol_part8.rs:1669:12
     |
1669 | pub struct mgga_c_kcis_lxc_pol_part8_LO22 {
     |            ^^^^^^^^^^^^^^^^^^^^^^^^^^^^^^ help: convert the identifier to upper camel case: `MggaCKcisLxcPolPart8Lo22`

warning: type `mgga_c_kcis_lxc_pol_part8_LO23` should have an upper camel case name
    --> crates/kernel-mgga-7/src/mgga_c_kcis/lxc_pol_part8.rs:1751:12
     |
1751 | pub struct mgga_c_kcis_lxc_pol_part8_LO23 {
     |            ^^^^^^^^^^^^^^^^^^^^^^^^^^^^^^ help: convert the identifier to upper camel case: `MggaCKcisLxcPolPart8Lo23`

warning: type `mgga_c_kcis_lxc_pol_part8_LO24` should have an upper camel case name
    --> crates/kernel-mgga-7/src/mgga_c_kcis/lxc_pol_part8.rs:1830:12
     |
1830 | pub struct mgga_c_kcis_lxc_pol_part8_LO24 {
     |            ^^^^^^^^^^^^^^^^^^^^^^^^^^^^^^ help: convert the identifier to upper camel case: `MggaCKcisLxcPolPart8Lo24`

warning: type `mgga_c_kcis_lxc_pol_part8_LO25` should have an upper camel case name
    --> crates/kernel-mgga-7/src/mgga_c_kcis/lxc_pol_part8.rs:1917:12
     |
1917 | pub struct mgga_c_kcis_lxc_pol_part8_LO25 {
     |            ^^^^^^^^^^^^^^^^^^^^^^^^^^^^^^ help: convert the identifier to upper camel case: `MggaCKcisLxcPolPart8Lo25`

warning: type `mgga_c_kcis_lxc_pol_part8_LO26` should have an upper camel case name
    --> crates/kernel-mgga-7/src/mgga_c_kcis/lxc_pol_part8.rs:1966:12
     |
1966 | pub struct mgga_c_kcis_lxc_pol_part8_LO26 {
     |            ^^^^^^^^^^^^^^^^^^^^^^^^^^^^^^ help: convert the identifier to upper camel case: `MggaCKcisLxcPolPart8Lo26`

warning: type `mgga_c_kcis_lxc_pol_part8_LO27` should have an upper camel case name
    --> crates/kernel-mgga-7/src/mgga_c_kcis/lxc_pol_part8.rs:2022:12
     |
2022 | pub struct mgga_c_kcis_lxc_pol_part8_LO27 {
     |            ^^^^^^^^^^^^^^^^^^^^^^^^^^^^^^ help: convert the identifier to upper camel case: `MggaCKcisLxcPolPart8Lo27`

warning: type `mgga_c_kcis_lxc_pol_part8_LO28` should have an upper camel case name
    --> crates/kernel-mgga-7/src/mgga_c_kcis/lxc_pol_part8.rs:2088:12
     |
2088 | pub struct mgga_c_kcis_lxc_pol_part8_LO28 {
     |            ^^^^^^^^^^^^^^^^^^^^^^^^^^^^^^ help: convert the identifier to upper camel case: `MggaCKcisLxcPolPart8Lo28`

warning: type `mgga_c_kcis_lxc_pol_part8_LO29` should have an upper camel case name
    --> crates/kernel-mgga-7/src/mgga_c_kcis/lxc_pol_part8.rs:2157:12
     |
2157 | pub struct mgga_c_kcis_lxc_pol_part8_LO29 {
     |            ^^^^^^^^^^^^^^^^^^^^^^^^^^^^^^ help: convert the identifier to upper camel case: `MggaCKcisLxcPolPart8Lo29`

warning: type `mgga_c_kcis_lxc_pol_part8_LO30` should have an upper camel case name
    --> crates/kernel-mgga-7/src/mgga_c_kcis/lxc_pol_part8.rs:2210:12
     |
2210 | pub struct mgga_c_kcis_lxc_pol_part8_LO30 {
     |            ^^^^^^^^^^^^^^^^^^^^^^^^^^^^^^ help: convert the identifier to upper camel case: `MggaCKcisLxcPolPart8Lo30`

warning: type `mgga_c_kcis_lxc_pol_part8_LO31` should have an upper camel case name
    --> crates/kernel-mgga-7/src/mgga_c_kcis/lxc_pol_part8.rs:2229:12
     |
2229 | pub struct mgga_c_kcis_lxc_pol_part8_LO31 {
     |            ^^^^^^^^^^^^^^^^^^^^^^^^^^^^^^ help: convert the identifier to upper camel case: `MggaCKcisLxcPolPart8Lo31`

warning: type `mgga_c_kcis_lxc_pol_part9_LO0` should have an upper camel case name
  --> crates/kernel-mgga-7/src/mgga_c_kcis/lxc_pol_part9.rs:14:12
   |
14 | pub struct mgga_c_kcis_lxc_pol_part9_LO0 {
   |            ^^^^^^^^^^^^^^^^^^^^^^^^^^^^^ help: convert the identifier to upper camel case: `MggaCKcisLxcPolPart9Lo0`

warning: type `mgga_c_kcis_lxc_pol_part9_LO1` should have an upper camel case name
   --> crates/kernel-mgga-7/src/mgga_c_kcis/lxc_pol_part9.rs:105:12
    |
105 | pub struct mgga_c_kcis_lxc_pol_part9_LO1 {
    |            ^^^^^^^^^^^^^^^^^^^^^^^^^^^^^ help: convert the identifier to upper camel case: `MggaCKcisLxcPolPart9Lo1`

warning: type `mgga_c_kcis_lxc_pol_part9_LO2` should have an upper camel case name
   --> crates/kernel-mgga-7/src/mgga_c_kcis/lxc_pol_part9.rs:199:12
    |
199 | pub struct mgga_c_kcis_lxc_pol_part9_LO2 {
    |            ^^^^^^^^^^^^^^^^^^^^^^^^^^^^^ help: convert the identifier to upper camel case: `MggaCKcisLxcPolPart9Lo2`

warning: type `mgga_c_kcis_lxc_pol_part9_LO3` should have an upper camel case name
   --> crates/kernel-mgga-7/src/mgga_c_kcis/lxc_pol_part9.rs:292:12
    |
292 | pub struct mgga_c_kcis_lxc_pol_part9_LO3 {
    |            ^^^^^^^^^^^^^^^^^^^^^^^^^^^^^ help: convert the identifier to upper camel case: `MggaCKcisLxcPolPart9Lo3`

warning: type `mgga_c_kcis_lxc_pol_part9_LO4` should have an upper camel case name
   --> crates/kernel-mgga-7/src/mgga_c_kcis/lxc_pol_part9.rs:396:12
    |
396 | pub struct mgga_c_kcis_lxc_pol_part9_LO4 {
    |            ^^^^^^^^^^^^^^^^^^^^^^^^^^^^^ help: convert the identifier to upper camel case: `MggaCKcisLxcPolPart9Lo4`

warning: type `mgga_c_kcis_lxc_pol_part9_LO5` should have an upper camel case name
   --> crates/kernel-mgga-7/src/mgga_c_kcis/lxc_pol_part9.rs:493:12
    |
493 | pub struct mgga_c_kcis_lxc_pol_part9_LO5 {
    |            ^^^^^^^^^^^^^^^^^^^^^^^^^^^^^ help: convert the identifier to upper camel case: `MggaCKcisLxcPolPart9Lo5`

warning: type `mgga_c_kcis_lxc_pol_part9_LO6` should have an upper camel case name
   --> crates/kernel-mgga-7/src/mgga_c_kcis/lxc_pol_part9.rs:593:12
    |
593 | pub struct mgga_c_kcis_lxc_pol_part9_LO6 {
    |            ^^^^^^^^^^^^^^^^^^^^^^^^^^^^^ help: convert the identifier to upper camel case: `MggaCKcisLxcPolPart9Lo6`

warning: type `mgga_c_kcis_lxc_pol_part9_LO7` should have an upper camel case name
   --> crates/kernel-mgga-7/src/mgga_c_kcis/lxc_pol_part9.rs:692:12
    |
692 | pub struct mgga_c_kcis_lxc_pol_part9_LO7 {
    |            ^^^^^^^^^^^^^^^^^^^^^^^^^^^^^ help: convert the identifier to upper camel case: `MggaCKcisLxcPolPart9Lo7`

warning: type `mgga_c_kcis_lxc_pol_part9_LO8` should have an upper camel case name
   --> crates/kernel-mgga-7/src/mgga_c_kcis/lxc_pol_part9.rs:790:12
    |
790 | pub struct mgga_c_kcis_lxc_pol_part9_LO8 {
    |            ^^^^^^^^^^^^^^^^^^^^^^^^^^^^^ help: convert the identifier to upper camel case: `MggaCKcisLxcPolPart9Lo8`

warning: type `mgga_c_kcis_lxc_pol_part9_LO9` should have an upper camel case name
   --> crates/kernel-mgga-7/src/mgga_c_kcis/lxc_pol_part9.rs:881:12
    |
881 | pub struct mgga_c_kcis_lxc_pol_part9_LO9 {
    |            ^^^^^^^^^^^^^^^^^^^^^^^^^^^^^ help: convert the identifier to upper camel case: `MggaCKcisLxcPolPart9Lo9`

warning: type `mgga_c_kcis_lxc_pol_part9_LO10` should have an upper camel case name
   --> crates/kernel-mgga-7/src/mgga_c_kcis/lxc_pol_part9.rs:962:12
    |
962 | pub struct mgga_c_kcis_lxc_pol_part9_LO10 {
    |            ^^^^^^^^^^^^^^^^^^^^^^^^^^^^^^ help: convert the identifier to upper camel case: `MggaCKcisLxcPolPart9Lo10`

warning: type `mgga_c_kcis_lxc_pol_part9_LO11` should have an upper camel case name
    --> crates/kernel-mgga-7/src/mgga_c_kcis/lxc_pol_part9.rs:1033:12
     |
1033 | pub struct mgga_c_kcis_lxc_pol_part9_LO11 {
     |            ^^^^^^^^^^^^^^^^^^^^^^^^^^^^^^ help: convert the identifier to upper camel case: `MggaCKcisLxcPolPart9Lo11`

warning: type `mgga_c_kcis_lxc_pol_part9_LO12` should have an upper camel case name
    --> crates/kernel-mgga-7/src/mgga_c_kcis/lxc_pol_part9.rs:1095:12
     |
1095 | pub struct mgga_c_kcis_lxc_pol_part9_LO12 {
     |            ^^^^^^^^^^^^^^^^^^^^^^^^^^^^^^ help: convert the identifier to upper camel case: `MggaCKcisLxcPolPart9Lo12`

warning: type `mgga_c_kcis_lxc_pol_part9_LO13` should have an upper camel case name
    --> crates/kernel-mgga-7/src/mgga_c_kcis/lxc_pol_part9.rs:1154:12
     |
1154 | pub struct mgga_c_kcis_lxc_pol_part9_LO13 {
     |            ^^^^^^^^^^^^^^^^^^^^^^^^^^^^^^ help: convert the identifier to upper camel case: `MggaCKcisLxcPolPart9Lo13`

warning: type `mgga_c_kcis_lxc_pol_part9_LO14` should have an upper camel case name
    --> crates/kernel-mgga-7/src/mgga_c_kcis/lxc_pol_part9.rs:1211:12
     |
1211 | pub struct mgga_c_kcis_lxc_pol_part9_LO14 {
     |            ^^^^^^^^^^^^^^^^^^^^^^^^^^^^^^ help: convert the identifier to upper camel case: `MggaCKcisLxcPolPart9Lo14`

warning: type `mgga_c_kcis_lxc_pol_part9_LO15` should have an upper camel case name
    --> crates/kernel-mgga-7/src/mgga_c_kcis/lxc_pol_part9.rs:1264:12
     |
1264 | pub struct mgga_c_kcis_lxc_pol_part9_LO15 {
     |            ^^^^^^^^^^^^^^^^^^^^^^^^^^^^^^ help: convert the identifier to upper camel case: `MggaCKcisLxcPolPart9Lo15`

warning: type `mgga_c_kcis_lxc_pol_part9_LO16` should have an upper camel case name
    --> crates/kernel-mgga-7/src/mgga_c_kcis/lxc_pol_part9.rs:1332:12
     |
1332 | pub struct mgga_c_kcis_lxc_pol_part9_LO16 {
     |            ^^^^^^^^^^^^^^^^^^^^^^^^^^^^^^ help: convert the identifier to upper camel case: `MggaCKcisLxcPolPart9Lo16`

warning: type `mgga_c_kcis_lxc_pol_part9_LO17` should have an upper camel case name
    --> crates/kernel-mgga-7/src/mgga_c_kcis/lxc_pol_part9.rs:1387:12
     |
1387 | pub struct mgga_c_kcis_lxc_pol_part9_LO17 {
     |            ^^^^^^^^^^^^^^^^^^^^^^^^^^^^^^ help: convert the identifier to upper camel case: `MggaCKcisLxcPolPart9Lo17`

warning: type `mgga_c_kcis_lxc_pol_part9_LO18` should have an upper camel case name
    --> crates/kernel-mgga-7/src/mgga_c_kcis/lxc_pol_part9.rs:1443:12
     |
1443 | pub struct mgga_c_kcis_lxc_pol_part9_LO18 {
     |            ^^^^^^^^^^^^^^^^^^^^^^^^^^^^^^ help: convert the identifier to upper camel case: `MggaCKcisLxcPolPart9Lo18`

warning: type `mgga_c_kcis_lxc_pol_part9_LO19` should have an upper camel case name
    --> crates/kernel-mgga-7/src/mgga_c_kcis/lxc_pol_part9.rs:1488:12
     |
1488 | pub struct mgga_c_kcis_lxc_pol_part9_LO19 {
     |            ^^^^^^^^^^^^^^^^^^^^^^^^^^^^^^ help: convert the identifier to upper camel case: `MggaCKcisLxcPolPart9Lo19`

warning: type `mgga_c_kcis_lxc_pol_part9_LO20` should have an upper camel case name
    --> crates/kernel-mgga-7/src/mgga_c_kcis/lxc_pol_part9.rs:1542:12
     |
1542 | pub struct mgga_c_kcis_lxc_pol_part9_LO20 {
     |            ^^^^^^^^^^^^^^^^^^^^^^^^^^^^^^ help: convert the identifier to upper camel case: `MggaCKcisLxcPolPart9Lo20`

warning: type `mgga_c_kcis_lxc_pol_part9_LO21` should have an upper camel case name
    --> crates/kernel-mgga-7/src/mgga_c_kcis/lxc_pol_part9.rs:1581:12
     |
1581 | pub struct mgga_c_kcis_lxc_pol_part9_LO21 {
     |            ^^^^^^^^^^^^^^^^^^^^^^^^^^^^^^ help: convert the identifier to upper camel case: `MggaCKcisLxcPolPart9Lo21`

warning: type `mgga_c_kcis_lxc_pol_part9_LO22` should have an upper camel case name
    --> crates/kernel-mgga-7/src/mgga_c_kcis/lxc_pol_part9.rs:1632:12
     |
1632 | pub struct mgga_c_kcis_lxc_pol_part9_LO22 {
     |            ^^^^^^^^^^^^^^^^^^^^^^^^^^^^^^ help: convert the identifier to upper camel case: `MggaCKcisLxcPolPart9Lo22`

warning: type `mgga_c_kcis_lxc_pol_part9_LO23` should have an upper camel case name
    --> crates/kernel-mgga-7/src/mgga_c_kcis/lxc_pol_part9.rs:1668:12
     |
1668 | pub struct mgga_c_kcis_lxc_pol_part9_LO23 {
     |            ^^^^^^^^^^^^^^^^^^^^^^^^^^^^^^ help: convert the identifier to upper camel case: `MggaCKcisLxcPolPart9Lo23`

warning: type `mgga_c_kcis_lxc_pol_part9_LO24` should have an upper camel case name
    --> crates/kernel-mgga-7/src/mgga_c_kcis/lxc_pol_part9.rs:1722:12
     |
1722 | pub struct mgga_c_kcis_lxc_pol_part9_LO24 {
     |            ^^^^^^^^^^^^^^^^^^^^^^^^^^^^^^ help: convert the identifier to upper camel case: `MggaCKcisLxcPolPart9Lo24`

warning: type `mgga_c_kcis_lxc_pol_part9_LO25` should have an upper camel case name
    --> crates/kernel-mgga-7/src/mgga_c_kcis/lxc_pol_part9.rs:1763:12
     |
1763 | pub struct mgga_c_kcis_lxc_pol_part9_LO25 {
     |            ^^^^^^^^^^^^^^^^^^^^^^^^^^^^^^ help: convert the identifier to upper camel case: `MggaCKcisLxcPolPart9Lo25`

warning: type `mgga_c_kcis_lxc_pol_part9_LO26` should have an upper camel case name
    --> crates/kernel-mgga-7/src/mgga_c_kcis/lxc_pol_part9.rs:1807:12
     |
1807 | pub struct mgga_c_kcis_lxc_pol_part9_LO26 {
     |            ^^^^^^^^^^^^^^^^^^^^^^^^^^^^^^ help: convert the identifier to upper camel case: `MggaCKcisLxcPolPart9Lo26`

warning: type `mgga_c_kcis_lxc_pol_part9_LO27` should have an upper camel case name
    --> crates/kernel-mgga-7/src/mgga_c_kcis/lxc_pol_part9.rs:1857:12
     |
1857 | pub struct mgga_c_kcis_lxc_pol_part9_LO27 {
     |            ^^^^^^^^^^^^^^^^^^^^^^^^^^^^^^ help: convert the identifier to upper camel case: `MggaCKcisLxcPolPart9Lo27`

warning: type `mgga_c_kcis_lxc_pol_part9_LO28` should have an upper camel case name
    --> crates/kernel-mgga-7/src/mgga_c_kcis/lxc_pol_part9.rs:1887:12
     |
1887 | pub struct mgga_c_kcis_lxc_pol_part9_LO28 {
     |            ^^^^^^^^^^^^^^^^^^^^^^^^^^^^^^ help: convert the identifier to upper camel case: `MggaCKcisLxcPolPart9Lo28`

warning: type `mgga_c_kcis_lxc_pol_part9_LO29` should have an upper camel case name
    --> crates/kernel-mgga-7/src/mgga_c_kcis/lxc_pol_part9.rs:1907:12
     |
1907 | pub struct mgga_c_kcis_lxc_pol_part9_LO29 {
     |            ^^^^^^^^^^^^^^^^^^^^^^^^^^^^^^ help: convert the identifier to upper camel case: `MggaCKcisLxcPolPart9Lo29`

warning: type `mgga_c_kcis_lxc_pol_part9_LO30` should have an upper camel case name
    --> crates/kernel-mgga-7/src/mgga_c_kcis/lxc_pol_part9.rs:1950:12
     |
1950 | pub struct mgga_c_kcis_lxc_pol_part9_LO30 {
     |            ^^^^^^^^^^^^^^^^^^^^^^^^^^^^^^ help: convert the identifier to upper camel case: `MggaCKcisLxcPolPart9Lo30`

warning: type `mgga_c_kcis_lxc_pol_part9_LO31` should have an upper camel case name
    --> crates/kernel-mgga-7/src/mgga_c_kcis/lxc_pol_part9.rs:1987:12
     |
1987 | pub struct mgga_c_kcis_lxc_pol_part9_LO31 {
     |            ^^^^^^^^^^^^^^^^^^^^^^^^^^^^^^ help: convert the identifier to upper camel case: `MggaCKcisLxcPolPart9Lo31`

warning: type `mgga_c_kcis_lxc_pol_part9_LO32` should have an upper camel case name
    --> crates/kernel-mgga-7/src/mgga_c_kcis/lxc_pol_part9.rs:2005:12
     |
2005 | pub struct mgga_c_kcis_lxc_pol_part9_LO32 {
     |            ^^^^^^^^^^^^^^^^^^^^^^^^^^^^^^ help: convert the identifier to upper camel case: `MggaCKcisLxcPolPart9Lo32`

warning: type `mgga_c_kcis_lxc_pol_part11_LO0` should have an upper camel case name
  --> crates/kernel-mgga-7/src/mgga_c_kcis/lxc_pol_part11.rs:14:12
   |
14 | pub struct mgga_c_kcis_lxc_pol_part11_LO0 {
   |            ^^^^^^^^^^^^^^^^^^^^^^^^^^^^^^ help: convert the identifier to upper camel case: `MggaCKcisLxcPolPart11Lo0`

warning: type `mgga_c_kcis_lxc_pol_part11_LO1` should have an upper camel case name
   --> crates/kernel-mgga-7/src/mgga_c_kcis/lxc_pol_part11.rs:108:12
    |
108 | pub struct mgga_c_kcis_lxc_pol_part11_LO1 {
    |            ^^^^^^^^^^^^^^^^^^^^^^^^^^^^^^ help: convert the identifier to upper camel case: `MggaCKcisLxcPolPart11Lo1`

warning: type `mgga_c_kcis_lxc_pol_part11_LO2` should have an upper camel case name
   --> crates/kernel-mgga-7/src/mgga_c_kcis/lxc_pol_part11.rs:201:12
    |
201 | pub struct mgga_c_kcis_lxc_pol_part11_LO2 {
    |            ^^^^^^^^^^^^^^^^^^^^^^^^^^^^^^ help: convert the identifier to upper camel case: `MggaCKcisLxcPolPart11Lo2`

warning: type `mgga_c_kcis_lxc_pol_part11_LO3` should have an upper camel case name
   --> crates/kernel-mgga-7/src/mgga_c_kcis/lxc_pol_part11.rs:296:12
    |
296 | pub struct mgga_c_kcis_lxc_pol_part11_LO3 {
    |            ^^^^^^^^^^^^^^^^^^^^^^^^^^^^^^ help: convert the identifier to upper camel case: `MggaCKcisLxcPolPart11Lo3`

warning: type `mgga_c_kcis_lxc_pol_part11_LO4` should have an upper camel case name
   --> crates/kernel-mgga-7/src/mgga_c_kcis/lxc_pol_part11.rs:387:12
    |
387 | pub struct mgga_c_kcis_lxc_pol_part11_LO4 {
    |            ^^^^^^^^^^^^^^^^^^^^^^^^^^^^^^ help: convert the identifier to upper camel case: `MggaCKcisLxcPolPart11Lo4`

warning: type `mgga_c_kcis_lxc_pol_part11_LO5` should have an upper camel case name
   --> crates/kernel-mgga-7/src/mgga_c_kcis/lxc_pol_part11.rs:484:12
    |
484 | pub struct mgga_c_kcis_lxc_pol_part11_LO5 {
    |            ^^^^^^^^^^^^^^^^^^^^^^^^^^^^^^ help: convert the identifier to upper camel case: `MggaCKcisLxcPolPart11Lo5`

warning: type `mgga_c_kcis_lxc_pol_part11_LO6` should have an upper camel case name
   --> crates/kernel-mgga-7/src/mgga_c_kcis/lxc_pol_part11.rs:579:12
    |
579 | pub struct mgga_c_kcis_lxc_pol_part11_LO6 {
    |            ^^^^^^^^^^^^^^^^^^^^^^^^^^^^^^ help: convert the identifier to upper camel case: `MggaCKcisLxcPolPart11Lo6`

warning: type `mgga_c_kcis_lxc_pol_part11_LO7` should have an upper camel case name
   --> crates/kernel-mgga-7/src/mgga_c_kcis/lxc_pol_part11.rs:673:12
    |
673 | pub struct mgga_c_kcis_lxc_pol_part11_LO7 {
    |            ^^^^^^^^^^^^^^^^^^^^^^^^^^^^^^ help: convert the identifier to upper camel case: `MggaCKcisLxcPolPart11Lo7`

warning: type `mgga_c_kcis_lxc_pol_part11_LO8` should have an upper camel case name
   --> crates/kernel-mgga-7/src/mgga_c_kcis/lxc_pol_part11.rs:760:12
    |
760 | pub struct mgga_c_kcis_lxc_pol_part11_LO8 {
    |            ^^^^^^^^^^^^^^^^^^^^^^^^^^^^^^ help: convert the identifier to upper camel case: `MggaCKcisLxcPolPart11Lo8`

warning: type `mgga_c_kcis_lxc_pol_part11_LO9` should have an upper camel case name
   --> crates/kernel-mgga-7/src/mgga_c_kcis/lxc_pol_part11.rs:847:12
    |
847 | pub struct mgga_c_kcis_lxc_pol_part11_LO9 {
    |            ^^^^^^^^^^^^^^^^^^^^^^^^^^^^^^ help: convert the identifier to upper camel case: `MggaCKcisLxcPolPart11Lo9`

warning: type `mgga_c_kcis_lxc_pol_part11_LO10` should have an upper camel case name
   --> crates/kernel-mgga-7/src/mgga_c_kcis/lxc_pol_part11.rs:935:12
    |
935 | pub struct mgga_c_kcis_lxc_pol_part11_LO10 {
    |            ^^^^^^^^^^^^^^^^^^^^^^^^^^^^^^^ help: convert the identifier to upper camel case: `MggaCKcisLxcPolPart11Lo10`

warning: type `mgga_c_kcis_lxc_pol_part11_LO11` should have an upper camel case name
    --> crates/kernel-mgga-7/src/mgga_c_kcis/lxc_pol_part11.rs:1032:12
     |
1032 | pub struct mgga_c_kcis_lxc_pol_part11_LO11 {
     |            ^^^^^^^^^^^^^^^^^^^^^^^^^^^^^^^ help: convert the identifier to upper camel case: `MggaCKcisLxcPolPart11Lo11`

warning: type `mgga_c_kcis_lxc_pol_part11_LO12` should have an upper camel case name
    --> crates/kernel-mgga-7/src/mgga_c_kcis/lxc_pol_part11.rs:1120:12
     |
1120 | pub struct mgga_c_kcis_lxc_pol_part11_LO12 {
     |            ^^^^^^^^^^^^^^^^^^^^^^^^^^^^^^^ help: convert the identifier to upper camel case: `MggaCKcisLxcPolPart11Lo12`

warning: type `mgga_c_kcis_lxc_pol_part11_LO13` should have an upper camel case name
    --> crates/kernel-mgga-7/src/mgga_c_kcis/lxc_pol_part11.rs:1219:12
     |
1219 | pub struct mgga_c_kcis_lxc_pol_part11_LO13 {
     |            ^^^^^^^^^^^^^^^^^^^^^^^^^^^^^^^ help: convert the identifier to upper camel case: `MggaCKcisLxcPolPart11Lo13`

warning: type `mgga_c_kcis_lxc_pol_part11_LO14` should have an upper camel case name
    --> crates/kernel-mgga-7/src/mgga_c_kcis/lxc_pol_part11.rs:1302:12
     |
1302 | pub struct mgga_c_kcis_lxc_pol_part11_LO14 {
     |            ^^^^^^^^^^^^^^^^^^^^^^^^^^^^^^^ help: convert the identifier to upper camel case: `MggaCKcisLxcPolPart11Lo14`

warning: type `mgga_c_kcis_lxc_pol_part11_LO15` should have an upper camel case name
    --> crates/kernel-mgga-7/src/mgga_c_kcis/lxc_pol_part11.rs:1396:12
     |
1396 | pub struct mgga_c_kcis_lxc_pol_part11_LO15 {
     |            ^^^^^^^^^^^^^^^^^^^^^^^^^^^^^^^ help: convert the identifier to upper camel case: `MggaCKcisLxcPolPart11Lo15`

warning: type `mgga_c_kcis_lxc_pol_part11_LO16` should have an upper camel case name
    --> crates/kernel-mgga-7/src/mgga_c_kcis/lxc_pol_part11.rs:1491:12
     |
1491 | pub struct mgga_c_kcis_lxc_pol_part11_LO16 {
     |            ^^^^^^^^^^^^^^^^^^^^^^^^^^^^^^^ help: convert the identifier to upper camel case: `MggaCKcisLxcPolPart11Lo16`

warning: type `mgga_c_kcis_lxc_pol_part11_LO17` should have an upper camel case name
    --> crates/kernel-mgga-7/src/mgga_c_kcis/lxc_pol_part11.rs:1581:12
     |
1581 | pub struct mgga_c_kcis_lxc_pol_part11_LO17 {
     |            ^^^^^^^^^^^^^^^^^^^^^^^^^^^^^^^ help: convert the identifier to upper camel case: `MggaCKcisLxcPolPart11Lo17`

warning: type `mgga_c_kcis_lxc_pol_part11_LO18` should have an upper camel case name
    --> crates/kernel-mgga-7/src/mgga_c_kcis/lxc_pol_part11.rs:1675:12
     |
1675 | pub struct mgga_c_kcis_lxc_pol_part11_LO18 {
     |            ^^^^^^^^^^^^^^^^^^^^^^^^^^^^^^^ help: convert the identifier to upper camel case: `MggaCKcisLxcPolPart11Lo18`

warning: type `mgga_c_kcis_lxc_pol_part11_LO19` should have an upper camel case name
    --> crates/kernel-mgga-7/src/mgga_c_kcis/lxc_pol_part11.rs:1750:12
     |
1750 | pub struct mgga_c_kcis_lxc_pol_part11_LO19 {
     |            ^^^^^^^^^^^^^^^^^^^^^^^^^^^^^^^ help: convert the identifier to upper camel case: `MggaCKcisLxcPolPart11Lo19`

warning: type `mgga_c_kcis_lxc_pol_part11_LO20` should have an upper camel case name
    --> crates/kernel-mgga-7/src/mgga_c_kcis/lxc_pol_part11.rs:1841:12
     |
1841 | pub struct mgga_c_kcis_lxc_pol_part11_LO20 {
     |            ^^^^^^^^^^^^^^^^^^^^^^^^^^^^^^^ help: convert the identifier to upper camel case: `MggaCKcisLxcPolPart11Lo20`

warning: type `mgga_c_kcis_lxc_pol_part11_LO21` should have an upper camel case name
    --> crates/kernel-mgga-7/src/mgga_c_kcis/lxc_pol_part11.rs:1924:12
     |
1924 | pub struct mgga_c_kcis_lxc_pol_part11_LO21 {
     |            ^^^^^^^^^^^^^^^^^^^^^^^^^^^^^^^ help: convert the identifier to upper camel case: `MggaCKcisLxcPolPart11Lo21`

warning: type `mgga_c_kcis_lxc_pol_part11_LO22` should have an upper camel case name
    --> crates/kernel-mgga-7/src/mgga_c_kcis/lxc_pol_part11.rs:2027:12
     |
2027 | pub struct mgga_c_kcis_lxc_pol_part11_LO22 {
     |            ^^^^^^^^^^^^^^^^^^^^^^^^^^^^^^^ help: convert the identifier to upper camel case: `MggaCKcisLxcPolPart11Lo22`

warning: type `mgga_c_kcis_lxc_pol_part11_LO23` should have an upper camel case name
    --> crates/kernel-mgga-7/src/mgga_c_kcis/lxc_pol_part11.rs:2107:12
     |
2107 | pub struct mgga_c_kcis_lxc_pol_part11_LO23 {
     |            ^^^^^^^^^^^^^^^^^^^^^^^^^^^^^^^ help: convert the identifier to upper camel case: `MggaCKcisLxcPolPart11Lo23`

warning: type `mgga_c_kcis_lxc_pol_part11_LO24` should have an upper camel case name
    --> crates/kernel-mgga-7/src/mgga_c_kcis/lxc_pol_part11.rs:2202:12
     |
2202 | pub struct mgga_c_kcis_lxc_pol_part11_LO24 {
     |            ^^^^^^^^^^^^^^^^^^^^^^^^^^^^^^^ help: convert the identifier to upper camel case: `MggaCKcisLxcPolPart11Lo24`

warning: type `mgga_c_kcis_lxc_pol_part11_LO25` should have an upper camel case name
    --> crates/kernel-mgga-7/src/mgga_c_kcis/lxc_pol_part11.rs:2281:12
     |
2281 | pub struct mgga_c_kcis_lxc_pol_part11_LO25 {
     |            ^^^^^^^^^^^^^^^^^^^^^^^^^^^^^^^ help: convert the identifier to upper camel case: `MggaCKcisLxcPolPart11Lo25`

warning: type `mgga_c_kcis_lxc_pol_part11_LO26` should have an upper camel case name
    --> crates/kernel-mgga-7/src/mgga_c_kcis/lxc_pol_part11.rs:2384:12
     |
2384 | pub struct mgga_c_kcis_lxc_pol_part11_LO26 {
     |            ^^^^^^^^^^^^^^^^^^^^^^^^^^^^^^^ help: convert the identifier to upper camel case: `MggaCKcisLxcPolPart11Lo26`

warning: type `mgga_c_kcis_lxc_pol_part11_LO27` should have an upper camel case name
    --> crates/kernel-mgga-7/src/mgga_c_kcis/lxc_pol_part11.rs:2488:12
     |
2488 | pub struct mgga_c_kcis_lxc_pol_part11_LO27 {
     |            ^^^^^^^^^^^^^^^^^^^^^^^^^^^^^^^ help: convert the identifier to upper camel case: `MggaCKcisLxcPolPart11Lo27`

warning: type `mgga_c_kcis_lxc_pol_part11_LO28` should have an upper camel case name
    --> crates/kernel-mgga-7/src/mgga_c_kcis/lxc_pol_part11.rs:2578:12
     |
2578 | pub struct mgga_c_kcis_lxc_pol_part11_LO28 {
     |            ^^^^^^^^^^^^^^^^^^^^^^^^^^^^^^^ help: convert the identifier to upper camel case: `MggaCKcisLxcPolPart11Lo28`

warning: type `mgga_c_kcis_lxc_pol_part11_LO29` should have an upper camel case name
    --> crates/kernel-mgga-7/src/mgga_c_kcis/lxc_pol_part11.rs:2656:12
     |
2656 | pub struct mgga_c_kcis_lxc_pol_part11_LO29 {
     |            ^^^^^^^^^^^^^^^^^^^^^^^^^^^^^^^ help: convert the identifier to upper camel case: `MggaCKcisLxcPolPart11Lo29`

warning: type `mgga_c_kcis_lxc_pol_part11_LO30` should have an upper camel case name
    --> crates/kernel-mgga-7/src/mgga_c_kcis/lxc_pol_part11.rs:2731:12
     |
2731 | pub struct mgga_c_kcis_lxc_pol_part11_LO30 {
     |            ^^^^^^^^^^^^^^^^^^^^^^^^^^^^^^^ help: convert the identifier to upper camel case: `MggaCKcisLxcPolPart11Lo30`

warning: type `mgga_c_kcis_lxc_pol_part11_LO31` should have an upper camel case name
    --> crates/kernel-mgga-7/src/mgga_c_kcis/lxc_pol_part11.rs:2815:12
     |
2815 | pub struct mgga_c_kcis_lxc_pol_part11_LO31 {
     |            ^^^^^^^^^^^^^^^^^^^^^^^^^^^^^^^ help: convert the identifier to upper camel case: `MggaCKcisLxcPolPart11Lo31`

warning: type `mgga_c_kcis_lxc_pol_part11_LO32` should have an upper camel case name
    --> crates/kernel-mgga-7/src/mgga_c_kcis/lxc_pol_part11.rs:2907:12
     |
2907 | pub struct mgga_c_kcis_lxc_pol_part11_LO32 {
     |            ^^^^^^^^^^^^^^^^^^^^^^^^^^^^^^^ help: convert the identifier to upper camel case: `MggaCKcisLxcPolPart11Lo32`

warning: type `mgga_c_kcis_lxc_pol_part11_LO33` should have an upper camel case name
    --> crates/kernel-mgga-7/src/mgga_c_kcis/lxc_pol_part11.rs:3002:12
     |
3002 | pub struct mgga_c_kcis_lxc_pol_part11_LO33 {
     |            ^^^^^^^^^^^^^^^^^^^^^^^^^^^^^^^ help: convert the identifier to upper camel case: `MggaCKcisLxcPolPart11Lo33`

warning: type `mgga_c_kcis_lxc_pol_part11_LO34` should have an upper camel case name
    --> crates/kernel-mgga-7/src/mgga_c_kcis/lxc_pol_part11.rs:3075:12
     |
3075 | pub struct mgga_c_kcis_lxc_pol_part11_LO34 {
     |            ^^^^^^^^^^^^^^^^^^^^^^^^^^^^^^^ help: convert the identifier to upper camel case: `MggaCKcisLxcPolPart11Lo34`

warning: type `mgga_c_kcis_lxc_pol_part11_LO35` should have an upper camel case name
    --> crates/kernel-mgga-7/src/mgga_c_kcis/lxc_pol_part11.rs:3168:12
     |
3168 | pub struct mgga_c_kcis_lxc_pol_part11_LO35 {
     |            ^^^^^^^^^^^^^^^^^^^^^^^^^^^^^^^ help: convert the identifier to upper camel case: `MggaCKcisLxcPolPart11Lo35`

warning: type `mgga_c_kcis_lxc_pol_part11_LO36` should have an upper camel case name
    --> crates/kernel-mgga-7/src/mgga_c_kcis/lxc_pol_part11.rs:3255:12
     |
3255 | pub struct mgga_c_kcis_lxc_pol_part11_LO36 {
     |            ^^^^^^^^^^^^^^^^^^^^^^^^^^^^^^^ help: convert the identifier to upper camel case: `MggaCKcisLxcPolPart11Lo36`

warning: type `mgga_c_kcis_lxc_pol_part11_LO37` should have an upper camel case name
    --> crates/kernel-mgga-7/src/mgga_c_kcis/lxc_pol_part11.rs:3353:12
     |
3353 | pub struct mgga_c_kcis_lxc_pol_part11_LO37 {
     |            ^^^^^^^^^^^^^^^^^^^^^^^^^^^^^^^ help: convert the identifier to upper camel case: `MggaCKcisLxcPolPart11Lo37`

warning: type `mgga_c_kcis_lxc_pol_part11_LO38` should have an upper camel case name
    --> crates/kernel-mgga-7/src/mgga_c_kcis/lxc_pol_part11.rs:3412:12
     |
3412 | pub struct mgga_c_kcis_lxc_pol_part11_LO38 {
     |            ^^^^^^^^^^^^^^^^^^^^^^^^^^^^^^^ help: convert the identifier to upper camel case: `MggaCKcisLxcPolPart11Lo38`

warning: type `mgga_c_kcis_lxc_pol_part11_LO39` should have an upper camel case name
    --> crates/kernel-mgga-7/src/mgga_c_kcis/lxc_pol_part11.rs:3477:12
     |
3477 | pub struct mgga_c_kcis_lxc_pol_part11_LO39 {
     |            ^^^^^^^^^^^^^^^^^^^^^^^^^^^^^^^ help: convert the identifier to upper camel case: `MggaCKcisLxcPolPart11Lo39`

warning: type `mgga_c_kcis_lxc_pol_part11_LO40` should have an upper camel case name
    --> crates/kernel-mgga-7/src/mgga_c_kcis/lxc_pol_part11.rs:3562:12
     |
3562 | pub struct mgga_c_kcis_lxc_pol_part11_LO40 {
     |            ^^^^^^^^^^^^^^^^^^^^^^^^^^^^^^^ help: convert the identifier to upper camel case: `MggaCKcisLxcPolPart11Lo40`

warning: type `mgga_c_kcis_lxc_pol_part11_LO41` should have an upper camel case name
    --> crates/kernel-mgga-7/src/mgga_c_kcis/lxc_pol_part11.rs:3643:12
     |
3643 | pub struct mgga_c_kcis_lxc_pol_part11_LO41 {
     |            ^^^^^^^^^^^^^^^^^^^^^^^^^^^^^^^ help: convert the identifier to upper camel case: `MggaCKcisLxcPolPart11Lo41`

warning: type `mgga_c_kcis_lxc_pol_part11_LO42` should have an upper camel case name
    --> crates/kernel-mgga-7/src/mgga_c_kcis/lxc_pol_part11.rs:3709:12
     |
3709 | pub struct mgga_c_kcis_lxc_pol_part11_LO42 {
     |            ^^^^^^^^^^^^^^^^^^^^^^^^^^^^^^^ help: convert the identifier to upper camel case: `MggaCKcisLxcPolPart11Lo42`

warning: type `mgga_c_kcis_lxc_pol_part11_LO43` should have an upper camel case name
    --> crates/kernel-mgga-7/src/mgga_c_kcis/lxc_pol_part11.rs:3800:12
     |
3800 | pub struct mgga_c_kcis_lxc_pol_part11_LO43 {
     |            ^^^^^^^^^^^^^^^^^^^^^^^^^^^^^^^ help: convert the identifier to upper camel case: `MggaCKcisLxcPolPart11Lo43`

warning: type `mgga_c_kcis_lxc_pol_part11_LO44` should have an upper camel case name
    --> crates/kernel-mgga-7/src/mgga_c_kcis/lxc_pol_part11.rs:3889:12
     |
3889 | pub struct mgga_c_kcis_lxc_pol_part11_LO44 {
     |            ^^^^^^^^^^^^^^^^^^^^^^^^^^^^^^^ help: convert the identifier to upper camel case: `MggaCKcisLxcPolPart11Lo44`

warning: type `mgga_c_kcis_lxc_pol_part11_LO45` should have an upper camel case name
    --> crates/kernel-mgga-7/src/mgga_c_kcis/lxc_pol_part11.rs:3984:12
     |
3984 | pub struct mgga_c_kcis_lxc_pol_part11_LO45 {
     |            ^^^^^^^^^^^^^^^^^^^^^^^^^^^^^^^ help: convert the identifier to upper camel case: `MggaCKcisLxcPolPart11Lo45`

warning: type `mgga_c_kcis_lxc_pol_part11_LO46` should have an upper camel case name
    --> crates/kernel-mgga-7/src/mgga_c_kcis/lxc_pol_part11.rs:4076:12
     |
4076 | pub struct mgga_c_kcis_lxc_pol_part11_LO46 {
     |            ^^^^^^^^^^^^^^^^^^^^^^^^^^^^^^^ help: convert the identifier to upper camel case: `MggaCKcisLxcPolPart11Lo46`

warning: type `mgga_c_kcis_lxc_pol_part11_LO47` should have an upper camel case name
    --> crates/kernel-mgga-7/src/mgga_c_kcis/lxc_pol_part11.rs:4109:12
     |
4109 | pub struct mgga_c_kcis_lxc_pol_part11_LO47 {
     |            ^^^^^^^^^^^^^^^^^^^^^^^^^^^^^^^ help: convert the identifier to upper camel case: `MggaCKcisLxcPolPart11Lo47`

warning: type `mgga_c_kcis_lxc_pol_part11_LO48` should have an upper camel case name
    --> crates/kernel-mgga-7/src/mgga_c_kcis/lxc_pol_part11.rs:4183:12
     |
4183 | pub struct mgga_c_kcis_lxc_pol_part11_LO48 {
     |            ^^^^^^^^^^^^^^^^^^^^^^^^^^^^^^^ help: convert the identifier to upper camel case: `MggaCKcisLxcPolPart11Lo48`

warning: type `mgga_c_kcis_lxc_pol_part11_LO49` should have an upper camel case name
    --> crates/kernel-mgga-7/src/mgga_c_kcis/lxc_pol_part11.rs:4276:12
     |
4276 | pub struct mgga_c_kcis_lxc_pol_part11_LO49 {
     |            ^^^^^^^^^^^^^^^^^^^^^^^^^^^^^^^ help: convert the identifier to upper camel case: `MggaCKcisLxcPolPart11Lo49`

warning: type `mgga_c_kcis_lxc_pol_part11_LO50` should have an upper camel case name
    --> crates/kernel-mgga-7/src/mgga_c_kcis/lxc_pol_part11.rs:4324:12
     |
4324 | pub struct mgga_c_kcis_lxc_pol_part11_LO50 {
     |            ^^^^^^^^^^^^^^^^^^^^^^^^^^^^^^^ help: convert the identifier to upper camel case: `MggaCKcisLxcPolPart11Lo50`

warning: type `mgga_c_kcis_lxc_pol_part11_LO51` should have an upper camel case name
    --> crates/kernel-mgga-7/src/mgga_c_kcis/lxc_pol_part11.rs:4374:12
     |
4374 | pub struct mgga_c_kcis_lxc_pol_part11_LO51 {
     |            ^^^^^^^^^^^^^^^^^^^^^^^^^^^^^^^ help: convert the identifier to upper camel case: `MggaCKcisLxcPolPart11Lo51`

warning: type `mgga_c_kcis_lxc_pol_part11_LO52` should have an upper camel case name
    --> crates/kernel-mgga-7/src/mgga_c_kcis/lxc_pol_part11.rs:4455:12
     |
4455 | pub struct mgga_c_kcis_lxc_pol_part11_LO52 {
     |            ^^^^^^^^^^^^^^^^^^^^^^^^^^^^^^^ help: convert the identifier to upper camel case: `MggaCKcisLxcPolPart11Lo52`

warning: type `mgga_c_kcis_lxc_pol_part11_LO53` should have an upper camel case name
    --> crates/kernel-mgga-7/src/mgga_c_kcis/lxc_pol_part11.rs:4518:12
     |
4518 | pub struct mgga_c_kcis_lxc_pol_part11_LO53 {
     |            ^^^^^^^^^^^^^^^^^^^^^^^^^^^^^^^ help: convert the identifier to upper camel case: `MggaCKcisLxcPolPart11Lo53`

warning: type `mgga_c_kcis_lxc_pol_part11_LO54` should have an upper camel case name
    --> crates/kernel-mgga-7/src/mgga_c_kcis/lxc_pol_part11.rs:4553:12
     |
4553 | pub struct mgga_c_kcis_lxc_pol_part11_LO54 {
     |            ^^^^^^^^^^^^^^^^^^^^^^^^^^^^^^^ help: convert the identifier to upper camel case: `MggaCKcisLxcPolPart11Lo54`

warning: type `mgga_c_kcis_lxc_pol_part11_LO55` should have an upper camel case name
    --> crates/kernel-mgga-7/src/mgga_c_kcis/lxc_pol_part11.rs:4559:12
     |
4559 | pub struct mgga_c_kcis_lxc_pol_part11_LO55 {
     |            ^^^^^^^^^^^^^^^^^^^^^^^^^^^^^^^ help: convert the identifier to upper camel case: `MggaCKcisLxcPolPart11Lo55`

warning: type `mgga_c_kcis_lxc_pol_part11_LO56` should have an upper camel case name
    --> crates/kernel-mgga-7/src/mgga_c_kcis/lxc_pol_part11.rs:4647:12
     |
4647 | pub struct mgga_c_kcis_lxc_pol_part11_LO56 {
     |            ^^^^^^^^^^^^^^^^^^^^^^^^^^^^^^^ help: convert the identifier to upper camel case: `MggaCKcisLxcPolPart11Lo56`

warning: type `mgga_c_kcis_lxc_pol_part11_LO57` should have an upper camel case name
    --> crates/kernel-mgga-7/src/mgga_c_kcis/lxc_pol_part11.rs:4688:12
     |
4688 | pub struct mgga_c_kcis_lxc_pol_part11_LO57 {
     |            ^^^^^^^^^^^^^^^^^^^^^^^^^^^^^^^ help: convert the identifier to upper camel case: `MggaCKcisLxcPolPart11Lo57`

warning: type `mgga_c_kcis_lxc_pol_part11_LO58` should have an upper camel case name
    --> crates/kernel-mgga-7/src/mgga_c_kcis/lxc_pol_part11.rs:4715:12
     |
4715 | pub struct mgga_c_kcis_lxc_pol_part11_LO58 {
     |            ^^^^^^^^^^^^^^^^^^^^^^^^^^^^^^^ help: convert the identifier to upper camel case: `MggaCKcisLxcPolPart11Lo58`

warning: type `mgga_c_kcis_lxc_pol_part11_LO59` should have an upper camel case name
    --> crates/kernel-mgga-7/src/mgga_c_kcis/lxc_pol_part11.rs:4807:12
     |
4807 | pub struct mgga_c_kcis_lxc_pol_part11_LO59 {
     |            ^^^^^^^^^^^^^^^^^^^^^^^^^^^^^^^ help: convert the identifier to upper camel case: `MggaCKcisLxcPolPart11Lo59`

warning: type `mgga_c_kcis_lxc_pol_part11_LO60` should have an upper camel case name
    --> crates/kernel-mgga-7/src/mgga_c_kcis/lxc_pol_part11.rs:4900:12
     |
4900 | pub struct mgga_c_kcis_lxc_pol_part11_LO60 {
     |            ^^^^^^^^^^^^^^^^^^^^^^^^^^^^^^^ help: convert the identifier to upper camel case: `MggaCKcisLxcPolPart11Lo60`

warning: type `mgga_c_kcis_lxc_pol_part11_LO61` should have an upper camel case name
    --> crates/kernel-mgga-7/src/mgga_c_kcis/lxc_pol_part11.rs:4942:12
     |
4942 | pub struct mgga_c_kcis_lxc_pol_part11_LO61 {
     |            ^^^^^^^^^^^^^^^^^^^^^^^^^^^^^^^ help: convert the identifier to upper camel case: `MggaCKcisLxcPolPart11Lo61`

warning: type `mgga_c_kcis_lxc_pol_part11_LO62` should have an upper camel case name
    --> crates/kernel-mgga-7/src/mgga_c_kcis/lxc_pol_part11.rs:5023:12
     |
5023 | pub struct mgga_c_kcis_lxc_pol_part11_LO62 {
     |            ^^^^^^^^^^^^^^^^^^^^^^^^^^^^^^^ help: convert the identifier to upper camel case: `MggaCKcisLxcPolPart11Lo62`

warning: type `mgga_c_kcis_lxc_pol_part11_LO63` should have an upper camel case name
    --> crates/kernel-mgga-7/src/mgga_c_kcis/lxc_pol_part11.rs:5076:12
     |
5076 | pub struct mgga_c_kcis_lxc_pol_part11_LO63 {
     |            ^^^^^^^^^^^^^^^^^^^^^^^^^^^^^^^ help: convert the identifier to upper camel case: `MggaCKcisLxcPolPart11Lo63`

warning: type `mgga_c_kcis_lxc_pol_part11_LO64` should have an upper camel case name
    --> crates/kernel-mgga-7/src/mgga_c_kcis/lxc_pol_part11.rs:5104:12
     |
5104 | pub struct mgga_c_kcis_lxc_pol_part11_LO64 {
     |            ^^^^^^^^^^^^^^^^^^^^^^^^^^^^^^^ help: convert the identifier to upper camel case: `MggaCKcisLxcPolPart11Lo64`

warning: type `mgga_c_kcis_lxc_pol_part11_LO65` should have an upper camel case name
    --> crates/kernel-mgga-7/src/mgga_c_kcis/lxc_pol_part11.rs:5158:12
     |
5158 | pub struct mgga_c_kcis_lxc_pol_part11_LO65 {
     |            ^^^^^^^^^^^^^^^^^^^^^^^^^^^^^^^ help: convert the identifier to upper camel case: `MggaCKcisLxcPolPart11Lo65`

warning: type `mgga_c_kcis_lxc_pol_part11_LO66` should have an upper camel case name
    --> crates/kernel-mgga-7/src/mgga_c_kcis/lxc_pol_part11.rs:5227:12
     |
5227 | pub struct mgga_c_kcis_lxc_pol_part11_LO66 {
     |            ^^^^^^^^^^^^^^^^^^^^^^^^^^^^^^^ help: convert the identifier to upper camel case: `MggaCKcisLxcPolPart11Lo66`

warning: type `mgga_c_kcis_lxc_pol_part11_LO67` should have an upper camel case name
    --> crates/kernel-mgga-7/src/mgga_c_kcis/lxc_pol_part11.rs:5236:12
     |
5236 | pub struct mgga_c_kcis_lxc_pol_part11_LO67 {
     |            ^^^^^^^^^^^^^^^^^^^^^^^^^^^^^^^ help: convert the identifier to upper camel case: `MggaCKcisLxcPolPart11Lo67`

warning: type `mgga_c_kcis_lxc_pol_part12_LO0` should have an upper camel case name
  --> crates/kernel-mgga-7/src/mgga_c_kcis/lxc_pol_part12.rs:14:12
   |
14 | pub struct mgga_c_kcis_lxc_pol_part12_LO0 {
   |            ^^^^^^^^^^^^^^^^^^^^^^^^^^^^^^ help: convert the identifier to upper camel case: `MggaCKcisLxcPolPart12Lo0`

warning: type `mgga_c_kcis_lxc_pol_part12_LO1` should have an upper camel case name
   --> crates/kernel-mgga-7/src/mgga_c_kcis/lxc_pol_part12.rs:108:12
    |
108 | pub struct mgga_c_kcis_lxc_pol_part12_LO1 {
    |            ^^^^^^^^^^^^^^^^^^^^^^^^^^^^^^ help: convert the identifier to upper camel case: `MggaCKcisLxcPolPart12Lo1`

warning: type `mgga_c_kcis_lxc_pol_part12_LO2` should have an upper camel case name
   --> crates/kernel-mgga-7/src/mgga_c_kcis/lxc_pol_part12.rs:201:12
    |
201 | pub struct mgga_c_kcis_lxc_pol_part12_LO2 {
    |            ^^^^^^^^^^^^^^^^^^^^^^^^^^^^^^ help: convert the identifier to upper camel case: `MggaCKcisLxcPolPart12Lo2`

warning: type `mgga_c_kcis_lxc_pol_part12_LO3` should have an upper camel case name
   --> crates/kernel-mgga-7/src/mgga_c_kcis/lxc_pol_part12.rs:297:12
    |
297 | pub struct mgga_c_kcis_lxc_pol_part12_LO3 {
    |            ^^^^^^^^^^^^^^^^^^^^^^^^^^^^^^ help: convert the identifier to upper camel case: `MggaCKcisLxcPolPart12Lo3`

warning: type `mgga_c_kcis_lxc_pol_part12_LO4` should have an upper camel case name
   --> crates/kernel-mgga-7/src/mgga_c_kcis/lxc_pol_part12.rs:392:12
    |
392 | pub struct mgga_c_kcis_lxc_pol_part12_LO4 {
    |            ^^^^^^^^^^^^^^^^^^^^^^^^^^^^^^ help: convert the identifier to upper camel case: `MggaCKcisLxcPolPart12Lo4`

warning: type `mgga_c_kcis_lxc_pol_part12_LO5` should have an upper camel case name
   --> crates/kernel-mgga-7/src/mgga_c_kcis/lxc_pol_part12.rs:489:12
    |
489 | pub struct mgga_c_kcis_lxc_pol_part12_LO5 {
    |            ^^^^^^^^^^^^^^^^^^^^^^^^^^^^^^ help: convert the identifier to upper camel case: `MggaCKcisLxcPolPart12Lo5`

warning: type `mgga_c_kcis_lxc_pol_part12_LO6` should have an upper camel case name
   --> crates/kernel-mgga-7/src/mgga_c_kcis/lxc_pol_part12.rs:591:12
    |
591 | pub struct mgga_c_kcis_lxc_pol_part12_LO6 {
    |            ^^^^^^^^^^^^^^^^^^^^^^^^^^^^^^ help: convert the identifier to upper camel case: `MggaCKcisLxcPolPart12Lo6`

warning: type `mgga_c_kcis_lxc_pol_part12_LO7` should have an upper camel case name
   --> crates/kernel-mgga-7/src/mgga_c_kcis/lxc_pol_part12.rs:693:12
    |
693 | pub struct mgga_c_kcis_lxc_pol_part12_LO7 {
    |            ^^^^^^^^^^^^^^^^^^^^^^^^^^^^^^ help: convert the identifier to upper camel case: `MggaCKcisLxcPolPart12Lo7`

warning: type `mgga_c_kcis_lxc_pol_part12_LO8` should have an upper camel case name
   --> crates/kernel-mgga-7/src/mgga_c_kcis/lxc_pol_part12.rs:792:12
    |
792 | pub struct mgga_c_kcis_lxc_pol_part12_LO8 {
    |            ^^^^^^^^^^^^^^^^^^^^^^^^^^^^^^ help: convert the identifier to upper camel case: `MggaCKcisLxcPolPart12Lo8`

warning: type `mgga_c_kcis_lxc_pol_part12_LO9` should have an upper camel case name
   --> crates/kernel-mgga-7/src/mgga_c_kcis/lxc_pol_part12.rs:895:12
    |
895 | pub struct mgga_c_kcis_lxc_pol_part12_LO9 {
    |            ^^^^^^^^^^^^^^^^^^^^^^^^^^^^^^ help: convert the identifier to upper camel case: `MggaCKcisLxcPolPart12Lo9`

warning: type `mgga_c_kcis_lxc_pol_part12_LO10` should have an upper camel case name
   --> crates/kernel-mgga-7/src/mgga_c_kcis/lxc_pol_part12.rs:991:12
    |
991 | pub struct mgga_c_kcis_lxc_pol_part12_LO10 {
    |            ^^^^^^^^^^^^^^^^^^^^^^^^^^^^^^^ help: convert the identifier to upper camel case: `MggaCKcisLxcPolPart12Lo10`

warning: type `mgga_c_kcis_lxc_pol_part12_LO11` should have an upper camel case name
    --> crates/kernel-mgga-7/src/mgga_c_kcis/lxc_pol_part12.rs:1078:12
     |
1078 | pub struct mgga_c_kcis_lxc_pol_part12_LO11 {
     |            ^^^^^^^^^^^^^^^^^^^^^^^^^^^^^^^ help: convert the identifier to upper camel case: `MggaCKcisLxcPolPart12Lo11`

warning: type `mgga_c_kcis_lxc_pol_part12_LO12` should have an upper camel case name
    --> crates/kernel-mgga-7/src/mgga_c_kcis/lxc_pol_part12.rs:1159:12
     |
1159 | pub struct mgga_c_kcis_lxc_pol_part12_LO12 {
     |            ^^^^^^^^^^^^^^^^^^^^^^^^^^^^^^^ help: convert the identifier to upper camel case: `MggaCKcisLxcPolPart12Lo12`

warning: type `mgga_c_kcis_lxc_pol_part12_LO13` should have an upper camel case name
    --> crates/kernel-mgga-7/src/mgga_c_kcis/lxc_pol_part12.rs:1256:12
     |
1256 | pub struct mgga_c_kcis_lxc_pol_part12_LO13 {
     |            ^^^^^^^^^^^^^^^^^^^^^^^^^^^^^^^ help: convert the identifier to upper camel case: `MggaCKcisLxcPolPart12Lo13`

warning: type `mgga_c_kcis_lxc_pol_part12_LO14` should have an upper camel case name
    --> crates/kernel-mgga-7/src/mgga_c_kcis/lxc_pol_part12.rs:1342:12
     |
1342 | pub struct mgga_c_kcis_lxc_pol_part12_LO14 {
     |            ^^^^^^^^^^^^^^^^^^^^^^^^^^^^^^^ help: convert the identifier to upper camel case: `MggaCKcisLxcPolPart12Lo14`

warning: type `mgga_c_kcis_lxc_pol_part12_LO15` should have an upper camel case name
    --> crates/kernel-mgga-7/src/mgga_c_kcis/lxc_pol_part12.rs:1444:12
     |
1444 | pub struct mgga_c_kcis_lxc_pol_part12_LO15 {
     |            ^^^^^^^^^^^^^^^^^^^^^^^^^^^^^^^ help: convert the identifier to upper camel case: `MggaCKcisLxcPolPart12Lo15`

warning: type `mgga_c_kcis_lxc_pol_part12_LO16` should have an upper camel case name
    --> crates/kernel-mgga-7/src/mgga_c_kcis/lxc_pol_part12.rs:1544:12
     |
1544 | pub struct mgga_c_kcis_lxc_pol_part12_LO16 {
     |            ^^^^^^^^^^^^^^^^^^^^^^^^^^^^^^^ help: convert the identifier to upper camel case: `MggaCKcisLxcPolPart12Lo16`

warning: type `mgga_c_kcis_lxc_pol_part12_LO17` should have an upper camel case name
    --> crates/kernel-mgga-7/src/mgga_c_kcis/lxc_pol_part12.rs:1647:12
     |
1647 | pub struct mgga_c_kcis_lxc_pol_part12_LO17 {
     |            ^^^^^^^^^^^^^^^^^^^^^^^^^^^^^^^ help: convert the identifier to upper camel case: `MggaCKcisLxcPolPart12Lo17`

warning: type `mgga_c_kcis_lxc_pol_part12_LO18` should have an upper camel case name
    --> crates/kernel-mgga-7/src/mgga_c_kcis/lxc_pol_part12.rs:1748:12
     |
1748 | pub struct mgga_c_kcis_lxc_pol_part12_LO18 {
     |            ^^^^^^^^^^^^^^^^^^^^^^^^^^^^^^^ help: convert the identifier to upper camel case: `MggaCKcisLxcPolPart12Lo18`

warning: type `mgga_c_kcis_lxc_pol_part12_LO19` should have an upper camel case name
    --> crates/kernel-mgga-7/src/mgga_c_kcis/lxc_pol_part12.rs:1844:12
     |
1844 | pub struct mgga_c_kcis_lxc_pol_part12_LO19 {
     |            ^^^^^^^^^^^^^^^^^^^^^^^^^^^^^^^ help: convert the identifier to upper camel case: `MggaCKcisLxcPolPart12Lo19`

warning: type `mgga_c_kcis_lxc_pol_part12_LO20` should have an upper camel case name
    --> crates/kernel-mgga-7/src/mgga_c_kcis/lxc_pol_part12.rs:1948:12
     |
1948 | pub struct mgga_c_kcis_lxc_pol_part12_LO20 {
     |            ^^^^^^^^^^^^^^^^^^^^^^^^^^^^^^^ help: convert the identifier to upper camel case: `MggaCKcisLxcPolPart12Lo20`

warning: type `mgga_c_kcis_lxc_pol_part12_LO21` should have an upper camel case name
    --> crates/kernel-mgga-7/src/mgga_c_kcis/lxc_pol_part12.rs:2047:12
     |
2047 | pub struct mgga_c_kcis_lxc_pol_part12_LO21 {
     |            ^^^^^^^^^^^^^^^^^^^^^^^^^^^^^^^ help: convert the identifier to upper camel case: `MggaCKcisLxcPolPart12Lo21`

warning: type `mgga_c_kcis_lxc_pol_part12_LO22` should have an upper camel case name
    --> crates/kernel-mgga-7/src/mgga_c_kcis/lxc_pol_part12.rs:2150:12
     |
2150 | pub struct mgga_c_kcis_lxc_pol_part12_LO22 {
     |            ^^^^^^^^^^^^^^^^^^^^^^^^^^^^^^^ help: convert the identifier to upper camel case: `MggaCKcisLxcPolPart12Lo22`

warning: type `mgga_c_kcis_lxc_pol_part12_LO23` should have an upper camel case name
    --> crates/kernel-mgga-7/src/mgga_c_kcis/lxc_pol_part12.rs:2242:12
     |
2242 | pub struct mgga_c_kcis_lxc_pol_part12_LO23 {
     |            ^^^^^^^^^^^^^^^^^^^^^^^^^^^^^^^ help: convert the identifier to upper camel case: `MggaCKcisLxcPolPart12Lo23`

warning: type `mgga_c_kcis_lxc_pol_part12_LO24` should have an upper camel case name
    --> crates/kernel-mgga-7/src/mgga_c_kcis/lxc_pol_part12.rs:2340:12
     |
2340 | pub struct mgga_c_kcis_lxc_pol_part12_LO24 {
     |            ^^^^^^^^^^^^^^^^^^^^^^^^^^^^^^^ help: convert the identifier to upper camel case: `MggaCKcisLxcPolPart12Lo24`

warning: type `mgga_c_kcis_lxc_pol_part12_LO25` should have an upper camel case name
    --> crates/kernel-mgga-7/src/mgga_c_kcis/lxc_pol_part12.rs:2432:12
     |
2432 | pub struct mgga_c_kcis_lxc_pol_part12_LO25 {
     |            ^^^^^^^^^^^^^^^^^^^^^^^^^^^^^^^ help: convert the identifier to upper camel case: `MggaCKcisLxcPolPart12Lo25`

warning: type `mgga_c_kcis_lxc_pol_part12_LO26` should have an upper camel case name
    --> crates/kernel-mgga-7/src/mgga_c_kcis/lxc_pol_part12.rs:2534:12
     |
2534 | pub struct mgga_c_kcis_lxc_pol_part12_LO26 {
     |            ^^^^^^^^^^^^^^^^^^^^^^^^^^^^^^^ help: convert the identifier to upper camel case: `MggaCKcisLxcPolPart12Lo26`

warning: type `mgga_c_kcis_lxc_pol_part12_LO27` should have an upper camel case name
    --> crates/kernel-mgga-7/src/mgga_c_kcis/lxc_pol_part12.rs:2617:12
     |
2617 | pub struct mgga_c_kcis_lxc_pol_part12_LO27 {
     |            ^^^^^^^^^^^^^^^^^^^^^^^^^^^^^^^ help: convert the identifier to upper camel case: `MggaCKcisLxcPolPart12Lo27`

warning: type `mgga_c_kcis_lxc_pol_part12_LO28` should have an upper camel case name
    --> crates/kernel-mgga-7/src/mgga_c_kcis/lxc_pol_part12.rs:2713:12
     |
2713 | pub struct mgga_c_kcis_lxc_pol_part12_LO28 {
     |            ^^^^^^^^^^^^^^^^^^^^^^^^^^^^^^^ help: convert the identifier to upper camel case: `MggaCKcisLxcPolPart12Lo28`

warning: type `mgga_c_kcis_lxc_pol_part12_LO29` should have an upper camel case name
    --> crates/kernel-mgga-7/src/mgga_c_kcis/lxc_pol_part12.rs:2796:12
     |
2796 | pub struct mgga_c_kcis_lxc_pol_part12_LO29 {
     |            ^^^^^^^^^^^^^^^^^^^^^^^^^^^^^^^ help: convert the identifier to upper camel case: `MggaCKcisLxcPolPart12Lo29`

warning: type `mgga_c_kcis_lxc_pol_part12_LO30` should have an upper camel case name
    --> crates/kernel-mgga-7/src/mgga_c_kcis/lxc_pol_part12.rs:2890:12
     |
2890 | pub struct mgga_c_kcis_lxc_pol_part12_LO30 {
     |            ^^^^^^^^^^^^^^^^^^^^^^^^^^^^^^^ help: convert the identifier to upper camel case: `MggaCKcisLxcPolPart12Lo30`

warning: type `mgga_c_kcis_lxc_pol_part12_LO31` should have an upper camel case name
    --> crates/kernel-mgga-7/src/mgga_c_kcis/lxc_pol_part12.rs:2968:12
     |
2968 | pub struct mgga_c_kcis_lxc_pol_part12_LO31 {
     |            ^^^^^^^^^^^^^^^^^^^^^^^^^^^^^^^ help: convert the identifier to upper camel case: `MggaCKcisLxcPolPart12Lo31`

warning: type `mgga_c_kcis_lxc_pol_part12_LO32` should have an upper camel case name
    --> crates/kernel-mgga-7/src/mgga_c_kcis/lxc_pol_part12.rs:3061:12
     |
3061 | pub struct mgga_c_kcis_lxc_pol_part12_LO32 {
     |            ^^^^^^^^^^^^^^^^^^^^^^^^^^^^^^^ help: convert the identifier to upper camel case: `MggaCKcisLxcPolPart12Lo32`

warning: type `mgga_c_kcis_lxc_pol_part12_LO33` should have an upper camel case name
    --> crates/kernel-mgga-7/src/mgga_c_kcis/lxc_pol_part12.rs:3157:12
     |
3157 | pub struct mgga_c_kcis_lxc_pol_part12_LO33 {
     |            ^^^^^^^^^^^^^^^^^^^^^^^^^^^^^^^ help: convert the identifier to upper camel case: `MggaCKcisLxcPolPart12Lo33`

warning: type `mgga_c_kcis_lxc_pol_part12_LO34` should have an upper camel case name
    --> crates/kernel-mgga-7/src/mgga_c_kcis/lxc_pol_part12.rs:3227:12
     |
3227 | pub struct mgga_c_kcis_lxc_pol_part12_LO34 {
     |            ^^^^^^^^^^^^^^^^^^^^^^^^^^^^^^^ help: convert the identifier to upper camel case: `MggaCKcisLxcPolPart12Lo34`

warning: type `mgga_c_kcis_lxc_pol_part12_LO35` should have an upper camel case name
    --> crates/kernel-mgga-7/src/mgga_c_kcis/lxc_pol_part12.rs:3320:12
     |
3320 | pub struct mgga_c_kcis_lxc_pol_part12_LO35 {
     |            ^^^^^^^^^^^^^^^^^^^^^^^^^^^^^^^ help: convert the identifier to upper camel case: `MggaCKcisLxcPolPart12Lo35`

warning: type `mgga_c_kcis_lxc_pol_part12_LO36` should have an upper camel case name
    --> crates/kernel-mgga-7/src/mgga_c_kcis/lxc_pol_part12.rs:3421:12
     |
3421 | pub struct mgga_c_kcis_lxc_pol_part12_LO36 {
     |            ^^^^^^^^^^^^^^^^^^^^^^^^^^^^^^^ help: convert the identifier to upper camel case: `MggaCKcisLxcPolPart12Lo36`

warning: type `mgga_c_kcis_lxc_pol_part12_LO37` should have an upper camel case name
    --> crates/kernel-mgga-7/src/mgga_c_kcis/lxc_pol_part12.rs:3520:12
     |
3520 | pub struct mgga_c_kcis_lxc_pol_part12_LO37 {
     |            ^^^^^^^^^^^^^^^^^^^^^^^^^^^^^^^ help: convert the identifier to upper camel case: `MggaCKcisLxcPolPart12Lo37`

warning: type `mgga_c_kcis_lxc_pol_part12_LO38` should have an upper camel case name
    --> crates/kernel-mgga-7/src/mgga_c_kcis/lxc_pol_part12.rs:3602:12
     |
3602 | pub struct mgga_c_kcis_lxc_pol_part12_LO38 {
     |            ^^^^^^^^^^^^^^^^^^^^^^^^^^^^^^^ help: convert the identifier to upper camel case: `MggaCKcisLxcPolPart12Lo38`

warning: type `mgga_c_kcis_lxc_pol_part12_LO39` should have an upper camel case name
    --> crates/kernel-mgga-7/src/mgga_c_kcis/lxc_pol_part12.rs:3695:12
     |
3695 | pub struct mgga_c_kcis_lxc_pol_part12_LO39 {
     |            ^^^^^^^^^^^^^^^^^^^^^^^^^^^^^^^ help: convert the identifier to upper camel case: `MggaCKcisLxcPolPart12Lo39`

warning: type `mgga_c_kcis_lxc_pol_part12_LO40` should have an upper camel case name
    --> crates/kernel-mgga-7/src/mgga_c_kcis/lxc_pol_part12.rs:3791:12
     |
3791 | pub struct mgga_c_kcis_lxc_pol_part12_LO40 {
     |            ^^^^^^^^^^^^^^^^^^^^^^^^^^^^^^^ help: convert the identifier to upper camel case: `MggaCKcisLxcPolPart12Lo40`

warning: type `mgga_c_kcis_lxc_pol_part12_LO41` should have an upper camel case name
    --> crates/kernel-mgga-7/src/mgga_c_kcis/lxc_pol_part12.rs:3879:12
     |
3879 | pub struct mgga_c_kcis_lxc_pol_part12_LO41 {
     |            ^^^^^^^^^^^^^^^^^^^^^^^^^^^^^^^ help: convert the identifier to upper camel case: `MggaCKcisLxcPolPart12Lo41`

warning: type `mgga_c_kcis_lxc_pol_part12_LO42` should have an upper camel case name
    --> crates/kernel-mgga-7/src/mgga_c_kcis/lxc_pol_part12.rs:3974:12
     |
3974 | pub struct mgga_c_kcis_lxc_pol_part12_LO42 {
     |            ^^^^^^^^^^^^^^^^^^^^^^^^^^^^^^^ help: convert the identifier to upper camel case: `MggaCKcisLxcPolPart12Lo42`

warning: type `mgga_c_kcis_lxc_pol_part12_LO43` should have an upper camel case name
    --> crates/kernel-mgga-7/src/mgga_c_kcis/lxc_pol_part12.rs:4054:12
     |
4054 | pub struct mgga_c_kcis_lxc_pol_part12_LO43 {
     |            ^^^^^^^^^^^^^^^^^^^^^^^^^^^^^^^ help: convert the identifier to upper camel case: `MggaCKcisLxcPolPart12Lo43`

warning: type `mgga_c_kcis_lxc_pol_part12_LO44` should have an upper camel case name
    --> crates/kernel-mgga-7/src/mgga_c_kcis/lxc_pol_part12.rs:4137:12
     |
4137 | pub struct mgga_c_kcis_lxc_pol_part12_LO44 {
     |            ^^^^^^^^^^^^^^^^^^^^^^^^^^^^^^^ help: convert the identifier to upper camel case: `MggaCKcisLxcPolPart12Lo44`

warning: type `mgga_c_kcis_lxc_pol_part12_LO45` should have an upper camel case name
    --> crates/kernel-mgga-7/src/mgga_c_kcis/lxc_pol_part12.rs:4233:12
     |
4233 | pub struct mgga_c_kcis_lxc_pol_part12_LO45 {
     |            ^^^^^^^^^^^^^^^^^^^^^^^^^^^^^^^ help: convert the identifier to upper camel case: `MggaCKcisLxcPolPart12Lo45`

warning: type `mgga_c_kcis_lxc_pol_part12_LO46` should have an upper camel case name
    --> crates/kernel-mgga-7/src/mgga_c_kcis/lxc_pol_part12.rs:4331:12
     |
4331 | pub struct mgga_c_kcis_lxc_pol_part12_LO46 {
     |            ^^^^^^^^^^^^^^^^^^^^^^^^^^^^^^^ help: convert the identifier to upper camel case: `MggaCKcisLxcPolPart12Lo46`

warning: type `mgga_c_kcis_lxc_pol_part12_LO47` should have an upper camel case name
    --> crates/kernel-mgga-7/src/mgga_c_kcis/lxc_pol_part12.rs:4432:12
     |
4432 | pub struct mgga_c_kcis_lxc_pol_part12_LO47 {
     |            ^^^^^^^^^^^^^^^^^^^^^^^^^^^^^^^ help: convert the identifier to upper camel case: `MggaCKcisLxcPolPart12Lo47`

warning: type `mgga_c_kcis_lxc_pol_part12_LO48` should have an upper camel case name
    --> crates/kernel-mgga-7/src/mgga_c_kcis/lxc_pol_part12.rs:4528:12
     |
4528 | pub struct mgga_c_kcis_lxc_pol_part12_LO48 {
     |            ^^^^^^^^^^^^^^^^^^^^^^^^^^^^^^^ help: convert the identifier to upper camel case: `MggaCKcisLxcPolPart12Lo48`

warning: type `mgga_c_kcis_lxc_pol_part12_LO49` should have an upper camel case name
    --> crates/kernel-mgga-7/src/mgga_c_kcis/lxc_pol_part12.rs:4625:12
     |
4625 | pub struct mgga_c_kcis_lxc_pol_part12_LO49 {
     |            ^^^^^^^^^^^^^^^^^^^^^^^^^^^^^^^ help: convert the identifier to upper camel case: `MggaCKcisLxcPolPart12Lo49`

warning: type `mgga_c_kcis_lxc_pol_part12_LO50` should have an upper camel case name
    --> crates/kernel-mgga-7/src/mgga_c_kcis/lxc_pol_part12.rs:4722:12
     |
4722 | pub struct mgga_c_kcis_lxc_pol_part12_LO50 {
     |            ^^^^^^^^^^^^^^^^^^^^^^^^^^^^^^^ help: convert the identifier to upper camel case: `MggaCKcisLxcPolPart12Lo50`

warning: type `mgga_c_kcis_lxc_pol_part12_LO51` should have an upper camel case name
    --> crates/kernel-mgga-7/src/mgga_c_kcis/lxc_pol_part12.rs:4813:12
     |
4813 | pub struct mgga_c_kcis_lxc_pol_part12_LO51 {
     |            ^^^^^^^^^^^^^^^^^^^^^^^^^^^^^^^ help: convert the identifier to upper camel case: `MggaCKcisLxcPolPart12Lo51`

warning: type `mgga_c_kcis_lxc_pol_part12_LO52` should have an upper camel case name
    --> crates/kernel-mgga-7/src/mgga_c_kcis/lxc_pol_part12.rs:4898:12
     |
4898 | pub struct mgga_c_kcis_lxc_pol_part12_LO52 {
     |            ^^^^^^^^^^^^^^^^^^^^^^^^^^^^^^^ help: convert the identifier to upper camel case: `MggaCKcisLxcPolPart12Lo52`

warning: type `mgga_c_kcis_lxc_pol_part12_LO53` should have an upper camel case name
    --> crates/kernel-mgga-7/src/mgga_c_kcis/lxc_pol_part12.rs:4998:12
     |
4998 | pub struct mgga_c_kcis_lxc_pol_part12_LO53 {
     |            ^^^^^^^^^^^^^^^^^^^^^^^^^^^^^^^ help: convert the identifier to upper camel case: `MggaCKcisLxcPolPart12Lo53`

warning: type `mgga_c_kcis_lxc_pol_part12_LO54` should have an upper camel case name
    --> crates/kernel-mgga-7/src/mgga_c_kcis/lxc_pol_part12.rs:5098:12
     |
5098 | pub struct mgga_c_kcis_lxc_pol_part12_LO54 {
     |            ^^^^^^^^^^^^^^^^^^^^^^^^^^^^^^^ help: convert the identifier to upper camel case: `MggaCKcisLxcPolPart12Lo54`

warning: type `mgga_c_kcis_lxc_pol_part12_LO55` should have an upper camel case name
    --> crates/kernel-mgga-7/src/mgga_c_kcis/lxc_pol_part12.rs:5183:12
     |
5183 | pub struct mgga_c_kcis_lxc_pol_part12_LO55 {
     |            ^^^^^^^^^^^^^^^^^^^^^^^^^^^^^^^ help: convert the identifier to upper camel case: `MggaCKcisLxcPolPart12Lo55`

warning: type `mgga_c_kcis_lxc_pol_part12_LO56` should have an upper camel case name
    --> crates/kernel-mgga-7/src/mgga_c_kcis/lxc_pol_part12.rs:5274:12
     |
5274 | pub struct mgga_c_kcis_lxc_pol_part12_LO56 {
     |            ^^^^^^^^^^^^^^^^^^^^^^^^^^^^^^^ help: convert the identifier to upper camel case: `MggaCKcisLxcPolPart12Lo56`

warning: type `mgga_c_kcis_lxc_pol_part12_LO57` should have an upper camel case name
    --> crates/kernel-mgga-7/src/mgga_c_kcis/lxc_pol_part12.rs:5360:12
     |
5360 | pub struct mgga_c_kcis_lxc_pol_part12_LO57 {
     |            ^^^^^^^^^^^^^^^^^^^^^^^^^^^^^^^ help: convert the identifier to upper camel case: `MggaCKcisLxcPolPart12Lo57`

warning: type `mgga_c_kcis_lxc_pol_part12_LO58` should have an upper camel case name
    --> crates/kernel-mgga-7/src/mgga_c_kcis/lxc_pol_part12.rs:5447:12
     |
5447 | pub struct mgga_c_kcis_lxc_pol_part12_LO58 {
     |            ^^^^^^^^^^^^^^^^^^^^^^^^^^^^^^^ help: convert the identifier to upper camel case: `MggaCKcisLxcPolPart12Lo58`

warning: type `mgga_c_kcis_lxc_pol_part12_LO59` should have an upper camel case name
    --> crates/kernel-mgga-7/src/mgga_c_kcis/lxc_pol_part12.rs:5539:12
     |
5539 | pub struct mgga_c_kcis_lxc_pol_part12_LO59 {
     |            ^^^^^^^^^^^^^^^^^^^^^^^^^^^^^^^ help: convert the identifier to upper camel case: `MggaCKcisLxcPolPart12Lo59`

warning: type `mgga_c_kcis_lxc_pol_part12_LO60` should have an upper camel case name
    --> crates/kernel-mgga-7/src/mgga_c_kcis/lxc_pol_part12.rs:5640:12
     |
5640 | pub struct mgga_c_kcis_lxc_pol_part12_LO60 {
     |            ^^^^^^^^^^^^^^^^^^^^^^^^^^^^^^^ help: convert the identifier to upper camel case: `MggaCKcisLxcPolPart12Lo60`

warning: type `mgga_c_kcis_lxc_pol_part12_LO61` should have an upper camel case name
    --> crates/kernel-mgga-7/src/mgga_c_kcis/lxc_pol_part12.rs:5736:12
     |
5736 | pub struct mgga_c_kcis_lxc_pol_part12_LO61 {
     |            ^^^^^^^^^^^^^^^^^^^^^^^^^^^^^^^ help: convert the identifier to upper camel case: `MggaCKcisLxcPolPart12Lo61`

warning: type `mgga_c_kcis_lxc_pol_part12_LO62` should have an upper camel case name
    --> crates/kernel-mgga-7/src/mgga_c_kcis/lxc_pol_part12.rs:5827:12
     |
5827 | pub struct mgga_c_kcis_lxc_pol_part12_LO62 {
     |            ^^^^^^^^^^^^^^^^^^^^^^^^^^^^^^^ help: convert the identifier to upper camel case: `MggaCKcisLxcPolPart12Lo62`

warning: type `mgga_c_kcis_lxc_pol_part12_LO63` should have an upper camel case name
    --> crates/kernel-mgga-7/src/mgga_c_kcis/lxc_pol_part12.rs:5889:12
     |
5889 | pub struct mgga_c_kcis_lxc_pol_part12_LO63 {
     |            ^^^^^^^^^^^^^^^^^^^^^^^^^^^^^^^ help: convert the identifier to upper camel case: `MggaCKcisLxcPolPart12Lo63`

warning: type `mgga_c_kcis_lxc_pol_part12_LO64` should have an upper camel case name
    --> crates/kernel-mgga-7/src/mgga_c_kcis/lxc_pol_part12.rs:5981:12
     |
5981 | pub struct mgga_c_kcis_lxc_pol_part12_LO64 {
     |            ^^^^^^^^^^^^^^^^^^^^^^^^^^^^^^^ help: convert the identifier to upper camel case: `MggaCKcisLxcPolPart12Lo64`

warning: type `mgga_c_kcis_lxc_pol_part12_LO65` should have an upper camel case name
    --> crates/kernel-mgga-7/src/mgga_c_kcis/lxc_pol_part12.rs:6083:12
     |
6083 | pub struct mgga_c_kcis_lxc_pol_part12_LO65 {
     |            ^^^^^^^^^^^^^^^^^^^^^^^^^^^^^^^ help: convert the identifier to upper camel case: `MggaCKcisLxcPolPart12Lo65`

warning: type `mgga_c_kcis_lxc_pol_part12_LO66` should have an upper camel case name
    --> crates/kernel-mgga-7/src/mgga_c_kcis/lxc_pol_part12.rs:6171:12
     |
6171 | pub struct mgga_c_kcis_lxc_pol_part12_LO66 {
     |            ^^^^^^^^^^^^^^^^^^^^^^^^^^^^^^^ help: convert the identifier to upper camel case: `MggaCKcisLxcPolPart12Lo66`

warning: type `mgga_c_kcis_lxc_pol_part12_LO67` should have an upper camel case name
    --> crates/kernel-mgga-7/src/mgga_c_kcis/lxc_pol_part12.rs:6252:12
     |
6252 | pub struct mgga_c_kcis_lxc_pol_part12_LO67 {
     |            ^^^^^^^^^^^^^^^^^^^^^^^^^^^^^^^ help: convert the identifier to upper camel case: `MggaCKcisLxcPolPart12Lo67`

warning: type `mgga_c_kcis_lxc_pol_part12_LO68` should have an upper camel case name
    --> crates/kernel-mgga-7/src/mgga_c_kcis/lxc_pol_part12.rs:6342:12
     |
6342 | pub struct mgga_c_kcis_lxc_pol_part12_LO68 {
     |            ^^^^^^^^^^^^^^^^^^^^^^^^^^^^^^^ help: convert the identifier to upper camel case: `MggaCKcisLxcPolPart12Lo68`

warning: type `mgga_c_kcis_lxc_pol_part12_LO69` should have an upper camel case name
    --> crates/kernel-mgga-7/src/mgga_c_kcis/lxc_pol_part12.rs:6410:12
     |
6410 | pub struct mgga_c_kcis_lxc_pol_part12_LO69 {
     |            ^^^^^^^^^^^^^^^^^^^^^^^^^^^^^^^ help: convert the identifier to upper camel case: `MggaCKcisLxcPolPart12Lo69`

warning: type `mgga_c_kcis_lxc_pol_part12_LO70` should have an upper camel case name
    --> crates/kernel-mgga-7/src/mgga_c_kcis/lxc_pol_part12.rs:6475:12
     |
6475 | pub struct mgga_c_kcis_lxc_pol_part12_LO70 {
     |            ^^^^^^^^^^^^^^^^^^^^^^^^^^^^^^^ help: convert the identifier to upper camel case: `MggaCKcisLxcPolPart12Lo70`

warning: type `mgga_c_kcis_lxc_pol_part12_LO71` should have an upper camel case name
    --> crates/kernel-mgga-7/src/mgga_c_kcis/lxc_pol_part12.rs:6572:12
     |
6572 | pub struct mgga_c_kcis_lxc_pol_part12_LO71 {
     |            ^^^^^^^^^^^^^^^^^^^^^^^^^^^^^^^ help: convert the identifier to upper camel case: `MggaCKcisLxcPolPart12Lo71`

warning: type `mgga_c_kcis_lxc_pol_part12_LO72` should have an upper camel case name
    --> crates/kernel-mgga-7/src/mgga_c_kcis/lxc_pol_part12.rs:6671:12
     |
6671 | pub struct mgga_c_kcis_lxc_pol_part12_LO72 {
     |            ^^^^^^^^^^^^^^^^^^^^^^^^^^^^^^^ help: convert the identifier to upper camel case: `MggaCKcisLxcPolPart12Lo72`

warning: type `mgga_c_kcis_lxc_pol_part12_LO73` should have an upper camel case name
    --> crates/kernel-mgga-7/src/mgga_c_kcis/lxc_pol_part12.rs:6745:12
     |
6745 | pub struct mgga_c_kcis_lxc_pol_part12_LO73 {
     |            ^^^^^^^^^^^^^^^^^^^^^^^^^^^^^^^ help: convert the identifier to upper camel case: `MggaCKcisLxcPolPart12Lo73`

warning: type `mgga_c_kcis_lxc_pol_part12_LO74` should have an upper camel case name
    --> crates/kernel-mgga-7/src/mgga_c_kcis/lxc_pol_part12.rs:6790:12
     |
6790 | pub struct mgga_c_kcis_lxc_pol_part12_LO74 {
     |            ^^^^^^^^^^^^^^^^^^^^^^^^^^^^^^^ help: convert the identifier to upper camel case: `MggaCKcisLxcPolPart12Lo74`

warning: type `mgga_c_kcis_lxc_pol_part12_LO75` should have an upper camel case name
    --> crates/kernel-mgga-7/src/mgga_c_kcis/lxc_pol_part12.rs:6882:12
     |
6882 | pub struct mgga_c_kcis_lxc_pol_part12_LO75 {
     |            ^^^^^^^^^^^^^^^^^^^^^^^^^^^^^^^ help: convert the identifier to upper camel case: `MggaCKcisLxcPolPart12Lo75`

warning: type `mgga_c_kcis_lxc_pol_part12_LO76` should have an upper camel case name
    --> crates/kernel-mgga-7/src/mgga_c_kcis/lxc_pol_part12.rs:6985:12
     |
6985 | pub struct mgga_c_kcis_lxc_pol_part12_LO76 {
     |            ^^^^^^^^^^^^^^^^^^^^^^^^^^^^^^^ help: convert the identifier to upper camel case: `MggaCKcisLxcPolPart12Lo76`

warning: type `mgga_c_kcis_lxc_pol_part12_LO77` should have an upper camel case name
    --> crates/kernel-mgga-7/src/mgga_c_kcis/lxc_pol_part12.rs:7085:12
     |
7085 | pub struct mgga_c_kcis_lxc_pol_part12_LO77 {
     |            ^^^^^^^^^^^^^^^^^^^^^^^^^^^^^^^ help: convert the identifier to upper camel case: `MggaCKcisLxcPolPart12Lo77`

warning: type `mgga_c_kcis_lxc_pol_part12_LO78` should have an upper camel case name
    --> crates/kernel-mgga-7/src/mgga_c_kcis/lxc_pol_part12.rs:7188:12
     |
7188 | pub struct mgga_c_kcis_lxc_pol_part12_LO78 {
     |            ^^^^^^^^^^^^^^^^^^^^^^^^^^^^^^^ help: convert the identifier to upper camel case: `MggaCKcisLxcPolPart12Lo78`

warning: type `mgga_c_kcis_lxc_pol_part12_LO79` should have an upper camel case name
    --> crates/kernel-mgga-7/src/mgga_c_kcis/lxc_pol_part12.rs:7289:12
     |
7289 | pub struct mgga_c_kcis_lxc_pol_part12_LO79 {
     |            ^^^^^^^^^^^^^^^^^^^^^^^^^^^^^^^ help: convert the identifier to upper camel case: `MggaCKcisLxcPolPart12Lo79`

warning: type `mgga_c_kcis_lxc_pol_part12_LO80` should have an upper camel case name
    --> crates/kernel-mgga-7/src/mgga_c_kcis/lxc_pol_part12.rs:7382:12
     |
7382 | pub struct mgga_c_kcis_lxc_pol_part12_LO80 {
     |            ^^^^^^^^^^^^^^^^^^^^^^^^^^^^^^^ help: convert the identifier to upper camel case: `MggaCKcisLxcPolPart12Lo80`

warning: type `mgga_c_kcis_lxc_pol_part12_LO81` should have an upper camel case name
    --> crates/kernel-mgga-7/src/mgga_c_kcis/lxc_pol_part12.rs:7468:12
     |
7468 | pub struct mgga_c_kcis_lxc_pol_part12_LO81 {
     |            ^^^^^^^^^^^^^^^^^^^^^^^^^^^^^^^ help: convert the identifier to upper camel case: `MggaCKcisLxcPolPart12Lo81`

warning: type `mgga_c_kcis_lxc_pol_part12_LO82` should have an upper camel case name
    --> crates/kernel-mgga-7/src/mgga_c_kcis/lxc_pol_part12.rs:7516:12
     |
7516 | pub struct mgga_c_kcis_lxc_pol_part12_LO82 {
     |            ^^^^^^^^^^^^^^^^^^^^^^^^^^^^^^^ help: convert the identifier to upper camel case: `MggaCKcisLxcPolPart12Lo82`

warning: type `mgga_c_kcis_lxc_pol_part12_LO83` should have an upper camel case name
    --> crates/kernel-mgga-7/src/mgga_c_kcis/lxc_pol_part12.rs:7589:12
     |
7589 | pub struct mgga_c_kcis_lxc_pol_part12_LO83 {
     |            ^^^^^^^^^^^^^^^^^^^^^^^^^^^^^^^ help: convert the identifier to upper camel case: `MggaCKcisLxcPolPart12Lo83`

warning: type `mgga_c_kcis_lxc_pol_part12_LO84` should have an upper camel case name
    --> crates/kernel-mgga-7/src/mgga_c_kcis/lxc_pol_part12.rs:7691:12
     |
7691 | pub struct mgga_c_kcis_lxc_pol_part12_LO84 {
     |            ^^^^^^^^^^^^^^^^^^^^^^^^^^^^^^^ help: convert the identifier to upper camel case: `MggaCKcisLxcPolPart12Lo84`

warning: type `mgga_c_kcis_lxc_pol_part12_LO85` should have an upper camel case name
    --> crates/kernel-mgga-7/src/mgga_c_kcis/lxc_pol_part12.rs:7792:12
     |
7792 | pub struct mgga_c_kcis_lxc_pol_part12_LO85 {
     |            ^^^^^^^^^^^^^^^^^^^^^^^^^^^^^^^ help: convert the identifier to upper camel case: `MggaCKcisLxcPolPart12Lo85`

warning: type `mgga_c_kcis_lxc_pol_part12_LO86` should have an upper camel case name
    --> crates/kernel-mgga-7/src/mgga_c_kcis/lxc_pol_part12.rs:7893:12
     |
7893 | pub struct mgga_c_kcis_lxc_pol_part12_LO86 {
     |            ^^^^^^^^^^^^^^^^^^^^^^^^^^^^^^^ help: convert the identifier to upper camel case: `MggaCKcisLxcPolPart12Lo86`

warning: type `mgga_c_kcis_lxc_pol_part12_LO87` should have an upper camel case name
    --> crates/kernel-mgga-7/src/mgga_c_kcis/lxc_pol_part12.rs:7972:12
     |
7972 | pub struct mgga_c_kcis_lxc_pol_part12_LO87 {
     |            ^^^^^^^^^^^^^^^^^^^^^^^^^^^^^^^ help: convert the identifier to upper camel case: `MggaCKcisLxcPolPart12Lo87`

warning: type `mgga_c_kcis_lxc_pol_part12_LO88` should have an upper camel case name
    --> crates/kernel-mgga-7/src/mgga_c_kcis/lxc_pol_part12.rs:8024:12
     |
8024 | pub struct mgga_c_kcis_lxc_pol_part12_LO88 {
     |            ^^^^^^^^^^^^^^^^^^^^^^^^^^^^^^^ help: convert the identifier to upper camel case: `MggaCKcisLxcPolPart12Lo88`

warning: type `mgga_c_kcis_lxc_pol_part12_LO89` should have an upper camel case name
    --> crates/kernel-mgga-7/src/mgga_c_kcis/lxc_pol_part12.rs:8086:12
     |
8086 | pub struct mgga_c_kcis_lxc_pol_part12_LO89 {
     |            ^^^^^^^^^^^^^^^^^^^^^^^^^^^^^^^ help: convert the identifier to upper camel case: `MggaCKcisLxcPolPart12Lo89`

warning: type `mgga_c_kcis_lxc_pol_part12_LO90` should have an upper camel case name
    --> crates/kernel-mgga-7/src/mgga_c_kcis/lxc_pol_part12.rs:8163:12
     |
8163 | pub struct mgga_c_kcis_lxc_pol_part12_LO90 {
     |            ^^^^^^^^^^^^^^^^^^^^^^^^^^^^^^^ help: convert the identifier to upper camel case: `MggaCKcisLxcPolPart12Lo90`

warning: type `mgga_c_kcis_lxc_pol_part12_LO91` should have an upper camel case name
    --> crates/kernel-mgga-7/src/mgga_c_kcis/lxc_pol_part12.rs:8242:12
     |
8242 | pub struct mgga_c_kcis_lxc_pol_part12_LO91 {
     |            ^^^^^^^^^^^^^^^^^^^^^^^^^^^^^^^ help: convert the identifier to upper camel case: `MggaCKcisLxcPolPart12Lo91`

warning: type `mgga_c_kcis_lxc_pol_part12_LO92` should have an upper camel case name
    --> crates/kernel-mgga-7/src/mgga_c_kcis/lxc_pol_part12.rs:8341:12
     |
8341 | pub struct mgga_c_kcis_lxc_pol_part12_LO92 {
     |            ^^^^^^^^^^^^^^^^^^^^^^^^^^^^^^^ help: convert the identifier to upper camel case: `MggaCKcisLxcPolPart12Lo92`

warning: type `mgga_c_kcis_lxc_pol_part12_LO93` should have an upper camel case name
    --> crates/kernel-mgga-7/src/mgga_c_kcis/lxc_pol_part12.rs:8430:12
     |
8430 | pub struct mgga_c_kcis_lxc_pol_part12_LO93 {
     |            ^^^^^^^^^^^^^^^^^^^^^^^^^^^^^^^ help: convert the identifier to upper camel case: `MggaCKcisLxcPolPart12Lo93`

warning: type `mgga_c_kcis_lxc_pol_part12_LO94` should have an upper camel case name
    --> crates/kernel-mgga-7/src/mgga_c_kcis/lxc_pol_part12.rs:8528:12
     |
8528 | pub struct mgga_c_kcis_lxc_pol_part12_LO94 {
     |            ^^^^^^^^^^^^^^^^^^^^^^^^^^^^^^^ help: convert the identifier to upper camel case: `MggaCKcisLxcPolPart12Lo94`

warning: type `mgga_c_kcis_lxc_pol_part12_LO95` should have an upper camel case name
    --> crates/kernel-mgga-7/src/mgga_c_kcis/lxc_pol_part12.rs:8612:12
     |
8612 | pub struct mgga_c_kcis_lxc_pol_part12_LO95 {
     |            ^^^^^^^^^^^^^^^^^^^^^^^^^^^^^^^ help: convert the identifier to upper camel case: `MggaCKcisLxcPolPart12Lo95`

warning: type `mgga_c_kcis_lxc_pol_part12_LO96` should have an upper camel case name
    --> crates/kernel-mgga-7/src/mgga_c_kcis/lxc_pol_part12.rs:8632:12
     |
8632 | pub struct mgga_c_kcis_lxc_pol_part12_LO96 {
     |            ^^^^^^^^^^^^^^^^^^^^^^^^^^^^^^^ help: convert the identifier to upper camel case: `MggaCKcisLxcPolPart12Lo96`

warning: type `mgga_c_kcis_lxc_pol_part12_LO97` should have an upper camel case name
    --> crates/kernel-mgga-7/src/mgga_c_kcis/lxc_pol_part12.rs:8721:12
     |
8721 | pub struct mgga_c_kcis_lxc_pol_part12_LO97 {
     |            ^^^^^^^^^^^^^^^^^^^^^^^^^^^^^^^ help: convert the identifier to upper camel case: `MggaCKcisLxcPolPart12Lo97`

warning: type `mgga_c_kcis_lxc_pol_part12_LO98` should have an upper camel case name
    --> crates/kernel-mgga-7/src/mgga_c_kcis/lxc_pol_part12.rs:8762:12
     |
8762 | pub struct mgga_c_kcis_lxc_pol_part12_LO98 {
     |            ^^^^^^^^^^^^^^^^^^^^^^^^^^^^^^^ help: convert the identifier to upper camel case: `MggaCKcisLxcPolPart12Lo98`

warning: type `mgga_c_kcis_lxc_pol_part12_LO99` should have an upper camel case name
    --> crates/kernel-mgga-7/src/mgga_c_kcis/lxc_pol_part12.rs:8854:12
     |
8854 | pub struct mgga_c_kcis_lxc_pol_part12_LO99 {
     |            ^^^^^^^^^^^^^^^^^^^^^^^^^^^^^^^ help: convert the identifier to upper camel case: `MggaCKcisLxcPolPart12Lo99`

warning: type `mgga_c_kcis_lxc_pol_part12_LO100` should have an upper camel case name
    --> crates/kernel-mgga-7/src/mgga_c_kcis/lxc_pol_part12.rs:8901:12
     |
8901 | pub struct mgga_c_kcis_lxc_pol_part12_LO100 {
     |            ^^^^^^^^^^^^^^^^^^^^^^^^^^^^^^^^ help: convert the identifier to upper camel case: `MggaCKcisLxcPolPart12Lo100`

warning: type `mgga_c_kcis_lxc_pol_part12_LO101` should have an upper camel case name
    --> crates/kernel-mgga-7/src/mgga_c_kcis/lxc_pol_part12.rs:8997:12
     |
8997 | pub struct mgga_c_kcis_lxc_pol_part12_LO101 {
     |            ^^^^^^^^^^^^^^^^^^^^^^^^^^^^^^^^ help: convert the identifier to upper camel case: `MggaCKcisLxcPolPart12Lo101`

warning: type `mgga_c_kcis_lxc_pol_part12_LO102` should have an upper camel case name
    --> crates/kernel-mgga-7/src/mgga_c_kcis/lxc_pol_part12.rs:9064:12
     |
9064 | pub struct mgga_c_kcis_lxc_pol_part12_LO102 {
     |            ^^^^^^^^^^^^^^^^^^^^^^^^^^^^^^^^ help: convert the identifier to upper camel case: `MggaCKcisLxcPolPart12Lo102`

warning: type `mgga_c_kcis_lxc_pol_part12_LO103` should have an upper camel case name
    --> crates/kernel-mgga-7/src/mgga_c_kcis/lxc_pol_part12.rs:9099:12
     |
9099 | pub struct mgga_c_kcis_lxc_pol_part12_LO103 {
     |            ^^^^^^^^^^^^^^^^^^^^^^^^^^^^^^^^ help: convert the identifier to upper camel case: `MggaCKcisLxcPolPart12Lo103`

warning: type `mgga_c_kcis_lxc_pol_part12_LO104` should have an upper camel case name
    --> crates/kernel-mgga-7/src/mgga_c_kcis/lxc_pol_part12.rs:9121:12
     |
9121 | pub struct mgga_c_kcis_lxc_pol_part12_LO104 {
     |            ^^^^^^^^^^^^^^^^^^^^^^^^^^^^^^^^ help: convert the identifier to upper camel case: `MggaCKcisLxcPolPart12Lo104`

warning: type `mgga_c_kcis_lxc_pol_part12_LO105` should have an upper camel case name
    --> crates/kernel-mgga-7/src/mgga_c_kcis/lxc_pol_part12.rs:9208:12
     |
9208 | pub struct mgga_c_kcis_lxc_pol_part12_LO105 {
     |            ^^^^^^^^^^^^^^^^^^^^^^^^^^^^^^^^ help: convert the identifier to upper camel case: `MggaCKcisLxcPolPart12Lo105`

warning: type `mgga_c_kcis_lxc_pol_part12_LO106` should have an upper camel case name
    --> crates/kernel-mgga-7/src/mgga_c_kcis/lxc_pol_part12.rs:9280:12
     |
9280 | pub struct mgga_c_kcis_lxc_pol_part12_LO106 {
     |            ^^^^^^^^^^^^^^^^^^^^^^^^^^^^^^^^ help: convert the identifier to upper camel case: `MggaCKcisLxcPolPart12Lo106`

warning: type `mgga_c_kcis_lxc_pol_part12_LO107` should have an upper camel case name
    --> crates/kernel-mgga-7/src/mgga_c_kcis/lxc_pol_part12.rs:9327:12
     |
9327 | pub struct mgga_c_kcis_lxc_pol_part12_LO107 {
     |            ^^^^^^^^^^^^^^^^^^^^^^^^^^^^^^^^ help: convert the identifier to upper camel case: `MggaCKcisLxcPolPart12Lo107`

warning: type `mgga_c_kcis_lxc_pol_part12_LO108` should have an upper camel case name
    --> crates/kernel-mgga-7/src/mgga_c_kcis/lxc_pol_part12.rs:9365:12
     |
9365 | pub struct mgga_c_kcis_lxc_pol_part12_LO108 {
     |            ^^^^^^^^^^^^^^^^^^^^^^^^^^^^^^^^ help: convert the identifier to upper camel case: `MggaCKcisLxcPolPart12Lo108`

warning: type `mgga_c_kcis_lxc_pol_part12_LO109` should have an upper camel case name
    --> crates/kernel-mgga-7/src/mgga_c_kcis/lxc_pol_part12.rs:9423:12
     |
9423 | pub struct mgga_c_kcis_lxc_pol_part12_LO109 {
     |            ^^^^^^^^^^^^^^^^^^^^^^^^^^^^^^^^ help: convert the identifier to upper camel case: `MggaCKcisLxcPolPart12Lo109`

warning: type `mgga_c_kcis_lxc_pol_part12_LO110` should have an upper camel case name
    --> crates/kernel-mgga-7/src/mgga_c_kcis/lxc_pol_part12.rs:9477:12
     |
9477 | pub struct mgga_c_kcis_lxc_pol_part12_LO110 {
     |            ^^^^^^^^^^^^^^^^^^^^^^^^^^^^^^^^ help: convert the identifier to upper camel case: `MggaCKcisLxcPolPart12Lo110`

warning: type `mgga_c_kcis_lxc_pol_part12_LO111` should have an upper camel case name
    --> crates/kernel-mgga-7/src/mgga_c_kcis/lxc_pol_part12.rs:9513:12
     |
9513 | pub struct mgga_c_kcis_lxc_pol_part12_LO111 {
     |            ^^^^^^^^^^^^^^^^^^^^^^^^^^^^^^^^ help: convert the identifier to upper camel case: `MggaCKcisLxcPolPart12Lo111`

warning: type `mgga_c_kcis_lxc_pol_part12_LO112` should have an upper camel case name
    --> crates/kernel-mgga-7/src/mgga_c_kcis/lxc_pol_part12.rs:9603:12
     |
9603 | pub struct mgga_c_kcis_lxc_pol_part12_LO112 {
     |            ^^^^^^^^^^^^^^^^^^^^^^^^^^^^^^^^ help: convert the identifier to upper camel case: `MggaCKcisLxcPolPart12Lo112`

warning: type `mgga_c_kcis_lxc_pol_part12_LO113` should have an upper camel case name
    --> crates/kernel-mgga-7/src/mgga_c_kcis/lxc_pol_part12.rs:9699:12
     |
9699 | pub struct mgga_c_kcis_lxc_pol_part12_LO113 {
     |            ^^^^^^^^^^^^^^^^^^^^^^^^^^^^^^^^ help: convert the identifier to upper camel case: `MggaCKcisLxcPolPart12Lo113`

warning: type `mgga_c_kcis_lxc_pol_part12_LO114` should have an upper camel case name
    --> crates/kernel-mgga-7/src/mgga_c_kcis/lxc_pol_part12.rs:9791:12
     |
9791 | pub struct mgga_c_kcis_lxc_pol_part12_LO114 {
     |            ^^^^^^^^^^^^^^^^^^^^^^^^^^^^^^^^ help: convert the identifier to upper camel case: `MggaCKcisLxcPolPart12Lo114`

warning: type `mgga_c_kcis_lxc_pol_part12_LO115` should have an upper camel case name
    --> crates/kernel-mgga-7/src/mgga_c_kcis/lxc_pol_part12.rs:9883:12
     |
9883 | pub struct mgga_c_kcis_lxc_pol_part12_LO115 {
     |            ^^^^^^^^^^^^^^^^^^^^^^^^^^^^^^^^ help: convert the identifier to upper camel case: `MggaCKcisLxcPolPart12Lo115`

warning: type `mgga_c_kcis_lxc_pol_part12_LO116` should have an upper camel case name
    --> crates/kernel-mgga-7/src/mgga_c_kcis/lxc_pol_part12.rs:9973:12
     |
9973 | pub struct mgga_c_kcis_lxc_pol_part12_LO116 {
     |            ^^^^^^^^^^^^^^^^^^^^^^^^^^^^^^^^ help: convert the identifier to upper camel case: `MggaCKcisLxcPolPart12Lo116`

warning: type `mgga_c_kcis_lxc_pol_part12_LO117` should have an upper camel case name
     --> crates/kernel-mgga-7/src/mgga_c_kcis/lxc_pol_part12.rs:10002:12
      |
10002 | pub struct mgga_c_kcis_lxc_pol_part12_LO117 {
      |            ^^^^^^^^^^^^^^^^^^^^^^^^^^^^^^^^ help: convert the identifier to upper camel case: `MggaCKcisLxcPolPart12Lo117`

warning: type `mgga_c_kcis_lxc_pol_part12_LO118` should have an upper camel case name
     --> crates/kernel-mgga-7/src/mgga_c_kcis/lxc_pol_part12.rs:10066:12
      |
10066 | pub struct mgga_c_kcis_lxc_pol_part12_LO118 {
      |            ^^^^^^^^^^^^^^^^^^^^^^^^^^^^^^^^ help: convert the identifier to upper camel case: `MggaCKcisLxcPolPart12Lo118`

warning: type `mgga_c_kcis_lxc_pol_part12_LO119` should have an upper camel case name
     --> crates/kernel-mgga-7/src/mgga_c_kcis/lxc_pol_part12.rs:10077:12
      |
10077 | pub struct mgga_c_kcis_lxc_pol_part12_LO119 {
      |            ^^^^^^^^^^^^^^^^^^^^^^^^^^^^^^^^ help: convert the identifier to upper camel case: `MggaCKcisLxcPolPart12Lo119`

warning: type `mgga_c_kcis_lxc_pol_part13_LO0` should have an upper camel case name
  --> crates/kernel-mgga-7/src/mgga_c_kcis/lxc_pol_part13.rs:14:12
   |
14 | pub struct mgga_c_kcis_lxc_pol_part13_LO0 {
   |            ^^^^^^^^^^^^^^^^^^^^^^^^^^^^^^ help: convert the identifier to upper camel case: `MggaCKcisLxcPolPart13Lo0`

warning: type `mgga_c_kcis_lxc_pol_part13_LO1` should have an upper camel case name
   --> crates/kernel-mgga-7/src/mgga_c_kcis/lxc_pol_part13.rs:108:12
    |
108 | pub struct mgga_c_kcis_lxc_pol_part13_LO1 {
    |            ^^^^^^^^^^^^^^^^^^^^^^^^^^^^^^ help: convert the identifier to upper camel case: `MggaCKcisLxcPolPart13Lo1`

warning: type `mgga_c_kcis_lxc_pol_part13_LO2` should have an upper camel case name
   --> crates/kernel-mgga-7/src/mgga_c_kcis/lxc_pol_part13.rs:201:12
    |
201 | pub struct mgga_c_kcis_lxc_pol_part13_LO2 {
    |            ^^^^^^^^^^^^^^^^^^^^^^^^^^^^^^ help: convert the identifier to upper camel case: `MggaCKcisLxcPolPart13Lo2`

warning: type `mgga_c_kcis_lxc_pol_part13_LO3` should have an upper camel case name
   --> crates/kernel-mgga-7/src/mgga_c_kcis/lxc_pol_part13.rs:296:12
    |
296 | pub struct mgga_c_kcis_lxc_pol_part13_LO3 {
    |            ^^^^^^^^^^^^^^^^^^^^^^^^^^^^^^ help: convert the identifier to upper camel case: `MggaCKcisLxcPolPart13Lo3`

warning: type `mgga_c_kcis_lxc_pol_part13_LO4` should have an upper camel case name
   --> crates/kernel-mgga-7/src/mgga_c_kcis/lxc_pol_part13.rs:391:12
    |
391 | pub struct mgga_c_kcis_lxc_pol_part13_LO4 {
    |            ^^^^^^^^^^^^^^^^^^^^^^^^^^^^^^ help: convert the identifier to upper camel case: `MggaCKcisLxcPolPart13Lo4`

warning: type `mgga_c_kcis_lxc_pol_part13_LO5` should have an upper camel case name
   --> crates/kernel-mgga-7/src/mgga_c_kcis/lxc_pol_part13.rs:488:12
    |
488 | pub struct mgga_c_kcis_lxc_pol_part13_LO5 {
    |            ^^^^^^^^^^^^^^^^^^^^^^^^^^^^^^ help: convert the identifier to upper camel case: `MggaCKcisLxcPolPart13Lo5`

warning: type `mgga_c_kcis_lxc_pol_part13_LO6` should have an upper camel case name
   --> crates/kernel-mgga-7/src/mgga_c_kcis/lxc_pol_part13.rs:590:12
    |
590 | pub struct mgga_c_kcis_lxc_pol_part13_LO6 {
    |            ^^^^^^^^^^^^^^^^^^^^^^^^^^^^^^ help: convert the identifier to upper camel case: `MggaCKcisLxcPolPart13Lo6`

warning: type `mgga_c_kcis_lxc_pol_part13_LO7` should have an upper camel case name
   --> crates/kernel-mgga-7/src/mgga_c_kcis/lxc_pol_part13.rs:692:12
    |
692 | pub struct mgga_c_kcis_lxc_pol_part13_LO7 {
    |            ^^^^^^^^^^^^^^^^^^^^^^^^^^^^^^ help: convert the identifier to upper camel case: `MggaCKcisLxcPolPart13Lo7`

warning: type `mgga_c_kcis_lxc_pol_part13_LO8` should have an upper camel case name
   --> crates/kernel-mgga-7/src/mgga_c_kcis/lxc_pol_part13.rs:792:12
    |
792 | pub struct mgga_c_kcis_lxc_pol_part13_LO8 {
    |            ^^^^^^^^^^^^^^^^^^^^^^^^^^^^^^ help: convert the identifier to upper camel case: `MggaCKcisLxcPolPart13Lo8`

warning: type `mgga_c_kcis_lxc_pol_part13_LO9` should have an upper camel case name
   --> crates/kernel-mgga-7/src/mgga_c_kcis/lxc_pol_part13.rs:895:12
    |
895 | pub struct mgga_c_kcis_lxc_pol_part13_LO9 {
    |            ^^^^^^^^^^^^^^^^^^^^^^^^^^^^^^ help: convert the identifier to upper camel case: `MggaCKcisLxcPolPart13Lo9`

warning: type `mgga_c_kcis_lxc_pol_part13_LO10` should have an upper camel case name
   --> crates/kernel-mgga-7/src/mgga_c_kcis/lxc_pol_part13.rs:991:12
    |
991 | pub struct mgga_c_kcis_lxc_pol_part13_LO10 {
    |            ^^^^^^^^^^^^^^^^^^^^^^^^^^^^^^^ help: convert the identifier to upper camel case: `MggaCKcisLxcPolPart13Lo10`

warning: type `mgga_c_kcis_lxc_pol_part13_LO11` should have an upper camel case name
    --> crates/kernel-mgga-7/src/mgga_c_kcis/lxc_pol_part13.rs:1081:12
     |
1081 | pub struct mgga_c_kcis_lxc_pol_part13_LO11 {
     |            ^^^^^^^^^^^^^^^^^^^^^^^^^^^^^^^ help: convert the identifier to upper camel case: `MggaCKcisLxcPolPart13Lo11`

warning: type `mgga_c_kcis_lxc_pol_part13_LO12` should have an upper camel case name
    --> crates/kernel-mgga-7/src/mgga_c_kcis/lxc_pol_part13.rs:1168:12
     |
1168 | pub struct mgga_c_kcis_lxc_pol_part13_LO12 {
     |            ^^^^^^^^^^^^^^^^^^^^^^^^^^^^^^^ help: convert the identifier to upper camel case: `MggaCKcisLxcPolPart13Lo12`

warning: type `mgga_c_kcis_lxc_pol_part13_LO13` should have an upper camel case name
    --> crates/kernel-mgga-7/src/mgga_c_kcis/lxc_pol_part13.rs:1265:12
     |
1265 | pub struct mgga_c_kcis_lxc_pol_part13_LO13 {
     |            ^^^^^^^^^^^^^^^^^^^^^^^^^^^^^^^ help: convert the identifier to upper camel case: `MggaCKcisLxcPolPart13Lo13`

warning: type `mgga_c_kcis_lxc_pol_part13_LO14` should have an upper camel case name
    --> crates/kernel-mgga-7/src/mgga_c_kcis/lxc_pol_part13.rs:1350:12
     |
1350 | pub struct mgga_c_kcis_lxc_pol_part13_LO14 {
     |            ^^^^^^^^^^^^^^^^^^^^^^^^^^^^^^^ help: convert the identifier to upper camel case: `MggaCKcisLxcPolPart13Lo14`

warning: type `mgga_c_kcis_lxc_pol_part13_LO15` should have an upper camel case name
    --> crates/kernel-mgga-7/src/mgga_c_kcis/lxc_pol_part13.rs:1453:12
     |
1453 | pub struct mgga_c_kcis_lxc_pol_part13_LO15 {
     |            ^^^^^^^^^^^^^^^^^^^^^^^^^^^^^^^ help: convert the identifier to upper camel case: `MggaCKcisLxcPolPart13Lo15`

warning: type `mgga_c_kcis_lxc_pol_part13_LO16` should have an upper camel case name
    --> crates/kernel-mgga-7/src/mgga_c_kcis/lxc_pol_part13.rs:1550:12
     |
1550 | pub struct mgga_c_kcis_lxc_pol_part13_LO16 {
     |            ^^^^^^^^^^^^^^^^^^^^^^^^^^^^^^^ help: convert the identifier to upper camel case: `MggaCKcisLxcPolPart13Lo16`

warning: type `mgga_c_kcis_lxc_pol_part13_LO17` should have an upper camel case name
    --> crates/kernel-mgga-7/src/mgga_c_kcis/lxc_pol_part13.rs:1649:12
     |
1649 | pub struct mgga_c_kcis_lxc_pol_part13_LO17 {
     |            ^^^^^^^^^^^^^^^^^^^^^^^^^^^^^^^ help: convert the identifier to upper camel case: `MggaCKcisLxcPolPart13Lo17`

warning: type `mgga_c_kcis_lxc_pol_part13_LO18` should have an upper camel case name
    --> crates/kernel-mgga-7/src/mgga_c_kcis/lxc_pol_part13.rs:1741:12
     |
1741 | pub struct mgga_c_kcis_lxc_pol_part13_LO18 {
     |            ^^^^^^^^^^^^^^^^^^^^^^^^^^^^^^^ help: convert the identifier to upper camel case: `MggaCKcisLxcPolPart13Lo18`

warning: type `mgga_c_kcis_lxc_pol_part13_LO19` should have an upper camel case name
    --> crates/kernel-mgga-7/src/mgga_c_kcis/lxc_pol_part13.rs:1833:12
     |
1833 | pub struct mgga_c_kcis_lxc_pol_part13_LO19 {
     |            ^^^^^^^^^^^^^^^^^^^^^^^^^^^^^^^ help: convert the identifier to upper camel case: `MggaCKcisLxcPolPart13Lo19`

warning: type `mgga_c_kcis_lxc_pol_part13_LO20` should have an upper camel case name
    --> crates/kernel-mgga-7/src/mgga_c_kcis/lxc_pol_part13.rs:1936:12
     |
1936 | pub struct mgga_c_kcis_lxc_pol_part13_LO20 {
     |            ^^^^^^^^^^^^^^^^^^^^^^^^^^^^^^^ help: convert the identifier to upper camel case: `MggaCKcisLxcPolPart13Lo20`

warning: type `mgga_c_kcis_lxc_pol_part13_LO21` should have an upper camel case name
    --> crates/kernel-mgga-7/src/mgga_c_kcis/lxc_pol_part13.rs:2035:12
     |
2035 | pub struct mgga_c_kcis_lxc_pol_part13_LO21 {
     |            ^^^^^^^^^^^^^^^^^^^^^^^^^^^^^^^ help: convert the identifier to upper camel case: `MggaCKcisLxcPolPart13Lo21`

warning: type `mgga_c_kcis_lxc_pol_part13_LO22` should have an upper camel case name
    --> crates/kernel-mgga-7/src/mgga_c_kcis/lxc_pol_part13.rs:2137:12
     |
2137 | pub struct mgga_c_kcis_lxc_pol_part13_LO22 {
     |            ^^^^^^^^^^^^^^^^^^^^^^^^^^^^^^^ help: convert the identifier to upper camel case: `MggaCKcisLxcPolPart13Lo22`

warning: type `mgga_c_kcis_lxc_pol_part13_LO23` should have an upper camel case name
    --> crates/kernel-mgga-7/src/mgga_c_kcis/lxc_pol_part13.rs:2232:12
     |
2232 | pub struct mgga_c_kcis_lxc_pol_part13_LO23 {
     |            ^^^^^^^^^^^^^^^^^^^^^^^^^^^^^^^ help: convert the identifier to upper camel case: `MggaCKcisLxcPolPart13Lo23`

warning: type `mgga_c_kcis_lxc_pol_part13_LO24` should have an upper camel case name
    --> crates/kernel-mgga-7/src/mgga_c_kcis/lxc_pol_part13.rs:2334:12
     |
2334 | pub struct mgga_c_kcis_lxc_pol_part13_LO24 {
     |            ^^^^^^^^^^^^^^^^^^^^^^^^^^^^^^^ help: convert the identifier to upper camel case: `MggaCKcisLxcPolPart13Lo24`

warning: type `mgga_c_kcis_lxc_pol_part13_LO25` should have an upper camel case name
    --> crates/kernel-mgga-7/src/mgga_c_kcis/lxc_pol_part13.rs:2432:12
     |
2432 | pub struct mgga_c_kcis_lxc_pol_part13_LO25 {
     |            ^^^^^^^^^^^^^^^^^^^^^^^^^^^^^^^ help: convert the identifier to upper camel case: `MggaCKcisLxcPolPart13Lo25`

warning: type `mgga_c_kcis_lxc_pol_part13_LO26` should have an upper camel case name
    --> crates/kernel-mgga-7/src/mgga_c_kcis/lxc_pol_part13.rs:2535:12
     |
2535 | pub struct mgga_c_kcis_lxc_pol_part13_LO26 {
     |            ^^^^^^^^^^^^^^^^^^^^^^^^^^^^^^^ help: convert the identifier to upper camel case: `MggaCKcisLxcPolPart13Lo26`

warning: type `mgga_c_kcis_lxc_pol_part13_LO27` should have an upper camel case name
    --> crates/kernel-mgga-7/src/mgga_c_kcis/lxc_pol_part13.rs:2624:12
     |
2624 | pub struct mgga_c_kcis_lxc_pol_part13_LO27 {
     |            ^^^^^^^^^^^^^^^^^^^^^^^^^^^^^^^ help: convert the identifier to upper camel case: `MggaCKcisLxcPolPart13Lo27`

warning: type `mgga_c_kcis_lxc_pol_part13_LO28` should have an upper camel case name
    --> crates/kernel-mgga-7/src/mgga_c_kcis/lxc_pol_part13.rs:2724:12
     |
2724 | pub struct mgga_c_kcis_lxc_pol_part13_LO28 {
     |            ^^^^^^^^^^^^^^^^^^^^^^^^^^^^^^^ help: convert the identifier to upper camel case: `MggaCKcisLxcPolPart13Lo28`

warning: type `mgga_c_kcis_lxc_pol_part13_LO29` should have an upper camel case name
    --> crates/kernel-mgga-7/src/mgga_c_kcis/lxc_pol_part13.rs:2828:12
     |
2828 | pub struct mgga_c_kcis_lxc_pol_part13_LO29 {
     |            ^^^^^^^^^^^^^^^^^^^^^^^^^^^^^^^ help: convert the identifier to upper camel case: `MggaCKcisLxcPolPart13Lo29`

warning: type `mgga_c_kcis_lxc_pol_part13_LO30` should have an upper camel case name
    --> crates/kernel-mgga-7/src/mgga_c_kcis/lxc_pol_part13.rs:2927:12
     |
2927 | pub struct mgga_c_kcis_lxc_pol_part13_LO30 {
     |            ^^^^^^^^^^^^^^^^^^^^^^^^^^^^^^^ help: convert the identifier to upper camel case: `MggaCKcisLxcPolPart13Lo30`

warning: type `mgga_c_kcis_lxc_pol_part13_LO31` should have an upper camel case name
    --> crates/kernel-mgga-7/src/mgga_c_kcis/lxc_pol_part13.rs:3016:12
     |
3016 | pub struct mgga_c_kcis_lxc_pol_part13_LO31 {
     |            ^^^^^^^^^^^^^^^^^^^^^^^^^^^^^^^ help: convert the identifier to upper camel case: `MggaCKcisLxcPolPart13Lo31`

warning: type `mgga_c_kcis_lxc_pol_part13_LO32` should have an upper camel case name
    --> crates/kernel-mgga-7/src/mgga_c_kcis/lxc_pol_part13.rs:3117:12
     |
3117 | pub struct mgga_c_kcis_lxc_pol_part13_LO32 {
     |            ^^^^^^^^^^^^^^^^^^^^^^^^^^^^^^^ help: convert the identifier to upper camel case: `MggaCKcisLxcPolPart13Lo32`

warning: type `mgga_c_kcis_lxc_pol_part13_LO33` should have an upper camel case name
    --> crates/kernel-mgga-7/src/mgga_c_kcis/lxc_pol_part13.rs:3218:12
     |
3218 | pub struct mgga_c_kcis_lxc_pol_part13_LO33 {
     |            ^^^^^^^^^^^^^^^^^^^^^^^^^^^^^^^ help: convert the identifier to upper camel case: `MggaCKcisLxcPolPart13Lo33`

warning: type `mgga_c_kcis_lxc_pol_part13_LO34` should have an upper camel case name
    --> crates/kernel-mgga-7/src/mgga_c_kcis/lxc_pol_part13.rs:3318:12
     |
3318 | pub struct mgga_c_kcis_lxc_pol_part13_LO34 {
     |            ^^^^^^^^^^^^^^^^^^^^^^^^^^^^^^^ help: convert the identifier to upper camel case: `MggaCKcisLxcPolPart13Lo34`

warning: type `mgga_c_kcis_lxc_pol_part13_LO35` should have an upper camel case name
    --> crates/kernel-mgga-7/src/mgga_c_kcis/lxc_pol_part13.rs:3408:12
     |
3408 | pub struct mgga_c_kcis_lxc_pol_part13_LO35 {
     |            ^^^^^^^^^^^^^^^^^^^^^^^^^^^^^^^ help: convert the identifier to upper camel case: `MggaCKcisLxcPolPart13Lo35`

warning: type `mgga_c_kcis_lxc_pol_part13_LO36` should have an upper camel case name
    --> crates/kernel-mgga-7/src/mgga_c_kcis/lxc_pol_part13.rs:3479:12
     |
3479 | pub struct mgga_c_kcis_lxc_pol_part13_LO36 {
     |            ^^^^^^^^^^^^^^^^^^^^^^^^^^^^^^^ help: convert the identifier to upper camel case: `MggaCKcisLxcPolPart13Lo36`

warning: type `mgga_c_kcis_lxc_pol_part13_LO37` should have an upper camel case name
    --> crates/kernel-mgga-7/src/mgga_c_kcis/lxc_pol_part13.rs:3577:12
     |
3577 | pub struct mgga_c_kcis_lxc_pol_part13_LO37 {
     |            ^^^^^^^^^^^^^^^^^^^^^^^^^^^^^^^ help: convert the identifier to upper camel case: `MggaCKcisLxcPolPart13Lo37`

warning: type `mgga_c_kcis_lxc_pol_part13_LO38` should have an upper camel case name
    --> crates/kernel-mgga-7/src/mgga_c_kcis/lxc_pol_part13.rs:3670:12
     |
3670 | pub struct mgga_c_kcis_lxc_pol_part13_LO38 {
     |            ^^^^^^^^^^^^^^^^^^^^^^^^^^^^^^^ help: convert the identifier to upper camel case: `MggaCKcisLxcPolPart13Lo38`

warning: type `mgga_c_kcis_lxc_pol_part13_LO39` should have an upper camel case name
    --> crates/kernel-mgga-7/src/mgga_c_kcis/lxc_pol_part13.rs:3749:12
     |
3749 | pub struct mgga_c_kcis_lxc_pol_part13_LO39 {
     |            ^^^^^^^^^^^^^^^^^^^^^^^^^^^^^^^ help: convert the identifier to upper camel case: `MggaCKcisLxcPolPart13Lo39`

warning: type `mgga_c_kcis_lxc_pol_part13_LO40` should have an upper camel case name
    --> crates/kernel-mgga-7/src/mgga_c_kcis/lxc_pol_part13.rs:3851:12
     |
3851 | pub struct mgga_c_kcis_lxc_pol_part13_LO40 {
     |            ^^^^^^^^^^^^^^^^^^^^^^^^^^^^^^^ help: convert the identifier to upper camel case: `MggaCKcisLxcPolPart13Lo40`

warning: type `mgga_c_kcis_lxc_pol_part13_LO41` should have an upper camel case name
    --> crates/kernel-mgga-7/src/mgga_c_kcis/lxc_pol_part13.rs:3951:12
     |
3951 | pub struct mgga_c_kcis_lxc_pol_part13_LO41 {
     |            ^^^^^^^^^^^^^^^^^^^^^^^^^^^^^^^ help: convert the identifier to upper camel case: `MggaCKcisLxcPolPart13Lo41`

warning: type `mgga_c_kcis_lxc_pol_part13_LO42` should have an upper camel case name
    --> crates/kernel-mgga-7/src/mgga_c_kcis/lxc_pol_part13.rs:4047:12
     |
4047 | pub struct mgga_c_kcis_lxc_pol_part13_LO42 {
     |            ^^^^^^^^^^^^^^^^^^^^^^^^^^^^^^^ help: convert the identifier to upper camel case: `MggaCKcisLxcPolPart13Lo42`

warning: type `mgga_c_kcis_lxc_pol_part13_LO43` should have an upper camel case name
    --> crates/kernel-mgga-7/src/mgga_c_kcis/lxc_pol_part13.rs:4151:12
     |
4151 | pub struct mgga_c_kcis_lxc_pol_part13_LO43 {
     |            ^^^^^^^^^^^^^^^^^^^^^^^^^^^^^^^ help: convert the identifier to upper camel case: `MggaCKcisLxcPolPart13Lo43`

warning: type `mgga_c_kcis_lxc_pol_part13_LO44` should have an upper camel case name
    --> crates/kernel-mgga-7/src/mgga_c_kcis/lxc_pol_part13.rs:4255:12
     |
4255 | pub struct mgga_c_kcis_lxc_pol_part13_LO44 {
     |            ^^^^^^^^^^^^^^^^^^^^^^^^^^^^^^^ help: convert the identifier to upper camel case: `MggaCKcisLxcPolPart13Lo44`

warning: type `mgga_c_kcis_lxc_pol_part13_LO45` should have an upper camel case name
    --> crates/kernel-mgga-7/src/mgga_c_kcis/lxc_pol_part13.rs:4352:12
     |
4352 | pub struct mgga_c_kcis_lxc_pol_part13_LO45 {
     |            ^^^^^^^^^^^^^^^^^^^^^^^^^^^^^^^ help: convert the identifier to upper camel case: `MggaCKcisLxcPolPart13Lo45`

warning: type `mgga_c_kcis_lxc_pol_part13_LO46` should have an upper camel case name
    --> crates/kernel-mgga-7/src/mgga_c_kcis/lxc_pol_part13.rs:4444:12
     |
4444 | pub struct mgga_c_kcis_lxc_pol_part13_LO46 {
     |            ^^^^^^^^^^^^^^^^^^^^^^^^^^^^^^^ help: convert the identifier to upper camel case: `MggaCKcisLxcPolPart13Lo46`

warning: type `mgga_c_kcis_lxc_pol_part13_LO47` should have an upper camel case name
    --> crates/kernel-mgga-7/src/mgga_c_kcis/lxc_pol_part13.rs:4537:12
     |
4537 | pub struct mgga_c_kcis_lxc_pol_part13_LO47 {
     |            ^^^^^^^^^^^^^^^^^^^^^^^^^^^^^^^ help: convert the identifier to upper camel case: `MggaCKcisLxcPolPart13Lo47`

warning: type `mgga_c_kcis_lxc_pol_part13_LO48` should have an upper camel case name
    --> crates/kernel-mgga-7/src/mgga_c_kcis/lxc_pol_part13.rs:4634:12
     |
4634 | pub struct mgga_c_kcis_lxc_pol_part13_LO48 {
     |            ^^^^^^^^^^^^^^^^^^^^^^^^^^^^^^^ help: convert the identifier to upper camel case: `MggaCKcisLxcPolPart13Lo48`

warning: type `mgga_c_kcis_lxc_pol_part13_LO49` should have an upper camel case name
    --> crates/kernel-mgga-7/src/mgga_c_kcis/lxc_pol_part13.rs:4728:12
     |
4728 | pub struct mgga_c_kcis_lxc_pol_part13_LO49 {
     |            ^^^^^^^^^^^^^^^^^^^^^^^^^^^^^^^ help: convert the identifier to upper camel case: `MggaCKcisLxcPolPart13Lo49`

warning: type `mgga_c_kcis_lxc_pol_part13_LO50` should have an upper camel case name
    --> crates/kernel-mgga-7/src/mgga_c_kcis/lxc_pol_part13.rs:4821:12
     |
4821 | pub struct mgga_c_kcis_lxc_pol_part13_LO50 {
     |            ^^^^^^^^^^^^^^^^^^^^^^^^^^^^^^^ help: convert the identifier to upper camel case: `MggaCKcisLxcPolPart13Lo50`

warning: type `mgga_c_kcis_lxc_pol_part13_LO51` should have an upper camel case name
    --> crates/kernel-mgga-7/src/mgga_c_kcis/lxc_pol_part13.rs:4916:12
     |
4916 | pub struct mgga_c_kcis_lxc_pol_part13_LO51 {
     |            ^^^^^^^^^^^^^^^^^^^^^^^^^^^^^^^ help: convert the identifier to upper camel case: `MggaCKcisLxcPolPart13Lo51`

warning: type `mgga_c_kcis_lxc_pol_part13_LO52` should have an upper camel case name
    --> crates/kernel-mgga-7/src/mgga_c_kcis/lxc_pol_part13.rs:4994:12
     |
4994 | pub struct mgga_c_kcis_lxc_pol_part13_LO52 {
     |            ^^^^^^^^^^^^^^^^^^^^^^^^^^^^^^^ help: convert the identifier to upper camel case: `MggaCKcisLxcPolPart13Lo52`

warning: type `mgga_c_kcis_lxc_pol_part13_LO53` should have an upper camel case name
    --> crates/kernel-mgga-7/src/mgga_c_kcis/lxc_pol_part13.rs:5091:12
     |
5091 | pub struct mgga_c_kcis_lxc_pol_part13_LO53 {
     |            ^^^^^^^^^^^^^^^^^^^^^^^^^^^^^^^ help: convert the identifier to upper camel case: `MggaCKcisLxcPolPart13Lo53`

warning: type `mgga_c_kcis_lxc_pol_part13_LO54` should have an upper camel case name
    --> crates/kernel-mgga-7/src/mgga_c_kcis/lxc_pol_part13.rs:5189:12
     |
5189 | pub struct mgga_c_kcis_lxc_pol_part13_LO54 {
     |            ^^^^^^^^^^^^^^^^^^^^^^^^^^^^^^^ help: convert the identifier to upper camel case: `MggaCKcisLxcPolPart13Lo54`

warning: type `mgga_c_kcis_lxc_pol_part13_LO55` should have an upper camel case name
    --> crates/kernel-mgga-7/src/mgga_c_kcis/lxc_pol_part13.rs:5276:12
     |
5276 | pub struct mgga_c_kcis_lxc_pol_part13_LO55 {
     |            ^^^^^^^^^^^^^^^^^^^^^^^^^^^^^^^ help: convert the identifier to upper camel case: `MggaCKcisLxcPolPart13Lo55`

warning: type `mgga_c_kcis_lxc_pol_part13_LO56` should have an upper camel case name
    --> crates/kernel-mgga-7/src/mgga_c_kcis/lxc_pol_part13.rs:5350:12
     |
5350 | pub struct mgga_c_kcis_lxc_pol_part13_LO56 {
     |            ^^^^^^^^^^^^^^^^^^^^^^^^^^^^^^^ help: convert the identifier to upper camel case: `MggaCKcisLxcPolPart13Lo56`

warning: type `mgga_c_kcis_lxc_pol_part13_LO57` should have an upper camel case name
    --> crates/kernel-mgga-7/src/mgga_c_kcis/lxc_pol_part13.rs:5445:12
     |
5445 | pub struct mgga_c_kcis_lxc_pol_part13_LO57 {
     |            ^^^^^^^^^^^^^^^^^^^^^^^^^^^^^^^ help: convert the identifier to upper camel case: `MggaCKcisLxcPolPart13Lo57`

warning: type `mgga_c_kcis_lxc_pol_part13_LO58` should have an upper camel case name
    --> crates/kernel-mgga-7/src/mgga_c_kcis/lxc_pol_part13.rs:5547:12
     |
5547 | pub struct mgga_c_kcis_lxc_pol_part13_LO58 {
     |            ^^^^^^^^^^^^^^^^^^^^^^^^^^^^^^^ help: convert the identifier to upper camel case: `MggaCKcisLxcPolPart13Lo58`

warning: type `mgga_c_kcis_lxc_pol_part13_LO59` should have an upper camel case name
    --> crates/kernel-mgga-7/src/mgga_c_kcis/lxc_pol_part13.rs:5640:12
     |
5640 | pub struct mgga_c_kcis_lxc_pol_part13_LO59 {
     |            ^^^^^^^^^^^^^^^^^^^^^^^^^^^^^^^ help: convert the identifier to upper camel case: `MggaCKcisLxcPolPart13Lo59`

warning: type `mgga_c_kcis_lxc_pol_part13_LO60` should have an upper camel case name
    --> crates/kernel-mgga-7/src/mgga_c_kcis/lxc_pol_part13.rs:5732:12
     |
5732 | pub struct mgga_c_kcis_lxc_pol_part13_LO60 {
     |            ^^^^^^^^^^^^^^^^^^^^^^^^^^^^^^^ help: convert the identifier to upper camel case: `MggaCKcisLxcPolPart13Lo60`

warning: type `mgga_c_kcis_lxc_pol_part13_LO61` should have an upper camel case name
    --> crates/kernel-mgga-7/src/mgga_c_kcis/lxc_pol_part13.rs:5835:12
     |
5835 | pub struct mgga_c_kcis_lxc_pol_part13_LO61 {
     |            ^^^^^^^^^^^^^^^^^^^^^^^^^^^^^^^ help: convert the identifier to upper camel case: `MggaCKcisLxcPolPart13Lo61`

warning: type `mgga_c_kcis_lxc_pol_part13_LO62` should have an upper camel case name
    --> crates/kernel-mgga-7/src/mgga_c_kcis/lxc_pol_part13.rs:5937:12
     |
5937 | pub struct mgga_c_kcis_lxc_pol_part13_LO62 {
     |            ^^^^^^^^^^^^^^^^^^^^^^^^^^^^^^^ help: convert the identifier to upper camel case: `MggaCKcisLxcPolPart13Lo62`

warning: type `mgga_c_kcis_lxc_pol_part13_LO63` should have an upper camel case name
    --> crates/kernel-mgga-7/src/mgga_c_kcis/lxc_pol_part13.rs:6034:12
     |
6034 | pub struct mgga_c_kcis_lxc_pol_part13_LO63 {
     |            ^^^^^^^^^^^^^^^^^^^^^^^^^^^^^^^ help: convert the identifier to upper camel case: `MggaCKcisLxcPolPart13Lo63`

warning: type `mgga_c_kcis_lxc_pol_part13_LO64` should have an upper camel case name
    --> crates/kernel-mgga-7/src/mgga_c_kcis/lxc_pol_part13.rs:6134:12
     |
6134 | pub struct mgga_c_kcis_lxc_pol_part13_LO64 {
     |            ^^^^^^^^^^^^^^^^^^^^^^^^^^^^^^^ help: convert the identifier to upper camel case: `MggaCKcisLxcPolPart13Lo64`

warning: type `mgga_c_kcis_lxc_pol_part13_LO65` should have an upper camel case name
    --> crates/kernel-mgga-7/src/mgga_c_kcis/lxc_pol_part13.rs:6237:12
     |
6237 | pub struct mgga_c_kcis_lxc_pol_part13_LO65 {
     |            ^^^^^^^^^^^^^^^^^^^^^^^^^^^^^^^ help: convert the identifier to upper camel case: `MggaCKcisLxcPolPart13Lo65`

warning: type `mgga_c_kcis_lxc_pol_part13_LO66` should have an upper camel case name
    --> crates/kernel-mgga-7/src/mgga_c_kcis/lxc_pol_part13.rs:6323:12
     |
6323 | pub struct mgga_c_kcis_lxc_pol_part13_LO66 {
     |            ^^^^^^^^^^^^^^^^^^^^^^^^^^^^^^^ help: convert the identifier to upper camel case: `MggaCKcisLxcPolPart13Lo66`

warning: type `mgga_c_kcis_lxc_pol_part13_LO67` should have an upper camel case name
    --> crates/kernel-mgga-7/src/mgga_c_kcis/lxc_pol_part13.rs:6418:12
     |
6418 | pub struct mgga_c_kcis_lxc_pol_part13_LO67 {
     |            ^^^^^^^^^^^^^^^^^^^^^^^^^^^^^^^ help: convert the identifier to upper camel case: `MggaCKcisLxcPolPart13Lo67`

warning: type `mgga_c_kcis_lxc_pol_part13_LO68` should have an upper camel case name
    --> crates/kernel-mgga-7/src/mgga_c_kcis/lxc_pol_part13.rs:6504:12
     |
6504 | pub struct mgga_c_kcis_lxc_pol_part13_LO68 {
     |            ^^^^^^^^^^^^^^^^^^^^^^^^^^^^^^^ help: convert the identifier to upper camel case: `MggaCKcisLxcPolPart13Lo68`

warning: type `mgga_c_kcis_lxc_pol_part13_LO69` should have an upper camel case name
    --> crates/kernel-mgga-7/src/mgga_c_kcis/lxc_pol_part13.rs:6596:12
     |
6596 | pub struct mgga_c_kcis_lxc_pol_part13_LO69 {
     |            ^^^^^^^^^^^^^^^^^^^^^^^^^^^^^^^ help: convert the identifier to upper camel case: `MggaCKcisLxcPolPart13Lo69`

warning: type `mgga_c_kcis_lxc_pol_part13_LO70` should have an upper camel case name
    --> crates/kernel-mgga-7/src/mgga_c_kcis/lxc_pol_part13.rs:6696:12
     |
6696 | pub struct mgga_c_kcis_lxc_pol_part13_LO70 {
     |            ^^^^^^^^^^^^^^^^^^^^^^^^^^^^^^^ help: convert the identifier to upper camel case: `MggaCKcisLxcPolPart13Lo70`

warning: type `mgga_c_kcis_lxc_pol_part13_LO71` should have an upper camel case name
    --> crates/kernel-mgga-7/src/mgga_c_kcis/lxc_pol_part13.rs:6789:12
     |
6789 | pub struct mgga_c_kcis_lxc_pol_part13_LO71 {
     |            ^^^^^^^^^^^^^^^^^^^^^^^^^^^^^^^ help: convert the identifier to upper camel case: `MggaCKcisLxcPolPart13Lo71`

warning: type `mgga_c_kcis_lxc_pol_part13_LO72` should have an upper camel case name
    --> crates/kernel-mgga-7/src/mgga_c_kcis/lxc_pol_part13.rs:6867:12
     |
6867 | pub struct mgga_c_kcis_lxc_pol_part13_LO72 {
     |            ^^^^^^^^^^^^^^^^^^^^^^^^^^^^^^^ help: convert the identifier to upper camel case: `MggaCKcisLxcPolPart13Lo72`

warning: type `mgga_c_kcis_lxc_pol_part13_LO73` should have an upper camel case name
    --> crates/kernel-mgga-7/src/mgga_c_kcis/lxc_pol_part13.rs:6970:12
     |
6970 | pub struct mgga_c_kcis_lxc_pol_part13_LO73 {
     |            ^^^^^^^^^^^^^^^^^^^^^^^^^^^^^^^ help: convert the identifier to upper camel case: `MggaCKcisLxcPolPart13Lo73`

warning: type `mgga_c_kcis_lxc_pol_part13_LO74` should have an upper camel case name
    --> crates/kernel-mgga-7/src/mgga_c_kcis/lxc_pol_part13.rs:7071:12
     |
7071 | pub struct mgga_c_kcis_lxc_pol_part13_LO74 {
     |            ^^^^^^^^^^^^^^^^^^^^^^^^^^^^^^^ help: convert the identifier to upper camel case: `MggaCKcisLxcPolPart13Lo74`

warning: type `mgga_c_kcis_lxc_pol_part13_LO75` should have an upper camel case name
    --> crates/kernel-mgga-7/src/mgga_c_kcis/lxc_pol_part13.rs:7171:12
     |
7171 | pub struct mgga_c_kcis_lxc_pol_part13_LO75 {
     |            ^^^^^^^^^^^^^^^^^^^^^^^^^^^^^^^ help: convert the identifier to upper camel case: `MggaCKcisLxcPolPart13Lo75`

warning: type `mgga_c_kcis_lxc_pol_part13_LO76` should have an upper camel case name
    --> crates/kernel-mgga-7/src/mgga_c_kcis/lxc_pol_part13.rs:7267:12
     |
7267 | pub struct mgga_c_kcis_lxc_pol_part13_LO76 {
     |            ^^^^^^^^^^^^^^^^^^^^^^^^^^^^^^^ help: convert the identifier to upper camel case: `MggaCKcisLxcPolPart13Lo76`

warning: type `mgga_c_kcis_lxc_pol_part13_LO77` should have an upper camel case name
    --> crates/kernel-mgga-7/src/mgga_c_kcis/lxc_pol_part13.rs:7351:12
     |
7351 | pub struct mgga_c_kcis_lxc_pol_part13_LO77 {
     |            ^^^^^^^^^^^^^^^^^^^^^^^^^^^^^^^ help: convert the identifier to upper camel case: `MggaCKcisLxcPolPart13Lo77`

warning: type `mgga_c_kcis_lxc_pol_part13_LO78` should have an upper camel case name
    --> crates/kernel-mgga-7/src/mgga_c_kcis/lxc_pol_part13.rs:7441:12
     |
7441 | pub struct mgga_c_kcis_lxc_pol_part13_LO78 {
     |            ^^^^^^^^^^^^^^^^^^^^^^^^^^^^^^^ help: convert the identifier to upper camel case: `MggaCKcisLxcPolPart13Lo78`

warning: type `mgga_c_kcis_lxc_pol_part13_LO79` should have an upper camel case name
    --> crates/kernel-mgga-7/src/mgga_c_kcis/lxc_pol_part13.rs:7522:12
     |
7522 | pub struct mgga_c_kcis_lxc_pol_part13_LO79 {
     |            ^^^^^^^^^^^^^^^^^^^^^^^^^^^^^^^ help: convert the identifier to upper camel case: `MggaCKcisLxcPolPart13Lo79`

warning: type `mgga_c_kcis_lxc_pol_part13_LO80` should have an upper camel case name
    --> crates/kernel-mgga-7/src/mgga_c_kcis/lxc_pol_part13.rs:7615:12
     |
7615 | pub struct mgga_c_kcis_lxc_pol_part13_LO80 {
     |            ^^^^^^^^^^^^^^^^^^^^^^^^^^^^^^^ help: convert the identifier to upper camel case: `MggaCKcisLxcPolPart13Lo80`

warning: type `mgga_c_kcis_lxc_pol_part13_LO81` should have an upper camel case name
    --> crates/kernel-mgga-7/src/mgga_c_kcis/lxc_pol_part13.rs:7701:12
     |
7701 | pub struct mgga_c_kcis_lxc_pol_part13_LO81 {
     |            ^^^^^^^^^^^^^^^^^^^^^^^^^^^^^^^ help: convert the identifier to upper camel case: `MggaCKcisLxcPolPart13Lo81`

warning: type `mgga_c_kcis_lxc_pol_part13_LO82` should have an upper camel case name
    --> crates/kernel-mgga-7/src/mgga_c_kcis/lxc_pol_part13.rs:7789:12
     |
7789 | pub struct mgga_c_kcis_lxc_pol_part13_LO82 {
     |            ^^^^^^^^^^^^^^^^^^^^^^^^^^^^^^^ help: convert the identifier to upper camel case: `MggaCKcisLxcPolPart13Lo82`

warning: type `mgga_c_kcis_lxc_pol_part13_LO83` should have an upper camel case name
    --> crates/kernel-mgga-7/src/mgga_c_kcis/lxc_pol_part13.rs:7882:12
     |
7882 | pub struct mgga_c_kcis_lxc_pol_part13_LO83 {
     |            ^^^^^^^^^^^^^^^^^^^^^^^^^^^^^^^ help: convert the identifier to upper camel case: `MggaCKcisLxcPolPart13Lo83`

warning: type `mgga_c_kcis_lxc_pol_part13_LO84` should have an upper camel case name
    --> crates/kernel-mgga-7/src/mgga_c_kcis/lxc_pol_part13.rs:7973:12
     |
7973 | pub struct mgga_c_kcis_lxc_pol_part13_LO84 {
     |            ^^^^^^^^^^^^^^^^^^^^^^^^^^^^^^^ help: convert the identifier to upper camel case: `MggaCKcisLxcPolPart13Lo84`

warning: type `mgga_c_kcis_lxc_pol_part13_LO85` should have an upper camel case name
    --> crates/kernel-mgga-7/src/mgga_c_kcis/lxc_pol_part13.rs:8070:12
     |
8070 | pub struct mgga_c_kcis_lxc_pol_part13_LO85 {
     |            ^^^^^^^^^^^^^^^^^^^^^^^^^^^^^^^ help: convert the identifier to upper camel case: `MggaCKcisLxcPolPart13Lo85`

warning: type `mgga_c_kcis_lxc_pol_part13_LO86` should have an upper camel case name
    --> crates/kernel-mgga-7/src/mgga_c_kcis/lxc_pol_part13.rs:8167:12
     |
8167 | pub struct mgga_c_kcis_lxc_pol_part13_LO86 {
     |            ^^^^^^^^^^^^^^^^^^^^^^^^^^^^^^^ help: convert the identifier to upper camel case: `MggaCKcisLxcPolPart13Lo86`

warning: type `mgga_c_kcis_lxc_pol_part13_LO87` should have an upper camel case name
    --> crates/kernel-mgga-7/src/mgga_c_kcis/lxc_pol_part13.rs:8214:12
     |
8214 | pub struct mgga_c_kcis_lxc_pol_part13_LO87 {
     |            ^^^^^^^^^^^^^^^^^^^^^^^^^^^^^^^ help: convert the identifier to upper camel case: `MggaCKcisLxcPolPart13Lo87`

warning: type `mgga_c_kcis_lxc_pol_part13_LO88` should have an upper camel case name
    --> crates/kernel-mgga-7/src/mgga_c_kcis/lxc_pol_part13.rs:8314:12
     |
8314 | pub struct mgga_c_kcis_lxc_pol_part13_LO88 {
     |            ^^^^^^^^^^^^^^^^^^^^^^^^^^^^^^^ help: convert the identifier to upper camel case: `MggaCKcisLxcPolPart13Lo88`

warning: type `mgga_c_kcis_lxc_pol_part13_LO89` should have an upper camel case name
    --> crates/kernel-mgga-7/src/mgga_c_kcis/lxc_pol_part13.rs:8413:12
     |
8413 | pub struct mgga_c_kcis_lxc_pol_part13_LO89 {
     |            ^^^^^^^^^^^^^^^^^^^^^^^^^^^^^^^ help: convert the identifier to upper camel case: `MggaCKcisLxcPolPart13Lo89`

warning: type `mgga_c_kcis_lxc_pol_part13_LO90` should have an upper camel case name
    --> crates/kernel-mgga-7/src/mgga_c_kcis/lxc_pol_part13.rs:8508:12
     |
8508 | pub struct mgga_c_kcis_lxc_pol_part13_LO90 {
     |            ^^^^^^^^^^^^^^^^^^^^^^^^^^^^^^^ help: convert the identifier to upper camel case: `MggaCKcisLxcPolPart13Lo90`

warning: type `mgga_c_kcis_lxc_pol_part13_LO91` should have an upper camel case name
    --> crates/kernel-mgga-7/src/mgga_c_kcis/lxc_pol_part13.rs:8596:12
     |
8596 | pub struct mgga_c_kcis_lxc_pol_part13_LO91 {
     |            ^^^^^^^^^^^^^^^^^^^^^^^^^^^^^^^ help: convert the identifier to upper camel case: `MggaCKcisLxcPolPart13Lo91`

warning: type `mgga_c_kcis_lxc_pol_part13_LO92` should have an upper camel case name
    --> crates/kernel-mgga-7/src/mgga_c_kcis/lxc_pol_part13.rs:8635:12
     |
8635 | pub struct mgga_c_kcis_lxc_pol_part13_LO92 {
     |            ^^^^^^^^^^^^^^^^^^^^^^^^^^^^^^^ help: convert the identifier to upper camel case: `MggaCKcisLxcPolPart13Lo92`

warning: type `mgga_c_kcis_lxc_pol_part13_LO93` should have an upper camel case name
    --> crates/kernel-mgga-7/src/mgga_c_kcis/lxc_pol_part13.rs:8681:12
     |
8681 | pub struct mgga_c_kcis_lxc_pol_part13_LO93 {
     |            ^^^^^^^^^^^^^^^^^^^^^^^^^^^^^^^ help: convert the identifier to upper camel case: `MggaCKcisLxcPolPart13Lo93`

warning: type `mgga_c_kcis_lxc_pol_part13_LO94` should have an upper camel case name
    --> crates/kernel-mgga-7/src/mgga_c_kcis/lxc_pol_part13.rs:8779:12
     |
8779 | pub struct mgga_c_kcis_lxc_pol_part13_LO94 {
     |            ^^^^^^^^^^^^^^^^^^^^^^^^^^^^^^^ help: convert the identifier to upper camel case: `MggaCKcisLxcPolPart13Lo94`

warning: type `mgga_c_kcis_lxc_pol_part13_LO95` should have an upper camel case name
    --> crates/kernel-mgga-7/src/mgga_c_kcis/lxc_pol_part13.rs:8877:12
     |
8877 | pub struct mgga_c_kcis_lxc_pol_part13_LO95 {
     |            ^^^^^^^^^^^^^^^^^^^^^^^^^^^^^^^ help: convert the identifier to upper camel case: `MggaCKcisLxcPolPart13Lo95`

warning: type `mgga_c_kcis_lxc_pol_part13_LO96` should have an upper camel case name
    --> crates/kernel-mgga-7/src/mgga_c_kcis/lxc_pol_part13.rs:8981:12
     |
8981 | pub struct mgga_c_kcis_lxc_pol_part13_LO96 {
     |            ^^^^^^^^^^^^^^^^^^^^^^^^^^^^^^^ help: convert the identifier to upper camel case: `MggaCKcisLxcPolPart13Lo96`

warning: type `mgga_c_kcis_lxc_pol_part13_LO97` should have an upper camel case name
    --> crates/kernel-mgga-7/src/mgga_c_kcis/lxc_pol_part13.rs:9085:12
     |
9085 | pub struct mgga_c_kcis_lxc_pol_part13_LO97 {
     |            ^^^^^^^^^^^^^^^^^^^^^^^^^^^^^^^ help: convert the identifier to upper camel case: `MggaCKcisLxcPolPart13Lo97`

warning: type `mgga_c_kcis_lxc_pol_part13_LO98` should have an upper camel case name
    --> crates/kernel-mgga-7/src/mgga_c_kcis/lxc_pol_part13.rs:9189:12
     |
9189 | pub struct mgga_c_kcis_lxc_pol_part13_LO98 {
     |            ^^^^^^^^^^^^^^^^^^^^^^^^^^^^^^^ help: convert the identifier to upper camel case: `MggaCKcisLxcPolPart13Lo98`

warning: type `mgga_c_kcis_lxc_pol_part13_LO99` should have an upper camel case name
    --> crates/kernel-mgga-7/src/mgga_c_kcis/lxc_pol_part13.rs:9291:12
     |
9291 | pub struct mgga_c_kcis_lxc_pol_part13_LO99 {
     |            ^^^^^^^^^^^^^^^^^^^^^^^^^^^^^^^ help: convert the identifier to upper camel case: `MggaCKcisLxcPolPart13Lo99`

warning: type `mgga_c_kcis_lxc_pol_part13_LO100` should have an upper camel case name
    --> crates/kernel-mgga-7/src/mgga_c_kcis/lxc_pol_part13.rs:9392:12
     |
9392 | pub struct mgga_c_kcis_lxc_pol_part13_LO100 {
     |            ^^^^^^^^^^^^^^^^^^^^^^^^^^^^^^^^ help: convert the identifier to upper camel case: `MggaCKcisLxcPolPart13Lo100`

warning: type `mgga_c_kcis_lxc_pol_part13_LO101` should have an upper camel case name
    --> crates/kernel-mgga-7/src/mgga_c_kcis/lxc_pol_part13.rs:9495:12
     |
9495 | pub struct mgga_c_kcis_lxc_pol_part13_LO101 {
     |            ^^^^^^^^^^^^^^^^^^^^^^^^^^^^^^^^ help: convert the identifier to upper camel case: `MggaCKcisLxcPolPart13Lo101`

warning: type `mgga_c_kcis_lxc_pol_part13_LO102` should have an upper camel case name
    --> crates/kernel-mgga-7/src/mgga_c_kcis/lxc_pol_part13.rs:9599:12
     |
9599 | pub struct mgga_c_kcis_lxc_pol_part13_LO102 {
     |            ^^^^^^^^^^^^^^^^^^^^^^^^^^^^^^^^ help: convert the identifier to upper camel case: `MggaCKcisLxcPolPart13Lo102`

warning: type `mgga_c_kcis_lxc_pol_part13_LO103` should have an upper camel case name
    --> crates/kernel-mgga-7/src/mgga_c_kcis/lxc_pol_part13.rs:9702:12
     |
9702 | pub struct mgga_c_kcis_lxc_pol_part13_LO103 {
     |            ^^^^^^^^^^^^^^^^^^^^^^^^^^^^^^^^ help: convert the identifier to upper camel case: `MggaCKcisLxcPolPart13Lo103`

warning: type `mgga_c_kcis_lxc_pol_part13_LO104` should have an upper camel case name
    --> crates/kernel-mgga-7/src/mgga_c_kcis/lxc_pol_part13.rs:9806:12
     |
9806 | pub struct mgga_c_kcis_lxc_pol_part13_LO104 {
     |            ^^^^^^^^^^^^^^^^^^^^^^^^^^^^^^^^ help: convert the identifier to upper camel case: `MggaCKcisLxcPolPart13Lo104`

warning: type `mgga_c_kcis_lxc_pol_part13_LO105` should have an upper camel case name
    --> crates/kernel-mgga-7/src/mgga_c_kcis/lxc_pol_part13.rs:9910:12
     |
9910 | pub struct mgga_c_kcis_lxc_pol_part13_LO105 {
     |            ^^^^^^^^^^^^^^^^^^^^^^^^^^^^^^^^ help: convert the identifier to upper camel case: `MggaCKcisLxcPolPart13Lo105`

warning: type `mgga_c_kcis_lxc_pol_part13_LO106` should have an upper camel case name
     --> crates/kernel-mgga-7/src/mgga_c_kcis/lxc_pol_part13.rs:10011:12
      |
10011 | pub struct mgga_c_kcis_lxc_pol_part13_LO106 {
      |            ^^^^^^^^^^^^^^^^^^^^^^^^^^^^^^^^ help: convert the identifier to upper camel case: `MggaCKcisLxcPolPart13Lo106`

warning: type `mgga_c_kcis_lxc_pol_part13_LO107` should have an upper camel case name
     --> crates/kernel-mgga-7/src/mgga_c_kcis/lxc_pol_part13.rs:10113:12
      |
10113 | pub struct mgga_c_kcis_lxc_pol_part13_LO107 {
      |            ^^^^^^^^^^^^^^^^^^^^^^^^^^^^^^^^ help: convert the identifier to upper camel case: `MggaCKcisLxcPolPart13Lo107`

warning: type `mgga_c_kcis_lxc_pol_part13_LO108` should have an upper camel case name
     --> crates/kernel-mgga-7/src/mgga_c_kcis/lxc_pol_part13.rs:10202:12
      |
10202 | pub struct mgga_c_kcis_lxc_pol_part13_LO108 {
      |            ^^^^^^^^^^^^^^^^^^^^^^^^^^^^^^^^ help: convert the identifier to upper camel case: `MggaCKcisLxcPolPart13Lo108`

warning: type `mgga_c_kcis_lxc_pol_part13_LO109` should have an upper camel case name
     --> crates/kernel-mgga-7/src/mgga_c_kcis/lxc_pol_part13.rs:10288:12
      |
10288 | pub struct mgga_c_kcis_lxc_pol_part13_LO109 {
      |            ^^^^^^^^^^^^^^^^^^^^^^^^^^^^^^^^ help: convert the identifier to upper camel case: `MggaCKcisLxcPolPart13Lo109`

warning: type `mgga_c_kcis_lxc_pol_part13_LO110` should have an upper camel case name
     --> crates/kernel-mgga-7/src/mgga_c_kcis/lxc_pol_part13.rs:10386:12
      |
10386 | pub struct mgga_c_kcis_lxc_pol_part13_LO110 {
      |            ^^^^^^^^^^^^^^^^^^^^^^^^^^^^^^^^ help: convert the identifier to upper camel case: `MggaCKcisLxcPolPart13Lo110`

warning: type `mgga_c_kcis_lxc_pol_part13_LO111` should have an upper camel case name
     --> crates/kernel-mgga-7/src/mgga_c_kcis/lxc_pol_part13.rs:10431:12
      |
10431 | pub struct mgga_c_kcis_lxc_pol_part13_LO111 {
      |            ^^^^^^^^^^^^^^^^^^^^^^^^^^^^^^^^ help: convert the identifier to upper camel case: `MggaCKcisLxcPolPart13Lo111`

warning: type `mgga_c_kcis_lxc_pol_part13_LO112` should have an upper camel case name
     --> crates/kernel-mgga-7/src/mgga_c_kcis/lxc_pol_part13.rs:10508:12
      |
10508 | pub struct mgga_c_kcis_lxc_pol_part13_LO112 {
      |            ^^^^^^^^^^^^^^^^^^^^^^^^^^^^^^^^ help: convert the identifier to upper camel case: `MggaCKcisLxcPolPart13Lo112`

warning: type `mgga_c_kcis_lxc_pol_part13_LO113` should have an upper camel case name
     --> crates/kernel-mgga-7/src/mgga_c_kcis/lxc_pol_part13.rs:10553:12
      |
10553 | pub struct mgga_c_kcis_lxc_pol_part13_LO113 {
      |            ^^^^^^^^^^^^^^^^^^^^^^^^^^^^^^^^ help: convert the identifier to upper camel case: `MggaCKcisLxcPolPart13Lo113`

warning: type `mgga_c_kcis_lxc_pol_part13_LO114` should have an upper camel case name
     --> crates/kernel-mgga-7/src/mgga_c_kcis/lxc_pol_part13.rs:10648:12
      |
10648 | pub struct mgga_c_kcis_lxc_pol_part13_LO114 {
      |            ^^^^^^^^^^^^^^^^^^^^^^^^^^^^^^^^ help: convert the identifier to upper camel case: `MggaCKcisLxcPolPart13Lo114`

warning: type `mgga_c_kcis_lxc_pol_part13_LO115` should have an upper camel case name
     --> crates/kernel-mgga-7/src/mgga_c_kcis/lxc_pol_part13.rs:10742:12
      |
10742 | pub struct mgga_c_kcis_lxc_pol_part13_LO115 {
      |            ^^^^^^^^^^^^^^^^^^^^^^^^^^^^^^^^ help: convert the identifier to upper camel case: `MggaCKcisLxcPolPart13Lo115`

warning: type `mgga_c_kcis_lxc_pol_part13_LO116` should have an upper camel case name
     --> crates/kernel-mgga-7/src/mgga_c_kcis/lxc_pol_part13.rs:10795:12
      |
10795 | pub struct mgga_c_kcis_lxc_pol_part13_LO116 {
      |            ^^^^^^^^^^^^^^^^^^^^^^^^^^^^^^^^ help: convert the identifier to upper camel case: `MggaCKcisLxcPolPart13Lo116`

warning: type `mgga_c_kcis_lxc_pol_part13_LO117` should have an upper camel case name
     --> crates/kernel-mgga-7/src/mgga_c_kcis/lxc_pol_part13.rs:10894:12
      |
10894 | pub struct mgga_c_kcis_lxc_pol_part13_LO117 {
      |            ^^^^^^^^^^^^^^^^^^^^^^^^^^^^^^^^ help: convert the identifier to upper camel case: `MggaCKcisLxcPolPart13Lo117`

warning: type `mgga_c_kcis_lxc_pol_part13_LO118` should have an upper camel case name
     --> crates/kernel-mgga-7/src/mgga_c_kcis/lxc_pol_part13.rs:10995:12
      |
10995 | pub struct mgga_c_kcis_lxc_pol_part13_LO118 {
      |            ^^^^^^^^^^^^^^^^^^^^^^^^^^^^^^^^ help: convert the identifier to upper camel case: `MggaCKcisLxcPolPart13Lo118`

warning: type `mgga_c_kcis_lxc_pol_part13_LO119` should have an upper camel case name
     --> crates/kernel-mgga-7/src/mgga_c_kcis/lxc_pol_part13.rs:11078:12
      |
11078 | pub struct mgga_c_kcis_lxc_pol_part13_LO119 {
      |            ^^^^^^^^^^^^^^^^^^^^^^^^^^^^^^^^ help: convert the identifier to upper camel case: `MggaCKcisLxcPolPart13Lo119`

warning: type `mgga_c_kcis_lxc_pol_part13_LO120` should have an upper camel case name
     --> crates/kernel-mgga-7/src/mgga_c_kcis/lxc_pol_part13.rs:11148:12
      |
11148 | pub struct mgga_c_kcis_lxc_pol_part13_LO120 {
      |            ^^^^^^^^^^^^^^^^^^^^^^^^^^^^^^^^ help: convert the identifier to upper camel case: `MggaCKcisLxcPolPart13Lo120`

warning: type `mgga_c_kcis_lxc_pol_part13_LO121` should have an upper camel case name
     --> crates/kernel-mgga-7/src/mgga_c_kcis/lxc_pol_part13.rs:11245:12
      |
11245 | pub struct mgga_c_kcis_lxc_pol_part13_LO121 {
      |            ^^^^^^^^^^^^^^^^^^^^^^^^^^^^^^^^ help: convert the identifier to upper camel case: `MggaCKcisLxcPolPart13Lo121`

warning: type `mgga_c_kcis_lxc_pol_part13_LO122` should have an upper camel case name
     --> crates/kernel-mgga-7/src/mgga_c_kcis/lxc_pol_part13.rs:11340:12
      |
11340 | pub struct mgga_c_kcis_lxc_pol_part13_LO122 {
      |            ^^^^^^^^^^^^^^^^^^^^^^^^^^^^^^^^ help: convert the identifier to upper camel case: `MggaCKcisLxcPolPart13Lo122`

warning: type `mgga_c_kcis_lxc_pol_part13_LO123` should have an upper camel case name
     --> crates/kernel-mgga-7/src/mgga_c_kcis/lxc_pol_part13.rs:11414:12
      |
11414 | pub struct mgga_c_kcis_lxc_pol_part13_LO123 {
      |            ^^^^^^^^^^^^^^^^^^^^^^^^^^^^^^^^ help: convert the identifier to upper camel case: `MggaCKcisLxcPolPart13Lo123`

warning: type `mgga_c_kcis_lxc_pol_part13_LO124` should have an upper camel case name
     --> crates/kernel-mgga-7/src/mgga_c_kcis/lxc_pol_part13.rs:11453:12
      |
11453 | pub struct mgga_c_kcis_lxc_pol_part13_LO124 {
      |            ^^^^^^^^^^^^^^^^^^^^^^^^^^^^^^^^ help: convert the identifier to upper camel case: `MggaCKcisLxcPolPart13Lo124`

warning: type `mgga_c_kcis_lxc_pol_part13_LO125` should have an upper camel case name
     --> crates/kernel-mgga-7/src/mgga_c_kcis/lxc_pol_part13.rs:11512:12
      |
11512 | pub struct mgga_c_kcis_lxc_pol_part13_LO125 {
      |            ^^^^^^^^^^^^^^^^^^^^^^^^^^^^^^^^ help: convert the identifier to upper camel case: `MggaCKcisLxcPolPart13Lo125`

warning: type `mgga_c_kcis_lxc_pol_part13_LO126` should have an upper camel case name
     --> crates/kernel-mgga-7/src/mgga_c_kcis/lxc_pol_part13.rs:11571:12
      |
11571 | pub struct mgga_c_kcis_lxc_pol_part13_LO126 {
      |            ^^^^^^^^^^^^^^^^^^^^^^^^^^^^^^^^ help: convert the identifier to upper camel case: `MggaCKcisLxcPolPart13Lo126`

warning: type `mgga_c_kcis_lxc_pol_part13_LO127` should have an upper camel case name
     --> crates/kernel-mgga-7/src/mgga_c_kcis/lxc_pol_part13.rs:11653:12
      |
11653 | pub struct mgga_c_kcis_lxc_pol_part13_LO127 {
      |            ^^^^^^^^^^^^^^^^^^^^^^^^^^^^^^^^ help: convert the identifier to upper camel case: `MggaCKcisLxcPolPart13Lo127`

warning: type `mgga_c_kcis_lxc_pol_part13_LO128` should have an upper camel case name
     --> crates/kernel-mgga-7/src/mgga_c_kcis/lxc_pol_part13.rs:11745:12
      |
11745 | pub struct mgga_c_kcis_lxc_pol_part13_LO128 {
      |            ^^^^^^^^^^^^^^^^^^^^^^^^^^^^^^^^ help: convert the identifier to upper camel case: `MggaCKcisLxcPolPart13Lo128`

warning: type `mgga_c_kcis_lxc_pol_part13_LO129` should have an upper camel case name
     --> crates/kernel-mgga-7/src/mgga_c_kcis/lxc_pol_part13.rs:11825:12
      |
11825 | pub struct mgga_c_kcis_lxc_pol_part13_LO129 {
      |            ^^^^^^^^^^^^^^^^^^^^^^^^^^^^^^^^ help: convert the identifier to upper camel case: `MggaCKcisLxcPolPart13Lo129`

warning: type `mgga_c_kcis_lxc_pol_part13_LO130` should have an upper camel case name
     --> crates/kernel-mgga-7/src/mgga_c_kcis/lxc_pol_part13.rs:11923:12
      |
11923 | pub struct mgga_c_kcis_lxc_pol_part13_LO130 {
      |            ^^^^^^^^^^^^^^^^^^^^^^^^^^^^^^^^ help: convert the identifier to upper camel case: `MggaCKcisLxcPolPart13Lo130`

warning: type `mgga_c_kcis_lxc_pol_part13_LO131` should have an upper camel case name
     --> crates/kernel-mgga-7/src/mgga_c_kcis/lxc_pol_part13.rs:11983:12
      |
11983 | pub struct mgga_c_kcis_lxc_pol_part13_LO131 {
      |            ^^^^^^^^^^^^^^^^^^^^^^^^^^^^^^^^ help: convert the identifier to upper camel case: `MggaCKcisLxcPolPart13Lo131`

warning: type `mgga_c_kcis_lxc_pol_part13_LO132` should have an upper camel case name
     --> crates/kernel-mgga-7/src/mgga_c_kcis/lxc_pol_part13.rs:12047:12
      |
12047 | pub struct mgga_c_kcis_lxc_pol_part13_LO132 {
      |            ^^^^^^^^^^^^^^^^^^^^^^^^^^^^^^^^ help: convert the identifier to upper camel case: `MggaCKcisLxcPolPart13Lo132`

warning: type `mgga_c_kcis_lxc_pol_part13_LO133` should have an upper camel case name
     --> crates/kernel-mgga-7/src/mgga_c_kcis/lxc_pol_part13.rs:12102:12
      |
12102 | pub struct mgga_c_kcis_lxc_pol_part13_LO133 {
      |            ^^^^^^^^^^^^^^^^^^^^^^^^^^^^^^^^ help: convert the identifier to upper camel case: `MggaCKcisLxcPolPart13Lo133`

warning: type `mgga_c_kcis_lxc_pol_part13_LO134` should have an upper camel case name
     --> crates/kernel-mgga-7/src/mgga_c_kcis/lxc_pol_part13.rs:12203:12
      |
12203 | pub struct mgga_c_kcis_lxc_pol_part13_LO134 {
      |            ^^^^^^^^^^^^^^^^^^^^^^^^^^^^^^^^ help: convert the identifier to upper camel case: `MggaCKcisLxcPolPart13Lo134`

warning: type `mgga_c_kcis_lxc_pol_part13_LO135` should have an upper camel case name
     --> crates/kernel-mgga-7/src/mgga_c_kcis/lxc_pol_part13.rs:12301:12
      |
12301 | pub struct mgga_c_kcis_lxc_pol_part13_LO135 {
      |            ^^^^^^^^^^^^^^^^^^^^^^^^^^^^^^^^ help: convert the identifier to upper camel case: `MggaCKcisLxcPolPart13Lo135`

warning: type `mgga_c_kcis_lxc_pol_part13_LO136` should have an upper camel case name
     --> crates/kernel-mgga-7/src/mgga_c_kcis/lxc_pol_part13.rs:12324:12
      |
12324 | pub struct mgga_c_kcis_lxc_pol_part13_LO136 {
      |            ^^^^^^^^^^^^^^^^^^^^^^^^^^^^^^^^ help: convert the identifier to upper camel case: `MggaCKcisLxcPolPart13Lo136`

warning: type `mgga_c_kcis_lxc_pol_part13_LO137` should have an upper camel case name
     --> crates/kernel-mgga-7/src/mgga_c_kcis/lxc_pol_part13.rs:12421:12
      |
12421 | pub struct mgga_c_kcis_lxc_pol_part13_LO137 {
      |            ^^^^^^^^^^^^^^^^^^^^^^^^^^^^^^^^ help: convert the identifier to upper camel case: `MggaCKcisLxcPolPart13Lo137`

warning: type `mgga_c_kcis_lxc_pol_part13_LO138` should have an upper camel case name
     --> crates/kernel-mgga-7/src/mgga_c_kcis/lxc_pol_part13.rs:12522:12
      |
12522 | pub struct mgga_c_kcis_lxc_pol_part13_LO138 {
      |            ^^^^^^^^^^^^^^^^^^^^^^^^^^^^^^^^ help: convert the identifier to upper camel case: `MggaCKcisLxcPolPart13Lo138`

warning: type `mgga_c_kcis_lxc_pol_part13_LO139` should have an upper camel case name
     --> crates/kernel-mgga-7/src/mgga_c_kcis/lxc_pol_part13.rs:12623:12
      |
12623 | pub struct mgga_c_kcis_lxc_pol_part13_LO139 {
      |            ^^^^^^^^^^^^^^^^^^^^^^^^^^^^^^^^ help: convert the identifier to upper camel case: `MggaCKcisLxcPolPart13Lo139`

warning: type `mgga_c_kcis_lxc_pol_part13_LO140` should have an upper camel case name
     --> crates/kernel-mgga-7/src/mgga_c_kcis/lxc_pol_part13.rs:12700:12
      |
12700 | pub struct mgga_c_kcis_lxc_pol_part13_LO140 {
      |            ^^^^^^^^^^^^^^^^^^^^^^^^^^^^^^^^ help: convert the identifier to upper camel case: `MggaCKcisLxcPolPart13Lo140`

warning: type `mgga_c_kcis_lxc_pol_part14_LO0` should have an upper camel case name
  --> crates/kernel-mgga-7/src/mgga_c_kcis/lxc_pol_part14.rs:14:12
   |
14 | pub struct mgga_c_kcis_lxc_pol_part14_LO0 {
   |            ^^^^^^^^^^^^^^^^^^^^^^^^^^^^^^ help: convert the identifier to upper camel case: `MggaCKcisLxcPolPart14Lo0`

warning: type `mgga_c_kcis_lxc_pol_part14_LO1` should have an upper camel case name
   --> crates/kernel-mgga-7/src/mgga_c_kcis/lxc_pol_part14.rs:108:12
    |
108 | pub struct mgga_c_kcis_lxc_pol_part14_LO1 {
    |            ^^^^^^^^^^^^^^^^^^^^^^^^^^^^^^ help: convert the identifier to upper camel case: `MggaCKcisLxcPolPart14Lo1`

warning: type `mgga_c_kcis_lxc_pol_part14_LO2` should have an upper camel case name
   --> crates/kernel-mgga-7/src/mgga_c_kcis/lxc_pol_part14.rs:201:12
    |
201 | pub struct mgga_c_kcis_lxc_pol_part14_LO2 {
    |            ^^^^^^^^^^^^^^^^^^^^^^^^^^^^^^ help: convert the identifier to upper camel case: `MggaCKcisLxcPolPart14Lo2`

warning: type `mgga_c_kcis_lxc_pol_part14_LO3` should have an upper camel case name
   --> crates/kernel-mgga-7/src/mgga_c_kcis/lxc_pol_part14.rs:296:12
    |
296 | pub struct mgga_c_kcis_lxc_pol_part14_LO3 {
    |            ^^^^^^^^^^^^^^^^^^^^^^^^^^^^^^ help: convert the identifier to upper camel case: `MggaCKcisLxcPolPart14Lo3`

warning: type `mgga_c_kcis_lxc_pol_part14_LO4` should have an upper camel case name
   --> crates/kernel-mgga-7/src/mgga_c_kcis/lxc_pol_part14.rs:392:12
    |
392 | pub struct mgga_c_kcis_lxc_pol_part14_LO4 {
    |            ^^^^^^^^^^^^^^^^^^^^^^^^^^^^^^ help: convert the identifier to upper camel case: `MggaCKcisLxcPolPart14Lo4`

warning: type `mgga_c_kcis_lxc_pol_part14_LO5` should have an upper camel case name
   --> crates/kernel-mgga-7/src/mgga_c_kcis/lxc_pol_part14.rs:489:12
    |
489 | pub struct mgga_c_kcis_lxc_pol_part14_LO5 {
    |            ^^^^^^^^^^^^^^^^^^^^^^^^^^^^^^ help: convert the identifier to upper camel case: `MggaCKcisLxcPolPart14Lo5`

warning: type `mgga_c_kcis_lxc_pol_part14_LO6` should have an upper camel case name
   --> crates/kernel-mgga-7/src/mgga_c_kcis/lxc_pol_part14.rs:588:12
    |
588 | pub struct mgga_c_kcis_lxc_pol_part14_LO6 {
    |            ^^^^^^^^^^^^^^^^^^^^^^^^^^^^^^ help: convert the identifier to upper camel case: `MggaCKcisLxcPolPart14Lo6`

warning: type `mgga_c_kcis_lxc_pol_part14_LO7` should have an upper camel case name
   --> crates/kernel-mgga-7/src/mgga_c_kcis/lxc_pol_part14.rs:685:12
    |
685 | pub struct mgga_c_kcis_lxc_pol_part14_LO7 {
    |            ^^^^^^^^^^^^^^^^^^^^^^^^^^^^^^ help: convert the identifier to upper camel case: `MggaCKcisLxcPolPart14Lo7`

warning: type `mgga_c_kcis_lxc_pol_part14_LO8` should have an upper camel case name
   --> crates/kernel-mgga-7/src/mgga_c_kcis/lxc_pol_part14.rs:781:12
    |
781 | pub struct mgga_c_kcis_lxc_pol_part14_LO8 {
    |            ^^^^^^^^^^^^^^^^^^^^^^^^^^^^^^ help: convert the identifier to upper camel case: `MggaCKcisLxcPolPart14Lo8`

warning: type `mgga_c_kcis_lxc_pol_part14_LO9` should have an upper camel case name
   --> crates/kernel-mgga-7/src/mgga_c_kcis/lxc_pol_part14.rs:883:12
    |
883 | pub struct mgga_c_kcis_lxc_pol_part14_LO9 {
    |            ^^^^^^^^^^^^^^^^^^^^^^^^^^^^^^ help: convert the identifier to upper camel case: `MggaCKcisLxcPolPart14Lo9`

warning: type `mgga_c_kcis_lxc_pol_part14_LO10` should have an upper camel case name
   --> crates/kernel-mgga-7/src/mgga_c_kcis/lxc_pol_part14.rs:979:12
    |
979 | pub struct mgga_c_kcis_lxc_pol_part14_LO10 {
    |            ^^^^^^^^^^^^^^^^^^^^^^^^^^^^^^^ help: convert the identifier to upper camel case: `MggaCKcisLxcPolPart14Lo10`

warning: type `mgga_c_kcis_lxc_pol_part14_LO11` should have an upper camel case name
    --> crates/kernel-mgga-7/src/mgga_c_kcis/lxc_pol_part14.rs:1069:12
     |
1069 | pub struct mgga_c_kcis_lxc_pol_part14_LO11 {
     |            ^^^^^^^^^^^^^^^^^^^^^^^^^^^^^^^ help: convert the identifier to upper camel case: `MggaCKcisLxcPolPart14Lo11`

warning: type `mgga_c_kcis_lxc_pol_part14_LO12` should have an upper camel case name
    --> crates/kernel-mgga-7/src/mgga_c_kcis/lxc_pol_part14.rs:1156:12
     |
1156 | pub struct mgga_c_kcis_lxc_pol_part14_LO12 {
     |            ^^^^^^^^^^^^^^^^^^^^^^^^^^^^^^^ help: convert the identifier to upper camel case: `MggaCKcisLxcPolPart14Lo12`

warning: type `mgga_c_kcis_lxc_pol_part14_LO13` should have an upper camel case name
    --> crates/kernel-mgga-7/src/mgga_c_kcis/lxc_pol_part14.rs:1253:12
     |
1253 | pub struct mgga_c_kcis_lxc_pol_part14_LO13 {
     |            ^^^^^^^^^^^^^^^^^^^^^^^^^^^^^^^ help: convert the identifier to upper camel case: `MggaCKcisLxcPolPart14Lo13`

warning: type `mgga_c_kcis_lxc_pol_part14_LO14` should have an upper camel case name
    --> crates/kernel-mgga-7/src/mgga_c_kcis/lxc_pol_part14.rs:1341:12
     |
1341 | pub struct mgga_c_kcis_lxc_pol_part14_LO14 {
     |            ^^^^^^^^^^^^^^^^^^^^^^^^^^^^^^^ help: convert the identifier to upper camel case: `MggaCKcisLxcPolPart14Lo14`

warning: type `mgga_c_kcis_lxc_pol_part14_LO15` should have an upper camel case name
    --> crates/kernel-mgga-7/src/mgga_c_kcis/lxc_pol_part14.rs:1441:12
     |
1441 | pub struct mgga_c_kcis_lxc_pol_part14_LO15 {
     |            ^^^^^^^^^^^^^^^^^^^^^^^^^^^^^^^ help: convert the identifier to upper camel case: `MggaCKcisLxcPolPart14Lo15`

warning: type `mgga_c_kcis_lxc_pol_part14_LO16` should have an upper camel case name
    --> crates/kernel-mgga-7/src/mgga_c_kcis/lxc_pol_part14.rs:1539:12
     |
1539 | pub struct mgga_c_kcis_lxc_pol_part14_LO16 {
     |            ^^^^^^^^^^^^^^^^^^^^^^^^^^^^^^^ help: convert the identifier to upper camel case: `MggaCKcisLxcPolPart14Lo16`

warning: type `mgga_c_kcis_lxc_pol_part14_LO17` should have an upper camel case name
    --> crates/kernel-mgga-7/src/mgga_c_kcis/lxc_pol_part14.rs:1640:12
     |
1640 | pub struct mgga_c_kcis_lxc_pol_part14_LO17 {
     |            ^^^^^^^^^^^^^^^^^^^^^^^^^^^^^^^ help: convert the identifier to upper camel case: `MggaCKcisLxcPolPart14Lo17`

warning: type `mgga_c_kcis_lxc_pol_part14_LO18` should have an upper camel case name
    --> crates/kernel-mgga-7/src/mgga_c_kcis/lxc_pol_part14.rs:1736:12
     |
1736 | pub struct mgga_c_kcis_lxc_pol_part14_LO18 {
     |            ^^^^^^^^^^^^^^^^^^^^^^^^^^^^^^^ help: convert the identifier to upper camel case: `MggaCKcisLxcPolPart14Lo18`

warning: type `mgga_c_kcis_lxc_pol_part14_LO19` should have an upper camel case name
    --> crates/kernel-mgga-7/src/mgga_c_kcis/lxc_pol_part14.rs:1833:12
     |
1833 | pub struct mgga_c_kcis_lxc_pol_part14_LO19 {
     |            ^^^^^^^^^^^^^^^^^^^^^^^^^^^^^^^ help: convert the identifier to upper camel case: `MggaCKcisLxcPolPart14Lo19`

warning: type `mgga_c_kcis_lxc_pol_part14_LO20` should have an upper camel case name
    --> crates/kernel-mgga-7/src/mgga_c_kcis/lxc_pol_part14.rs:1924:12
     |
1924 | pub struct mgga_c_kcis_lxc_pol_part14_LO20 {
     |            ^^^^^^^^^^^^^^^^^^^^^^^^^^^^^^^ help: convert the identifier to upper camel case: `MggaCKcisLxcPolPart14Lo20`

warning: type `mgga_c_kcis_lxc_pol_part14_LO21` should have an upper camel case name
    --> crates/kernel-mgga-7/src/mgga_c_kcis/lxc_pol_part14.rs:2022:12
     |
2022 | pub struct mgga_c_kcis_lxc_pol_part14_LO21 {
     |            ^^^^^^^^^^^^^^^^^^^^^^^^^^^^^^^ help: convert the identifier to upper camel case: `MggaCKcisLxcPolPart14Lo21`

warning: type `mgga_c_kcis_lxc_pol_part14_LO22` should have an upper camel case name
    --> crates/kernel-mgga-7/src/mgga_c_kcis/lxc_pol_part14.rs:2108:12
     |
2108 | pub struct mgga_c_kcis_lxc_pol_part14_LO22 {
     |            ^^^^^^^^^^^^^^^^^^^^^^^^^^^^^^^ help: convert the identifier to upper camel case: `MggaCKcisLxcPolPart14Lo22`

warning: type `mgga_c_kcis_lxc_pol_part14_LO23` should have an upper camel case name
    --> crates/kernel-mgga-7/src/mgga_c_kcis/lxc_pol_part14.rs:2210:12
     |
2210 | pub struct mgga_c_kcis_lxc_pol_part14_LO23 {
     |            ^^^^^^^^^^^^^^^^^^^^^^^^^^^^^^^ help: convert the identifier to upper camel case: `MggaCKcisLxcPolPart14Lo23`

warning: type `mgga_c_kcis_lxc_pol_part14_LO24` should have an upper camel case name
    --> crates/kernel-mgga-7/src/mgga_c_kcis/lxc_pol_part14.rs:2308:12
     |
2308 | pub struct mgga_c_kcis_lxc_pol_part14_LO24 {
     |            ^^^^^^^^^^^^^^^^^^^^^^^^^^^^^^^ help: convert the identifier to upper camel case: `MggaCKcisLxcPolPart14Lo24`

warning: type `mgga_c_kcis_lxc_pol_part14_LO25` should have an upper camel case name
    --> crates/kernel-mgga-7/src/mgga_c_kcis/lxc_pol_part14.rs:2405:12
     |
2405 | pub struct mgga_c_kcis_lxc_pol_part14_LO25 {
     |            ^^^^^^^^^^^^^^^^^^^^^^^^^^^^^^^ help: convert the identifier to upper camel case: `MggaCKcisLxcPolPart14Lo25`

warning: type `mgga_c_kcis_lxc_pol_part14_LO26` should have an upper camel case name
    --> crates/kernel-mgga-7/src/mgga_c_kcis/lxc_pol_part14.rs:2501:12
     |
2501 | pub struct mgga_c_kcis_lxc_pol_part14_LO26 {
     |            ^^^^^^^^^^^^^^^^^^^^^^^^^^^^^^^ help: convert the identifier to upper camel case: `MggaCKcisLxcPolPart14Lo26`

warning: type `mgga_c_kcis_lxc_pol_part14_LO27` should have an upper camel case name
    --> crates/kernel-mgga-7/src/mgga_c_kcis/lxc_pol_part14.rs:2597:12
     |
2597 | pub struct mgga_c_kcis_lxc_pol_part14_LO27 {
     |            ^^^^^^^^^^^^^^^^^^^^^^^^^^^^^^^ help: convert the identifier to upper camel case: `MggaCKcisLxcPolPart14Lo27`

warning: type `mgga_c_kcis_lxc_pol_part14_LO28` should have an upper camel case name
    --> crates/kernel-mgga-7/src/mgga_c_kcis/lxc_pol_part14.rs:2678:12
     |
2678 | pub struct mgga_c_kcis_lxc_pol_part14_LO28 {
     |            ^^^^^^^^^^^^^^^^^^^^^^^^^^^^^^^ help: convert the identifier to upper camel case: `MggaCKcisLxcPolPart14Lo28`

warning: type `mgga_c_kcis_lxc_pol_part14_LO29` should have an upper camel case name
    --> crates/kernel-mgga-7/src/mgga_c_kcis/lxc_pol_part14.rs:2781:12
     |
2781 | pub struct mgga_c_kcis_lxc_pol_part14_LO29 {
     |            ^^^^^^^^^^^^^^^^^^^^^^^^^^^^^^^ help: convert the identifier to upper camel case: `MggaCKcisLxcPolPart14Lo29`

warning: type `mgga_c_kcis_lxc_pol_part14_LO30` should have an upper camel case name
    --> crates/kernel-mgga-7/src/mgga_c_kcis/lxc_pol_part14.rs:2879:12
     |
2879 | pub struct mgga_c_kcis_lxc_pol_part14_LO30 {
     |            ^^^^^^^^^^^^^^^^^^^^^^^^^^^^^^^ help: convert the identifier to upper camel case: `MggaCKcisLxcPolPart14Lo30`

warning: type `mgga_c_kcis_lxc_pol_part14_LO31` should have an upper camel case name
    --> crates/kernel-mgga-7/src/mgga_c_kcis/lxc_pol_part14.rs:2971:12
     |
2971 | pub struct mgga_c_kcis_lxc_pol_part14_LO31 {
     |            ^^^^^^^^^^^^^^^^^^^^^^^^^^^^^^^ help: convert the identifier to upper camel case: `MggaCKcisLxcPolPart14Lo31`

warning: type `mgga_c_kcis_lxc_pol_part14_LO32` should have an upper camel case name
    --> crates/kernel-mgga-7/src/mgga_c_kcis/lxc_pol_part14.rs:3059:12
     |
3059 | pub struct mgga_c_kcis_lxc_pol_part14_LO32 {
     |            ^^^^^^^^^^^^^^^^^^^^^^^^^^^^^^^ help: convert the identifier to upper camel case: `MggaCKcisLxcPolPart14Lo32`

warning: type `mgga_c_kcis_lxc_pol_part14_LO33` should have an upper camel case name
    --> crates/kernel-mgga-7/src/mgga_c_kcis/lxc_pol_part14.rs:3155:12
     |
3155 | pub struct mgga_c_kcis_lxc_pol_part14_LO33 {
     |            ^^^^^^^^^^^^^^^^^^^^^^^^^^^^^^^ help: convert the identifier to upper camel case: `MggaCKcisLxcPolPart14Lo33`

warning: type `mgga_c_kcis_lxc_pol_part14_LO34` should have an upper camel case name
    --> crates/kernel-mgga-7/src/mgga_c_kcis/lxc_pol_part14.rs:3233:12
     |
3233 | pub struct mgga_c_kcis_lxc_pol_part14_LO34 {
     |            ^^^^^^^^^^^^^^^^^^^^^^^^^^^^^^^ help: convert the identifier to upper camel case: `MggaCKcisLxcPolPart14Lo34`

warning: type `mgga_c_kcis_lxc_pol_part14_LO35` should have an upper camel case name
    --> crates/kernel-mgga-7/src/mgga_c_kcis/lxc_pol_part14.rs:3334:12
     |
3334 | pub struct mgga_c_kcis_lxc_pol_part14_LO35 {
     |            ^^^^^^^^^^^^^^^^^^^^^^^^^^^^^^^ help: convert the identifier to upper camel case: `MggaCKcisLxcPolPart14Lo35`

warning: type `mgga_c_kcis_lxc_pol_part14_LO36` should have an upper camel case name
    --> crates/kernel-mgga-7/src/mgga_c_kcis/lxc_pol_part14.rs:3435:12
     |
3435 | pub struct mgga_c_kcis_lxc_pol_part14_LO36 {
     |            ^^^^^^^^^^^^^^^^^^^^^^^^^^^^^^^ help: convert the identifier to upper camel case: `MggaCKcisLxcPolPart14Lo36`

warning: type `mgga_c_kcis_lxc_pol_part14_LO37` should have an upper camel case name
    --> crates/kernel-mgga-7/src/mgga_c_kcis/lxc_pol_part14.rs:3538:12
     |
3538 | pub struct mgga_c_kcis_lxc_pol_part14_LO37 {
     |            ^^^^^^^^^^^^^^^^^^^^^^^^^^^^^^^ help: convert the identifier to upper camel case: `MggaCKcisLxcPolPart14Lo37`

warning: type `mgga_c_kcis_lxc_pol_part14_LO38` should have an upper camel case name
    --> crates/kernel-mgga-7/src/mgga_c_kcis/lxc_pol_part14.rs:3641:12
     |
3641 | pub struct mgga_c_kcis_lxc_pol_part14_LO38 {
     |            ^^^^^^^^^^^^^^^^^^^^^^^^^^^^^^^ help: convert the identifier to upper camel case: `MggaCKcisLxcPolPart14Lo38`

warning: type `mgga_c_kcis_lxc_pol_part14_LO39` should have an upper camel case name
    --> crates/kernel-mgga-7/src/mgga_c_kcis/lxc_pol_part14.rs:3743:12
     |
3743 | pub struct mgga_c_kcis_lxc_pol_part14_LO39 {
     |            ^^^^^^^^^^^^^^^^^^^^^^^^^^^^^^^ help: convert the identifier to upper camel case: `MggaCKcisLxcPolPart14Lo39`

warning: type `mgga_c_kcis_lxc_pol_part14_LO40` should have an upper camel case name
    --> crates/kernel-mgga-7/src/mgga_c_kcis/lxc_pol_part14.rs:3840:12
     |
3840 | pub struct mgga_c_kcis_lxc_pol_part14_LO40 {
     |            ^^^^^^^^^^^^^^^^^^^^^^^^^^^^^^^ help: convert the identifier to upper camel case: `MggaCKcisLxcPolPart14Lo40`

warning: type `mgga_c_kcis_lxc_pol_part14_LO41` should have an upper camel case name
    --> crates/kernel-mgga-7/src/mgga_c_kcis/lxc_pol_part14.rs:3936:12
     |
3936 | pub struct mgga_c_kcis_lxc_pol_part14_LO41 {
     |            ^^^^^^^^^^^^^^^^^^^^^^^^^^^^^^^ help: convert the identifier to upper camel case: `MggaCKcisLxcPolPart14Lo41`

warning: type `mgga_c_kcis_lxc_pol_part14_LO42` should have an upper camel case name
    --> crates/kernel-mgga-7/src/mgga_c_kcis/lxc_pol_part14.rs:4039:12
     |
4039 | pub struct mgga_c_kcis_lxc_pol_part14_LO42 {
     |            ^^^^^^^^^^^^^^^^^^^^^^^^^^^^^^^ help: convert the identifier to upper camel case: `MggaCKcisLxcPolPart14Lo42`

warning: type `mgga_c_kcis_lxc_pol_part14_LO43` should have an upper camel case name
    --> crates/kernel-mgga-7/src/mgga_c_kcis/lxc_pol_part14.rs:4142:12
     |
4142 | pub struct mgga_c_kcis_lxc_pol_part14_LO43 {
     |            ^^^^^^^^^^^^^^^^^^^^^^^^^^^^^^^ help: convert the identifier to upper camel case: `MggaCKcisLxcPolPart14Lo43`

warning: type `mgga_c_kcis_lxc_pol_part14_LO44` should have an upper camel case name
    --> crates/kernel-mgga-7/src/mgga_c_kcis/lxc_pol_part14.rs:4245:12
     |
4245 | pub struct mgga_c_kcis_lxc_pol_part14_LO44 {
     |            ^^^^^^^^^^^^^^^^^^^^^^^^^^^^^^^ help: convert the identifier to upper camel case: `MggaCKcisLxcPolPart14Lo44`

warning: type `mgga_c_kcis_lxc_pol_part14_LO45` should have an upper camel case name
    --> crates/kernel-mgga-7/src/mgga_c_kcis/lxc_pol_part14.rs:4338:12
     |
4338 | pub struct mgga_c_kcis_lxc_pol_part14_LO45 {
     |            ^^^^^^^^^^^^^^^^^^^^^^^^^^^^^^^ help: convert the identifier to upper camel case: `MggaCKcisLxcPolPart14Lo45`

warning: type `mgga_c_kcis_lxc_pol_part14_LO46` should have an upper camel case name
    --> crates/kernel-mgga-7/src/mgga_c_kcis/lxc_pol_part14.rs:4435:12
     |
4435 | pub struct mgga_c_kcis_lxc_pol_part14_LO46 {
     |            ^^^^^^^^^^^^^^^^^^^^^^^^^^^^^^^ help: convert the identifier to upper camel case: `MggaCKcisLxcPolPart14Lo46`

warning: type `mgga_c_kcis_lxc_pol_part14_LO47` should have an upper camel case name
    --> crates/kernel-mgga-7/src/mgga_c_kcis/lxc_pol_part14.rs:4529:12
     |
4529 | pub struct mgga_c_kcis_lxc_pol_part14_LO47 {
     |            ^^^^^^^^^^^^^^^^^^^^^^^^^^^^^^^ help: convert the identifier to upper camel case: `MggaCKcisLxcPolPart14Lo47`

warning: type `mgga_c_kcis_lxc_pol_part14_LO48` should have an upper camel case name
    --> crates/kernel-mgga-7/src/mgga_c_kcis/lxc_pol_part14.rs:4603:12
     |
4603 | pub struct mgga_c_kcis_lxc_pol_part14_LO48 {
     |            ^^^^^^^^^^^^^^^^^^^^^^^^^^^^^^^ help: convert the identifier to upper camel case: `MggaCKcisLxcPolPart14Lo48`

warning: type `mgga_c_kcis_lxc_pol_part14_LO49` should have an upper camel case name
    --> crates/kernel-mgga-7/src/mgga_c_kcis/lxc_pol_part14.rs:4694:12
     |
4694 | pub struct mgga_c_kcis_lxc_pol_part14_LO49 {
     |            ^^^^^^^^^^^^^^^^^^^^^^^^^^^^^^^ help: convert the identifier to upper camel case: `MggaCKcisLxcPolPart14Lo49`

warning: type `mgga_c_kcis_lxc_pol_part14_LO50` should have an upper camel case name
    --> crates/kernel-mgga-7/src/mgga_c_kcis/lxc_pol_part14.rs:4788:12
     |
4788 | pub struct mgga_c_kcis_lxc_pol_part14_LO50 {
     |            ^^^^^^^^^^^^^^^^^^^^^^^^^^^^^^^ help: convert the identifier to upper camel case: `MggaCKcisLxcPolPart14Lo50`

warning: type `mgga_c_kcis_lxc_pol_part14_LO51` should have an upper camel case name
    --> crates/kernel-mgga-7/src/mgga_c_kcis/lxc_pol_part14.rs:4884:12
     |
4884 | pub struct mgga_c_kcis_lxc_pol_part14_LO51 {
     |            ^^^^^^^^^^^^^^^^^^^^^^^^^^^^^^^ help: convert the identifier to upper camel case: `MggaCKcisLxcPolPart14Lo51`

warning: type `mgga_c_kcis_lxc_pol_part14_LO52` should have an upper camel case name
    --> crates/kernel-mgga-7/src/mgga_c_kcis/lxc_pol_part14.rs:4983:12
     |
4983 | pub struct mgga_c_kcis_lxc_pol_part14_LO52 {
     |            ^^^^^^^^^^^^^^^^^^^^^^^^^^^^^^^ help: convert the identifier to upper camel case: `MggaCKcisLxcPolPart14Lo52`

warning: type `mgga_c_kcis_lxc_pol_part14_LO53` should have an upper camel case name
    --> crates/kernel-mgga-7/src/mgga_c_kcis/lxc_pol_part14.rs:5071:12
     |
5071 | pub struct mgga_c_kcis_lxc_pol_part14_LO53 {
     |            ^^^^^^^^^^^^^^^^^^^^^^^^^^^^^^^ help: convert the identifier to upper camel case: `MggaCKcisLxcPolPart14Lo53`

warning: type `mgga_c_kcis_lxc_pol_part14_LO54` should have an upper camel case name
    --> crates/kernel-mgga-7/src/mgga_c_kcis/lxc_pol_part14.rs:5141:12
     |
5141 | pub struct mgga_c_kcis_lxc_pol_part14_LO54 {
     |            ^^^^^^^^^^^^^^^^^^^^^^^^^^^^^^^ help: convert the identifier to upper camel case: `MggaCKcisLxcPolPart14Lo54`

warning: type `mgga_c_kcis_lxc_pol_part14_LO55` should have an upper camel case name
    --> crates/kernel-mgga-7/src/mgga_c_kcis/lxc_pol_part14.rs:5245:12
     |
5245 | pub struct mgga_c_kcis_lxc_pol_part14_LO55 {
     |            ^^^^^^^^^^^^^^^^^^^^^^^^^^^^^^^ help: convert the identifier to upper camel case: `MggaCKcisLxcPolPart14Lo55`

warning: type `mgga_c_kcis_lxc_pol_part14_LO56` should have an upper camel case name
    --> crates/kernel-mgga-7/src/mgga_c_kcis/lxc_pol_part14.rs:5347:12
     |
5347 | pub struct mgga_c_kcis_lxc_pol_part14_LO56 {
     |            ^^^^^^^^^^^^^^^^^^^^^^^^^^^^^^^ help: convert the identifier to upper camel case: `MggaCKcisLxcPolPart14Lo56`

warning: type `mgga_c_kcis_lxc_pol_part14_LO57` should have an upper camel case name
    --> crates/kernel-mgga-7/src/mgga_c_kcis/lxc_pol_part14.rs:5440:12
     |
5440 | pub struct mgga_c_kcis_lxc_pol_part14_LO57 {
     |            ^^^^^^^^^^^^^^^^^^^^^^^^^^^^^^^ help: convert the identifier to upper camel case: `MggaCKcisLxcPolPart14Lo57`

warning: type `mgga_c_kcis_lxc_pol_part14_LO58` should have an upper camel case name
    --> crates/kernel-mgga-7/src/mgga_c_kcis/lxc_pol_part14.rs:5536:12
     |
5536 | pub struct mgga_c_kcis_lxc_pol_part14_LO58 {
     |            ^^^^^^^^^^^^^^^^^^^^^^^^^^^^^^^ help: convert the identifier to upper camel case: `MggaCKcisLxcPolPart14Lo58`

warning: type `mgga_c_kcis_lxc_pol_part14_LO59` should have an upper camel case name
    --> crates/kernel-mgga-7/src/mgga_c_kcis/lxc_pol_part14.rs:5637:12
     |
5637 | pub struct mgga_c_kcis_lxc_pol_part14_LO59 {
     |            ^^^^^^^^^^^^^^^^^^^^^^^^^^^^^^^ help: convert the identifier to upper camel case: `MggaCKcisLxcPolPart14Lo59`

warning: type `mgga_c_kcis_lxc_pol_part14_LO60` should have an upper camel case name
    --> crates/kernel-mgga-7/src/mgga_c_kcis/lxc_pol_part14.rs:5732:12
     |
5732 | pub struct mgga_c_kcis_lxc_pol_part14_LO60 {
     |            ^^^^^^^^^^^^^^^^^^^^^^^^^^^^^^^ help: convert the identifier to upper camel case: `MggaCKcisLxcPolPart14Lo60`

warning: type `mgga_c_kcis_lxc_pol_part14_LO61` should have an upper camel case name
    --> crates/kernel-mgga-7/src/mgga_c_kcis/lxc_pol_part14.rs:5834:12
     |
5834 | pub struct mgga_c_kcis_lxc_pol_part14_LO61 {
     |            ^^^^^^^^^^^^^^^^^^^^^^^^^^^^^^^ help: convert the identifier to upper camel case: `MggaCKcisLxcPolPart14Lo61`

warning: type `mgga_c_kcis_lxc_pol_part14_LO62` should have an upper camel case name
    --> crates/kernel-mgga-7/src/mgga_c_kcis/lxc_pol_part14.rs:5933:12
     |
5933 | pub struct mgga_c_kcis_lxc_pol_part14_LO62 {
     |            ^^^^^^^^^^^^^^^^^^^^^^^^^^^^^^^ help: convert the identifier to upper camel case: `MggaCKcisLxcPolPart14Lo62`

warning: type `mgga_c_kcis_lxc_pol_part14_LO63` should have an upper camel case name
    --> crates/kernel-mgga-7/src/mgga_c_kcis/lxc_pol_part14.rs:6025:12
     |
6025 | pub struct mgga_c_kcis_lxc_pol_part14_LO63 {
     |            ^^^^^^^^^^^^^^^^^^^^^^^^^^^^^^^ help: convert the identifier to upper camel case: `MggaCKcisLxcPolPart14Lo63`

warning: type `mgga_c_kcis_lxc_pol_part14_LO64` should have an upper camel case name
    --> crates/kernel-mgga-7/src/mgga_c_kcis/lxc_pol_part14.rs:6104:12
     |
6104 | pub struct mgga_c_kcis_lxc_pol_part14_LO64 {
     |            ^^^^^^^^^^^^^^^^^^^^^^^^^^^^^^^ help: convert the identifier to upper camel case: `MggaCKcisLxcPolPart14Lo64`

warning: type `mgga_c_kcis_lxc_pol_part14_LO65` should have an upper camel case name
    --> crates/kernel-mgga-7/src/mgga_c_kcis/lxc_pol_part14.rs:6204:12
     |
6204 | pub struct mgga_c_kcis_lxc_pol_part14_LO65 {
     |            ^^^^^^^^^^^^^^^^^^^^^^^^^^^^^^^ help: convert the identifier to upper camel case: `MggaCKcisLxcPolPart14Lo65`

warning: type `mgga_c_kcis_lxc_pol_part14_LO66` should have an upper camel case name
    --> crates/kernel-mgga-7/src/mgga_c_kcis/lxc_pol_part14.rs:6301:12
     |
6301 | pub struct mgga_c_kcis_lxc_pol_part14_LO66 {
     |            ^^^^^^^^^^^^^^^^^^^^^^^^^^^^^^^ help: convert the identifier to upper camel case: `MggaCKcisLxcPolPart14Lo66`

warning: type `mgga_c_kcis_lxc_pol_part14_LO67` should have an upper camel case name
    --> crates/kernel-mgga-7/src/mgga_c_kcis/lxc_pol_part14.rs:6399:12
     |
6399 | pub struct mgga_c_kcis_lxc_pol_part14_LO67 {
     |            ^^^^^^^^^^^^^^^^^^^^^^^^^^^^^^^ help: convert the identifier to upper camel case: `MggaCKcisLxcPolPart14Lo67`

warning: type `mgga_c_kcis_lxc_pol_part14_LO68` should have an upper camel case name
    --> crates/kernel-mgga-7/src/mgga_c_kcis/lxc_pol_part14.rs:6498:12
     |
6498 | pub struct mgga_c_kcis_lxc_pol_part14_LO68 {
     |            ^^^^^^^^^^^^^^^^^^^^^^^^^^^^^^^ help: convert the identifier to upper camel case: `MggaCKcisLxcPolPart14Lo68`

warning: type `mgga_c_kcis_lxc_pol_part14_LO69` should have an upper camel case name
    --> crates/kernel-mgga-7/src/mgga_c_kcis/lxc_pol_part14.rs:6582:12
     |
6582 | pub struct mgga_c_kcis_lxc_pol_part14_LO69 {
     |            ^^^^^^^^^^^^^^^^^^^^^^^^^^^^^^^ help: convert the identifier to upper camel case: `MggaCKcisLxcPolPart14Lo69`

warning: type `mgga_c_kcis_lxc_pol_part14_LO70` should have an upper camel case name
    --> crates/kernel-mgga-7/src/mgga_c_kcis/lxc_pol_part14.rs:6679:12
     |
6679 | pub struct mgga_c_kcis_lxc_pol_part14_LO70 {
     |            ^^^^^^^^^^^^^^^^^^^^^^^^^^^^^^^ help: convert the identifier to upper camel case: `MggaCKcisLxcPolPart14Lo70`

warning: type `mgga_c_kcis_lxc_pol_part14_LO71` should have an upper camel case name
    --> crates/kernel-mgga-7/src/mgga_c_kcis/lxc_pol_part14.rs:6770:12
     |
6770 | pub struct mgga_c_kcis_lxc_pol_part14_LO71 {
     |            ^^^^^^^^^^^^^^^^^^^^^^^^^^^^^^^ help: convert the identifier to upper camel case: `MggaCKcisLxcPolPart14Lo71`

warning: type `mgga_c_kcis_lxc_pol_part14_LO72` should have an upper camel case name
    --> crates/kernel-mgga-7/src/mgga_c_kcis/lxc_pol_part14.rs:6856:12
     |
6856 | pub struct mgga_c_kcis_lxc_pol_part14_LO72 {
     |            ^^^^^^^^^^^^^^^^^^^^^^^^^^^^^^^ help: convert the identifier to upper camel case: `MggaCKcisLxcPolPart14Lo72`

warning: type `mgga_c_kcis_lxc_pol_part14_LO73` should have an upper camel case name
    --> crates/kernel-mgga-7/src/mgga_c_kcis/lxc_pol_part14.rs:6944:12
     |
6944 | pub struct mgga_c_kcis_lxc_pol_part14_LO73 {
     |            ^^^^^^^^^^^^^^^^^^^^^^^^^^^^^^^ help: convert the identifier to upper camel case: `MggaCKcisLxcPolPart14Lo73`

warning: type `mgga_c_kcis_lxc_pol_part14_LO74` should have an upper camel case name
    --> crates/kernel-mgga-7/src/mgga_c_kcis/lxc_pol_part14.rs:7041:12
     |
7041 | pub struct mgga_c_kcis_lxc_pol_part14_LO74 {
     |            ^^^^^^^^^^^^^^^^^^^^^^^^^^^^^^^ help: convert the identifier to upper camel case: `MggaCKcisLxcPolPart14Lo74`

warning: type `mgga_c_kcis_lxc_pol_part14_LO75` should have an upper camel case name
    --> crates/kernel-mgga-7/src/mgga_c_kcis/lxc_pol_part14.rs:7103:12
     |
7103 | pub struct mgga_c_kcis_lxc_pol_part14_LO75 {
     |            ^^^^^^^^^^^^^^^^^^^^^^^^^^^^^^^ help: convert the identifier to upper camel case: `MggaCKcisLxcPolPart14Lo75`

warning: type `mgga_c_kcis_lxc_pol_part14_LO76` should have an upper camel case name
    --> crates/kernel-mgga-7/src/mgga_c_kcis/lxc_pol_part14.rs:7198:12
     |
7198 | pub struct mgga_c_kcis_lxc_pol_part14_LO76 {
     |            ^^^^^^^^^^^^^^^^^^^^^^^^^^^^^^^ help: convert the identifier to upper camel case: `MggaCKcisLxcPolPart14Lo76`

warning: type `mgga_c_kcis_lxc_pol_part14_LO77` should have an upper camel case name
    --> crates/kernel-mgga-7/src/mgga_c_kcis/lxc_pol_part14.rs:7292:12
     |
7292 | pub struct mgga_c_kcis_lxc_pol_part14_LO77 {
     |            ^^^^^^^^^^^^^^^^^^^^^^^^^^^^^^^ help: convert the identifier to upper camel case: `MggaCKcisLxcPolPart14Lo77`

warning: type `mgga_c_kcis_lxc_pol_part14_LO78` should have an upper camel case name
    --> crates/kernel-mgga-7/src/mgga_c_kcis/lxc_pol_part14.rs:7378:12
     |
7378 | pub struct mgga_c_kcis_lxc_pol_part14_LO78 {
     |            ^^^^^^^^^^^^^^^^^^^^^^^^^^^^^^^ help: convert the identifier to upper camel case: `MggaCKcisLxcPolPart14Lo78`

warning: type `mgga_c_kcis_lxc_pol_part14_LO79` should have an upper camel case name
    --> crates/kernel-mgga-7/src/mgga_c_kcis/lxc_pol_part14.rs:7414:12
     |
7414 | pub struct mgga_c_kcis_lxc_pol_part14_LO79 {
     |            ^^^^^^^^^^^^^^^^^^^^^^^^^^^^^^^ help: convert the identifier to upper camel case: `MggaCKcisLxcPolPart14Lo79`

warning: type `mgga_c_kcis_lxc_pol_part14_LO80` should have an upper camel case name
    --> crates/kernel-mgga-7/src/mgga_c_kcis/lxc_pol_part14.rs:7468:12
     |
7468 | pub struct mgga_c_kcis_lxc_pol_part14_LO80 {
     |            ^^^^^^^^^^^^^^^^^^^^^^^^^^^^^^^ help: convert the identifier to upper camel case: `MggaCKcisLxcPolPart14Lo80`

warning: type `mgga_c_kcis_lxc_pol_part14_LO81` should have an upper camel case name
    --> crates/kernel-mgga-7/src/mgga_c_kcis/lxc_pol_part14.rs:7564:12
     |
7564 | pub struct mgga_c_kcis_lxc_pol_part14_LO81 {
     |            ^^^^^^^^^^^^^^^^^^^^^^^^^^^^^^^ help: convert the identifier to upper camel case: `MggaCKcisLxcPolPart14Lo81`

warning: type `mgga_c_kcis_lxc_pol_part14_LO82` should have an upper camel case name
    --> crates/kernel-mgga-7/src/mgga_c_kcis/lxc_pol_part14.rs:7660:12
     |
7660 | pub struct mgga_c_kcis_lxc_pol_part14_LO82 {
     |            ^^^^^^^^^^^^^^^^^^^^^^^^^^^^^^^ help: convert the identifier to upper camel case: `MggaCKcisLxcPolPart14Lo82`

warning: type `mgga_c_kcis_lxc_pol_part14_LO83` should have an upper camel case name
    --> crates/kernel-mgga-7/src/mgga_c_kcis/lxc_pol_part14.rs:7755:12
     |
7755 | pub struct mgga_c_kcis_lxc_pol_part14_LO83 {
     |            ^^^^^^^^^^^^^^^^^^^^^^^^^^^^^^^ help: convert the identifier to upper camel case: `MggaCKcisLxcPolPart14Lo83`

warning: type `mgga_c_kcis_lxc_pol_part14_LO84` should have an upper camel case name
    --> crates/kernel-mgga-7/src/mgga_c_kcis/lxc_pol_part14.rs:7843:12
     |
7843 | pub struct mgga_c_kcis_lxc_pol_part14_LO84 {
     |            ^^^^^^^^^^^^^^^^^^^^^^^^^^^^^^^ help: convert the identifier to upper camel case: `MggaCKcisLxcPolPart14Lo84`

warning: type `mgga_c_kcis_lxc_pol_part14_LO85` should have an upper camel case name
    --> crates/kernel-mgga-7/src/mgga_c_kcis/lxc_pol_part14.rs:7933:12
     |
7933 | pub struct mgga_c_kcis_lxc_pol_part14_LO85 {
     |            ^^^^^^^^^^^^^^^^^^^^^^^^^^^^^^^ help: convert the identifier to upper camel case: `MggaCKcisLxcPolPart14Lo85`

warning: type `mgga_c_kcis_lxc_pol_part14_LO86` should have an upper camel case name
    --> crates/kernel-mgga-7/src/mgga_c_kcis/lxc_pol_part14.rs:8025:12
     |
8025 | pub struct mgga_c_kcis_lxc_pol_part14_LO86 {
     |            ^^^^^^^^^^^^^^^^^^^^^^^^^^^^^^^ help: convert the identifier to upper camel case: `MggaCKcisLxcPolPart14Lo86`

warning: type `mgga_c_kcis_lxc_pol_part14_LO87` should have an upper camel case name
    --> crates/kernel-mgga-7/src/mgga_c_kcis/lxc_pol_part14.rs:8120:12
     |
8120 | pub struct mgga_c_kcis_lxc_pol_part14_LO87 {
     |            ^^^^^^^^^^^^^^^^^^^^^^^^^^^^^^^ help: convert the identifier to upper camel case: `MggaCKcisLxcPolPart14Lo87`

warning: type `mgga_c_kcis_lxc_pol_part14_LO88` should have an upper camel case name
    --> crates/kernel-mgga-7/src/mgga_c_kcis/lxc_pol_part14.rs:8208:12
     |
8208 | pub struct mgga_c_kcis_lxc_pol_part14_LO88 {
     |            ^^^^^^^^^^^^^^^^^^^^^^^^^^^^^^^ help: convert the identifier to upper camel case: `MggaCKcisLxcPolPart14Lo88`

warning: type `mgga_c_kcis_lxc_pol_part14_LO89` should have an upper camel case name
    --> crates/kernel-mgga-7/src/mgga_c_kcis/lxc_pol_part14.rs:8307:12
     |
8307 | pub struct mgga_c_kcis_lxc_pol_part14_LO89 {
     |            ^^^^^^^^^^^^^^^^^^^^^^^^^^^^^^^ help: convert the identifier to upper camel case: `MggaCKcisLxcPolPart14Lo89`

warning: type `mgga_c_kcis_lxc_pol_part14_LO90` should have an upper camel case name
    --> crates/kernel-mgga-7/src/mgga_c_kcis/lxc_pol_part14.rs:8411:12
     |
8411 | pub struct mgga_c_kcis_lxc_pol_part14_LO90 {
     |            ^^^^^^^^^^^^^^^^^^^^^^^^^^^^^^^ help: convert the identifier to upper camel case: `MggaCKcisLxcPolPart14Lo90`

warning: type `mgga_c_kcis_lxc_pol_part14_LO91` should have an upper camel case name
    --> crates/kernel-mgga-7/src/mgga_c_kcis/lxc_pol_part14.rs:8515:12
     |
8515 | pub struct mgga_c_kcis_lxc_pol_part14_LO91 {
     |            ^^^^^^^^^^^^^^^^^^^^^^^^^^^^^^^ help: convert the identifier to upper camel case: `MggaCKcisLxcPolPart14Lo91`

warning: type `mgga_c_kcis_lxc_pol_part14_LO92` should have an upper camel case name
    --> crates/kernel-mgga-7/src/mgga_c_kcis/lxc_pol_part14.rs:8619:12
     |
8619 | pub struct mgga_c_kcis_lxc_pol_part14_LO92 {
     |            ^^^^^^^^^^^^^^^^^^^^^^^^^^^^^^^ help: convert the identifier to upper camel case: `MggaCKcisLxcPolPart14Lo92`

warning: type `mgga_c_kcis_lxc_pol_part14_LO93` should have an upper camel case name
    --> crates/kernel-mgga-7/src/mgga_c_kcis/lxc_pol_part14.rs:8723:12
     |
8723 | pub struct mgga_c_kcis_lxc_pol_part14_LO93 {
     |            ^^^^^^^^^^^^^^^^^^^^^^^^^^^^^^^ help: convert the identifier to upper camel case: `MggaCKcisLxcPolPart14Lo93`

warning: type `mgga_c_kcis_lxc_pol_part14_LO94` should have an upper camel case name
    --> crates/kernel-mgga-7/src/mgga_c_kcis/lxc_pol_part14.rs:8827:12
     |
8827 | pub struct mgga_c_kcis_lxc_pol_part14_LO94 {
     |            ^^^^^^^^^^^^^^^^^^^^^^^^^^^^^^^ help: convert the identifier to upper camel case: `MggaCKcisLxcPolPart14Lo94`

warning: type `mgga_c_kcis_lxc_pol_part14_LO95` should have an upper camel case name
    --> crates/kernel-mgga-7/src/mgga_c_kcis/lxc_pol_part14.rs:8931:12
     |
8931 | pub struct mgga_c_kcis_lxc_pol_part14_LO95 {
     |            ^^^^^^^^^^^^^^^^^^^^^^^^^^^^^^^ help: convert the identifier to upper camel case: `MggaCKcisLxcPolPart14Lo95`

warning: type `mgga_c_kcis_lxc_pol_part14_LO96` should have an upper camel case name
    --> crates/kernel-mgga-7/src/mgga_c_kcis/lxc_pol_part14.rs:9035:12
     |
9035 | pub struct mgga_c_kcis_lxc_pol_part14_LO96 {
     |            ^^^^^^^^^^^^^^^^^^^^^^^^^^^^^^^ help: convert the identifier to upper camel case: `MggaCKcisLxcPolPart14Lo96`

warning: type `mgga_c_kcis_lxc_pol_part14_LO97` should have an upper camel case name
    --> crates/kernel-mgga-7/src/mgga_c_kcis/lxc_pol_part14.rs:9139:12
     |
9139 | pub struct mgga_c_kcis_lxc_pol_part14_LO97 {
     |            ^^^^^^^^^^^^^^^^^^^^^^^^^^^^^^^ help: convert the identifier to upper camel case: `MggaCKcisLxcPolPart14Lo97`

warning: type `mgga_c_kcis_lxc_pol_part14_LO98` should have an upper camel case name
    --> crates/kernel-mgga-7/src/mgga_c_kcis/lxc_pol_part14.rs:9242:12
     |
9242 | pub struct mgga_c_kcis_lxc_pol_part14_LO98 {
     |            ^^^^^^^^^^^^^^^^^^^^^^^^^^^^^^^ help: convert the identifier to upper camel case: `MggaCKcisLxcPolPart14Lo98`

warning: type `mgga_c_kcis_lxc_pol_part14_LO99` should have an upper camel case name
    --> crates/kernel-mgga-7/src/mgga_c_kcis/lxc_pol_part14.rs:9310:12
     |
9310 | pub struct mgga_c_kcis_lxc_pol_part14_LO99 {
     |            ^^^^^^^^^^^^^^^^^^^^^^^^^^^^^^^ help: convert the identifier to upper camel case: `MggaCKcisLxcPolPart14Lo99`

warning: type `mgga_c_kcis_lxc_pol_part14_LO100` should have an upper camel case name
    --> crates/kernel-mgga-7/src/mgga_c_kcis/lxc_pol_part14.rs:9390:12
     |
9390 | pub struct mgga_c_kcis_lxc_pol_part14_LO100 {
     |            ^^^^^^^^^^^^^^^^^^^^^^^^^^^^^^^^ help: convert the identifier to upper camel case: `MggaCKcisLxcPolPart14Lo100`

warning: type `mgga_c_kcis_lxc_pol_part14_LO101` should have an upper camel case name
    --> crates/kernel-mgga-7/src/mgga_c_kcis/lxc_pol_part14.rs:9470:12
     |
9470 | pub struct mgga_c_kcis_lxc_pol_part14_LO101 {
     |            ^^^^^^^^^^^^^^^^^^^^^^^^^^^^^^^^ help: convert the identifier to upper camel case: `MggaCKcisLxcPolPart14Lo101`

warning: type `mgga_c_kcis_lxc_pol_part14_LO102` should have an upper camel case name
    --> crates/kernel-mgga-7/src/mgga_c_kcis/lxc_pol_part14.rs:9572:12
     |
9572 | pub struct mgga_c_kcis_lxc_pol_part14_LO102 {
     |            ^^^^^^^^^^^^^^^^^^^^^^^^^^^^^^^^ help: convert the identifier to upper camel case: `MggaCKcisLxcPolPart14Lo102`

warning: type `mgga_c_kcis_lxc_pol_part14_LO103` should have an upper camel case name
    --> crates/kernel-mgga-7/src/mgga_c_kcis/lxc_pol_part14.rs:9663:12
     |
9663 | pub struct mgga_c_kcis_lxc_pol_part14_LO103 {
     |            ^^^^^^^^^^^^^^^^^^^^^^^^^^^^^^^^ help: convert the identifier to upper camel case: `MggaCKcisLxcPolPart14Lo103`

warning: type `mgga_c_kcis_lxc_pol_part14_LO104` should have an upper camel case name
    --> crates/kernel-mgga-7/src/mgga_c_kcis/lxc_pol_part14.rs:9742:12
     |
9742 | pub struct mgga_c_kcis_lxc_pol_part14_LO104 {
     |            ^^^^^^^^^^^^^^^^^^^^^^^^^^^^^^^^ help: convert the identifier to upper camel case: `MggaCKcisLxcPolPart14Lo104`

warning: type `mgga_c_kcis_lxc_pol_part14_LO105` should have an upper camel case name
    --> crates/kernel-mgga-7/src/mgga_c_kcis/lxc_pol_part14.rs:9799:12
     |
9799 | pub struct mgga_c_kcis_lxc_pol_part14_LO105 {
     |            ^^^^^^^^^^^^^^^^^^^^^^^^^^^^^^^^ help: convert the identifier to upper camel case: `MggaCKcisLxcPolPart14Lo105`

warning: type `mgga_c_kcis_lxc_pol_part14_LO106` should have an upper camel case name
    --> crates/kernel-mgga-7/src/mgga_c_kcis/lxc_pol_part14.rs:9898:12
     |
9898 | pub struct mgga_c_kcis_lxc_pol_part14_LO106 {
     |            ^^^^^^^^^^^^^^^^^^^^^^^^^^^^^^^^ help: convert the identifier to upper camel case: `MggaCKcisLxcPolPart14Lo106`

warning: type `mgga_c_kcis_lxc_pol_part14_LO107` should have an upper camel case name
    --> crates/kernel-mgga-7/src/mgga_c_kcis/lxc_pol_part14.rs:9997:12
     |
9997 | pub struct mgga_c_kcis_lxc_pol_part14_LO107 {
     |            ^^^^^^^^^^^^^^^^^^^^^^^^^^^^^^^^ help: convert the identifier to upper camel case: `MggaCKcisLxcPolPart14Lo107`

warning: type `mgga_c_kcis_lxc_pol_part14_LO108` should have an upper camel case name
     --> crates/kernel-mgga-7/src/mgga_c_kcis/lxc_pol_part14.rs:10079:12
      |
10079 | pub struct mgga_c_kcis_lxc_pol_part14_LO108 {
      |            ^^^^^^^^^^^^^^^^^^^^^^^^^^^^^^^^ help: convert the identifier to upper camel case: `MggaCKcisLxcPolPart14Lo108`

warning: type `mgga_c_kcis_lxc_pol_part14_LO109` should have an upper camel case name
     --> crates/kernel-mgga-7/src/mgga_c_kcis/lxc_pol_part14.rs:10163:12
      |
10163 | pub struct mgga_c_kcis_lxc_pol_part14_LO109 {
      |            ^^^^^^^^^^^^^^^^^^^^^^^^^^^^^^^^ help: convert the identifier to upper camel case: `MggaCKcisLxcPolPart14Lo109`

warning: type `mgga_c_kcis_lxc_pol_part14_LO110` should have an upper camel case name
     --> crates/kernel-mgga-7/src/mgga_c_kcis/lxc_pol_part14.rs:10175:12
      |
10175 | pub struct mgga_c_kcis_lxc_pol_part14_LO110 {
      |            ^^^^^^^^^^^^^^^^^^^^^^^^^^^^^^^^ help: convert the identifier to upper camel case: `MggaCKcisLxcPolPart14Lo110`

warning: type `mgga_c_kcis_lxc_pol_part14_LO111` should have an upper camel case name
     --> crates/kernel-mgga-7/src/mgga_c_kcis/lxc_pol_part14.rs:10278:12
      |
10278 | pub struct mgga_c_kcis_lxc_pol_part14_LO111 {
      |            ^^^^^^^^^^^^^^^^^^^^^^^^^^^^^^^^ help: convert the identifier to upper camel case: `MggaCKcisLxcPolPart14Lo111`

warning: type `mgga_c_kcis_lxc_pol_part14_LO112` should have an upper camel case name
     --> crates/kernel-mgga-7/src/mgga_c_kcis/lxc_pol_part14.rs:10380:12
      |
10380 | pub struct mgga_c_kcis_lxc_pol_part14_LO112 {
      |            ^^^^^^^^^^^^^^^^^^^^^^^^^^^^^^^^ help: convert the identifier to upper camel case: `MggaCKcisLxcPolPart14Lo112`

warning: type `mgga_c_kcis_lxc_pol_part14_LO113` should have an upper camel case name
     --> crates/kernel-mgga-7/src/mgga_c_kcis/lxc_pol_part14.rs:10472:12
      |
10472 | pub struct mgga_c_kcis_lxc_pol_part14_LO113 {
      |            ^^^^^^^^^^^^^^^^^^^^^^^^^^^^^^^^ help: convert the identifier to upper camel case: `MggaCKcisLxcPolPart14Lo113`

warning: type `mgga_c_kcis_lxc_pol_part14_LO114` should have an upper camel case name
     --> crates/kernel-mgga-7/src/mgga_c_kcis/lxc_pol_part14.rs:10552:12
      |
10552 | pub struct mgga_c_kcis_lxc_pol_part14_LO114 {
      |            ^^^^^^^^^^^^^^^^^^^^^^^^^^^^^^^^ help: convert the identifier to upper camel case: `MggaCKcisLxcPolPart14Lo114`

warning: type `mgga_c_kcis_lxc_pol_part14_LO115` should have an upper camel case name
     --> crates/kernel-mgga-7/src/mgga_c_kcis/lxc_pol_part14.rs:10594:12
      |
10594 | pub struct mgga_c_kcis_lxc_pol_part14_LO115 {
      |            ^^^^^^^^^^^^^^^^^^^^^^^^^^^^^^^^ help: convert the identifier to upper camel case: `MggaCKcisLxcPolPart14Lo115`

warning: type `mgga_c_kcis_lxc_pol_part14_LO116` should have an upper camel case name
     --> crates/kernel-mgga-7/src/mgga_c_kcis/lxc_pol_part14.rs:10648:12
      |
10648 | pub struct mgga_c_kcis_lxc_pol_part14_LO116 {
      |            ^^^^^^^^^^^^^^^^^^^^^^^^^^^^^^^^ help: convert the identifier to upper camel case: `MggaCKcisLxcPolPart14Lo116`

warning: type `mgga_c_kcis_lxc_pol_part14_LO117` should have an upper camel case name
     --> crates/kernel-mgga-7/src/mgga_c_kcis/lxc_pol_part14.rs:10746:12
      |
10746 | pub struct mgga_c_kcis_lxc_pol_part14_LO117 {
      |            ^^^^^^^^^^^^^^^^^^^^^^^^^^^^^^^^ help: convert the identifier to upper camel case: `MggaCKcisLxcPolPart14Lo117`

warning: type `mgga_c_kcis_lxc_pol_part14_LO118` should have an upper camel case name
     --> crates/kernel-mgga-7/src/mgga_c_kcis/lxc_pol_part14.rs:10809:12
      |
10809 | pub struct mgga_c_kcis_lxc_pol_part14_LO118 {
      |            ^^^^^^^^^^^^^^^^^^^^^^^^^^^^^^^^ help: convert the identifier to upper camel case: `MggaCKcisLxcPolPart14Lo118`

warning: type `mgga_c_kcis_lxc_pol_part14_LO119` should have an upper camel case name
     --> crates/kernel-mgga-7/src/mgga_c_kcis/lxc_pol_part14.rs:10890:12
      |
10890 | pub struct mgga_c_kcis_lxc_pol_part14_LO119 {
      |            ^^^^^^^^^^^^^^^^^^^^^^^^^^^^^^^^ help: convert the identifier to upper camel case: `MggaCKcisLxcPolPart14Lo119`

warning: type `mgga_c_kcis_lxc_pol_part14_LO120` should have an upper camel case name
     --> crates/kernel-mgga-7/src/mgga_c_kcis/lxc_pol_part14.rs:10991:12
      |
10991 | pub struct mgga_c_kcis_lxc_pol_part14_LO120 {
      |            ^^^^^^^^^^^^^^^^^^^^^^^^^^^^^^^^ help: convert the identifier to upper camel case: `MggaCKcisLxcPolPart14Lo120`

warning: type `mgga_c_kcis_lxc_pol_part14_LO121` should have an upper camel case name
     --> crates/kernel-mgga-7/src/mgga_c_kcis/lxc_pol_part14.rs:11042:12
      |
11042 | pub struct mgga_c_kcis_lxc_pol_part14_LO121 {
      |            ^^^^^^^^^^^^^^^^^^^^^^^^^^^^^^^^ help: convert the identifier to upper camel case: `MggaCKcisLxcPolPart14Lo121`

warning: type `mgga_c_kcis_lxc_pol_part15_LO0` should have an upper camel case name
  --> crates/kernel-mgga-7/src/mgga_c_kcis/lxc_pol_part15.rs:14:12
   |
14 | pub struct mgga_c_kcis_lxc_pol_part15_LO0 {
   |            ^^^^^^^^^^^^^^^^^^^^^^^^^^^^^^ help: convert the identifier to upper camel case: `MggaCKcisLxcPolPart15Lo0`

warning: type `mgga_c_kcis_lxc_pol_part15_LO1` should have an upper camel case name
   --> crates/kernel-mgga-7/src/mgga_c_kcis/lxc_pol_part15.rs:108:12
    |
108 | pub struct mgga_c_kcis_lxc_pol_part15_LO1 {
    |            ^^^^^^^^^^^^^^^^^^^^^^^^^^^^^^ help: convert the identifier to upper camel case: `MggaCKcisLxcPolPart15Lo1`

warning: type `mgga_c_kcis_lxc_pol_part15_LO2` should have an upper camel case name
   --> crates/kernel-mgga-7/src/mgga_c_kcis/lxc_pol_part15.rs:199:12
    |
199 | pub struct mgga_c_kcis_lxc_pol_part15_LO2 {
    |            ^^^^^^^^^^^^^^^^^^^^^^^^^^^^^^ help: convert the identifier to upper camel case: `MggaCKcisLxcPolPart15Lo2`

warning: type `mgga_c_kcis_lxc_pol_part15_LO3` should have an upper camel case name
   --> crates/kernel-mgga-7/src/mgga_c_kcis/lxc_pol_part15.rs:291:12
    |
291 | pub struct mgga_c_kcis_lxc_pol_part15_LO3 {
    |            ^^^^^^^^^^^^^^^^^^^^^^^^^^^^^^ help: convert the identifier to upper camel case: `MggaCKcisLxcPolPart15Lo3`

warning: type `mgga_c_kcis_lxc_pol_part15_LO4` should have an upper camel case name
   --> crates/kernel-mgga-7/src/mgga_c_kcis/lxc_pol_part15.rs:387:12
    |
387 | pub struct mgga_c_kcis_lxc_pol_part15_LO4 {
    |            ^^^^^^^^^^^^^^^^^^^^^^^^^^^^^^ help: convert the identifier to upper camel case: `MggaCKcisLxcPolPart15Lo4`

warning: type `mgga_c_kcis_lxc_pol_part15_LO5` should have an upper camel case name
   --> crates/kernel-mgga-7/src/mgga_c_kcis/lxc_pol_part15.rs:486:12
    |
486 | pub struct mgga_c_kcis_lxc_pol_part15_LO5 {
    |            ^^^^^^^^^^^^^^^^^^^^^^^^^^^^^^ help: convert the identifier to upper camel case: `MggaCKcisLxcPolPart15Lo5`

warning: type `mgga_c_kcis_lxc_pol_part15_LO6` should have an upper camel case name
   --> crates/kernel-mgga-7/src/mgga_c_kcis/lxc_pol_part15.rs:589:12
    |
589 | pub struct mgga_c_kcis_lxc_pol_part15_LO6 {
    |            ^^^^^^^^^^^^^^^^^^^^^^^^^^^^^^ help: convert the identifier to upper camel case: `MggaCKcisLxcPolPart15Lo6`

warning: type `mgga_c_kcis_lxc_pol_part15_LO7` should have an upper camel case name
   --> crates/kernel-mgga-7/src/mgga_c_kcis/lxc_pol_part15.rs:691:12
    |
691 | pub struct mgga_c_kcis_lxc_pol_part15_LO7 {
    |            ^^^^^^^^^^^^^^^^^^^^^^^^^^^^^^ help: convert the identifier to upper camel case: `MggaCKcisLxcPolPart15Lo7`

warning: type `mgga_c_kcis_lxc_pol_part15_LO8` should have an upper camel case name
   --> crates/kernel-mgga-7/src/mgga_c_kcis/lxc_pol_part15.rs:786:12
    |
786 | pub struct mgga_c_kcis_lxc_pol_part15_LO8 {
    |            ^^^^^^^^^^^^^^^^^^^^^^^^^^^^^^ help: convert the identifier to upper camel case: `MggaCKcisLxcPolPart15Lo8`

warning: type `mgga_c_kcis_lxc_pol_part15_LO9` should have an upper camel case name
   --> crates/kernel-mgga-7/src/mgga_c_kcis/lxc_pol_part15.rs:873:12
    |
873 | pub struct mgga_c_kcis_lxc_pol_part15_LO9 {
    |            ^^^^^^^^^^^^^^^^^^^^^^^^^^^^^^ help: convert the identifier to upper camel case: `MggaCKcisLxcPolPart15Lo9`

warning: type `mgga_c_kcis_lxc_pol_part15_LO10` should have an upper camel case name
   --> crates/kernel-mgga-7/src/mgga_c_kcis/lxc_pol_part15.rs:965:12
    |
965 | pub struct mgga_c_kcis_lxc_pol_part15_LO10 {
    |            ^^^^^^^^^^^^^^^^^^^^^^^^^^^^^^^ help: convert the identifier to upper camel case: `MggaCKcisLxcPolPart15Lo10`

warning: type `mgga_c_kcis_lxc_pol_part15_LO11` should have an upper camel case name
    --> crates/kernel-mgga-7/src/mgga_c_kcis/lxc_pol_part15.rs:1062:12
     |
1062 | pub struct mgga_c_kcis_lxc_pol_part15_LO11 {
     |            ^^^^^^^^^^^^^^^^^^^^^^^^^^^^^^^ help: convert the identifier to upper camel case: `MggaCKcisLxcPolPart15Lo11`

warning: type `mgga_c_kcis_lxc_pol_part15_LO12` should have an upper camel case name
    --> crates/kernel-mgga-7/src/mgga_c_kcis/lxc_pol_part15.rs:1152:12
     |
1152 | pub struct mgga_c_kcis_lxc_pol_part15_LO12 {
     |            ^^^^^^^^^^^^^^^^^^^^^^^^^^^^^^^ help: convert the identifier to upper camel case: `MggaCKcisLxcPolPart15Lo12`

warning: type `mgga_c_kcis_lxc_pol_part15_LO13` should have an upper camel case name
    --> crates/kernel-mgga-7/src/mgga_c_kcis/lxc_pol_part15.rs:1251:12
     |
1251 | pub struct mgga_c_kcis_lxc_pol_part15_LO13 {
     |            ^^^^^^^^^^^^^^^^^^^^^^^^^^^^^^^ help: convert the identifier to upper camel case: `MggaCKcisLxcPolPart15Lo13`

warning: type `mgga_c_kcis_lxc_pol_part15_LO14` should have an upper camel case name
    --> crates/kernel-mgga-7/src/mgga_c_kcis/lxc_pol_part15.rs:1352:12
     |
1352 | pub struct mgga_c_kcis_lxc_pol_part15_LO14 {
     |            ^^^^^^^^^^^^^^^^^^^^^^^^^^^^^^^ help: convert the identifier to upper camel case: `MggaCKcisLxcPolPart15Lo14`

warning: type `mgga_c_kcis_lxc_pol_part15_LO15` should have an upper camel case name
    --> crates/kernel-mgga-7/src/mgga_c_kcis/lxc_pol_part15.rs:1454:12
     |
1454 | pub struct mgga_c_kcis_lxc_pol_part15_LO15 {
     |            ^^^^^^^^^^^^^^^^^^^^^^^^^^^^^^^ help: convert the identifier to upper camel case: `MggaCKcisLxcPolPart15Lo15`

warning: type `mgga_c_kcis_lxc_pol_part15_LO16` should have an upper camel case name
    --> crates/kernel-mgga-7/src/mgga_c_kcis/lxc_pol_part15.rs:1554:12
     |
1554 | pub struct mgga_c_kcis_lxc_pol_part15_LO16 {
     |            ^^^^^^^^^^^^^^^^^^^^^^^^^^^^^^^ help: convert the identifier to upper camel case: `MggaCKcisLxcPolPart15Lo16`

warning: type `mgga_c_kcis_lxc_pol_part15_LO17` should have an upper camel case name
    --> crates/kernel-mgga-7/src/mgga_c_kcis/lxc_pol_part15.rs:1654:12
     |
1654 | pub struct mgga_c_kcis_lxc_pol_part15_LO17 {
     |            ^^^^^^^^^^^^^^^^^^^^^^^^^^^^^^^ help: convert the identifier to upper camel case: `MggaCKcisLxcPolPart15Lo17`

warning: type `mgga_c_kcis_lxc_pol_part15_LO18` should have an upper camel case name
    --> crates/kernel-mgga-7/src/mgga_c_kcis/lxc_pol_part15.rs:1743:12
     |
1743 | pub struct mgga_c_kcis_lxc_pol_part15_LO18 {
     |            ^^^^^^^^^^^^^^^^^^^^^^^^^^^^^^^ help: convert the identifier to upper camel case: `MggaCKcisLxcPolPart15Lo18`

warning: type `mgga_c_kcis_lxc_pol_part15_LO19` should have an upper camel case name
    --> crates/kernel-mgga-7/src/mgga_c_kcis/lxc_pol_part15.rs:1811:12
     |
1811 | pub struct mgga_c_kcis_lxc_pol_part15_LO19 {
     |            ^^^^^^^^^^^^^^^^^^^^^^^^^^^^^^^ help: convert the identifier to upper camel case: `MggaCKcisLxcPolPart15Lo19`

warning: type `mgga_c_kcis_lxc_pol_part15_LO20` should have an upper camel case name
    --> crates/kernel-mgga-7/src/mgga_c_kcis/lxc_pol_part15.rs:1915:12
     |
1915 | pub struct mgga_c_kcis_lxc_pol_part15_LO20 {
     |            ^^^^^^^^^^^^^^^^^^^^^^^^^^^^^^^ help: convert the identifier to upper camel case: `MggaCKcisLxcPolPart15Lo20`

warning: type `mgga_c_kcis_lxc_pol_part15_LO21` should have an upper camel case name
    --> crates/kernel-mgga-7/src/mgga_c_kcis/lxc_pol_part15.rs:2014:12
     |
2014 | pub struct mgga_c_kcis_lxc_pol_part15_LO21 {
     |            ^^^^^^^^^^^^^^^^^^^^^^^^^^^^^^^ help: convert the identifier to upper camel case: `MggaCKcisLxcPolPart15Lo21`

warning: type `mgga_c_kcis_lxc_pol_part15_LO22` should have an upper camel case name
    --> crates/kernel-mgga-7/src/mgga_c_kcis/lxc_pol_part15.rs:2102:12
     |
2102 | pub struct mgga_c_kcis_lxc_pol_part15_LO22 {
     |            ^^^^^^^^^^^^^^^^^^^^^^^^^^^^^^^ help: convert the identifier to upper camel case: `MggaCKcisLxcPolPart15Lo22`

warning: type `mgga_c_kcis_lxc_pol_part15_LO23` should have an upper camel case name
    --> crates/kernel-mgga-7/src/mgga_c_kcis/lxc_pol_part15.rs:2195:12
     |
2195 | pub struct mgga_c_kcis_lxc_pol_part15_LO23 {
     |            ^^^^^^^^^^^^^^^^^^^^^^^^^^^^^^^ help: convert the identifier to upper camel case: `MggaCKcisLxcPolPart15Lo23`

warning: type `mgga_c_kcis_lxc_pol_part15_LO24` should have an upper camel case name
    --> crates/kernel-mgga-7/src/mgga_c_kcis/lxc_pol_part15.rs:2291:12
     |
2291 | pub struct mgga_c_kcis_lxc_pol_part15_LO24 {
     |            ^^^^^^^^^^^^^^^^^^^^^^^^^^^^^^^ help: convert the identifier to upper camel case: `MggaCKcisLxcPolPart15Lo24`

warning: type `mgga_c_kcis_lxc_pol_part15_LO25` should have an upper camel case name
    --> crates/kernel-mgga-7/src/mgga_c_kcis/lxc_pol_part15.rs:2367:12
     |
2367 | pub struct mgga_c_kcis_lxc_pol_part15_LO25 {
     |            ^^^^^^^^^^^^^^^^^^^^^^^^^^^^^^^ help: convert the identifier to upper camel case: `MggaCKcisLxcPolPart15Lo25`

warning: type `mgga_c_kcis_lxc_pol_part15_LO26` should have an upper camel case name
    --> crates/kernel-mgga-7/src/mgga_c_kcis/lxc_pol_part15.rs:2466:12
     |
2466 | pub struct mgga_c_kcis_lxc_pol_part15_LO26 {
     |            ^^^^^^^^^^^^^^^^^^^^^^^^^^^^^^^ help: convert the identifier to upper camel case: `MggaCKcisLxcPolPart15Lo26`

warning: type `mgga_c_kcis_lxc_pol_part15_LO27` should have an upper camel case name
    --> crates/kernel-mgga-7/src/mgga_c_kcis/lxc_pol_part15.rs:2567:12
     |
2567 | pub struct mgga_c_kcis_lxc_pol_part15_LO27 {
     |            ^^^^^^^^^^^^^^^^^^^^^^^^^^^^^^^ help: convert the identifier to upper camel case: `MggaCKcisLxcPolPart15Lo27`

warning: type `mgga_c_kcis_lxc_pol_part15_LO28` should have an upper camel case name
    --> crates/kernel-mgga-7/src/mgga_c_kcis/lxc_pol_part15.rs:2667:12
     |
2667 | pub struct mgga_c_kcis_lxc_pol_part15_LO28 {
     |            ^^^^^^^^^^^^^^^^^^^^^^^^^^^^^^^ help: convert the identifier to upper camel case: `MggaCKcisLxcPolPart15Lo28`

warning: type `mgga_c_kcis_lxc_pol_part15_LO29` should have an upper camel case name
    --> crates/kernel-mgga-7/src/mgga_c_kcis/lxc_pol_part15.rs:2760:12
     |
2760 | pub struct mgga_c_kcis_lxc_pol_part15_LO29 {
     |            ^^^^^^^^^^^^^^^^^^^^^^^^^^^^^^^ help: convert the identifier to upper camel case: `MggaCKcisLxcPolPart15Lo29`

warning: type `mgga_c_kcis_lxc_pol_part15_LO30` should have an upper camel case name
    --> crates/kernel-mgga-7/src/mgga_c_kcis/lxc_pol_part15.rs:2861:12
     |
2861 | pub struct mgga_c_kcis_lxc_pol_part15_LO30 {
     |            ^^^^^^^^^^^^^^^^^^^^^^^^^^^^^^^ help: convert the identifier to upper camel case: `MggaCKcisLxcPolPart15Lo30`

warning: type `mgga_c_kcis_lxc_pol_part15_LO31` should have an upper camel case name
    --> crates/kernel-mgga-7/src/mgga_c_kcis/lxc_pol_part15.rs:2953:12
     |
2953 | pub struct mgga_c_kcis_lxc_pol_part15_LO31 {
     |            ^^^^^^^^^^^^^^^^^^^^^^^^^^^^^^^ help: convert the identifier to upper camel case: `MggaCKcisLxcPolPart15Lo31`

warning: type `mgga_c_kcis_lxc_pol_part15_LO32` should have an upper camel case name
    --> crates/kernel-mgga-7/src/mgga_c_kcis/lxc_pol_part15.rs:3056:12
     |
3056 | pub struct mgga_c_kcis_lxc_pol_part15_LO32 {
     |            ^^^^^^^^^^^^^^^^^^^^^^^^^^^^^^^ help: convert the identifier to upper camel case: `MggaCKcisLxcPolPart15Lo32`

warning: type `mgga_c_kcis_lxc_pol_part15_LO33` should have an upper camel case name
    --> crates/kernel-mgga-7/src/mgga_c_kcis/lxc_pol_part15.rs:3149:12
     |
3149 | pub struct mgga_c_kcis_lxc_pol_part15_LO33 {
     |            ^^^^^^^^^^^^^^^^^^^^^^^^^^^^^^^ help: convert the identifier to upper camel case: `MggaCKcisLxcPolPart15Lo33`

warning: type `mgga_c_kcis_lxc_pol_part15_LO34` should have an upper camel case name
    --> crates/kernel-mgga-7/src/mgga_c_kcis/lxc_pol_part15.rs:3246:12
     |
3246 | pub struct mgga_c_kcis_lxc_pol_part15_LO34 {
     |            ^^^^^^^^^^^^^^^^^^^^^^^^^^^^^^^ help: convert the identifier to upper camel case: `MggaCKcisLxcPolPart15Lo34`

warning: type `mgga_c_kcis_lxc_pol_part15_LO35` should have an upper camel case name
    --> crates/kernel-mgga-7/src/mgga_c_kcis/lxc_pol_part15.rs:3338:12
     |
3338 | pub struct mgga_c_kcis_lxc_pol_part15_LO35 {
     |            ^^^^^^^^^^^^^^^^^^^^^^^^^^^^^^^ help: convert the identifier to upper camel case: `MggaCKcisLxcPolPart15Lo35`

warning: type `mgga_c_kcis_lxc_pol_part15_LO36` should have an upper camel case name
    --> crates/kernel-mgga-7/src/mgga_c_kcis/lxc_pol_part15.rs:3415:12
     |
3415 | pub struct mgga_c_kcis_lxc_pol_part15_LO36 {
     |            ^^^^^^^^^^^^^^^^^^^^^^^^^^^^^^^ help: convert the identifier to upper camel case: `MggaCKcisLxcPolPart15Lo36`

warning: type `mgga_c_kcis_lxc_pol_part15_LO37` should have an upper camel case name
    --> crates/kernel-mgga-7/src/mgga_c_kcis/lxc_pol_part15.rs:3510:12
     |
3510 | pub struct mgga_c_kcis_lxc_pol_part15_LO37 {
     |            ^^^^^^^^^^^^^^^^^^^^^^^^^^^^^^^ help: convert the identifier to upper camel case: `MggaCKcisLxcPolPart15Lo37`

warning: type `mgga_c_kcis_lxc_pol_part15_LO38` should have an upper camel case name
    --> crates/kernel-mgga-7/src/mgga_c_kcis/lxc_pol_part15.rs:3587:12
     |
3587 | pub struct mgga_c_kcis_lxc_pol_part15_LO38 {
     |            ^^^^^^^^^^^^^^^^^^^^^^^^^^^^^^^ help: convert the identifier to upper camel case: `MggaCKcisLxcPolPart15Lo38`

warning: type `mgga_c_kcis_lxc_pol_part15_LO39` should have an upper camel case name
    --> crates/kernel-mgga-7/src/mgga_c_kcis/lxc_pol_part15.rs:3683:12
     |
3683 | pub struct mgga_c_kcis_lxc_pol_part15_LO39 {
     |            ^^^^^^^^^^^^^^^^^^^^^^^^^^^^^^^ help: convert the identifier to upper camel case: `MggaCKcisLxcPolPart15Lo39`

warning: type `mgga_c_kcis_lxc_pol_part15_LO40` should have an upper camel case name
    --> crates/kernel-mgga-7/src/mgga_c_kcis/lxc_pol_part15.rs:3787:12
     |
3787 | pub struct mgga_c_kcis_lxc_pol_part15_LO40 {
     |            ^^^^^^^^^^^^^^^^^^^^^^^^^^^^^^^ help: convert the identifier to upper camel case: `MggaCKcisLxcPolPart15Lo40`

warning: type `mgga_c_kcis_lxc_pol_part15_LO41` should have an upper camel case name
    --> crates/kernel-mgga-7/src/mgga_c_kcis/lxc_pol_part15.rs:3888:12
     |
3888 | pub struct mgga_c_kcis_lxc_pol_part15_LO41 {
     |            ^^^^^^^^^^^^^^^^^^^^^^^^^^^^^^^ help: convert the identifier to upper camel case: `MggaCKcisLxcPolPart15Lo41`

warning: type `mgga_c_kcis_lxc_pol_part15_LO42` should have an upper camel case name
    --> crates/kernel-mgga-7/src/mgga_c_kcis/lxc_pol_part15.rs:3985:12
     |
3985 | pub struct mgga_c_kcis_lxc_pol_part15_LO42 {
     |            ^^^^^^^^^^^^^^^^^^^^^^^^^^^^^^^ help: convert the identifier to upper camel case: `MggaCKcisLxcPolPart15Lo42`

warning: type `mgga_c_kcis_lxc_pol_part15_LO43` should have an upper camel case name
    --> crates/kernel-mgga-7/src/mgga_c_kcis/lxc_pol_part15.rs:4083:12
     |
4083 | pub struct mgga_c_kcis_lxc_pol_part15_LO43 {
     |            ^^^^^^^^^^^^^^^^^^^^^^^^^^^^^^^ help: convert the identifier to upper camel case: `MggaCKcisLxcPolPart15Lo43`

warning: type `mgga_c_kcis_lxc_pol_part15_LO44` should have an upper camel case name
    --> crates/kernel-mgga-7/src/mgga_c_kcis/lxc_pol_part15.rs:4163:12
     |
4163 | pub struct mgga_c_kcis_lxc_pol_part15_LO44 {
     |            ^^^^^^^^^^^^^^^^^^^^^^^^^^^^^^^ help: convert the identifier to upper camel case: `MggaCKcisLxcPolPart15Lo44`

warning: type `mgga_c_kcis_lxc_pol_part15_LO45` should have an upper camel case name
    --> crates/kernel-mgga-7/src/mgga_c_kcis/lxc_pol_part15.rs:4251:12
     |
4251 | pub struct mgga_c_kcis_lxc_pol_part15_LO45 {
     |            ^^^^^^^^^^^^^^^^^^^^^^^^^^^^^^^ help: convert the identifier to upper camel case: `MggaCKcisLxcPolPart15Lo45`

warning: type `mgga_c_kcis_lxc_pol_part15_LO46` should have an upper camel case name
    --> crates/kernel-mgga-7/src/mgga_c_kcis/lxc_pol_part15.rs:4339:12
     |
4339 | pub struct mgga_c_kcis_lxc_pol_part15_LO46 {
     |            ^^^^^^^^^^^^^^^^^^^^^^^^^^^^^^^ help: convert the identifier to upper camel case: `MggaCKcisLxcPolPart15Lo46`

warning: type `mgga_c_kcis_lxc_pol_part15_LO47` should have an upper camel case name
    --> crates/kernel-mgga-7/src/mgga_c_kcis/lxc_pol_part15.rs:4430:12
     |
4430 | pub struct mgga_c_kcis_lxc_pol_part15_LO47 {
     |            ^^^^^^^^^^^^^^^^^^^^^^^^^^^^^^^ help: convert the identifier to upper camel case: `MggaCKcisLxcPolPart15Lo47`

warning: type `mgga_c_kcis_lxc_pol_part15_LO48` should have an upper camel case name
    --> crates/kernel-mgga-7/src/mgga_c_kcis/lxc_pol_part15.rs:4442:12
     |
4442 | pub struct mgga_c_kcis_lxc_pol_part15_LO48 {
     |            ^^^^^^^^^^^^^^^^^^^^^^^^^^^^^^^ help: convert the identifier to upper camel case: `MggaCKcisLxcPolPart15Lo48`

warning: type `mgga_c_kcis_lxc_pol_part15_LO49` should have an upper camel case name
    --> crates/kernel-mgga-7/src/mgga_c_kcis/lxc_pol_part15.rs:4531:12
     |
4531 | pub struct mgga_c_kcis_lxc_pol_part15_LO49 {
     |            ^^^^^^^^^^^^^^^^^^^^^^^^^^^^^^^ help: convert the identifier to upper camel case: `MggaCKcisLxcPolPart15Lo49`

warning: type `mgga_c_kcis_lxc_pol_part15_LO50` should have an upper camel case name
    --> crates/kernel-mgga-7/src/mgga_c_kcis/lxc_pol_part15.rs:4627:12
     |
4627 | pub struct mgga_c_kcis_lxc_pol_part15_LO50 {
     |            ^^^^^^^^^^^^^^^^^^^^^^^^^^^^^^^ help: convert the identifier to upper camel case: `MggaCKcisLxcPolPart15Lo50`

warning: type `mgga_c_kcis_lxc_pol_part15_LO51` should have an upper camel case name
    --> crates/kernel-mgga-7/src/mgga_c_kcis/lxc_pol_part15.rs:4728:12
     |
4728 | pub struct mgga_c_kcis_lxc_pol_part15_LO51 {
     |            ^^^^^^^^^^^^^^^^^^^^^^^^^^^^^^^ help: convert the identifier to upper camel case: `MggaCKcisLxcPolPart15Lo51`

warning: type `mgga_c_kcis_lxc_pol_part15_LO52` should have an upper camel case name
    --> crates/kernel-mgga-7/src/mgga_c_kcis/lxc_pol_part15.rs:4831:12
     |
4831 | pub struct mgga_c_kcis_lxc_pol_part15_LO52 {
     |            ^^^^^^^^^^^^^^^^^^^^^^^^^^^^^^^ help: convert the identifier to upper camel case: `MggaCKcisLxcPolPart15Lo52`

warning: type `mgga_c_kcis_lxc_pol_part15_LO53` should have an upper camel case name
    --> crates/kernel-mgga-7/src/mgga_c_kcis/lxc_pol_part15.rs:4935:12
     |
4935 | pub struct mgga_c_kcis_lxc_pol_part15_LO53 {
     |            ^^^^^^^^^^^^^^^^^^^^^^^^^^^^^^^ help: convert the identifier to upper camel case: `MggaCKcisLxcPolPart15Lo53`

warning: type `mgga_c_kcis_lxc_pol_part15_LO54` should have an upper camel case name
    --> crates/kernel-mgga-7/src/mgga_c_kcis/lxc_pol_part15.rs:5039:12
     |
5039 | pub struct mgga_c_kcis_lxc_pol_part15_LO54 {
     |            ^^^^^^^^^^^^^^^^^^^^^^^^^^^^^^^ help: convert the identifier to upper camel case: `MggaCKcisLxcPolPart15Lo54`

warning: type `mgga_c_kcis_lxc_pol_part15_LO55` should have an upper camel case name
    --> crates/kernel-mgga-7/src/mgga_c_kcis/lxc_pol_part15.rs:5142:12
     |
5142 | pub struct mgga_c_kcis_lxc_pol_part15_LO55 {
     |            ^^^^^^^^^^^^^^^^^^^^^^^^^^^^^^^ help: convert the identifier to upper camel case: `MggaCKcisLxcPolPart15Lo55`

warning: type `mgga_c_kcis_lxc_pol_part15_LO56` should have an upper camel case name
    --> crates/kernel-mgga-7/src/mgga_c_kcis/lxc_pol_part15.rs:5246:12
     |
5246 | pub struct mgga_c_kcis_lxc_pol_part15_LO56 {
     |            ^^^^^^^^^^^^^^^^^^^^^^^^^^^^^^^ help: convert the identifier to upper camel case: `MggaCKcisLxcPolPart15Lo56`

warning: type `mgga_c_kcis_lxc_pol_part15_LO57` should have an upper camel case name
    --> crates/kernel-mgga-7/src/mgga_c_kcis/lxc_pol_part15.rs:5348:12
     |
5348 | pub struct mgga_c_kcis_lxc_pol_part15_LO57 {
     |            ^^^^^^^^^^^^^^^^^^^^^^^^^^^^^^^ help: convert the identifier to upper camel case: `MggaCKcisLxcPolPart15Lo57`

warning: type `mgga_c_kcis_lxc_pol_part15_LO58` should have an upper camel case name
    --> crates/kernel-mgga-7/src/mgga_c_kcis/lxc_pol_part15.rs:5452:12
     |
5452 | pub struct mgga_c_kcis_lxc_pol_part15_LO58 {
     |            ^^^^^^^^^^^^^^^^^^^^^^^^^^^^^^^ help: convert the identifier to upper camel case: `MggaCKcisLxcPolPart15Lo58`

warning: type `mgga_c_kcis_lxc_pol_part15_LO59` should have an upper camel case name
    --> crates/kernel-mgga-7/src/mgga_c_kcis/lxc_pol_part15.rs:5536:12
     |
5536 | pub struct mgga_c_kcis_lxc_pol_part15_LO59 {
     |            ^^^^^^^^^^^^^^^^^^^^^^^^^^^^^^^ help: convert the identifier to upper camel case: `MggaCKcisLxcPolPart15Lo59`

warning: type `mgga_c_kcis_lxc_pol_part15_LO60` should have an upper camel case name
    --> crates/kernel-mgga-7/src/mgga_c_kcis/lxc_pol_part15.rs:5617:12
     |
5617 | pub struct mgga_c_kcis_lxc_pol_part15_LO60 {
     |            ^^^^^^^^^^^^^^^^^^^^^^^^^^^^^^^ help: convert the identifier to upper camel case: `MggaCKcisLxcPolPart15Lo60`

warning: type `mgga_c_kcis_lxc_pol_part15_LO61` should have an upper camel case name
    --> crates/kernel-mgga-7/src/mgga_c_kcis/lxc_pol_part15.rs:5709:12
     |
5709 | pub struct mgga_c_kcis_lxc_pol_part15_LO61 {
     |            ^^^^^^^^^^^^^^^^^^^^^^^^^^^^^^^ help: convert the identifier to upper camel case: `MggaCKcisLxcPolPart15Lo61`

warning: type `mgga_c_kcis_lxc_pol_part15_LO62` should have an upper camel case name
    --> crates/kernel-mgga-7/src/mgga_c_kcis/lxc_pol_part15.rs:5749:12
     |
5749 | pub struct mgga_c_kcis_lxc_pol_part15_LO62 {
     |            ^^^^^^^^^^^^^^^^^^^^^^^^^^^^^^^ help: convert the identifier to upper camel case: `MggaCKcisLxcPolPart15Lo62`

warning: type `mgga_c_kcis_lxc_pol_part15_LO63` should have an upper camel case name
    --> crates/kernel-mgga-7/src/mgga_c_kcis/lxc_pol_part15.rs:5851:12
     |
5851 | pub struct mgga_c_kcis_lxc_pol_part15_LO63 {
     |            ^^^^^^^^^^^^^^^^^^^^^^^^^^^^^^^ help: convert the identifier to upper camel case: `MggaCKcisLxcPolPart15Lo63`

warning: type `mgga_c_kcis_lxc_pol_part15_LO64` should have an upper camel case name
    --> crates/kernel-mgga-7/src/mgga_c_kcis/lxc_pol_part15.rs:5949:12
     |
5949 | pub struct mgga_c_kcis_lxc_pol_part15_LO64 {
     |            ^^^^^^^^^^^^^^^^^^^^^^^^^^^^^^^ help: convert the identifier to upper camel case: `MggaCKcisLxcPolPart15Lo64`

warning: type `mgga_c_kcis_lxc_pol_part15_LO65` should have an upper camel case name
    --> crates/kernel-mgga-7/src/mgga_c_kcis/lxc_pol_part15.rs:6032:12
     |
6032 | pub struct mgga_c_kcis_lxc_pol_part15_LO65 {
     |            ^^^^^^^^^^^^^^^^^^^^^^^^^^^^^^^ help: convert the identifier to upper camel case: `MggaCKcisLxcPolPart15Lo65`

warning: type `mgga_c_kcis_lxc_pol_part15_LO66` should have an upper camel case name
    --> crates/kernel-mgga-7/src/mgga_c_kcis/lxc_pol_part15.rs:6114:12
     |
6114 | pub struct mgga_c_kcis_lxc_pol_part15_LO66 {
     |            ^^^^^^^^^^^^^^^^^^^^^^^^^^^^^^^ help: convert the identifier to upper camel case: `MggaCKcisLxcPolPart15Lo66`

warning: type `mgga_c_kcis_lxc_pol_part15_LO67` should have an upper camel case name
    --> crates/kernel-mgga-7/src/mgga_c_kcis/lxc_pol_part15.rs:6217:12
     |
6217 | pub struct mgga_c_kcis_lxc_pol_part15_LO67 {
     |            ^^^^^^^^^^^^^^^^^^^^^^^^^^^^^^^ help: convert the identifier to upper camel case: `MggaCKcisLxcPolPart15Lo67`

warning: type `mgga_c_kcis_lxc_pol_part16_LO0` should have an upper camel case name
  --> crates/kernel-mgga-7/src/mgga_c_kcis/lxc_pol_part16.rs:14:12
   |
14 | pub struct mgga_c_kcis_lxc_pol_part16_LO0 {
   |            ^^^^^^^^^^^^^^^^^^^^^^^^^^^^^^ help: convert the identifier to upper camel case: `MggaCKcisLxcPolPart16Lo0`

warning: type `mgga_c_kcis_lxc_pol_part16_LO1` should have an upper camel case name
   --> crates/kernel-mgga-7/src/mgga_c_kcis/lxc_pol_part16.rs:111:12
    |
111 | pub struct mgga_c_kcis_lxc_pol_part16_LO1 {
    |            ^^^^^^^^^^^^^^^^^^^^^^^^^^^^^^ help: convert the identifier to upper camel case: `MggaCKcisLxcPolPart16Lo1`

warning: type `mgga_c_kcis_lxc_pol_part16_LO2` should have an upper camel case name
   --> crates/kernel-mgga-7/src/mgga_c_kcis/lxc_pol_part16.rs:207:12
    |
207 | pub struct mgga_c_kcis_lxc_pol_part16_LO2 {
    |            ^^^^^^^^^^^^^^^^^^^^^^^^^^^^^^ help: convert the identifier to upper camel case: `MggaCKcisLxcPolPart16Lo2`

warning: type `mgga_c_kcis_lxc_pol_part16_LO3` should have an upper camel case name
   --> crates/kernel-mgga-7/src/mgga_c_kcis/lxc_pol_part16.rs:304:12
    |
304 | pub struct mgga_c_kcis_lxc_pol_part16_LO3 {
    |            ^^^^^^^^^^^^^^^^^^^^^^^^^^^^^^ help: convert the identifier to upper camel case: `MggaCKcisLxcPolPart16Lo3`

warning: type `mgga_c_kcis_lxc_pol_part16_LO4` should have an upper camel case name
   --> crates/kernel-mgga-7/src/mgga_c_kcis/lxc_pol_part16.rs:399:12
    |
399 | pub struct mgga_c_kcis_lxc_pol_part16_LO4 {
    |            ^^^^^^^^^^^^^^^^^^^^^^^^^^^^^^ help: convert the identifier to upper camel case: `MggaCKcisLxcPolPart16Lo4`

warning: type `mgga_c_kcis_lxc_pol_part16_LO5` should have an upper camel case name
   --> crates/kernel-mgga-7/src/mgga_c_kcis/lxc_pol_part16.rs:495:12
    |
495 | pub struct mgga_c_kcis_lxc_pol_part16_LO5 {
    |            ^^^^^^^^^^^^^^^^^^^^^^^^^^^^^^ help: convert the identifier to upper camel case: `MggaCKcisLxcPolPart16Lo5`

warning: type `mgga_c_kcis_lxc_pol_part16_LO6` should have an upper camel case name
   --> crates/kernel-mgga-7/src/mgga_c_kcis/lxc_pol_part16.rs:591:12
    |
591 | pub struct mgga_c_kcis_lxc_pol_part16_LO6 {
    |            ^^^^^^^^^^^^^^^^^^^^^^^^^^^^^^ help: convert the identifier to upper camel case: `MggaCKcisLxcPolPart16Lo6`

warning: type `mgga_c_kcis_lxc_pol_part16_LO7` should have an upper camel case name
   --> crates/kernel-mgga-7/src/mgga_c_kcis/lxc_pol_part16.rs:677:12
    |
677 | pub struct mgga_c_kcis_lxc_pol_part16_LO7 {
    |            ^^^^^^^^^^^^^^^^^^^^^^^^^^^^^^ help: convert the identifier to upper camel case: `MggaCKcisLxcPolPart16Lo7`

warning: type `mgga_c_kcis_lxc_pol_part16_LO8` should have an upper camel case name
   --> crates/kernel-mgga-7/src/mgga_c_kcis/lxc_pol_part16.rs:777:12
    |
777 | pub struct mgga_c_kcis_lxc_pol_part16_LO8 {
    |            ^^^^^^^^^^^^^^^^^^^^^^^^^^^^^^ help: convert the identifier to upper camel case: `MggaCKcisLxcPolPart16Lo8`

warning: type `mgga_c_kcis_lxc_pol_part16_LO9` should have an upper camel case name
   --> crates/kernel-mgga-7/src/mgga_c_kcis/lxc_pol_part16.rs:862:12
    |
862 | pub struct mgga_c_kcis_lxc_pol_part16_LO9 {
    |            ^^^^^^^^^^^^^^^^^^^^^^^^^^^^^^ help: convert the identifier to upper camel case: `MggaCKcisLxcPolPart16Lo9`

warning: type `mgga_c_kcis_lxc_pol_part16_LO10` should have an upper camel case name
   --> crates/kernel-mgga-7/src/mgga_c_kcis/lxc_pol_part16.rs:958:12
    |
958 | pub struct mgga_c_kcis_lxc_pol_part16_LO10 {
    |            ^^^^^^^^^^^^^^^^^^^^^^^^^^^^^^^ help: convert the identifier to upper camel case: `MggaCKcisLxcPolPart16Lo10`

warning: type `mgga_c_kcis_lxc_pol_part16_LO11` should have an upper camel case name
    --> crates/kernel-mgga-7/src/mgga_c_kcis/lxc_pol_part16.rs:1037:12
     |
1037 | pub struct mgga_c_kcis_lxc_pol_part16_LO11 {
     |            ^^^^^^^^^^^^^^^^^^^^^^^^^^^^^^^ help: convert the identifier to upper camel case: `MggaCKcisLxcPolPart16Lo11`

warning: type `mgga_c_kcis_lxc_pol_part16_LO12` should have an upper camel case name
    --> crates/kernel-mgga-7/src/mgga_c_kcis/lxc_pol_part16.rs:1126:12
     |
1126 | pub struct mgga_c_kcis_lxc_pol_part16_LO12 {
     |            ^^^^^^^^^^^^^^^^^^^^^^^^^^^^^^^ help: convert the identifier to upper camel case: `MggaCKcisLxcPolPart16Lo12`

warning: type `mgga_c_kcis_lxc_pol_part16_LO13` should have an upper camel case name
    --> crates/kernel-mgga-7/src/mgga_c_kcis/lxc_pol_part16.rs:1221:12
     |
1221 | pub struct mgga_c_kcis_lxc_pol_part16_LO13 {
     |            ^^^^^^^^^^^^^^^^^^^^^^^^^^^^^^^ help: convert the identifier to upper camel case: `MggaCKcisLxcPolPart16Lo13`

warning: type `mgga_c_kcis_lxc_pol_part16_LO14` should have an upper camel case name
    --> crates/kernel-mgga-7/src/mgga_c_kcis/lxc_pol_part16.rs:1310:12
     |
1310 | pub struct mgga_c_kcis_lxc_pol_part16_LO14 {
     |            ^^^^^^^^^^^^^^^^^^^^^^^^^^^^^^^ help: convert the identifier to upper camel case: `MggaCKcisLxcPolPart16Lo14`

warning: type `mgga_c_kcis_lxc_pol_part16_LO15` should have an upper camel case name
    --> crates/kernel-mgga-7/src/mgga_c_kcis/lxc_pol_part16.rs:1387:12
     |
1387 | pub struct mgga_c_kcis_lxc_pol_part16_LO15 {
     |            ^^^^^^^^^^^^^^^^^^^^^^^^^^^^^^^ help: convert the identifier to upper camel case: `MggaCKcisLxcPolPart16Lo15`

warning: type `mgga_c_kcis_lxc_pol_part16_LO16` should have an upper camel case name
    --> crates/kernel-mgga-7/src/mgga_c_kcis/lxc_pol_part16.rs:1466:12
     |
1466 | pub struct mgga_c_kcis_lxc_pol_part16_LO16 {
     |            ^^^^^^^^^^^^^^^^^^^^^^^^^^^^^^^ help: convert the identifier to upper camel case: `MggaCKcisLxcPolPart16Lo16`

warning: type `mgga_c_kcis_lxc_pol_part16_LO17` should have an upper camel case name
    --> crates/kernel-mgga-7/src/mgga_c_kcis/lxc_pol_part16.rs:1503:12
     |
1503 | pub struct mgga_c_kcis_lxc_pol_part16_LO17 {
     |            ^^^^^^^^^^^^^^^^^^^^^^^^^^^^^^^ help: convert the identifier to upper camel case: `MggaCKcisLxcPolPart16Lo17`

warning: type `mgga_c_kcis_lxc_pol_part16_LO18` should have an upper camel case name
    --> crates/kernel-mgga-7/src/mgga_c_kcis/lxc_pol_part16.rs:1558:12
     |
1558 | pub struct mgga_c_kcis_lxc_pol_part16_LO18 {
     |            ^^^^^^^^^^^^^^^^^^^^^^^^^^^^^^^ help: convert the identifier to upper camel case: `MggaCKcisLxcPolPart16Lo18`

warning: type `mgga_c_kcis_lxc_pol_part16_LO19` should have an upper camel case name
    --> crates/kernel-mgga-7/src/mgga_c_kcis/lxc_pol_part16.rs:1626:12
     |
1626 | pub struct mgga_c_kcis_lxc_pol_part16_LO19 {
     |            ^^^^^^^^^^^^^^^^^^^^^^^^^^^^^^^ help: convert the identifier to upper camel case: `MggaCKcisLxcPolPart16Lo19`

warning: type `mgga_c_kcis_lxc_pol_part16_LO20` should have an upper camel case name
    --> crates/kernel-mgga-7/src/mgga_c_kcis/lxc_pol_part16.rs:1688:12
     |
1688 | pub struct mgga_c_kcis_lxc_pol_part16_LO20 {
     |            ^^^^^^^^^^^^^^^^^^^^^^^^^^^^^^^ help: convert the identifier to upper camel case: `MggaCKcisLxcPolPart16Lo20`

warning: type `mgga_c_kcis_lxc_pol_part16_LO21` should have an upper camel case name
    --> crates/kernel-mgga-7/src/mgga_c_kcis/lxc_pol_part16.rs:1760:12
     |
1760 | pub struct mgga_c_kcis_lxc_pol_part16_LO21 {
     |            ^^^^^^^^^^^^^^^^^^^^^^^^^^^^^^^ help: convert the identifier to upper camel case: `MggaCKcisLxcPolPart16Lo21`

warning: type `mgga_c_kcis_lxc_pol_part16_LO22` should have an upper camel case name
    --> crates/kernel-mgga-7/src/mgga_c_kcis/lxc_pol_part16.rs:1794:12
     |
1794 | pub struct mgga_c_kcis_lxc_pol_part16_LO22 {
     |            ^^^^^^^^^^^^^^^^^^^^^^^^^^^^^^^ help: convert the identifier to upper camel case: `MggaCKcisLxcPolPart16Lo22`

warning: type `mgga_c_kcis_lxc_pol_part16_LO23` should have an upper camel case name
    --> crates/kernel-mgga-7/src/mgga_c_kcis/lxc_pol_part16.rs:1827:12
     |
1827 | pub struct mgga_c_kcis_lxc_pol_part16_LO23 {
     |            ^^^^^^^^^^^^^^^^^^^^^^^^^^^^^^^ help: convert the identifier to upper camel case: `MggaCKcisLxcPolPart16Lo23`

warning: type `mgga_c_kcis_lxc_pol_part16_LO24` should have an upper camel case name
    --> crates/kernel-mgga-7/src/mgga_c_kcis/lxc_pol_part16.rs:1869:12
     |
1869 | pub struct mgga_c_kcis_lxc_pol_part16_LO24 {
     |            ^^^^^^^^^^^^^^^^^^^^^^^^^^^^^^^ help: convert the identifier to upper camel case: `MggaCKcisLxcPolPart16Lo24`

warning: type `mgga_c_kcis_lxc_pol_part16_LO25` should have an upper camel case name
    --> crates/kernel-mgga-7/src/mgga_c_kcis/lxc_pol_part16.rs:1925:12
     |
1925 | pub struct mgga_c_kcis_lxc_pol_part16_LO25 {
     |            ^^^^^^^^^^^^^^^^^^^^^^^^^^^^^^^ help: convert the identifier to upper camel case: `MggaCKcisLxcPolPart16Lo25`

warning: type `mgga_c_kcis_lxc_pol_part16_LO26` should have an upper camel case name
    --> crates/kernel-mgga-7/src/mgga_c_kcis/lxc_pol_part16.rs:2003:12
     |
2003 | pub struct mgga_c_kcis_lxc_pol_part16_LO26 {
     |            ^^^^^^^^^^^^^^^^^^^^^^^^^^^^^^^ help: convert the identifier to upper camel case: `MggaCKcisLxcPolPart16Lo26`

warning: type `mgga_c_kcis_lxc_pol_part16_LO27` should have an upper camel case name
    --> crates/kernel-mgga-7/src/mgga_c_kcis/lxc_pol_part16.rs:2031:12
     |
2031 | pub struct mgga_c_kcis_lxc_pol_part16_LO27 {
     |            ^^^^^^^^^^^^^^^^^^^^^^^^^^^^^^^ help: convert the identifier to upper camel case: `MggaCKcisLxcPolPart16Lo27`

warning: type `mgga_c_kcis_lxc_pol_part16_LO28` should have an upper camel case name
    --> crates/kernel-mgga-7/src/mgga_c_kcis/lxc_pol_part16.rs:2089:12
     |
2089 | pub struct mgga_c_kcis_lxc_pol_part16_LO28 {
     |            ^^^^^^^^^^^^^^^^^^^^^^^^^^^^^^^ help: convert the identifier to upper camel case: `MggaCKcisLxcPolPart16Lo28`

warning: type `mgga_c_kcis_lxc_pol_part16_LO29` should have an upper camel case name
    --> crates/kernel-mgga-7/src/mgga_c_kcis/lxc_pol_part16.rs:2158:12
     |
2158 | pub struct mgga_c_kcis_lxc_pol_part16_LO29 {
     |            ^^^^^^^^^^^^^^^^^^^^^^^^^^^^^^^ help: convert the identifier to upper camel case: `MggaCKcisLxcPolPart16Lo29`

warning: type `mgga_c_kcis_lxc_pol_part16_LO30` should have an upper camel case name
    --> crates/kernel-mgga-7/src/mgga_c_kcis/lxc_pol_part16.rs:2245:12
     |
2245 | pub struct mgga_c_kcis_lxc_pol_part16_LO30 {
     |            ^^^^^^^^^^^^^^^^^^^^^^^^^^^^^^^ help: convert the identifier to upper camel case: `MggaCKcisLxcPolPart16Lo30`

warning: type `mgga_c_kcis_lxc_pol_part16_LO31` should have an upper camel case name
    --> crates/kernel-mgga-7/src/mgga_c_kcis/lxc_pol_part16.rs:2340:12
     |
2340 | pub struct mgga_c_kcis_lxc_pol_part16_LO31 {
     |            ^^^^^^^^^^^^^^^^^^^^^^^^^^^^^^^ help: convert the identifier to upper camel case: `MggaCKcisLxcPolPart16Lo31`

warning: type `mgga_c_kcis_lxc_pol_part16_LO32` should have an upper camel case name
    --> crates/kernel-mgga-7/src/mgga_c_kcis/lxc_pol_part16.rs:2425:12
     |
2425 | pub struct mgga_c_kcis_lxc_pol_part16_LO32 {
     |            ^^^^^^^^^^^^^^^^^^^^^^^^^^^^^^^ help: convert the identifier to upper camel case: `MggaCKcisLxcPolPart16Lo32`

warning: type `mgga_c_kcis_lxc_pol_part16_LO33` should have an upper camel case name
    --> crates/kernel-mgga-7/src/mgga_c_kcis/lxc_pol_part16.rs:2512:12
     |
2512 | pub struct mgga_c_kcis_lxc_pol_part16_LO33 {
     |            ^^^^^^^^^^^^^^^^^^^^^^^^^^^^^^^ help: convert the identifier to upper camel case: `MggaCKcisLxcPolPart16Lo33`

warning: type `mgga_c_kcis_lxc_pol_part16_LO34` should have an upper camel case name
    --> crates/kernel-mgga-7/src/mgga_c_kcis/lxc_pol_part16.rs:2537:12
     |
2537 | pub struct mgga_c_kcis_lxc_pol_part16_LO34 {
     |            ^^^^^^^^^^^^^^^^^^^^^^^^^^^^^^^ help: convert the identifier to upper camel case: `MggaCKcisLxcPolPart16Lo34`

warning: type `mgga_c_kcis_lxc_pol_part16_LO35` should have an upper camel case name
    --> crates/kernel-mgga-7/src/mgga_c_kcis/lxc_pol_part16.rs:2588:12
     |
2588 | pub struct mgga_c_kcis_lxc_pol_part16_LO35 {
     |            ^^^^^^^^^^^^^^^^^^^^^^^^^^^^^^^ help: convert the identifier to upper camel case: `MggaCKcisLxcPolPart16Lo35`

warning: type `mgga_c_kcis_lxc_pol_part16_LO36` should have an upper camel case name
    --> crates/kernel-mgga-7/src/mgga_c_kcis/lxc_pol_part16.rs:2665:12
     |
2665 | pub struct mgga_c_kcis_lxc_pol_part16_LO36 {
     |            ^^^^^^^^^^^^^^^^^^^^^^^^^^^^^^^ help: convert the identifier to upper camel case: `MggaCKcisLxcPolPart16Lo36`

warning: type `mgga_c_kcis_lxc_pol_part16_LO37` should have an upper camel case name
    --> crates/kernel-mgga-7/src/mgga_c_kcis/lxc_pol_part16.rs:2731:12
     |
2731 | pub struct mgga_c_kcis_lxc_pol_part16_LO37 {
     |            ^^^^^^^^^^^^^^^^^^^^^^^^^^^^^^^ help: convert the identifier to upper camel case: `MggaCKcisLxcPolPart16Lo37`

warning: type `mgga_c_kcis_lxc_pol_part16_LO38` should have an upper camel case name
    --> crates/kernel-mgga-7/src/mgga_c_kcis/lxc_pol_part16.rs:2785:12
     |
2785 | pub struct mgga_c_kcis_lxc_pol_part16_LO38 {
     |            ^^^^^^^^^^^^^^^^^^^^^^^^^^^^^^^ help: convert the identifier to upper camel case: `MggaCKcisLxcPolPart16Lo38`

warning: type `mgga_c_kcis_lxc_pol_part17_LO0` should have an upper camel case name
  --> crates/kernel-mgga-7/src/mgga_c_kcis/lxc_pol_part17.rs:14:12
   |
14 | pub struct mgga_c_kcis_lxc_pol_part17_LO0 {
   |            ^^^^^^^^^^^^^^^^^^^^^^^^^^^^^^ help: convert the identifier to upper camel case: `MggaCKcisLxcPolPart17Lo0`

warning: type `mgga_c_kcis_lxc_pol_part17_LO1` should have an upper camel case name
   --> crates/kernel-mgga-7/src/mgga_c_kcis/lxc_pol_part17.rs:111:12
    |
111 | pub struct mgga_c_kcis_lxc_pol_part17_LO1 {
    |            ^^^^^^^^^^^^^^^^^^^^^^^^^^^^^^ help: convert the identifier to upper camel case: `MggaCKcisLxcPolPart17Lo1`

warning: type `mgga_c_kcis_lxc_pol_part17_LO2` should have an upper camel case name
   --> crates/kernel-mgga-7/src/mgga_c_kcis/lxc_pol_part17.rs:208:12
    |
208 | pub struct mgga_c_kcis_lxc_pol_part17_LO2 {
    |            ^^^^^^^^^^^^^^^^^^^^^^^^^^^^^^ help: convert the identifier to upper camel case: `MggaCKcisLxcPolPart17Lo2`

warning: type `mgga_c_kcis_lxc_pol_part17_LO3` should have an upper camel case name
   --> crates/kernel-mgga-7/src/mgga_c_kcis/lxc_pol_part17.rs:296:12
    |
296 | pub struct mgga_c_kcis_lxc_pol_part17_LO3 {
    |            ^^^^^^^^^^^^^^^^^^^^^^^^^^^^^^ help: convert the identifier to upper camel case: `MggaCKcisLxcPolPart17Lo3`

warning: type `mgga_c_kcis_lxc_pol_part17_LO4` should have an upper camel case name
   --> crates/kernel-mgga-7/src/mgga_c_kcis/lxc_pol_part17.rs:397:12
    |
397 | pub struct mgga_c_kcis_lxc_pol_part17_LO4 {
    |            ^^^^^^^^^^^^^^^^^^^^^^^^^^^^^^ help: convert the identifier to upper camel case: `MggaCKcisLxcPolPart17Lo4`

warning: type `mgga_c_kcis_lxc_pol_part17_LO5` should have an upper camel case name
   --> crates/kernel-mgga-7/src/mgga_c_kcis/lxc_pol_part17.rs:495:12
    |
495 | pub struct mgga_c_kcis_lxc_pol_part17_LO5 {
    |            ^^^^^^^^^^^^^^^^^^^^^^^^^^^^^^ help: convert the identifier to upper camel case: `MggaCKcisLxcPolPart17Lo5`

warning: type `mgga_c_kcis_lxc_pol_part17_LO6` should have an upper camel case name
   --> crates/kernel-mgga-7/src/mgga_c_kcis/lxc_pol_part17.rs:586:12
    |
586 | pub struct mgga_c_kcis_lxc_pol_part17_LO6 {
    |            ^^^^^^^^^^^^^^^^^^^^^^^^^^^^^^ help: convert the identifier to upper camel case: `MggaCKcisLxcPolPart17Lo6`

warning: type `mgga_c_kcis_lxc_pol_part17_LO7` should have an upper camel case name
   --> crates/kernel-mgga-7/src/mgga_c_kcis/lxc_pol_part17.rs:637:12
    |
637 | pub struct mgga_c_kcis_lxc_pol_part17_LO7 {
    |            ^^^^^^^^^^^^^^^^^^^^^^^^^^^^^^ help: convert the identifier to upper camel case: `MggaCKcisLxcPolPart17Lo7`

warning: type `mgga_c_kcis_lxc_pol_part17_LO8` should have an upper camel case name
   --> crates/kernel-mgga-7/src/mgga_c_kcis/lxc_pol_part17.rs:698:12
    |
698 | pub struct mgga_c_kcis_lxc_pol_part17_LO8 {
    |            ^^^^^^^^^^^^^^^^^^^^^^^^^^^^^^ help: convert the identifier to upper camel case: `MggaCKcisLxcPolPart17Lo8`

warning: type `mgga_c_kcis_lxc_pol_part17_LO9` should have an upper camel case name
   --> crates/kernel-mgga-7/src/mgga_c_kcis/lxc_pol_part17.rs:753:12
    |
753 | pub struct mgga_c_kcis_lxc_pol_part17_LO9 {
    |            ^^^^^^^^^^^^^^^^^^^^^^^^^^^^^^ help: convert the identifier to upper camel case: `MggaCKcisLxcPolPart17Lo9`

warning: type `mgga_c_kcis_lxc_pol_part17_LO10` should have an upper camel case name
   --> crates/kernel-mgga-7/src/mgga_c_kcis/lxc_pol_part17.rs:855:12
    |
855 | pub struct mgga_c_kcis_lxc_pol_part17_LO10 {
    |            ^^^^^^^^^^^^^^^^^^^^^^^^^^^^^^^ help: convert the identifier to upper camel case: `MggaCKcisLxcPolPart17Lo10`

warning: type `mgga_c_kcis_lxc_pol_part17_LO11` should have an upper camel case name
   --> crates/kernel-mgga-7/src/mgga_c_kcis/lxc_pol_part17.rs:947:12
    |
947 | pub struct mgga_c_kcis_lxc_pol_part17_LO11 {
    |            ^^^^^^^^^^^^^^^^^^^^^^^^^^^^^^^ help: convert the identifier to upper camel case: `MggaCKcisLxcPolPart17Lo11`

warning: type `mgga_c_kcis_lxc_pol_part17_LO12` should have an upper camel case name
    --> crates/kernel-mgga-7/src/mgga_c_kcis/lxc_pol_part17.rs:1037:12
     |
1037 | pub struct mgga_c_kcis_lxc_pol_part17_LO12 {
     |            ^^^^^^^^^^^^^^^^^^^^^^^^^^^^^^^ help: convert the identifier to upper camel case: `MggaCKcisLxcPolPart17Lo12`

warning: type `mgga_c_kcis_lxc_pol_part17_LO13` should have an upper camel case name
    --> crates/kernel-mgga-7/src/mgga_c_kcis/lxc_pol_part17.rs:1082:12
     |
1082 | pub struct mgga_c_kcis_lxc_pol_part17_LO13 {
     |            ^^^^^^^^^^^^^^^^^^^^^^^^^^^^^^^ help: convert the identifier to upper camel case: `MggaCKcisLxcPolPart17Lo13`

warning: type `mgga_c_kcis_lxc_pol_part17_LO14` should have an upper camel case name
    --> crates/kernel-mgga-7/src/mgga_c_kcis/lxc_pol_part17.rs:1173:12
     |
1173 | pub struct mgga_c_kcis_lxc_pol_part17_LO14 {
     |            ^^^^^^^^^^^^^^^^^^^^^^^^^^^^^^^ help: convert the identifier to upper camel case: `MggaCKcisLxcPolPart17Lo14`

warning: type `mgga_c_kcis_lxc_pol_part17_LO15` should have an upper camel case name
    --> crates/kernel-mgga-7/src/mgga_c_kcis/lxc_pol_part17.rs:1260:12
     |
1260 | pub struct mgga_c_kcis_lxc_pol_part17_LO15 {
     |            ^^^^^^^^^^^^^^^^^^^^^^^^^^^^^^^ help: convert the identifier to upper camel case: `MggaCKcisLxcPolPart17Lo15`

warning: type `mgga_c_kcis_lxc_pol_part17_LO16` should have an upper camel case name
    --> crates/kernel-mgga-7/src/mgga_c_kcis/lxc_pol_part17.rs:1339:12
     |
1339 | pub struct mgga_c_kcis_lxc_pol_part17_LO16 {
     |            ^^^^^^^^^^^^^^^^^^^^^^^^^^^^^^^ help: convert the identifier to upper camel case: `MggaCKcisLxcPolPart17Lo16`

warning: type `mgga_c_kcis_lxc_pol_part17_LO17` should have an upper camel case name
    --> crates/kernel-mgga-7/src/mgga_c_kcis/lxc_pol_part17.rs:1426:12
     |
1426 | pub struct mgga_c_kcis_lxc_pol_part17_LO17 {
     |            ^^^^^^^^^^^^^^^^^^^^^^^^^^^^^^^ help: convert the identifier to upper camel case: `MggaCKcisLxcPolPart17Lo17`

warning: type `mgga_c_kcis_lxc_pol_part17_LO18` should have an upper camel case name
    --> crates/kernel-mgga-7/src/mgga_c_kcis/lxc_pol_part17.rs:1513:12
     |
1513 | pub struct mgga_c_kcis_lxc_pol_part17_LO18 {
     |            ^^^^^^^^^^^^^^^^^^^^^^^^^^^^^^^ help: convert the identifier to upper camel case: `MggaCKcisLxcPolPart17Lo18`

warning: type `mgga_c_kcis_lxc_pol_part17_LO19` should have an upper camel case name
    --> crates/kernel-mgga-7/src/mgga_c_kcis/lxc_pol_part17.rs:1594:12
     |
1594 | pub struct mgga_c_kcis_lxc_pol_part17_LO19 {
     |            ^^^^^^^^^^^^^^^^^^^^^^^^^^^^^^^ help: convert the identifier to upper camel case: `MggaCKcisLxcPolPart17Lo19`

warning: type `mgga_c_kcis_lxc_pol_part17_LO20` should have an upper camel case name
    --> crates/kernel-mgga-7/src/mgga_c_kcis/lxc_pol_part17.rs:1683:12
     |
1683 | pub struct mgga_c_kcis_lxc_pol_part17_LO20 {
     |            ^^^^^^^^^^^^^^^^^^^^^^^^^^^^^^^ help: convert the identifier to upper camel case: `MggaCKcisLxcPolPart17Lo20`

warning: type `mgga_c_kcis_lxc_pol_part17_LO21` should have an upper camel case name
    --> crates/kernel-mgga-7/src/mgga_c_kcis/lxc_pol_part17.rs:1760:12
     |
1760 | pub struct mgga_c_kcis_lxc_pol_part17_LO21 {
     |            ^^^^^^^^^^^^^^^^^^^^^^^^^^^^^^^ help: convert the identifier to upper camel case: `MggaCKcisLxcPolPart17Lo21`

warning: type `mgga_c_kcis_lxc_pol_part17_LO22` should have an upper camel case name
    --> crates/kernel-mgga-7/src/mgga_c_kcis/lxc_pol_part17.rs:1832:12
     |
1832 | pub struct mgga_c_kcis_lxc_pol_part17_LO22 {
     |            ^^^^^^^^^^^^^^^^^^^^^^^^^^^^^^^ help: convert the identifier to upper camel case: `MggaCKcisLxcPolPart17Lo22`

warning: type `mgga_c_kcis_lxc_pol_part17_LO23` should have an upper camel case name
    --> crates/kernel-mgga-7/src/mgga_c_kcis/lxc_pol_part17.rs:1899:12
     |
1899 | pub struct mgga_c_kcis_lxc_pol_part17_LO23 {
     |            ^^^^^^^^^^^^^^^^^^^^^^^^^^^^^^^ help: convert the identifier to upper camel case: `MggaCKcisLxcPolPart17Lo23`

warning: type `mgga_c_kcis_lxc_pol_part17_LO24` should have an upper camel case name
    --> crates/kernel-mgga-7/src/mgga_c_kcis/lxc_pol_part17.rs:1937:12
     |
1937 | pub struct mgga_c_kcis_lxc_pol_part17_LO24 {
     |            ^^^^^^^^^^^^^^^^^^^^^^^^^^^^^^^ help: convert the identifier to upper camel case: `MggaCKcisLxcPolPart17Lo24`

warning: type `mgga_c_kcis_lxc_pol_part17_LO25` should have an upper camel case name
    --> crates/kernel-mgga-7/src/mgga_c_kcis/lxc_pol_part17.rs:2006:12
     |
2006 | pub struct mgga_c_kcis_lxc_pol_part17_LO25 {
     |            ^^^^^^^^^^^^^^^^^^^^^^^^^^^^^^^ help: convert the identifier to upper camel case: `MggaCKcisLxcPolPart17Lo25`

warning: type `mgga_c_kcis_lxc_pol_part17_LO26` should have an upper camel case name
    --> crates/kernel-mgga-7/src/mgga_c_kcis/lxc_pol_part17.rs:2035:12
     |
2035 | pub struct mgga_c_kcis_lxc_pol_part17_LO26 {
     |            ^^^^^^^^^^^^^^^^^^^^^^^^^^^^^^^ help: convert the identifier to upper camel case: `MggaCKcisLxcPolPart17Lo26`

warning: type `mgga_c_kcis_lxc_pol_part17_LO27` should have an upper camel case name
    --> crates/kernel-mgga-7/src/mgga_c_kcis/lxc_pol_part17.rs:2086:12
     |
2086 | pub struct mgga_c_kcis_lxc_pol_part17_LO27 {
     |            ^^^^^^^^^^^^^^^^^^^^^^^^^^^^^^^ help: convert the identifier to upper camel case: `MggaCKcisLxcPolPart17Lo27`

warning: type `mgga_c_kcis_lxc_pol_part17_LO28` should have an upper camel case name
    --> crates/kernel-mgga-7/src/mgga_c_kcis/lxc_pol_part17.rs:2145:12
     |
2145 | pub struct mgga_c_kcis_lxc_pol_part17_LO28 {
     |            ^^^^^^^^^^^^^^^^^^^^^^^^^^^^^^^ help: convert the identifier to upper camel case: `MggaCKcisLxcPolPart17Lo28`

warning: type `mgga_c_kcis_lxc_pol_part17_LO29` should have an upper camel case name
    --> crates/kernel-mgga-7/src/mgga_c_kcis/lxc_pol_part17.rs:2184:12
     |
2184 | pub struct mgga_c_kcis_lxc_pol_part17_LO29 {
     |            ^^^^^^^^^^^^^^^^^^^^^^^^^^^^^^^ help: convert the identifier to upper camel case: `MggaCKcisLxcPolPart17Lo29`

warning: type `mgga_c_kcis_lxc_pol_part17_LO30` should have an upper camel case name
    --> crates/kernel-mgga-7/src/mgga_c_kcis/lxc_pol_part17.rs:2246:12
     |
2246 | pub struct mgga_c_kcis_lxc_pol_part17_LO30 {
     |            ^^^^^^^^^^^^^^^^^^^^^^^^^^^^^^^ help: convert the identifier to upper camel case: `MggaCKcisLxcPolPart17Lo30`

warning: type `mgga_c_kcis_lxc_pol_part17_LO31` should have an upper camel case name
    --> crates/kernel-mgga-7/src/mgga_c_kcis/lxc_pol_part17.rs:2337:12
     |
2337 | pub struct mgga_c_kcis_lxc_pol_part17_LO31 {
     |            ^^^^^^^^^^^^^^^^^^^^^^^^^^^^^^^ help: convert the identifier to upper camel case: `MggaCKcisLxcPolPart17Lo31`

warning: type `mgga_c_kcis_lxc_pol_part17_LO32` should have an upper camel case name
    --> crates/kernel-mgga-7/src/mgga_c_kcis/lxc_pol_part17.rs:2427:12
     |
2427 | pub struct mgga_c_kcis_lxc_pol_part17_LO32 {
     |            ^^^^^^^^^^^^^^^^^^^^^^^^^^^^^^^ help: convert the identifier to upper camel case: `MggaCKcisLxcPolPart17Lo32`

warning: type `mgga_c_kcis_lxc_pol_part17_LO33` should have an upper camel case name
    --> crates/kernel-mgga-7/src/mgga_c_kcis/lxc_pol_part17.rs:2516:12
     |
2516 | pub struct mgga_c_kcis_lxc_pol_part17_LO33 {
     |            ^^^^^^^^^^^^^^^^^^^^^^^^^^^^^^^ help: convert the identifier to upper camel case: `MggaCKcisLxcPolPart17Lo33`

warning: type `mgga_c_kcis_lxc_pol_part17_LO34` should have an upper camel case name
    --> crates/kernel-mgga-7/src/mgga_c_kcis/lxc_pol_part17.rs:2578:12
     |
2578 | pub struct mgga_c_kcis_lxc_pol_part17_LO34 {
     |            ^^^^^^^^^^^^^^^^^^^^^^^^^^^^^^^ help: convert the identifier to upper camel case: `MggaCKcisLxcPolPart17Lo34`

warning: type `mgga_c_kcis_lxc_pol_part17_LO35` should have an upper camel case name
    --> crates/kernel-mgga-7/src/mgga_c_kcis/lxc_pol_part17.rs:2646:12
     |
2646 | pub struct mgga_c_kcis_lxc_pol_part17_LO35 {
     |            ^^^^^^^^^^^^^^^^^^^^^^^^^^^^^^^ help: convert the identifier to upper camel case: `MggaCKcisLxcPolPart17Lo35`

warning: type `mgga_c_kcis_lxc_pol_part17_LO36` should have an upper camel case name
    --> crates/kernel-mgga-7/src/mgga_c_kcis/lxc_pol_part17.rs:2668:12
     |
2668 | pub struct mgga_c_kcis_lxc_pol_part17_LO36 {
     |            ^^^^^^^^^^^^^^^^^^^^^^^^^^^^^^^ help: convert the identifier to upper camel case: `MggaCKcisLxcPolPart17Lo36`

warning: type `mgga_c_kcis_lxc_pol_part18_LO0` should have an upper camel case name
  --> crates/kernel-mgga-7/src/mgga_c_kcis/lxc_pol_part18.rs:14:12
   |
14 | pub struct mgga_c_kcis_lxc_pol_part18_LO0 {
   |            ^^^^^^^^^^^^^^^^^^^^^^^^^^^^^^ help: convert the identifier to upper camel case: `MggaCKcisLxcPolPart18Lo0`

warning: type `mgga_c_kcis_lxc_pol_part18_LO1` should have an upper camel case name
   --> crates/kernel-mgga-7/src/mgga_c_kcis/lxc_pol_part18.rs:111:12
    |
111 | pub struct mgga_c_kcis_lxc_pol_part18_LO1 {
    |            ^^^^^^^^^^^^^^^^^^^^^^^^^^^^^^ help: convert the identifier to upper camel case: `MggaCKcisLxcPolPart18Lo1`

warning: type `mgga_c_kcis_lxc_pol_part18_LO2` should have an upper camel case name
   --> crates/kernel-mgga-7/src/mgga_c_kcis/lxc_pol_part18.rs:207:12
    |
207 | pub struct mgga_c_kcis_lxc_pol_part18_LO2 {
    |            ^^^^^^^^^^^^^^^^^^^^^^^^^^^^^^ help: convert the identifier to upper camel case: `MggaCKcisLxcPolPart18Lo2`

warning: type `mgga_c_kcis_lxc_pol_part18_LO3` should have an upper camel case name
   --> crates/kernel-mgga-7/src/mgga_c_kcis/lxc_pol_part18.rs:303:12
    |
303 | pub struct mgga_c_kcis_lxc_pol_part18_LO3 {
    |            ^^^^^^^^^^^^^^^^^^^^^^^^^^^^^^ help: convert the identifier to upper camel case: `MggaCKcisLxcPolPart18Lo3`

warning: type `mgga_c_kcis_lxc_pol_part18_LO4` should have an upper camel case name
   --> crates/kernel-mgga-7/src/mgga_c_kcis/lxc_pol_part18.rs:398:12
    |
398 | pub struct mgga_c_kcis_lxc_pol_part18_LO4 {
    |            ^^^^^^^^^^^^^^^^^^^^^^^^^^^^^^ help: convert the identifier to upper camel case: `MggaCKcisLxcPolPart18Lo4`

warning: type `mgga_c_kcis_lxc_pol_part18_LO5` should have an upper camel case name
   --> crates/kernel-mgga-7/src/mgga_c_kcis/lxc_pol_part18.rs:502:12
    |
502 | pub struct mgga_c_kcis_lxc_pol_part18_LO5 {
    |            ^^^^^^^^^^^^^^^^^^^^^^^^^^^^^^ help: convert the identifier to upper camel case: `MggaCKcisLxcPolPart18Lo5`

warning: type `mgga_c_kcis_lxc_pol_part18_LO6` should have an upper camel case name
   --> crates/kernel-mgga-7/src/mgga_c_kcis/lxc_pol_part18.rs:604:12
    |
604 | pub struct mgga_c_kcis_lxc_pol_part18_LO6 {
    |            ^^^^^^^^^^^^^^^^^^^^^^^^^^^^^^ help: convert the identifier to upper camel case: `MggaCKcisLxcPolPart18Lo6`

warning: type `mgga_c_kcis_lxc_pol_part18_LO7` should have an upper camel case name
   --> crates/kernel-mgga-7/src/mgga_c_kcis/lxc_pol_part18.rs:705:12
    |
705 | pub struct mgga_c_kcis_lxc_pol_part18_LO7 {
    |            ^^^^^^^^^^^^^^^^^^^^^^^^^^^^^^ help: convert the identifier to upper camel case: `MggaCKcisLxcPolPart18Lo7`

warning: type `mgga_c_kcis_lxc_pol_part18_LO8` should have an upper camel case name
   --> crates/kernel-mgga-7/src/mgga_c_kcis/lxc_pol_part18.rs:788:12
    |
788 | pub struct mgga_c_kcis_lxc_pol_part18_LO8 {
    |            ^^^^^^^^^^^^^^^^^^^^^^^^^^^^^^ help: convert the identifier to upper camel case: `MggaCKcisLxcPolPart18Lo8`

warning: type `mgga_c_kcis_lxc_pol_part18_LO9` should have an upper camel case name
   --> crates/kernel-mgga-7/src/mgga_c_kcis/lxc_pol_part18.rs:888:12
    |
888 | pub struct mgga_c_kcis_lxc_pol_part18_LO9 {
    |            ^^^^^^^^^^^^^^^^^^^^^^^^^^^^^^ help: convert the identifier to upper camel case: `MggaCKcisLxcPolPart18Lo9`

warning: type `mgga_c_kcis_lxc_pol_part18_LO10` should have an upper camel case name
   --> crates/kernel-mgga-7/src/mgga_c_kcis/lxc_pol_part18.rs:974:12
    |
974 | pub struct mgga_c_kcis_lxc_pol_part18_LO10 {
    |            ^^^^^^^^^^^^^^^^^^^^^^^^^^^^^^^ help: convert the identifier to upper camel case: `MggaCKcisLxcPolPart18Lo10`

warning: type `mgga_c_kcis_lxc_pol_part18_LO11` should have an upper camel case name
    --> crates/kernel-mgga-7/src/mgga_c_kcis/lxc_pol_part18.rs:1074:12
     |
1074 | pub struct mgga_c_kcis_lxc_pol_part18_LO11 {
     |            ^^^^^^^^^^^^^^^^^^^^^^^^^^^^^^^ help: convert the identifier to upper camel case: `MggaCKcisLxcPolPart18Lo11`

warning: type `mgga_c_kcis_lxc_pol_part18_LO12` should have an upper camel case name
    --> crates/kernel-mgga-7/src/mgga_c_kcis/lxc_pol_part18.rs:1172:12
     |
1172 | pub struct mgga_c_kcis_lxc_pol_part18_LO12 {
     |            ^^^^^^^^^^^^^^^^^^^^^^^^^^^^^^^ help: convert the identifier to upper camel case: `MggaCKcisLxcPolPart18Lo12`

warning: type `mgga_c_kcis_lxc_pol_part18_LO13` should have an upper camel case name
    --> crates/kernel-mgga-7/src/mgga_c_kcis/lxc_pol_part18.rs:1269:12
     |
1269 | pub struct mgga_c_kcis_lxc_pol_part18_LO13 {
     |            ^^^^^^^^^^^^^^^^^^^^^^^^^^^^^^^ help: convert the identifier to upper camel case: `MggaCKcisLxcPolPart18Lo13`

warning: type `mgga_c_kcis_lxc_pol_part18_LO14` should have an upper camel case name
    --> crates/kernel-mgga-7/src/mgga_c_kcis/lxc_pol_part18.rs:1356:12
     |
1356 | pub struct mgga_c_kcis_lxc_pol_part18_LO14 {
     |            ^^^^^^^^^^^^^^^^^^^^^^^^^^^^^^^ help: convert the identifier to upper camel case: `MggaCKcisLxcPolPart18Lo14`

warning: type `mgga_c_kcis_lxc_pol_part18_LO15` should have an upper camel case name
    --> crates/kernel-mgga-7/src/mgga_c_kcis/lxc_pol_part18.rs:1443:12
     |
1443 | pub struct mgga_c_kcis_lxc_pol_part18_LO15 {
     |            ^^^^^^^^^^^^^^^^^^^^^^^^^^^^^^^ help: convert the identifier to upper camel case: `MggaCKcisLxcPolPart18Lo15`

warning: type `mgga_c_kcis_lxc_pol_part18_LO16` should have an upper camel case name
    --> crates/kernel-mgga-7/src/mgga_c_kcis/lxc_pol_part18.rs:1541:12
     |
1541 | pub struct mgga_c_kcis_lxc_pol_part18_LO16 {
     |            ^^^^^^^^^^^^^^^^^^^^^^^^^^^^^^^ help: convert the identifier to upper camel case: `MggaCKcisLxcPolPart18Lo16`

warning: type `mgga_c_kcis_lxc_pol_part18_LO17` should have an upper camel case name
    --> crates/kernel-mgga-7/src/mgga_c_kcis/lxc_pol_part18.rs:1633:12
     |
1633 | pub struct mgga_c_kcis_lxc_pol_part18_LO17 {
     |            ^^^^^^^^^^^^^^^^^^^^^^^^^^^^^^^ help: convert the identifier to upper camel case: `MggaCKcisLxcPolPart18Lo17`

warning: type `mgga_c_kcis_lxc_pol_part18_LO18` should have an upper camel case name
    --> crates/kernel-mgga-7/src/mgga_c_kcis/lxc_pol_part18.rs:1732:12
     |
1732 | pub struct mgga_c_kcis_lxc_pol_part18_LO18 {
     |            ^^^^^^^^^^^^^^^^^^^^^^^^^^^^^^^ help: convert the identifier to upper camel case: `MggaCKcisLxcPolPart18Lo18`

warning: type `mgga_c_kcis_lxc_pol_part18_LO19` should have an upper camel case name
    --> crates/kernel-mgga-7/src/mgga_c_kcis/lxc_pol_part18.rs:1821:12
     |
1821 | pub struct mgga_c_kcis_lxc_pol_part18_LO19 {
     |            ^^^^^^^^^^^^^^^^^^^^^^^^^^^^^^^ help: convert the identifier to upper camel case: `MggaCKcisLxcPolPart18Lo19`

warning: type `mgga_c_kcis_lxc_pol_part18_LO20` should have an upper camel case name
    --> crates/kernel-mgga-7/src/mgga_c_kcis/lxc_pol_part18.rs:1903:12
     |
1903 | pub struct mgga_c_kcis_lxc_pol_part18_LO20 {
     |            ^^^^^^^^^^^^^^^^^^^^^^^^^^^^^^^ help: convert the identifier to upper camel case: `MggaCKcisLxcPolPart18Lo20`

warning: type `mgga_c_kcis_lxc_pol_part18_LO21` should have an upper camel case name
    --> crates/kernel-mgga-7/src/mgga_c_kcis/lxc_pol_part18.rs:1978:12
     |
1978 | pub struct mgga_c_kcis_lxc_pol_part18_LO21 {
     |            ^^^^^^^^^^^^^^^^^^^^^^^^^^^^^^^ help: convert the identifier to upper camel case: `MggaCKcisLxcPolPart18Lo21`

warning: type `mgga_c_kcis_lxc_pol_part18_LO22` should have an upper camel case name
    --> crates/kernel-mgga-7/src/mgga_c_kcis/lxc_pol_part18.rs:2014:12
     |
2014 | pub struct mgga_c_kcis_lxc_pol_part18_LO22 {
     |            ^^^^^^^^^^^^^^^^^^^^^^^^^^^^^^^ help: convert the identifier to upper camel case: `MggaCKcisLxcPolPart18Lo22`

warning: type `mgga_c_kcis_lxc_pol_part18_LO23` should have an upper camel case name
    --> crates/kernel-mgga-7/src/mgga_c_kcis/lxc_pol_part18.rs:2068:12
     |
2068 | pub struct mgga_c_kcis_lxc_pol_part18_LO23 {
     |            ^^^^^^^^^^^^^^^^^^^^^^^^^^^^^^^ help: convert the identifier to upper camel case: `MggaCKcisLxcPolPart18Lo23`

warning: type `mgga_c_kcis_lxc_pol_part18_LO24` should have an upper camel case name
    --> crates/kernel-mgga-7/src/mgga_c_kcis/lxc_pol_part18.rs:2151:12
     |
2151 | pub struct mgga_c_kcis_lxc_pol_part18_LO24 {
     |            ^^^^^^^^^^^^^^^^^^^^^^^^^^^^^^^ help: convert the identifier to upper camel case: `MggaCKcisLxcPolPart18Lo24`

warning: type `mgga_c_kcis_lxc_pol_part18_LO25` should have an upper camel case name
    --> crates/kernel-mgga-7/src/mgga_c_kcis/lxc_pol_part18.rs:2244:12
     |
2244 | pub struct mgga_c_kcis_lxc_pol_part18_LO25 {
     |            ^^^^^^^^^^^^^^^^^^^^^^^^^^^^^^^ help: convert the identifier to upper camel case: `MggaCKcisLxcPolPart18Lo25`

warning: type `mgga_c_kcis_lxc_pol_part18_LO26` should have an upper camel case name
    --> crates/kernel-mgga-7/src/mgga_c_kcis/lxc_pol_part18.rs:2338:12
     |
2338 | pub struct mgga_c_kcis_lxc_pol_part18_LO26 {
     |            ^^^^^^^^^^^^^^^^^^^^^^^^^^^^^^^ help: convert the identifier to upper camel case: `MggaCKcisLxcPolPart18Lo26`

warning: type `mgga_c_kcis_lxc_pol_part18_LO27` should have an upper camel case name
    --> crates/kernel-mgga-7/src/mgga_c_kcis/lxc_pol_part18.rs:2405:12
     |
2405 | pub struct mgga_c_kcis_lxc_pol_part18_LO27 {
     |            ^^^^^^^^^^^^^^^^^^^^^^^^^^^^^^^ help: convert the identifier to upper camel case: `MggaCKcisLxcPolPart18Lo27`

warning: type `mgga_c_kcis_lxc_pol_part18_LO28` should have an upper camel case name
    --> crates/kernel-mgga-7/src/mgga_c_kcis/lxc_pol_part18.rs:2470:12
     |
2470 | pub struct mgga_c_kcis_lxc_pol_part18_LO28 {
     |            ^^^^^^^^^^^^^^^^^^^^^^^^^^^^^^^ help: convert the identifier to upper camel case: `MggaCKcisLxcPolPart18Lo28`

warning: type `mgga_c_kcis_lxc_pol_part18_LO29` should have an upper camel case name
    --> crates/kernel-mgga-7/src/mgga_c_kcis/lxc_pol_part18.rs:2515:12
     |
2515 | pub struct mgga_c_kcis_lxc_pol_part18_LO29 {
     |            ^^^^^^^^^^^^^^^^^^^^^^^^^^^^^^^ help: convert the identifier to upper camel case: `MggaCKcisLxcPolPart18Lo29`

warning: type `mgga_c_kcis_lxc_pol_part18_LO30` should have an upper camel case name
    --> crates/kernel-mgga-7/src/mgga_c_kcis/lxc_pol_part18.rs:2561:12
     |
2561 | pub struct mgga_c_kcis_lxc_pol_part18_LO30 {
     |            ^^^^^^^^^^^^^^^^^^^^^^^^^^^^^^^ help: convert the identifier to upper camel case: `MggaCKcisLxcPolPart18Lo30`

warning: type `mgga_c_kcis_lxc_pol_part18_LO31` should have an upper camel case name
    --> crates/kernel-mgga-7/src/mgga_c_kcis/lxc_pol_part18.rs:2616:12
     |
2616 | pub struct mgga_c_kcis_lxc_pol_part18_LO31 {
     |            ^^^^^^^^^^^^^^^^^^^^^^^^^^^^^^^ help: convert the identifier to upper camel case: `MggaCKcisLxcPolPart18Lo31`

warning: type `mgga_c_kcis_lxc_pol_part18_LO32` should have an upper camel case name
    --> crates/kernel-mgga-7/src/mgga_c_kcis/lxc_pol_part18.rs:2659:12
     |
2659 | pub struct mgga_c_kcis_lxc_pol_part18_LO32 {
     |            ^^^^^^^^^^^^^^^^^^^^^^^^^^^^^^^ help: convert the identifier to upper camel case: `MggaCKcisLxcPolPart18Lo32`

warning: type `mgga_c_kcis_lxc_pol_part18_LO33` should have an upper camel case name
    --> crates/kernel-mgga-7/src/mgga_c_kcis/lxc_pol_part18.rs:2692:12
     |
2692 | pub struct mgga_c_kcis_lxc_pol_part18_LO33 {
     |            ^^^^^^^^^^^^^^^^^^^^^^^^^^^^^^^ help: convert the identifier to upper camel case: `MggaCKcisLxcPolPart18Lo33`

warning: type `mgga_c_kcis_lxc_pol_part18_LO34` should have an upper camel case name
    --> crates/kernel-mgga-7/src/mgga_c_kcis/lxc_pol_part18.rs:2751:12
     |
2751 | pub struct mgga_c_kcis_lxc_pol_part18_LO34 {
     |            ^^^^^^^^^^^^^^^^^^^^^^^^^^^^^^^ help: convert the identifier to upper camel case: `MggaCKcisLxcPolPart18Lo34`

warning: type `mgga_c_kcis_lxc_pol_part18_LO35` should have an upper camel case name
    --> crates/kernel-mgga-7/src/mgga_c_kcis/lxc_pol_part18.rs:2838:12
     |
2838 | pub struct mgga_c_kcis_lxc_pol_part18_LO35 {
     |            ^^^^^^^^^^^^^^^^^^^^^^^^^^^^^^^ help: convert the identifier to upper camel case: `MggaCKcisLxcPolPart18Lo35`

warning: type `mgga_c_kcis_lxc_pol_part18_LO36` should have an upper camel case name
    --> crates/kernel-mgga-7/src/mgga_c_kcis/lxc_pol_part18.rs:2879:12
     |
2879 | pub struct mgga_c_kcis_lxc_pol_part18_LO36 {
     |            ^^^^^^^^^^^^^^^^^^^^^^^^^^^^^^^ help: convert the identifier to upper camel case: `MggaCKcisLxcPolPart18Lo36`

warning: type `mgga_c_kcis_lxc_pol_part18_LO37` should have an upper camel case name
    --> crates/kernel-mgga-7/src/mgga_c_kcis/lxc_pol_part18.rs:2908:12
     |
2908 | pub struct mgga_c_kcis_lxc_pol_part18_LO37 {
     |            ^^^^^^^^^^^^^^^^^^^^^^^^^^^^^^^ help: convert the identifier to upper camel case: `MggaCKcisLxcPolPart18Lo37`

warning: type `mgga_c_kcis_lxc_pol_part18_LO38` should have an upper camel case name
    --> crates/kernel-mgga-7/src/mgga_c_kcis/lxc_pol_part18.rs:2951:12
     |
2951 | pub struct mgga_c_kcis_lxc_pol_part18_LO38 {
     |            ^^^^^^^^^^^^^^^^^^^^^^^^^^^^^^^ help: convert the identifier to upper camel case: `MggaCKcisLxcPolPart18Lo38`

warning: type `mgga_c_kcis_lxc_pol_part18_LO39` should have an upper camel case name
    --> crates/kernel-mgga-7/src/mgga_c_kcis/lxc_pol_part18.rs:3024:12
     |
3024 | pub struct mgga_c_kcis_lxc_pol_part18_LO39 {
     |            ^^^^^^^^^^^^^^^^^^^^^^^^^^^^^^^ help: convert the identifier to upper camel case: `MggaCKcisLxcPolPart18Lo39`

warning: type `mgga_c_kcis_lxc_pol_part18_LO40` should have an upper camel case name
    --> crates/kernel-mgga-7/src/mgga_c_kcis/lxc_pol_part18.rs:3112:12
     |
3112 | pub struct mgga_c_kcis_lxc_pol_part18_LO40 {
     |            ^^^^^^^^^^^^^^^^^^^^^^^^^^^^^^^ help: convert the identifier to upper camel case: `MggaCKcisLxcPolPart18Lo40`

warning: type `mgga_c_kcis_lxc_pol_part18_LO41` should have an upper camel case name
    --> crates/kernel-mgga-7/src/mgga_c_kcis/lxc_pol_part18.rs:3211:12
     |
3211 | pub struct mgga_c_kcis_lxc_pol_part18_LO41 {
     |            ^^^^^^^^^^^^^^^^^^^^^^^^^^^^^^^ help: convert the identifier to upper camel case: `MggaCKcisLxcPolPart18Lo41`

warning: type `mgga_c_kcis_lxc_pol_part18_LO42` should have an upper camel case name
    --> crates/kernel-mgga-7/src/mgga_c_kcis/lxc_pol_part18.rs:3303:12
     |
3303 | pub struct mgga_c_kcis_lxc_pol_part18_LO42 {
     |            ^^^^^^^^^^^^^^^^^^^^^^^^^^^^^^^ help: convert the identifier to upper camel case: `MggaCKcisLxcPolPart18Lo42`

warning: type `mgga_c_kcis_lxc_pol_part18_LO43` should have an upper camel case name
    --> crates/kernel-mgga-7/src/mgga_c_kcis/lxc_pol_part18.rs:3397:12
     |
3397 | pub struct mgga_c_kcis_lxc_pol_part18_LO43 {
     |            ^^^^^^^^^^^^^^^^^^^^^^^^^^^^^^^ help: convert the identifier to upper camel case: `MggaCKcisLxcPolPart18Lo43`

warning: type `mgga_c_kcis_lxc_pol_part18_LO44` should have an upper camel case name
    --> crates/kernel-mgga-7/src/mgga_c_kcis/lxc_pol_part18.rs:3493:12
     |
3493 | pub struct mgga_c_kcis_lxc_pol_part18_LO44 {
     |            ^^^^^^^^^^^^^^^^^^^^^^^^^^^^^^^ help: convert the identifier to upper camel case: `MggaCKcisLxcPolPart18Lo44`

warning: type `mgga_c_kcis_lxc_pol_part18_LO45` should have an upper camel case name
    --> crates/kernel-mgga-7/src/mgga_c_kcis/lxc_pol_part18.rs:3583:12
     |
3583 | pub struct mgga_c_kcis_lxc_pol_part18_LO45 {
     |            ^^^^^^^^^^^^^^^^^^^^^^^^^^^^^^^ help: convert the identifier to upper camel case: `MggaCKcisLxcPolPart18Lo45`

warning: type `mgga_c_kcis_lxc_pol_part18_LO46` should have an upper camel case name
    --> crates/kernel-mgga-7/src/mgga_c_kcis/lxc_pol_part18.rs:3658:12
     |
3658 | pub struct mgga_c_kcis_lxc_pol_part18_LO46 {
     |            ^^^^^^^^^^^^^^^^^^^^^^^^^^^^^^^ help: convert the identifier to upper camel case: `MggaCKcisLxcPolPart18Lo46`

warning: type `mgga_c_kcis_lxc_pol_part18_LO47` should have an upper camel case name
    --> crates/kernel-mgga-7/src/mgga_c_kcis/lxc_pol_part18.rs:3672:12
     |
3672 | pub struct mgga_c_kcis_lxc_pol_part18_LO47 {
     |            ^^^^^^^^^^^^^^^^^^^^^^^^^^^^^^^ help: convert the identifier to upper camel case: `MggaCKcisLxcPolPart18Lo47`

warning: type `mgga_c_kcis_lxc_pol_part18_LO48` should have an upper camel case name
    --> crates/kernel-mgga-7/src/mgga_c_kcis/lxc_pol_part18.rs:3769:12
     |
3769 | pub struct mgga_c_kcis_lxc_pol_part18_LO48 {
     |            ^^^^^^^^^^^^^^^^^^^^^^^^^^^^^^^ help: convert the identifier to upper camel case: `MggaCKcisLxcPolPart18Lo48`

warning: type `mgga_c_kcis_lxc_pol_part18_LO49` should have an upper camel case name
    --> crates/kernel-mgga-7/src/mgga_c_kcis/lxc_pol_part18.rs:3859:12
     |
3859 | pub struct mgga_c_kcis_lxc_pol_part18_LO49 {
     |            ^^^^^^^^^^^^^^^^^^^^^^^^^^^^^^^ help: convert the identifier to upper camel case: `MggaCKcisLxcPolPart18Lo49`

warning: type `mgga_c_kcis_lxc_pol_part18_LO50` should have an upper camel case name
    --> crates/kernel-mgga-7/src/mgga_c_kcis/lxc_pol_part18.rs:3950:12
     |
3950 | pub struct mgga_c_kcis_lxc_pol_part18_LO50 {
     |            ^^^^^^^^^^^^^^^^^^^^^^^^^^^^^^^ help: convert the identifier to upper camel case: `MggaCKcisLxcPolPart18Lo50`

warning: type `mgga_c_kcis_lxc_pol_part18_LO51` should have an upper camel case name
    --> crates/kernel-mgga-7/src/mgga_c_kcis/lxc_pol_part18.rs:4027:12
     |
4027 | pub struct mgga_c_kcis_lxc_pol_part18_LO51 {
     |            ^^^^^^^^^^^^^^^^^^^^^^^^^^^^^^^ help: convert the identifier to upper camel case: `MggaCKcisLxcPolPart18Lo51`

warning: type `mgga_c_kcis_lxc_pol_part18_LO52` should have an upper camel case name
    --> crates/kernel-mgga-7/src/mgga_c_kcis/lxc_pol_part18.rs:4104:12
     |
4104 | pub struct mgga_c_kcis_lxc_pol_part18_LO52 {
     |            ^^^^^^^^^^^^^^^^^^^^^^^^^^^^^^^ help: convert the identifier to upper camel case: `MggaCKcisLxcPolPart18Lo52`

warning: type `mgga_c_kcis_lxc_pol_part18_LO53` should have an upper camel case name
    --> crates/kernel-mgga-7/src/mgga_c_kcis/lxc_pol_part18.rs:4157:12
     |
4157 | pub struct mgga_c_kcis_lxc_pol_part18_LO53 {
     |            ^^^^^^^^^^^^^^^^^^^^^^^^^^^^^^^ help: convert the identifier to upper camel case: `MggaCKcisLxcPolPart18Lo53`

warning: type `mgga_c_kcis_lxc_pol_part18_LO54` should have an upper camel case name
    --> crates/kernel-mgga-7/src/mgga_c_kcis/lxc_pol_part18.rs:4199:12
     |
4199 | pub struct mgga_c_kcis_lxc_pol_part18_LO54 {
     |            ^^^^^^^^^^^^^^^^^^^^^^^^^^^^^^^ help: convert the identifier to upper camel case: `MggaCKcisLxcPolPart18Lo54`

warning: type `mgga_c_kcis_lxc_pol_part20_LO0` should have an upper camel case name
  --> crates/kernel-mgga-7/src/mgga_c_kcis/lxc_pol_part20.rs:14:12
   |
14 | pub struct mgga_c_kcis_lxc_pol_part20_LO0 {
   |            ^^^^^^^^^^^^^^^^^^^^^^^^^^^^^^ help: convert the identifier to upper camel case: `MggaCKcisLxcPolPart20Lo0`

warning: type `mgga_c_kcis_lxc_pol_part20_LO1` should have an upper camel case name
   --> crates/kernel-mgga-7/src/mgga_c_kcis/lxc_pol_part20.rs:111:12
    |
111 | pub struct mgga_c_kcis_lxc_pol_part20_LO1 {
    |            ^^^^^^^^^^^^^^^^^^^^^^^^^^^^^^ help: convert the identifier to upper camel case: `MggaCKcisLxcPolPart20Lo1`

warning: type `mgga_c_kcis_lxc_pol_part20_LO2` should have an upper camel case name
   --> crates/kernel-mgga-7/src/mgga_c_kcis/lxc_pol_part20.rs:207:12
    |
207 | pub struct mgga_c_kcis_lxc_pol_part20_LO2 {
    |            ^^^^^^^^^^^^^^^^^^^^^^^^^^^^^^ help: convert the identifier to upper camel case: `MggaCKcisLxcPolPart20Lo2`

warning: type `mgga_c_kcis_lxc_pol_part20_LO3` should have an upper camel case name
   --> crates/kernel-mgga-7/src/mgga_c_kcis/lxc_pol_part20.rs:303:12
    |
303 | pub struct mgga_c_kcis_lxc_pol_part20_LO3 {
    |            ^^^^^^^^^^^^^^^^^^^^^^^^^^^^^^ help: convert the identifier to upper camel case: `MggaCKcisLxcPolPart20Lo3`

warning: type `mgga_c_kcis_lxc_pol_part20_LO4` should have an upper camel case name
   --> crates/kernel-mgga-7/src/mgga_c_kcis/lxc_pol_part20.rs:398:12
    |
398 | pub struct mgga_c_kcis_lxc_pol_part20_LO4 {
    |            ^^^^^^^^^^^^^^^^^^^^^^^^^^^^^^ help: convert the identifier to upper camel case: `MggaCKcisLxcPolPart20Lo4`

warning: type `mgga_c_kcis_lxc_pol_part20_LO5` should have an upper camel case name
   --> crates/kernel-mgga-7/src/mgga_c_kcis/lxc_pol_part20.rs:501:12
    |
501 | pub struct mgga_c_kcis_lxc_pol_part20_LO5 {
    |            ^^^^^^^^^^^^^^^^^^^^^^^^^^^^^^ help: convert the identifier to upper camel case: `MggaCKcisLxcPolPart20Lo5`

warning: type `mgga_c_kcis_lxc_pol_part20_LO6` should have an upper camel case name
   --> crates/kernel-mgga-7/src/mgga_c_kcis/lxc_pol_part20.rs:604:12
    |
604 | pub struct mgga_c_kcis_lxc_pol_part20_LO6 {
    |            ^^^^^^^^^^^^^^^^^^^^^^^^^^^^^^ help: convert the identifier to upper camel case: `MggaCKcisLxcPolPart20Lo6`

warning: type `mgga_c_kcis_lxc_pol_part20_LO7` should have an upper camel case name
   --> crates/kernel-mgga-7/src/mgga_c_kcis/lxc_pol_part20.rs:702:12
    |
702 | pub struct mgga_c_kcis_lxc_pol_part20_LO7 {
    |            ^^^^^^^^^^^^^^^^^^^^^^^^^^^^^^ help: convert the identifier to upper camel case: `MggaCKcisLxcPolPart20Lo7`

warning: type `mgga_c_kcis_lxc_pol_part20_LO8` should have an upper camel case name
   --> crates/kernel-mgga-7/src/mgga_c_kcis/lxc_pol_part20.rs:781:12
    |
781 | pub struct mgga_c_kcis_lxc_pol_part20_LO8 {
    |            ^^^^^^^^^^^^^^^^^^^^^^^^^^^^^^ help: convert the identifier to upper camel case: `MggaCKcisLxcPolPart20Lo8`

warning: type `mgga_c_kcis_lxc_pol_part20_LO9` should have an upper camel case name
   --> crates/kernel-mgga-7/src/mgga_c_kcis/lxc_pol_part20.rs:881:12
    |
881 | pub struct mgga_c_kcis_lxc_pol_part20_LO9 {
    |            ^^^^^^^^^^^^^^^^^^^^^^^^^^^^^^ help: convert the identifier to upper camel case: `MggaCKcisLxcPolPart20Lo9`

warning: type `mgga_c_kcis_lxc_pol_part20_LO10` should have an upper camel case name
   --> crates/kernel-mgga-7/src/mgga_c_kcis/lxc_pol_part20.rs:967:12
    |
967 | pub struct mgga_c_kcis_lxc_pol_part20_LO10 {
    |            ^^^^^^^^^^^^^^^^^^^^^^^^^^^^^^^ help: convert the identifier to upper camel case: `MggaCKcisLxcPolPart20Lo10`

warning: type `mgga_c_kcis_lxc_pol_part20_LO11` should have an upper camel case name
    --> crates/kernel-mgga-7/src/mgga_c_kcis/lxc_pol_part20.rs:1066:12
     |
1066 | pub struct mgga_c_kcis_lxc_pol_part20_LO11 {
     |            ^^^^^^^^^^^^^^^^^^^^^^^^^^^^^^^ help: convert the identifier to upper camel case: `MggaCKcisLxcPolPart20Lo11`

warning: type `mgga_c_kcis_lxc_pol_part20_LO12` should have an upper camel case name
    --> crates/kernel-mgga-7/src/mgga_c_kcis/lxc_pol_part20.rs:1164:12
     |
1164 | pub struct mgga_c_kcis_lxc_pol_part20_LO12 {
     |            ^^^^^^^^^^^^^^^^^^^^^^^^^^^^^^^ help: convert the identifier to upper camel case: `MggaCKcisLxcPolPart20Lo12`

warning: type `mgga_c_kcis_lxc_pol_part20_LO13` should have an upper camel case name
    --> crates/kernel-mgga-7/src/mgga_c_kcis/lxc_pol_part20.rs:1263:12
     |
1263 | pub struct mgga_c_kcis_lxc_pol_part20_LO13 {
     |            ^^^^^^^^^^^^^^^^^^^^^^^^^^^^^^^ help: convert the identifier to upper camel case: `MggaCKcisLxcPolPart20Lo13`

warning: type `mgga_c_kcis_lxc_pol_part20_LO14` should have an upper camel case name
    --> crates/kernel-mgga-7/src/mgga_c_kcis/lxc_pol_part20.rs:1360:12
     |
1360 | pub struct mgga_c_kcis_lxc_pol_part20_LO14 {
     |            ^^^^^^^^^^^^^^^^^^^^^^^^^^^^^^^ help: convert the identifier to upper camel case: `MggaCKcisLxcPolPart20Lo14`

warning: type `mgga_c_kcis_lxc_pol_part20_LO15` should have an upper camel case name
    --> crates/kernel-mgga-7/src/mgga_c_kcis/lxc_pol_part20.rs:1457:12
     |
1457 | pub struct mgga_c_kcis_lxc_pol_part20_LO15 {
     |            ^^^^^^^^^^^^^^^^^^^^^^^^^^^^^^^ help: convert the identifier to upper camel case: `MggaCKcisLxcPolPart20Lo15`

warning: type `mgga_c_kcis_lxc_pol_part20_LO16` should have an upper camel case name
    --> crates/kernel-mgga-7/src/mgga_c_kcis/lxc_pol_part20.rs:1546:12
     |
1546 | pub struct mgga_c_kcis_lxc_pol_part20_LO16 {
     |            ^^^^^^^^^^^^^^^^^^^^^^^^^^^^^^^ help: convert the identifier to upper camel case: `MggaCKcisLxcPolPart20Lo16`

warning: type `mgga_c_kcis_lxc_pol_part20_LO17` should have an upper camel case name
    --> crates/kernel-mgga-7/src/mgga_c_kcis/lxc_pol_part20.rs:1639:12
     |
1639 | pub struct mgga_c_kcis_lxc_pol_part20_LO17 {
     |            ^^^^^^^^^^^^^^^^^^^^^^^^^^^^^^^ help: convert the identifier to upper camel case: `MggaCKcisLxcPolPart20Lo17`

warning: type `mgga_c_kcis_lxc_pol_part20_LO18` should have an upper camel case name
    --> crates/kernel-mgga-7/src/mgga_c_kcis/lxc_pol_part20.rs:1724:12
     |
1724 | pub struct mgga_c_kcis_lxc_pol_part20_LO18 {
     |            ^^^^^^^^^^^^^^^^^^^^^^^^^^^^^^^ help: convert the identifier to upper camel case: `MggaCKcisLxcPolPart20Lo18`

warning: type `mgga_c_kcis_lxc_pol_part20_LO19` should have an upper camel case name
    --> crates/kernel-mgga-7/src/mgga_c_kcis/lxc_pol_part20.rs:1800:12
     |
1800 | pub struct mgga_c_kcis_lxc_pol_part20_LO19 {
     |            ^^^^^^^^^^^^^^^^^^^^^^^^^^^^^^^ help: convert the identifier to upper camel case: `MggaCKcisLxcPolPart20Lo19`

warning: type `mgga_c_kcis_lxc_pol_part20_LO20` should have an upper camel case name
    --> crates/kernel-mgga-7/src/mgga_c_kcis/lxc_pol_part20.rs:1874:12
     |
1874 | pub struct mgga_c_kcis_lxc_pol_part20_LO20 {
     |            ^^^^^^^^^^^^^^^^^^^^^^^^^^^^^^^ help: convert the identifier to upper camel case: `MggaCKcisLxcPolPart20Lo20`

warning: type `mgga_c_kcis_lxc_pol_part20_LO21` should have an upper camel case name
    --> crates/kernel-mgga-7/src/mgga_c_kcis/lxc_pol_part20.rs:1933:12
     |
1933 | pub struct mgga_c_kcis_lxc_pol_part20_LO21 {
     |            ^^^^^^^^^^^^^^^^^^^^^^^^^^^^^^^ help: convert the identifier to upper camel case: `MggaCKcisLxcPolPart20Lo21`

warning: type `mgga_c_kcis_lxc_pol_part20_LO22` should have an upper camel case name
    --> crates/kernel-mgga-7/src/mgga_c_kcis/lxc_pol_part20.rs:1993:12
     |
1993 | pub struct mgga_c_kcis_lxc_pol_part20_LO22 {
     |            ^^^^^^^^^^^^^^^^^^^^^^^^^^^^^^^ help: convert the identifier to upper camel case: `MggaCKcisLxcPolPart20Lo22`

warning: type `mgga_c_kcis_lxc_pol_part20_LO23` should have an upper camel case name
    --> crates/kernel-mgga-7/src/mgga_c_kcis/lxc_pol_part20.rs:2038:12
     |
2038 | pub struct mgga_c_kcis_lxc_pol_part20_LO23 {
     |            ^^^^^^^^^^^^^^^^^^^^^^^^^^^^^^^ help: convert the identifier to upper camel case: `MggaCKcisLxcPolPart20Lo23`

warning: type `mgga_c_kcis_lxc_pol_part20_LO24` should have an upper camel case name
    --> crates/kernel-mgga-7/src/mgga_c_kcis/lxc_pol_part20.rs:2138:12
     |
2138 | pub struct mgga_c_kcis_lxc_pol_part20_LO24 {
     |            ^^^^^^^^^^^^^^^^^^^^^^^^^^^^^^^ help: convert the identifier to upper camel case: `MggaCKcisLxcPolPart20Lo24`

warning: type `mgga_c_kcis_lxc_pol_part20_LO25` should have an upper camel case name
    --> crates/kernel-mgga-7/src/mgga_c_kcis/lxc_pol_part20.rs:2226:12
     |
2226 | pub struct mgga_c_kcis_lxc_pol_part20_LO25 {
     |            ^^^^^^^^^^^^^^^^^^^^^^^^^^^^^^^ help: convert the identifier to upper camel case: `MggaCKcisLxcPolPart20Lo25`

warning: type `mgga_c_kcis_lxc_pol_part20_LO26` should have an upper camel case name
    --> crates/kernel-mgga-7/src/mgga_c_kcis/lxc_pol_part20.rs:2299:12
     |
2299 | pub struct mgga_c_kcis_lxc_pol_part20_LO26 {
     |            ^^^^^^^^^^^^^^^^^^^^^^^^^^^^^^^ help: convert the identifier to upper camel case: `MggaCKcisLxcPolPart20Lo26`

warning: type `mgga_c_kcis_lxc_pol_part20_LO27` should have an upper camel case name
    --> crates/kernel-mgga-7/src/mgga_c_kcis/lxc_pol_part20.rs:2363:12
     |
2363 | pub struct mgga_c_kcis_lxc_pol_part20_LO27 {
     |            ^^^^^^^^^^^^^^^^^^^^^^^^^^^^^^^ help: convert the identifier to upper camel case: `MggaCKcisLxcPolPart20Lo27`

warning: type `mgga_c_kcis_lxc_pol_part20_LO28` should have an upper camel case name
    --> crates/kernel-mgga-7/src/mgga_c_kcis/lxc_pol_part20.rs:2433:12
     |
2433 | pub struct mgga_c_kcis_lxc_pol_part20_LO28 {
     |            ^^^^^^^^^^^^^^^^^^^^^^^^^^^^^^^ help: convert the identifier to upper camel case: `MggaCKcisLxcPolPart20Lo28`

warning: type `mgga_c_kcis_lxc_pol_part20_LO29` should have an upper camel case name
    --> crates/kernel-mgga-7/src/mgga_c_kcis/lxc_pol_part20.rs:2486:12
     |
2486 | pub struct mgga_c_kcis_lxc_pol_part20_LO29 {
     |            ^^^^^^^^^^^^^^^^^^^^^^^^^^^^^^^ help: convert the identifier to upper camel case: `MggaCKcisLxcPolPart20Lo29`

warning: type `mgga_c_kcis_lxc_pol_part20_LO30` should have an upper camel case name
    --> crates/kernel-mgga-7/src/mgga_c_kcis/lxc_pol_part20.rs:2523:12
     |
2523 | pub struct mgga_c_kcis_lxc_pol_part20_LO30 {
     |            ^^^^^^^^^^^^^^^^^^^^^^^^^^^^^^^ help: convert the identifier to upper camel case: `MggaCKcisLxcPolPart20Lo30`

warning: type `mgga_c_kcis_lxc_pol_part20_LO31` should have an upper camel case name
    --> crates/kernel-mgga-7/src/mgga_c_kcis/lxc_pol_part20.rs:2589:12
     |
2589 | pub struct mgga_c_kcis_lxc_pol_part20_LO31 {
     |            ^^^^^^^^^^^^^^^^^^^^^^^^^^^^^^^ help: convert the identifier to upper camel case: `MggaCKcisLxcPolPart20Lo31`

warning: type `mgga_c_kcis_lxc_pol_part20_LO32` should have an upper camel case name
    --> crates/kernel-mgga-7/src/mgga_c_kcis/lxc_pol_part20.rs:2621:12
     |
2621 | pub struct mgga_c_kcis_lxc_pol_part20_LO32 {
     |            ^^^^^^^^^^^^^^^^^^^^^^^^^^^^^^^ help: convert the identifier to upper camel case: `MggaCKcisLxcPolPart20Lo32`

warning: type `mgga_c_kcis_lxc_pol_part20_LO33` should have an upper camel case name
    --> crates/kernel-mgga-7/src/mgga_c_kcis/lxc_pol_part20.rs:2644:12
     |
2644 | pub struct mgga_c_kcis_lxc_pol_part20_LO33 {
     |            ^^^^^^^^^^^^^^^^^^^^^^^^^^^^^^^ help: convert the identifier to upper camel case: `MggaCKcisLxcPolPart20Lo33`

warning: type `mgga_c_kcis_lxc_pol_part20_LO34` should have an upper camel case name
    --> crates/kernel-mgga-7/src/mgga_c_kcis/lxc_pol_part20.rs:2737:12
     |
2737 | pub struct mgga_c_kcis_lxc_pol_part20_LO34 {
     |            ^^^^^^^^^^^^^^^^^^^^^^^^^^^^^^^ help: convert the identifier to upper camel case: `MggaCKcisLxcPolPart20Lo34`

warning: type `mgga_c_kcis_lxc_pol_part20_LO35` should have an upper camel case name
    --> crates/kernel-mgga-7/src/mgga_c_kcis/lxc_pol_part20.rs:2778:12
     |
2778 | pub struct mgga_c_kcis_lxc_pol_part20_LO35 {
     |            ^^^^^^^^^^^^^^^^^^^^^^^^^^^^^^^ help: convert the identifier to upper camel case: `MggaCKcisLxcPolPart20Lo35`

warning: type `mgga_c_kcis_lxc_pol_part20_LO36` should have an upper camel case name
    --> crates/kernel-mgga-7/src/mgga_c_kcis/lxc_pol_part20.rs:2813:12
     |
2813 | pub struct mgga_c_kcis_lxc_pol_part20_LO36 {
     |            ^^^^^^^^^^^^^^^^^^^^^^^^^^^^^^^ help: convert the identifier to upper camel case: `MggaCKcisLxcPolPart20Lo36`

warning: type `mgga_c_kcis_lxc_pol_part20_LO37` should have an upper camel case name
    --> crates/kernel-mgga-7/src/mgga_c_kcis/lxc_pol_part20.rs:2867:12
     |
2867 | pub struct mgga_c_kcis_lxc_pol_part20_LO37 {
     |            ^^^^^^^^^^^^^^^^^^^^^^^^^^^^^^^ help: convert the identifier to upper camel case: `MggaCKcisLxcPolPart20Lo37`

warning: type `mgga_c_kcis_lxc_pol_part20_LO38` should have an upper camel case name
    --> crates/kernel-mgga-7/src/mgga_c_kcis/lxc_pol_part20.rs:2929:12
     |
2929 | pub struct mgga_c_kcis_lxc_pol_part20_LO38 {
     |            ^^^^^^^^^^^^^^^^^^^^^^^^^^^^^^^ help: convert the identifier to upper camel case: `MggaCKcisLxcPolPart20Lo38`

warning: type `mgga_c_kcis_lxc_pol_part20_LO39` should have an upper camel case name
    --> crates/kernel-mgga-7/src/mgga_c_kcis/lxc_pol_part20.rs:3028:12
     |
3028 | pub struct mgga_c_kcis_lxc_pol_part20_LO39 {
     |            ^^^^^^^^^^^^^^^^^^^^^^^^^^^^^^^ help: convert the identifier to upper camel case: `MggaCKcisLxcPolPart20Lo39`

warning: type `mgga_c_kcis_lxc_pol_part20_LO40` should have an upper camel case name
    --> crates/kernel-mgga-7/src/mgga_c_kcis/lxc_pol_part20.rs:3127:12
     |
3127 | pub struct mgga_c_kcis_lxc_pol_part20_LO40 {
     |            ^^^^^^^^^^^^^^^^^^^^^^^^^^^^^^^ help: convert the identifier to upper camel case: `MggaCKcisLxcPolPart20Lo40`

warning: type `mgga_c_kcis_lxc_pol_part20_LO41` should have an upper camel case name
    --> crates/kernel-mgga-7/src/mgga_c_kcis/lxc_pol_part20.rs:3219:12
     |
3219 | pub struct mgga_c_kcis_lxc_pol_part20_LO41 {
     |            ^^^^^^^^^^^^^^^^^^^^^^^^^^^^^^^ help: convert the identifier to upper camel case: `MggaCKcisLxcPolPart20Lo41`

warning: type `mgga_c_kcis_lxc_pol_part20_LO42` should have an upper camel case name
    --> crates/kernel-mgga-7/src/mgga_c_kcis/lxc_pol_part20.rs:3316:12
     |
3316 | pub struct mgga_c_kcis_lxc_pol_part20_LO42 {
     |            ^^^^^^^^^^^^^^^^^^^^^^^^^^^^^^^ help: convert the identifier to upper camel case: `MggaCKcisLxcPolPart20Lo42`

warning: type `mgga_c_kcis_lxc_pol_part20_LO43` should have an upper camel case name
    --> crates/kernel-mgga-7/src/mgga_c_kcis/lxc_pol_part20.rs:3397:12
     |
3397 | pub struct mgga_c_kcis_lxc_pol_part20_LO43 {
     |            ^^^^^^^^^^^^^^^^^^^^^^^^^^^^^^^ help: convert the identifier to upper camel case: `MggaCKcisLxcPolPart20Lo43`

warning: type `mgga_c_kcis_lxc_pol_part20_LO44` should have an upper camel case name
    --> crates/kernel-mgga-7/src/mgga_c_kcis/lxc_pol_part20.rs:3494:12
     |
3494 | pub struct mgga_c_kcis_lxc_pol_part20_LO44 {
     |            ^^^^^^^^^^^^^^^^^^^^^^^^^^^^^^^ help: convert the identifier to upper camel case: `MggaCKcisLxcPolPart20Lo44`

warning: type `mgga_c_kcis_lxc_pol_part20_LO45` should have an upper camel case name
    --> crates/kernel-mgga-7/src/mgga_c_kcis/lxc_pol_part20.rs:3533:12
     |
3533 | pub struct mgga_c_kcis_lxc_pol_part20_LO45 {
     |            ^^^^^^^^^^^^^^^^^^^^^^^^^^^^^^^ help: convert the identifier to upper camel case: `MggaCKcisLxcPolPart20Lo45`

warning: type `mgga_c_kcis_lxc_pol_part20_LO46` should have an upper camel case name
    --> crates/kernel-mgga-7/src/mgga_c_kcis/lxc_pol_part20.rs:3572:12
     |
3572 | pub struct mgga_c_kcis_lxc_pol_part20_LO46 {
     |            ^^^^^^^^^^^^^^^^^^^^^^^^^^^^^^^ help: convert the identifier to upper camel case: `MggaCKcisLxcPolPart20Lo46`

warning: type `mgga_c_kcis_lxc_pol_part20_LO47` should have an upper camel case name
    --> crates/kernel-mgga-7/src/mgga_c_kcis/lxc_pol_part20.rs:3666:12
     |
3666 | pub struct mgga_c_kcis_lxc_pol_part20_LO47 {
     |            ^^^^^^^^^^^^^^^^^^^^^^^^^^^^^^^ help: convert the identifier to upper camel case: `MggaCKcisLxcPolPart20Lo47`

warning: type `mgga_c_kcis_lxc_pol_part20_LO48` should have an upper camel case name
    --> crates/kernel-mgga-7/src/mgga_c_kcis/lxc_pol_part20.rs:3754:12
     |
3754 | pub struct mgga_c_kcis_lxc_pol_part20_LO48 {
     |            ^^^^^^^^^^^^^^^^^^^^^^^^^^^^^^^ help: convert the identifier to upper camel case: `MggaCKcisLxcPolPart20Lo48`

warning: type `mgga_c_kcis_lxc_pol_part20_LO49` should have an upper camel case name
    --> crates/kernel-mgga-7/src/mgga_c_kcis/lxc_pol_part20.rs:3836:12
     |
3836 | pub struct mgga_c_kcis_lxc_pol_part20_LO49 {
     |            ^^^^^^^^^^^^^^^^^^^^^^^^^^^^^^^ help: convert the identifier to upper camel case: `MggaCKcisLxcPolPart20Lo49`

warning: type `mgga_c_kcis_lxc_pol_part20_LO50` should have an upper camel case name
    --> crates/kernel-mgga-7/src/mgga_c_kcis/lxc_pol_part20.rs:3910:12
     |
3910 | pub struct mgga_c_kcis_lxc_pol_part20_LO50 {
     |            ^^^^^^^^^^^^^^^^^^^^^^^^^^^^^^^ help: convert the identifier to upper camel case: `MggaCKcisLxcPolPart20Lo50`

warning: type `mgga_c_kcis_lxc_pol_part20_LO51` should have an upper camel case name
    --> crates/kernel-mgga-7/src/mgga_c_kcis/lxc_pol_part20.rs:3972:12
     |
3972 | pub struct mgga_c_kcis_lxc_pol_part20_LO51 {
     |            ^^^^^^^^^^^^^^^^^^^^^^^^^^^^^^^ help: convert the identifier to upper camel case: `MggaCKcisLxcPolPart20Lo51`

warning: type `mgga_c_kcis_lxc_pol_part20_LO52` should have an upper camel case name
    --> crates/kernel-mgga-7/src/mgga_c_kcis/lxc_pol_part20.rs:4018:12
     |
4018 | pub struct mgga_c_kcis_lxc_pol_part20_LO52 {
     |            ^^^^^^^^^^^^^^^^^^^^^^^^^^^^^^^ help: convert the identifier to upper camel case: `MggaCKcisLxcPolPart20Lo52`

warning: type `mgga_c_kcis_lxc_pol_part21_LO0` should have an upper camel case name
  --> crates/kernel-mgga-7/src/mgga_c_kcis/lxc_pol_part21.rs:14:12
   |
14 | pub struct mgga_c_kcis_lxc_pol_part21_LO0 {
   |            ^^^^^^^^^^^^^^^^^^^^^^^^^^^^^^ help: convert the identifier to upper camel case: `MggaCKcisLxcPolPart21Lo0`

warning: type `mgga_c_kcis_lxc_pol_part21_LO1` should have an upper camel case name
   --> crates/kernel-mgga-7/src/mgga_c_kcis/lxc_pol_part21.rs:111:12
    |
111 | pub struct mgga_c_kcis_lxc_pol_part21_LO1 {
    |            ^^^^^^^^^^^^^^^^^^^^^^^^^^^^^^ help: convert the identifier to upper camel case: `MggaCKcisLxcPolPart21Lo1`

warning: type `mgga_c_kcis_lxc_pol_part21_LO2` should have an upper camel case name
   --> crates/kernel-mgga-7/src/mgga_c_kcis/lxc_pol_part21.rs:207:12
    |
207 | pub struct mgga_c_kcis_lxc_pol_part21_LO2 {
    |            ^^^^^^^^^^^^^^^^^^^^^^^^^^^^^^ help: convert the identifier to upper camel case: `MggaCKcisLxcPolPart21Lo2`

warning: type `mgga_c_kcis_lxc_pol_part21_LO3` should have an upper camel case name
   --> crates/kernel-mgga-7/src/mgga_c_kcis/lxc_pol_part21.rs:303:12
    |
303 | pub struct mgga_c_kcis_lxc_pol_part21_LO3 {
    |            ^^^^^^^^^^^^^^^^^^^^^^^^^^^^^^ help: convert the identifier to upper camel case: `MggaCKcisLxcPolPart21Lo3`

warning: type `mgga_c_kcis_lxc_pol_part21_LO4` should have an upper camel case name
   --> crates/kernel-mgga-7/src/mgga_c_kcis/lxc_pol_part21.rs:398:12
    |
398 | pub struct mgga_c_kcis_lxc_pol_part21_LO4 {
    |            ^^^^^^^^^^^^^^^^^^^^^^^^^^^^^^ help: convert the identifier to upper camel case: `MggaCKcisLxcPolPart21Lo4`

warning: type `mgga_c_kcis_lxc_pol_part21_LO5` should have an upper camel case name
   --> crates/kernel-mgga-7/src/mgga_c_kcis/lxc_pol_part21.rs:499:12
    |
499 | pub struct mgga_c_kcis_lxc_pol_part21_LO5 {
    |            ^^^^^^^^^^^^^^^^^^^^^^^^^^^^^^ help: convert the identifier to upper camel case: `MggaCKcisLxcPolPart21Lo5`

warning: type `mgga_c_kcis_lxc_pol_part21_LO6` should have an upper camel case name
   --> crates/kernel-mgga-7/src/mgga_c_kcis/lxc_pol_part21.rs:597:12
    |
597 | pub struct mgga_c_kcis_lxc_pol_part21_LO6 {
    |            ^^^^^^^^^^^^^^^^^^^^^^^^^^^^^^ help: convert the identifier to upper camel case: `MggaCKcisLxcPolPart21Lo6`

warning: type `mgga_c_kcis_lxc_pol_part21_LO7` should have an upper camel case name
   --> crates/kernel-mgga-7/src/mgga_c_kcis/lxc_pol_part21.rs:696:12
    |
696 | pub struct mgga_c_kcis_lxc_pol_part21_LO7 {
    |            ^^^^^^^^^^^^^^^^^^^^^^^^^^^^^^ help: convert the identifier to upper camel case: `MggaCKcisLxcPolPart21Lo7`

warning: type `mgga_c_kcis_lxc_pol_part21_LO8` should have an upper camel case name
   --> crates/kernel-mgga-7/src/mgga_c_kcis/lxc_pol_part21.rs:779:12
    |
779 | pub struct mgga_c_kcis_lxc_pol_part21_LO8 {
    |            ^^^^^^^^^^^^^^^^^^^^^^^^^^^^^^ help: convert the identifier to upper camel case: `MggaCKcisLxcPolPart21Lo8`

warning: type `mgga_c_kcis_lxc_pol_part21_LO9` should have an upper camel case name
   --> crates/kernel-mgga-7/src/mgga_c_kcis/lxc_pol_part21.rs:879:12
    |
879 | pub struct mgga_c_kcis_lxc_pol_part21_LO9 {
    |            ^^^^^^^^^^^^^^^^^^^^^^^^^^^^^^ help: convert the identifier to upper camel case: `MggaCKcisLxcPolPart21Lo9`

warning: type `mgga_c_kcis_lxc_pol_part21_LO10` should have an upper camel case name
   --> crates/kernel-mgga-7/src/mgga_c_kcis/lxc_pol_part21.rs:966:12
    |
966 | pub struct mgga_c_kcis_lxc_pol_part21_LO10 {
    |            ^^^^^^^^^^^^^^^^^^^^^^^^^^^^^^^ help: convert the identifier to upper camel case: `MggaCKcisLxcPolPart21Lo10`

warning: type `mgga_c_kcis_lxc_pol_part21_LO11` should have an upper camel case name
    --> crates/kernel-mgga-7/src/mgga_c_kcis/lxc_pol_part21.rs:1065:12
     |
1065 | pub struct mgga_c_kcis_lxc_pol_part21_LO11 {
     |            ^^^^^^^^^^^^^^^^^^^^^^^^^^^^^^^ help: convert the identifier to upper camel case: `MggaCKcisLxcPolPart21Lo11`

warning: type `mgga_c_kcis_lxc_pol_part21_LO12` should have an upper camel case name
    --> crates/kernel-mgga-7/src/mgga_c_kcis/lxc_pol_part21.rs:1158:12
     |
1158 | pub struct mgga_c_kcis_lxc_pol_part21_LO12 {
     |            ^^^^^^^^^^^^^^^^^^^^^^^^^^^^^^^ help: convert the identifier to upper camel case: `MggaCKcisLxcPolPart21Lo12`

warning: type `mgga_c_kcis_lxc_pol_part21_LO13` should have an upper camel case name
    --> crates/kernel-mgga-7/src/mgga_c_kcis/lxc_pol_part21.rs:1257:12
     |
1257 | pub struct mgga_c_kcis_lxc_pol_part21_LO13 {
     |            ^^^^^^^^^^^^^^^^^^^^^^^^^^^^^^^ help: convert the identifier to upper camel case: `MggaCKcisLxcPolPart21Lo13`

warning: type `mgga_c_kcis_lxc_pol_part21_LO14` should have an upper camel case name
    --> crates/kernel-mgga-7/src/mgga_c_kcis/lxc_pol_part21.rs:1348:12
     |
1348 | pub struct mgga_c_kcis_lxc_pol_part21_LO14 {
     |            ^^^^^^^^^^^^^^^^^^^^^^^^^^^^^^^ help: convert the identifier to upper camel case: `MggaCKcisLxcPolPart21Lo14`

warning: type `mgga_c_kcis_lxc_pol_part21_LO15` should have an upper camel case name
    --> crates/kernel-mgga-7/src/mgga_c_kcis/lxc_pol_part21.rs:1447:12
     |
1447 | pub struct mgga_c_kcis_lxc_pol_part21_LO15 {
     |            ^^^^^^^^^^^^^^^^^^^^^^^^^^^^^^^ help: convert the identifier to upper camel case: `MggaCKcisLxcPolPart21Lo15`

warning: type `mgga_c_kcis_lxc_pol_part21_LO16` should have an upper camel case name
    --> crates/kernel-mgga-7/src/mgga_c_kcis/lxc_pol_part21.rs:1530:12
     |
1530 | pub struct mgga_c_kcis_lxc_pol_part21_LO16 {
     |            ^^^^^^^^^^^^^^^^^^^^^^^^^^^^^^^ help: convert the identifier to upper camel case: `MggaCKcisLxcPolPart21Lo16`

warning: type `mgga_c_kcis_lxc_pol_part21_LO17` should have an upper camel case name
    --> crates/kernel-mgga-7/src/mgga_c_kcis/lxc_pol_part21.rs:1632:12
     |
1632 | pub struct mgga_c_kcis_lxc_pol_part21_LO17 {
     |            ^^^^^^^^^^^^^^^^^^^^^^^^^^^^^^^ help: convert the identifier to upper camel case: `MggaCKcisLxcPolPart21Lo17`

warning: type `mgga_c_kcis_lxc_pol_part21_LO18` should have an upper camel case name
    --> crates/kernel-mgga-7/src/mgga_c_kcis/lxc_pol_part21.rs:1731:12
     |
1731 | pub struct mgga_c_kcis_lxc_pol_part21_LO18 {
     |            ^^^^^^^^^^^^^^^^^^^^^^^^^^^^^^^ help: convert the identifier to upper camel case: `MggaCKcisLxcPolPart21Lo18`

warning: type `mgga_c_kcis_lxc_pol_part21_LO19` should have an upper camel case name
    --> crates/kernel-mgga-7/src/mgga_c_kcis/lxc_pol_part21.rs:1809:12
     |
1809 | pub struct mgga_c_kcis_lxc_pol_part21_LO19 {
     |            ^^^^^^^^^^^^^^^^^^^^^^^^^^^^^^^ help: convert the identifier to upper camel case: `MggaCKcisLxcPolPart21Lo19`

warning: type `mgga_c_kcis_lxc_pol_part21_LO20` should have an upper camel case name
    --> crates/kernel-mgga-7/src/mgga_c_kcis/lxc_pol_part21.rs:1883:12
     |
1883 | pub struct mgga_c_kcis_lxc_pol_part21_LO20 {
     |            ^^^^^^^^^^^^^^^^^^^^^^^^^^^^^^^ help: convert the identifier to upper camel case: `MggaCKcisLxcPolPart21Lo20`

warning: type `mgga_c_kcis_lxc_pol_part21_LO21` should have an upper camel case name
    --> crates/kernel-mgga-7/src/mgga_c_kcis/lxc_pol_part21.rs:1943:12
     |
1943 | pub struct mgga_c_kcis_lxc_pol_part21_LO21 {
     |            ^^^^^^^^^^^^^^^^^^^^^^^^^^^^^^^ help: convert the identifier to upper camel case: `MggaCKcisLxcPolPart21Lo21`

warning: type `mgga_c_kcis_lxc_pol_part21_LO22` should have an upper camel case name
    --> crates/kernel-mgga-7/src/mgga_c_kcis/lxc_pol_part21.rs:2006:12
     |
2006 | pub struct mgga_c_kcis_lxc_pol_part21_LO22 {
     |            ^^^^^^^^^^^^^^^^^^^^^^^^^^^^^^^ help: convert the identifier to upper camel case: `MggaCKcisLxcPolPart21Lo22`

warning: type `mgga_c_kcis_lxc_pol_part21_LO23` should have an upper camel case name
    --> crates/kernel-mgga-7/src/mgga_c_kcis/lxc_pol_part21.rs:2054:12
     |
2054 | pub struct mgga_c_kcis_lxc_pol_part21_LO23 {
     |            ^^^^^^^^^^^^^^^^^^^^^^^^^^^^^^^ help: convert the identifier to upper camel case: `MggaCKcisLxcPolPart21Lo23`

warning: type `mgga_c_kcis_lxc_pol_part21_LO24` should have an upper camel case name
    --> crates/kernel-mgga-7/src/mgga_c_kcis/lxc_pol_part21.rs:2146:12
     |
2146 | pub struct mgga_c_kcis_lxc_pol_part21_LO24 {
     |            ^^^^^^^^^^^^^^^^^^^^^^^^^^^^^^^ help: convert the identifier to upper camel case: `MggaCKcisLxcPolPart21Lo24`

warning: type `mgga_c_kcis_lxc_pol_part21_LO25` should have an upper camel case name
    --> crates/kernel-mgga-7/src/mgga_c_kcis/lxc_pol_part21.rs:2239:12
     |
2239 | pub struct mgga_c_kcis_lxc_pol_part21_LO25 {
     |            ^^^^^^^^^^^^^^^^^^^^^^^^^^^^^^^ help: convert the identifier to upper camel case: `MggaCKcisLxcPolPart21Lo25`

warning: type `mgga_c_kcis_lxc_pol_part21_LO26` should have an upper camel case name
    --> crates/kernel-mgga-7/src/mgga_c_kcis/lxc_pol_part21.rs:2331:12
     |
2331 | pub struct mgga_c_kcis_lxc_pol_part21_LO26 {
     |            ^^^^^^^^^^^^^^^^^^^^^^^^^^^^^^^ help: convert the identifier to upper camel case: `MggaCKcisLxcPolPart21Lo26`

warning: type `mgga_c_kcis_lxc_pol_part21_LO27` should have an upper camel case name
    --> crates/kernel-mgga-7/src/mgga_c_kcis/lxc_pol_part21.rs:2422:12
     |
2422 | pub struct mgga_c_kcis_lxc_pol_part21_LO27 {
     |            ^^^^^^^^^^^^^^^^^^^^^^^^^^^^^^^ help: convert the identifier to upper camel case: `MggaCKcisLxcPolPart21Lo27`

warning: type `mgga_c_kcis_lxc_pol_part21_LO28` should have an upper camel case name
    --> crates/kernel-mgga-7/src/mgga_c_kcis/lxc_pol_part21.rs:2501:12
     |
2501 | pub struct mgga_c_kcis_lxc_pol_part21_LO28 {
     |            ^^^^^^^^^^^^^^^^^^^^^^^^^^^^^^^ help: convert the identifier to upper camel case: `MggaCKcisLxcPolPart21Lo28`

warning: type `mgga_c_kcis_lxc_pol_part21_LO29` should have an upper camel case name
    --> crates/kernel-mgga-7/src/mgga_c_kcis/lxc_pol_part21.rs:2552:12
     |
2552 | pub struct mgga_c_kcis_lxc_pol_part21_LO29 {
     |            ^^^^^^^^^^^^^^^^^^^^^^^^^^^^^^^ help: convert the identifier to upper camel case: `MggaCKcisLxcPolPart21Lo29`

warning: type `mgga_c_kcis_lxc_pol_part21_LO30` should have an upper camel case name
    --> crates/kernel-mgga-7/src/mgga_c_kcis/lxc_pol_part21.rs:2610:12
     |
2610 | pub struct mgga_c_kcis_lxc_pol_part21_LO30 {
     |            ^^^^^^^^^^^^^^^^^^^^^^^^^^^^^^^ help: convert the identifier to upper camel case: `MggaCKcisLxcPolPart21Lo30`

warning: type `mgga_c_kcis_lxc_pol_part21_LO31` should have an upper camel case name
    --> crates/kernel-mgga-7/src/mgga_c_kcis/lxc_pol_part21.rs:2653:12
     |
2653 | pub struct mgga_c_kcis_lxc_pol_part21_LO31 {
     |            ^^^^^^^^^^^^^^^^^^^^^^^^^^^^^^^ help: convert the identifier to upper camel case: `MggaCKcisLxcPolPart21Lo31`

warning: type `mgga_c_kcis_lxc_pol_part21_LO32` should have an upper camel case name
    --> crates/kernel-mgga-7/src/mgga_c_kcis/lxc_pol_part21.rs:2673:12
     |
2673 | pub struct mgga_c_kcis_lxc_pol_part21_LO32 {
     |            ^^^^^^^^^^^^^^^^^^^^^^^^^^^^^^^ help: convert the identifier to upper camel case: `MggaCKcisLxcPolPart21Lo32`

warning: type `mgga_c_kcis_lxc_pol_part21_LO33` should have an upper camel case name
    --> crates/kernel-mgga-7/src/mgga_c_kcis/lxc_pol_part21.rs:2735:12
     |
2735 | pub struct mgga_c_kcis_lxc_pol_part21_LO33 {
     |            ^^^^^^^^^^^^^^^^^^^^^^^^^^^^^^^ help: convert the identifier to upper camel case: `MggaCKcisLxcPolPart21Lo33`

warning: type `mgga_c_kcis_lxc_pol_part21_LO34` should have an upper camel case name
    --> crates/kernel-mgga-7/src/mgga_c_kcis/lxc_pol_part21.rs:2804:12
     |
2804 | pub struct mgga_c_kcis_lxc_pol_part21_LO34 {
     |            ^^^^^^^^^^^^^^^^^^^^^^^^^^^^^^^ help: convert the identifier to upper camel case: `MggaCKcisLxcPolPart21Lo34`

warning: type `mgga_c_kcis_lxc_pol_part21_LO35` should have an upper camel case name
    --> crates/kernel-mgga-7/src/mgga_c_kcis/lxc_pol_part21.rs:2884:12
     |
2884 | pub struct mgga_c_kcis_lxc_pol_part21_LO35 {
     |            ^^^^^^^^^^^^^^^^^^^^^^^^^^^^^^^ help: convert the identifier to upper camel case: `MggaCKcisLxcPolPart21Lo35`

warning: type `mgga_c_kcis_lxc_pol_part21_LO36` should have an upper camel case name
    --> crates/kernel-mgga-7/src/mgga_c_kcis/lxc_pol_part21.rs:2947:12
     |
2947 | pub struct mgga_c_kcis_lxc_pol_part21_LO36 {
     |            ^^^^^^^^^^^^^^^^^^^^^^^^^^^^^^^ help: convert the identifier to upper camel case: `MggaCKcisLxcPolPart21Lo36`

warning: type `mgga_c_kcis_lxc_pol_part21_LO37` should have an upper camel case name
    --> crates/kernel-mgga-7/src/mgga_c_kcis/lxc_pol_part21.rs:2969:12
     |
2969 | pub struct mgga_c_kcis_lxc_pol_part21_LO37 {
     |            ^^^^^^^^^^^^^^^^^^^^^^^^^^^^^^^ help: convert the identifier to upper camel case: `MggaCKcisLxcPolPart21Lo37`

warning: type `mgga_c_kcis_lxc_pol_part21_LO38` should have an upper camel case name
    --> crates/kernel-mgga-7/src/mgga_c_kcis/lxc_pol_part21.rs:3049:12
     |
3049 | pub struct mgga_c_kcis_lxc_pol_part21_LO38 {
     |            ^^^^^^^^^^^^^^^^^^^^^^^^^^^^^^^ help: convert the identifier to upper camel case: `MggaCKcisLxcPolPart21Lo38`

warning: type `mgga_c_kcis_lxc_pol_part21_LO39` should have an upper camel case name
    --> crates/kernel-mgga-7/src/mgga_c_kcis/lxc_pol_part21.rs:3135:12
     |
3135 | pub struct mgga_c_kcis_lxc_pol_part21_LO39 {
     |            ^^^^^^^^^^^^^^^^^^^^^^^^^^^^^^^ help: convert the identifier to upper camel case: `MggaCKcisLxcPolPart21Lo39`

warning: type `mgga_c_kcis_lxc_pol_part21_LO40` should have an upper camel case name
    --> crates/kernel-mgga-7/src/mgga_c_kcis/lxc_pol_part21.rs:3232:12
     |
3232 | pub struct mgga_c_kcis_lxc_pol_part21_LO40 {
     |            ^^^^^^^^^^^^^^^^^^^^^^^^^^^^^^^ help: convert the identifier to upper camel case: `MggaCKcisLxcPolPart21Lo40`

warning: type `mgga_c_kcis_lxc_pol_part21_LO41` should have an upper camel case name
    --> crates/kernel-mgga-7/src/mgga_c_kcis/lxc_pol_part21.rs:3331:12
     |
3331 | pub struct mgga_c_kcis_lxc_pol_part21_LO41 {
     |            ^^^^^^^^^^^^^^^^^^^^^^^^^^^^^^^ help: convert the identifier to upper camel case: `MggaCKcisLxcPolPart21Lo41`

warning: type `mgga_c_kcis_lxc_pol_part21_LO42` should have an upper camel case name
    --> crates/kernel-mgga-7/src/mgga_c_kcis/lxc_pol_part21.rs:3426:12
     |
3426 | pub struct mgga_c_kcis_lxc_pol_part21_LO42 {
     |            ^^^^^^^^^^^^^^^^^^^^^^^^^^^^^^^ help: convert the identifier to upper camel case: `MggaCKcisLxcPolPart21Lo42`

warning: type `mgga_c_kcis_lxc_pol_part21_LO43` should have an upper camel case name
    --> crates/kernel-mgga-7/src/mgga_c_kcis/lxc_pol_part21.rs:3485:12
     |
3485 | pub struct mgga_c_kcis_lxc_pol_part21_LO43 {
     |            ^^^^^^^^^^^^^^^^^^^^^^^^^^^^^^^ help: convert the identifier to upper camel case: `MggaCKcisLxcPolPart21Lo43`

warning: type `mgga_c_kcis_lxc_pol_part21_LO44` should have an upper camel case name
    --> crates/kernel-mgga-7/src/mgga_c_kcis/lxc_pol_part21.rs:3580:12
     |
3580 | pub struct mgga_c_kcis_lxc_pol_part21_LO44 {
     |            ^^^^^^^^^^^^^^^^^^^^^^^^^^^^^^^ help: convert the identifier to upper camel case: `MggaCKcisLxcPolPart21Lo44`

warning: type `mgga_c_kcis_lxc_pol_part21_LO45` should have an upper camel case name
    --> crates/kernel-mgga-7/src/mgga_c_kcis/lxc_pol_part21.rs:3640:12
     |
3640 | pub struct mgga_c_kcis_lxc_pol_part21_LO45 {
     |            ^^^^^^^^^^^^^^^^^^^^^^^^^^^^^^^ help: convert the identifier to upper camel case: `MggaCKcisLxcPolPart21Lo45`

warning: type `mgga_c_kcis_lxc_pol_part21_LO46` should have an upper camel case name
    --> crates/kernel-mgga-7/src/mgga_c_kcis/lxc_pol_part21.rs:3658:12
     |
3658 | pub struct mgga_c_kcis_lxc_pol_part21_LO46 {
     |            ^^^^^^^^^^^^^^^^^^^^^^^^^^^^^^^ help: convert the identifier to upper camel case: `MggaCKcisLxcPolPart21Lo46`

warning: type `mgga_c_kcis_lxc_pol_part21_LO47` should have an upper camel case name
    --> crates/kernel-mgga-7/src/mgga_c_kcis/lxc_pol_part21.rs:3756:12
     |
3756 | pub struct mgga_c_kcis_lxc_pol_part21_LO47 {
     |            ^^^^^^^^^^^^^^^^^^^^^^^^^^^^^^^ help: convert the identifier to upper camel case: `MggaCKcisLxcPolPart21Lo47`

warning: type `mgga_c_kcis_lxc_pol_part21_LO48` should have an upper camel case name
    --> crates/kernel-mgga-7/src/mgga_c_kcis/lxc_pol_part21.rs:3853:12
     |
3853 | pub struct mgga_c_kcis_lxc_pol_part21_LO48 {
     |            ^^^^^^^^^^^^^^^^^^^^^^^^^^^^^^^ help: convert the identifier to upper camel case: `MggaCKcisLxcPolPart21Lo48`

warning: type `mgga_c_kcis_lxc_pol_part21_LO49` should have an upper camel case name
    --> crates/kernel-mgga-7/src/mgga_c_kcis/lxc_pol_part21.rs:3947:12
     |
3947 | pub struct mgga_c_kcis_lxc_pol_part21_LO49 {
     |            ^^^^^^^^^^^^^^^^^^^^^^^^^^^^^^^ help: convert the identifier to upper camel case: `MggaCKcisLxcPolPart21Lo49`

warning: type `mgga_c_kcis_lxc_pol_part21_LO50` should have an upper camel case name
    --> crates/kernel-mgga-7/src/mgga_c_kcis/lxc_pol_part21.rs:4044:12
     |
4044 | pub struct mgga_c_kcis_lxc_pol_part21_LO50 {
     |            ^^^^^^^^^^^^^^^^^^^^^^^^^^^^^^^ help: convert the identifier to upper camel case: `MggaCKcisLxcPolPart21Lo50`

warning: type `mgga_c_kcis_lxc_pol_part21_LO51` should have an upper camel case name
    --> crates/kernel-mgga-7/src/mgga_c_kcis/lxc_pol_part21.rs:4136:12
     |
4136 | pub struct mgga_c_kcis_lxc_pol_part21_LO51 {
     |            ^^^^^^^^^^^^^^^^^^^^^^^^^^^^^^^ help: convert the identifier to upper camel case: `MggaCKcisLxcPolPart21Lo51`

warning: type `mgga_c_kcis_lxc_pol_part21_LO52` should have an upper camel case name
    --> crates/kernel-mgga-7/src/mgga_c_kcis/lxc_pol_part21.rs:4208:12
     |
4208 | pub struct mgga_c_kcis_lxc_pol_part21_LO52 {
     |            ^^^^^^^^^^^^^^^^^^^^^^^^^^^^^^^ help: convert the identifier to upper camel case: `MggaCKcisLxcPolPart21Lo52`

warning: type `mgga_c_kcis_lxc_pol_part23_LO0` should have an upper camel case name
  --> crates/kernel-mgga-7/src/mgga_c_kcis/lxc_pol_part23.rs:14:12
   |
14 | pub struct mgga_c_kcis_lxc_pol_part23_LO0 {
   |            ^^^^^^^^^^^^^^^^^^^^^^^^^^^^^^ help: convert the identifier to upper camel case: `MggaCKcisLxcPolPart23Lo0`

warning: type `mgga_c_kcis_lxc_pol_part23_LO1` should have an upper camel case name
   --> crates/kernel-mgga-7/src/mgga_c_kcis/lxc_pol_part23.rs:111:12
    |
111 | pub struct mgga_c_kcis_lxc_pol_part23_LO1 {
    |            ^^^^^^^^^^^^^^^^^^^^^^^^^^^^^^ help: convert the identifier to upper camel case: `MggaCKcisLxcPolPart23Lo1`

warning: type `mgga_c_kcis_lxc_pol_part23_LO2` should have an upper camel case name
   --> crates/kernel-mgga-7/src/mgga_c_kcis/lxc_pol_part23.rs:207:12
    |
207 | pub struct mgga_c_kcis_lxc_pol_part23_LO2 {
    |            ^^^^^^^^^^^^^^^^^^^^^^^^^^^^^^ help: convert the identifier to upper camel case: `MggaCKcisLxcPolPart23Lo2`

warning: type `mgga_c_kcis_lxc_pol_part23_LO3` should have an upper camel case name
   --> crates/kernel-mgga-7/src/mgga_c_kcis/lxc_pol_part23.rs:303:12
    |
303 | pub struct mgga_c_kcis_lxc_pol_part23_LO3 {
    |            ^^^^^^^^^^^^^^^^^^^^^^^^^^^^^^ help: convert the identifier to upper camel case: `MggaCKcisLxcPolPart23Lo3`

warning: type `mgga_c_kcis_lxc_pol_part23_LO4` should have an upper camel case name
   --> crates/kernel-mgga-7/src/mgga_c_kcis/lxc_pol_part23.rs:398:12
    |
398 | pub struct mgga_c_kcis_lxc_pol_part23_LO4 {
    |            ^^^^^^^^^^^^^^^^^^^^^^^^^^^^^^ help: convert the identifier to upper camel case: `MggaCKcisLxcPolPart23Lo4`

warning: type `mgga_c_kcis_lxc_pol_part23_LO5` should have an upper camel case name
   --> crates/kernel-mgga-7/src/mgga_c_kcis/lxc_pol_part23.rs:501:12
    |
501 | pub struct mgga_c_kcis_lxc_pol_part23_LO5 {
    |            ^^^^^^^^^^^^^^^^^^^^^^^^^^^^^^ help: convert the identifier to upper camel case: `MggaCKcisLxcPolPart23Lo5`

warning: type `mgga_c_kcis_lxc_pol_part23_LO6` should have an upper camel case name
   --> crates/kernel-mgga-7/src/mgga_c_kcis/lxc_pol_part23.rs:604:12
    |
604 | pub struct mgga_c_kcis_lxc_pol_part23_LO6 {
    |            ^^^^^^^^^^^^^^^^^^^^^^^^^^^^^^ help: convert the identifier to upper camel case: `MggaCKcisLxcPolPart23Lo6`

warning: type `mgga_c_kcis_lxc_pol_part23_LO7` should have an upper camel case name
   --> crates/kernel-mgga-7/src/mgga_c_kcis/lxc_pol_part23.rs:705:12
    |
705 | pub struct mgga_c_kcis_lxc_pol_part23_LO7 {
    |            ^^^^^^^^^^^^^^^^^^^^^^^^^^^^^^ help: convert the identifier to upper camel case: `MggaCKcisLxcPolPart23Lo7`

warning: type `mgga_c_kcis_lxc_pol_part23_LO8` should have an upper camel case name
   --> crates/kernel-mgga-7/src/mgga_c_kcis/lxc_pol_part23.rs:788:12
    |
788 | pub struct mgga_c_kcis_lxc_pol_part23_LO8 {
    |            ^^^^^^^^^^^^^^^^^^^^^^^^^^^^^^ help: convert the identifier to upper camel case: `MggaCKcisLxcPolPart23Lo8`

warning: type `mgga_c_kcis_lxc_pol_part23_LO9` should have an upper camel case name
   --> crates/kernel-mgga-7/src/mgga_c_kcis/lxc_pol_part23.rs:888:12
    |
888 | pub struct mgga_c_kcis_lxc_pol_part23_LO9 {
    |            ^^^^^^^^^^^^^^^^^^^^^^^^^^^^^^ help: convert the identifier to upper camel case: `MggaCKcisLxcPolPart23Lo9`

warning: type `mgga_c_kcis_lxc_pol_part23_LO10` should have an upper camel case name
   --> crates/kernel-mgga-7/src/mgga_c_kcis/lxc_pol_part23.rs:976:12
    |
976 | pub struct mgga_c_kcis_lxc_pol_part23_LO10 {
    |            ^^^^^^^^^^^^^^^^^^^^^^^^^^^^^^^ help: convert the identifier to upper camel case: `MggaCKcisLxcPolPart23Lo10`

warning: type `mgga_c_kcis_lxc_pol_part23_LO11` should have an upper camel case name
    --> crates/kernel-mgga-7/src/mgga_c_kcis/lxc_pol_part23.rs:1075:12
     |
1075 | pub struct mgga_c_kcis_lxc_pol_part23_LO11 {
     |            ^^^^^^^^^^^^^^^^^^^^^^^^^^^^^^^ help: convert the identifier to upper camel case: `MggaCKcisLxcPolPart23Lo11`

warning: type `mgga_c_kcis_lxc_pol_part23_LO12` should have an upper camel case name
    --> crates/kernel-mgga-7/src/mgga_c_kcis/lxc_pol_part23.rs:1171:12
     |
1171 | pub struct mgga_c_kcis_lxc_pol_part23_LO12 {
     |            ^^^^^^^^^^^^^^^^^^^^^^^^^^^^^^^ help: convert the identifier to upper camel case: `MggaCKcisLxcPolPart23Lo12`

warning: type `mgga_c_kcis_lxc_pol_part23_LO13` should have an upper camel case name
    --> crates/kernel-mgga-7/src/mgga_c_kcis/lxc_pol_part23.rs:1269:12
     |
1269 | pub struct mgga_c_kcis_lxc_pol_part23_LO13 {
     |            ^^^^^^^^^^^^^^^^^^^^^^^^^^^^^^^ help: convert the identifier to upper camel case: `MggaCKcisLxcPolPart23Lo13`

warning: type `mgga_c_kcis_lxc_pol_part23_LO14` should have an upper camel case name
    --> crates/kernel-mgga-7/src/mgga_c_kcis/lxc_pol_part23.rs:1371:12
     |
1371 | pub struct mgga_c_kcis_lxc_pol_part23_LO14 {
     |            ^^^^^^^^^^^^^^^^^^^^^^^^^^^^^^^ help: convert the identifier to upper camel case: `MggaCKcisLxcPolPart23Lo14`

warning: type `mgga_c_kcis_lxc_pol_part23_LO15` should have an upper camel case name
    --> crates/kernel-mgga-7/src/mgga_c_kcis/lxc_pol_part23.rs:1471:12
     |
1471 | pub struct mgga_c_kcis_lxc_pol_part23_LO15 {
     |            ^^^^^^^^^^^^^^^^^^^^^^^^^^^^^^^ help: convert the identifier to upper camel case: `MggaCKcisLxcPolPart23Lo15`

warning: type `mgga_c_kcis_lxc_pol_part23_LO16` should have an upper camel case name
    --> crates/kernel-mgga-7/src/mgga_c_kcis/lxc_pol_part23.rs:1559:12
     |
1559 | pub struct mgga_c_kcis_lxc_pol_part23_LO16 {
     |            ^^^^^^^^^^^^^^^^^^^^^^^^^^^^^^^ help: convert the identifier to upper camel case: `MggaCKcisLxcPolPart23Lo16`

warning: type `mgga_c_kcis_lxc_pol_part23_LO17` should have an upper camel case name
    --> crates/kernel-mgga-7/src/mgga_c_kcis/lxc_pol_part23.rs:1656:12
     |
1656 | pub struct mgga_c_kcis_lxc_pol_part23_LO17 {
     |            ^^^^^^^^^^^^^^^^^^^^^^^^^^^^^^^ help: convert the identifier to upper camel case: `MggaCKcisLxcPolPart23Lo17`

warning: type `mgga_c_kcis_lxc_pol_part23_LO18` should have an upper camel case name
    --> crates/kernel-mgga-7/src/mgga_c_kcis/lxc_pol_part23.rs:1751:12
     |
1751 | pub struct mgga_c_kcis_lxc_pol_part23_LO18 {
     |            ^^^^^^^^^^^^^^^^^^^^^^^^^^^^^^^ help: convert the identifier to upper camel case: `MggaCKcisLxcPolPart23Lo18`

warning: type `mgga_c_kcis_lxc_pol_part23_LO19` should have an upper camel case name
    --> crates/kernel-mgga-7/src/mgga_c_kcis/lxc_pol_part23.rs:1824:12
     |
1824 | pub struct mgga_c_kcis_lxc_pol_part23_LO19 {
     |            ^^^^^^^^^^^^^^^^^^^^^^^^^^^^^^^ help: convert the identifier to upper camel case: `MggaCKcisLxcPolPart23Lo19`

warning: type `mgga_c_kcis_lxc_pol_part23_LO20` should have an upper camel case name
    --> crates/kernel-mgga-7/src/mgga_c_kcis/lxc_pol_part23.rs:1911:12
     |
1911 | pub struct mgga_c_kcis_lxc_pol_part23_LO20 {
     |            ^^^^^^^^^^^^^^^^^^^^^^^^^^^^^^^ help: convert the identifier to upper camel case: `MggaCKcisLxcPolPart23Lo20`

warning: type `mgga_c_kcis_lxc_pol_part23_LO21` should have an upper camel case name
    --> crates/kernel-mgga-7/src/mgga_c_kcis/lxc_pol_part23.rs:1985:12
     |
1985 | pub struct mgga_c_kcis_lxc_pol_part23_LO21 {
     |            ^^^^^^^^^^^^^^^^^^^^^^^^^^^^^^^ help: convert the identifier to upper camel case: `MggaCKcisLxcPolPart23Lo21`

warning: type `mgga_c_kcis_lxc_pol_part23_LO22` should have an upper camel case name
    --> crates/kernel-mgga-7/src/mgga_c_kcis/lxc_pol_part23.rs:2024:12
     |
2024 | pub struct mgga_c_kcis_lxc_pol_part23_LO22 {
     |            ^^^^^^^^^^^^^^^^^^^^^^^^^^^^^^^ help: convert the identifier to upper camel case: `MggaCKcisLxcPolPart23Lo22`

warning: type `mgga_c_kcis_lxc_pol_part23_LO23` should have an upper camel case name
    --> crates/kernel-mgga-7/src/mgga_c_kcis/lxc_pol_part23.rs:2079:12
     |
2079 | pub struct mgga_c_kcis_lxc_pol_part23_LO23 {
     |            ^^^^^^^^^^^^^^^^^^^^^^^^^^^^^^^ help: convert the identifier to upper camel case: `MggaCKcisLxcPolPart23Lo23`

warning: type `mgga_c_kcis_lxc_pol_part23_LO24` should have an upper camel case name
    --> crates/kernel-mgga-7/src/mgga_c_kcis/lxc_pol_part23.rs:2167:12
     |
2167 | pub struct mgga_c_kcis_lxc_pol_part23_LO24 {
     |            ^^^^^^^^^^^^^^^^^^^^^^^^^^^^^^^ help: convert the identifier to upper camel case: `MggaCKcisLxcPolPart23Lo24`

warning: type `mgga_c_kcis_lxc_pol_part23_LO25` should have an upper camel case name
    --> crates/kernel-mgga-7/src/mgga_c_kcis/lxc_pol_part23.rs:2256:12
     |
2256 | pub struct mgga_c_kcis_lxc_pol_part23_LO25 {
     |            ^^^^^^^^^^^^^^^^^^^^^^^^^^^^^^^ help: convert the identifier to upper camel case: `MggaCKcisLxcPolPart23Lo25`

warning: type `mgga_c_kcis_lxc_pol_part23_LO26` should have an upper camel case name
    --> crates/kernel-mgga-7/src/mgga_c_kcis/lxc_pol_part23.rs:2350:12
     |
2350 | pub struct mgga_c_kcis_lxc_pol_part23_LO26 {
     |            ^^^^^^^^^^^^^^^^^^^^^^^^^^^^^^^ help: convert the identifier to upper camel case: `MggaCKcisLxcPolPart23Lo26`

warning: type `mgga_c_kcis_lxc_pol_part23_LO27` should have an upper camel case name
    --> crates/kernel-mgga-7/src/mgga_c_kcis/lxc_pol_part23.rs:2442:12
     |
2442 | pub struct mgga_c_kcis_lxc_pol_part23_LO27 {
     |            ^^^^^^^^^^^^^^^^^^^^^^^^^^^^^^^ help: convert the identifier to upper camel case: `MggaCKcisLxcPolPart23Lo27`

warning: type `mgga_c_kcis_lxc_pol_part23_LO28` should have an upper camel case name
    --> crates/kernel-mgga-7/src/mgga_c_kcis/lxc_pol_part23.rs:2534:12
     |
2534 | pub struct mgga_c_kcis_lxc_pol_part23_LO28 {
     |            ^^^^^^^^^^^^^^^^^^^^^^^^^^^^^^^ help: convert the identifier to upper camel case: `MggaCKcisLxcPolPart23Lo28`

warning: type `mgga_c_kcis_lxc_pol_part23_LO29` should have an upper camel case name
    --> crates/kernel-mgga-7/src/mgga_c_kcis/lxc_pol_part23.rs:2598:12
     |
2598 | pub struct mgga_c_kcis_lxc_pol_part23_LO29 {
     |            ^^^^^^^^^^^^^^^^^^^^^^^^^^^^^^^ help: convert the identifier to upper camel case: `MggaCKcisLxcPolPart23Lo29`

warning: type `mgga_c_kcis_lxc_pol_part23_LO30` should have an upper camel case name
    --> crates/kernel-mgga-7/src/mgga_c_kcis/lxc_pol_part23.rs:2644:12
     |
2644 | pub struct mgga_c_kcis_lxc_pol_part23_LO30 {
     |            ^^^^^^^^^^^^^^^^^^^^^^^^^^^^^^^ help: convert the identifier to upper camel case: `MggaCKcisLxcPolPart23Lo30`

warning: type `mgga_c_kcis_lxc_pol_part23_LO31` should have an upper camel case name
    --> crates/kernel-mgga-7/src/mgga_c_kcis/lxc_pol_part23.rs:2699:12
     |
2699 | pub struct mgga_c_kcis_lxc_pol_part23_LO31 {
     |            ^^^^^^^^^^^^^^^^^^^^^^^^^^^^^^^ help: convert the identifier to upper camel case: `MggaCKcisLxcPolPart23Lo31`

warning: type `mgga_c_kcis_lxc_pol_part23_LO32` should have an upper camel case name
    --> crates/kernel-mgga-7/src/mgga_c_kcis/lxc_pol_part23.rs:2732:12
     |
2732 | pub struct mgga_c_kcis_lxc_pol_part23_LO32 {
     |            ^^^^^^^^^^^^^^^^^^^^^^^^^^^^^^^ help: convert the identifier to upper camel case: `MggaCKcisLxcPolPart23Lo32`

warning: type `mgga_c_kcis_lxc_pol_part23_LO33` should have an upper camel case name
    --> crates/kernel-mgga-7/src/mgga_c_kcis/lxc_pol_part23.rs:2795:12
     |
2795 | pub struct mgga_c_kcis_lxc_pol_part23_LO33 {
     |            ^^^^^^^^^^^^^^^^^^^^^^^^^^^^^^^ help: convert the identifier to upper camel case: `MggaCKcisLxcPolPart23Lo33`

warning: type `mgga_c_kcis_lxc_pol_part23_LO34` should have an upper camel case name
    --> crates/kernel-mgga-7/src/mgga_c_kcis/lxc_pol_part23.rs:2839:12
     |
2839 | pub struct mgga_c_kcis_lxc_pol_part23_LO34 {
     |            ^^^^^^^^^^^^^^^^^^^^^^^^^^^^^^^ help: convert the identifier to upper camel case: `MggaCKcisLxcPolPart23Lo34`

warning: type `mgga_c_kcis_lxc_pol_part23_LO35` should have an upper camel case name
    --> crates/kernel-mgga-7/src/mgga_c_kcis/lxc_pol_part23.rs:2906:12
     |
2906 | pub struct mgga_c_kcis_lxc_pol_part23_LO35 {
     |            ^^^^^^^^^^^^^^^^^^^^^^^^^^^^^^^ help: convert the identifier to upper camel case: `MggaCKcisLxcPolPart23Lo35`

warning: type `mgga_c_kcis_lxc_pol_part23_LO36` should have an upper camel case name
    --> crates/kernel-mgga-7/src/mgga_c_kcis/lxc_pol_part23.rs:2980:12
     |
2980 | pub struct mgga_c_kcis_lxc_pol_part23_LO36 {
     |            ^^^^^^^^^^^^^^^^^^^^^^^^^^^^^^^ help: convert the identifier to upper camel case: `MggaCKcisLxcPolPart23Lo36`

warning: type `mgga_c_kcis_lxc_pol_part23_LO37` should have an upper camel case name
    --> crates/kernel-mgga-7/src/mgga_c_kcis/lxc_pol_part23.rs:3035:12
     |
3035 | pub struct mgga_c_kcis_lxc_pol_part23_LO37 {
     |            ^^^^^^^^^^^^^^^^^^^^^^^^^^^^^^^ help: convert the identifier to upper camel case: `MggaCKcisLxcPolPart23Lo37`

warning: type `mgga_c_kcis_lxc_pol_part23_LO38` should have an upper camel case name
    --> crates/kernel-mgga-7/src/mgga_c_kcis/lxc_pol_part23.rs:3064:12
     |
3064 | pub struct mgga_c_kcis_lxc_pol_part23_LO38 {
     |            ^^^^^^^^^^^^^^^^^^^^^^^^^^^^^^^ help: convert the identifier to upper camel case: `MggaCKcisLxcPolPart23Lo38`

warning: type `mgga_c_kcis_lxc_pol_part23_LO39` should have an upper camel case name
    --> crates/kernel-mgga-7/src/mgga_c_kcis/lxc_pol_part23.rs:3133:12
     |
3133 | pub struct mgga_c_kcis_lxc_pol_part23_LO39 {
     |            ^^^^^^^^^^^^^^^^^^^^^^^^^^^^^^^ help: convert the identifier to upper camel case: `MggaCKcisLxcPolPart23Lo39`

warning: type `mgga_c_kcis_lxc_pol_part23_LO40` should have an upper camel case name
    --> crates/kernel-mgga-7/src/mgga_c_kcis/lxc_pol_part23.rs:3222:12
     |
3222 | pub struct mgga_c_kcis_lxc_pol_part23_LO40 {
     |            ^^^^^^^^^^^^^^^^^^^^^^^^^^^^^^^ help: convert the identifier to upper camel case: `MggaCKcisLxcPolPart23Lo40`

warning: type `mgga_c_kcis_lxc_pol_part23_LO41` should have an upper camel case name
    --> crates/kernel-mgga-7/src/mgga_c_kcis/lxc_pol_part23.rs:3325:12
     |
3325 | pub struct mgga_c_kcis_lxc_pol_part23_LO41 {
     |            ^^^^^^^^^^^^^^^^^^^^^^^^^^^^^^^ help: convert the identifier to upper camel case: `MggaCKcisLxcPolPart23Lo41`

warning: type `mgga_c_kcis_lxc_pol_part23_LO42` should have an upper camel case name
    --> crates/kernel-mgga-7/src/mgga_c_kcis/lxc_pol_part23.rs:3396:12
     |
3396 | pub struct mgga_c_kcis_lxc_pol_part23_LO42 {
     |            ^^^^^^^^^^^^^^^^^^^^^^^^^^^^^^^ help: convert the identifier to upper camel case: `MggaCKcisLxcPolPart23Lo42`

warning: type `mgga_c_kcis_lxc_pol_part23_LO43` should have an upper camel case name
    --> crates/kernel-mgga-7/src/mgga_c_kcis/lxc_pol_part23.rs:3489:12
     |
3489 | pub struct mgga_c_kcis_lxc_pol_part23_LO43 {
     |            ^^^^^^^^^^^^^^^^^^^^^^^^^^^^^^^ help: convert the identifier to upper camel case: `MggaCKcisLxcPolPart23Lo43`

warning: type `mgga_c_kcis_lxc_pol_part23_LO44` should have an upper camel case name
    --> crates/kernel-mgga-7/src/mgga_c_kcis/lxc_pol_part23.rs:3589:12
     |
3589 | pub struct mgga_c_kcis_lxc_pol_part23_LO44 {
     |            ^^^^^^^^^^^^^^^^^^^^^^^^^^^^^^^ help: convert the identifier to upper camel case: `MggaCKcisLxcPolPart23Lo44`

warning: type `mgga_c_kcis_lxc_pol_part23_LO45` should have an upper camel case name
    --> crates/kernel-mgga-7/src/mgga_c_kcis/lxc_pol_part23.rs:3670:12
     |
3670 | pub struct mgga_c_kcis_lxc_pol_part23_LO45 {
     |            ^^^^^^^^^^^^^^^^^^^^^^^^^^^^^^^ help: convert the identifier to upper camel case: `MggaCKcisLxcPolPart23Lo45`

warning: type `mgga_c_kcis_lxc_pol_part23_LO46` should have an upper camel case name
    --> crates/kernel-mgga-7/src/mgga_c_kcis/lxc_pol_part23.rs:3767:12
     |
3767 | pub struct mgga_c_kcis_lxc_pol_part23_LO46 {
     |            ^^^^^^^^^^^^^^^^^^^^^^^^^^^^^^^ help: convert the identifier to upper camel case: `MggaCKcisLxcPolPart23Lo46`

warning: type `mgga_c_kcis_lxc_pol_part23_LO47` should have an upper camel case name
    --> crates/kernel-mgga-7/src/mgga_c_kcis/lxc_pol_part23.rs:3794:12
     |
3794 | pub struct mgga_c_kcis_lxc_pol_part23_LO47 {
     |            ^^^^^^^^^^^^^^^^^^^^^^^^^^^^^^^ help: convert the identifier to upper camel case: `MggaCKcisLxcPolPart23Lo47`

warning: type `mgga_c_kcis_lxc_pol_part23_LO48` should have an upper camel case name
    --> crates/kernel-mgga-7/src/mgga_c_kcis/lxc_pol_part23.rs:3865:12
     |
3865 | pub struct mgga_c_kcis_lxc_pol_part23_LO48 {
     |            ^^^^^^^^^^^^^^^^^^^^^^^^^^^^^^^ help: convert the identifier to upper camel case: `MggaCKcisLxcPolPart23Lo48`

warning: type `mgga_c_kcis_lxc_pol_part23_LO49` should have an upper camel case name
    --> crates/kernel-mgga-7/src/mgga_c_kcis/lxc_pol_part23.rs:3966:12
     |
3966 | pub struct mgga_c_kcis_lxc_pol_part23_LO49 {
     |            ^^^^^^^^^^^^^^^^^^^^^^^^^^^^^^^ help: convert the identifier to upper camel case: `MggaCKcisLxcPolPart23Lo49`

warning: type `mgga_c_kcis_lxc_pol_part23_LO50` should have an upper camel case name
    --> crates/kernel-mgga-7/src/mgga_c_kcis/lxc_pol_part23.rs:4065:12
     |
4065 | pub struct mgga_c_kcis_lxc_pol_part23_LO50 {
     |            ^^^^^^^^^^^^^^^^^^^^^^^^^^^^^^^ help: convert the identifier to upper camel case: `MggaCKcisLxcPolPart23Lo50`

warning: type `mgga_c_kcis_lxc_pol_part23_LO51` should have an upper camel case name
    --> crates/kernel-mgga-7/src/mgga_c_kcis/lxc_pol_part23.rs:4152:12
     |
4152 | pub struct mgga_c_kcis_lxc_pol_part23_LO51 {
     |            ^^^^^^^^^^^^^^^^^^^^^^^^^^^^^^^ help: convert the identifier to upper camel case: `MggaCKcisLxcPolPart23Lo51`

warning: type `mgga_c_kcis_lxc_pol_part23_LO52` should have an upper camel case name
    --> crates/kernel-mgga-7/src/mgga_c_kcis/lxc_pol_part23.rs:4231:12
     |
4231 | pub struct mgga_c_kcis_lxc_pol_part23_LO52 {
     |            ^^^^^^^^^^^^^^^^^^^^^^^^^^^^^^^ help: convert the identifier to upper camel case: `MggaCKcisLxcPolPart23Lo52`

warning: type `mgga_c_kcis_lxc_pol_part23_LO53` should have an upper camel case name
    --> crates/kernel-mgga-7/src/mgga_c_kcis/lxc_pol_part23.rs:4312:12
     |
4312 | pub struct mgga_c_kcis_lxc_pol_part23_LO53 {
     |            ^^^^^^^^^^^^^^^^^^^^^^^^^^^^^^^ help: convert the identifier to upper camel case: `MggaCKcisLxcPolPart23Lo53`

warning: type `mgga_c_kcis_lxc_pol_part23_LO54` should have an upper camel case name
    --> crates/kernel-mgga-7/src/mgga_c_kcis/lxc_pol_part23.rs:4401:12
     |
4401 | pub struct mgga_c_kcis_lxc_pol_part23_LO54 {
     |            ^^^^^^^^^^^^^^^^^^^^^^^^^^^^^^^ help: convert the identifier to upper camel case: `MggaCKcisLxcPolPart23Lo54`

warning: type `mgga_c_kcis_lxc_pol_part24_LO0` should have an upper camel case name
  --> crates/kernel-mgga-7/src/mgga_c_kcis/lxc_pol_part24.rs:14:12
   |
14 | pub struct mgga_c_kcis_lxc_pol_part24_LO0 {
   |            ^^^^^^^^^^^^^^^^^^^^^^^^^^^^^^ help: convert the identifier to upper camel case: `MggaCKcisLxcPolPart24Lo0`

warning: type `mgga_c_kcis_lxc_pol_part24_LO1` should have an upper camel case name
   --> crates/kernel-mgga-7/src/mgga_c_kcis/lxc_pol_part24.rs:111:12
    |
111 | pub struct mgga_c_kcis_lxc_pol_part24_LO1 {
    |            ^^^^^^^^^^^^^^^^^^^^^^^^^^^^^^ help: convert the identifier to upper camel case: `MggaCKcisLxcPolPart24Lo1`

warning: type `mgga_c_kcis_lxc_pol_part24_LO2` should have an upper camel case name
   --> crates/kernel-mgga-7/src/mgga_c_kcis/lxc_pol_part24.rs:205:12
    |
205 | pub struct mgga_c_kcis_lxc_pol_part24_LO2 {
    |            ^^^^^^^^^^^^^^^^^^^^^^^^^^^^^^ help: convert the identifier to upper camel case: `MggaCKcisLxcPolPart24Lo2`

warning: type `mgga_c_kcis_lxc_pol_part24_LO3` should have an upper camel case name
   --> crates/kernel-mgga-7/src/mgga_c_kcis/lxc_pol_part24.rs:299:12
    |
299 | pub struct mgga_c_kcis_lxc_pol_part24_LO3 {
    |            ^^^^^^^^^^^^^^^^^^^^^^^^^^^^^^ help: convert the identifier to upper camel case: `MggaCKcisLxcPolPart24Lo3`

warning: type `mgga_c_kcis_lxc_pol_part24_LO4` should have an upper camel case name
   --> crates/kernel-mgga-7/src/mgga_c_kcis/lxc_pol_part24.rs:390:12
    |
390 | pub struct mgga_c_kcis_lxc_pol_part24_LO4 {
    |            ^^^^^^^^^^^^^^^^^^^^^^^^^^^^^^ help: convert the identifier to upper camel case: `MggaCKcisLxcPolPart24Lo4`

warning: type `mgga_c_kcis_lxc_pol_part24_LO5` should have an upper camel case name
   --> crates/kernel-mgga-7/src/mgga_c_kcis/lxc_pol_part24.rs:490:12
    |
490 | pub struct mgga_c_kcis_lxc_pol_part24_LO5 {
    |            ^^^^^^^^^^^^^^^^^^^^^^^^^^^^^^ help: convert the identifier to upper camel case: `MggaCKcisLxcPolPart24Lo5`

warning: type `mgga_c_kcis_lxc_pol_part24_LO6` should have an upper camel case name
   --> crates/kernel-mgga-7/src/mgga_c_kcis/lxc_pol_part24.rs:581:12
    |
581 | pub struct mgga_c_kcis_lxc_pol_part24_LO6 {
    |            ^^^^^^^^^^^^^^^^^^^^^^^^^^^^^^ help: convert the identifier to upper camel case: `MggaCKcisLxcPolPart24Lo6`

warning: type `mgga_c_kcis_lxc_pol_part24_LO7` should have an upper camel case name
   --> crates/kernel-mgga-7/src/mgga_c_kcis/lxc_pol_part24.rs:670:12
    |
670 | pub struct mgga_c_kcis_lxc_pol_part24_LO7 {
    |            ^^^^^^^^^^^^^^^^^^^^^^^^^^^^^^ help: convert the identifier to upper camel case: `MggaCKcisLxcPolPart24Lo7`

warning: type `mgga_c_kcis_lxc_pol_part24_LO8` should have an upper camel case name
   --> crates/kernel-mgga-7/src/mgga_c_kcis/lxc_pol_part24.rs:772:12
    |
772 | pub struct mgga_c_kcis_lxc_pol_part24_LO8 {
    |            ^^^^^^^^^^^^^^^^^^^^^^^^^^^^^^ help: convert the identifier to upper camel case: `MggaCKcisLxcPolPart24Lo8`

warning: type `mgga_c_kcis_lxc_pol_part24_LO9` should have an upper camel case name
   --> crates/kernel-mgga-7/src/mgga_c_kcis/lxc_pol_part24.rs:866:12
    |
866 | pub struct mgga_c_kcis_lxc_pol_part24_LO9 {
    |            ^^^^^^^^^^^^^^^^^^^^^^^^^^^^^^ help: convert the identifier to upper camel case: `MggaCKcisLxcPolPart24Lo9`

warning: type `mgga_c_kcis_lxc_pol_part24_LO10` should have an upper camel case name
   --> crates/kernel-mgga-7/src/mgga_c_kcis/lxc_pol_part24.rs:962:12
    |
962 | pub struct mgga_c_kcis_lxc_pol_part24_LO10 {
    |            ^^^^^^^^^^^^^^^^^^^^^^^^^^^^^^^ help: convert the identifier to upper camel case: `MggaCKcisLxcPolPart24Lo10`

warning: type `mgga_c_kcis_lxc_pol_part24_LO11` should have an upper camel case name
    --> crates/kernel-mgga-7/src/mgga_c_kcis/lxc_pol_part24.rs:1059:12
     |
1059 | pub struct mgga_c_kcis_lxc_pol_part24_LO11 {
     |            ^^^^^^^^^^^^^^^^^^^^^^^^^^^^^^^ help: convert the identifier to upper camel case: `MggaCKcisLxcPolPart24Lo11`

warning: type `mgga_c_kcis_lxc_pol_part24_LO12` should have an upper camel case name
    --> crates/kernel-mgga-7/src/mgga_c_kcis/lxc_pol_part24.rs:1158:12
     |
1158 | pub struct mgga_c_kcis_lxc_pol_part24_LO12 {
     |            ^^^^^^^^^^^^^^^^^^^^^^^^^^^^^^^ help: convert the identifier to upper camel case: `MggaCKcisLxcPolPart24Lo12`

warning: type `mgga_c_kcis_lxc_pol_part24_LO13` should have an upper camel case name
    --> crates/kernel-mgga-7/src/mgga_c_kcis/lxc_pol_part24.rs:1250:12
     |
1250 | pub struct mgga_c_kcis_lxc_pol_part24_LO13 {
     |            ^^^^^^^^^^^^^^^^^^^^^^^^^^^^^^^ help: convert the identifier to upper camel case: `MggaCKcisLxcPolPart24Lo13`

warning: type `mgga_c_kcis_lxc_pol_part24_LO14` should have an upper camel case name
    --> crates/kernel-mgga-7/src/mgga_c_kcis/lxc_pol_part24.rs:1337:12
     |
1337 | pub struct mgga_c_kcis_lxc_pol_part24_LO14 {
     |            ^^^^^^^^^^^^^^^^^^^^^^^^^^^^^^^ help: convert the identifier to upper camel case: `MggaCKcisLxcPolPart24Lo14`

warning: type `mgga_c_kcis_lxc_pol_part24_LO15` should have an upper camel case name
    --> crates/kernel-mgga-7/src/mgga_c_kcis/lxc_pol_part24.rs:1410:12
     |
1410 | pub struct mgga_c_kcis_lxc_pol_part24_LO15 {
     |            ^^^^^^^^^^^^^^^^^^^^^^^^^^^^^^^ help: convert the identifier to upper camel case: `MggaCKcisLxcPolPart24Lo15`

warning: type `mgga_c_kcis_lxc_pol_part24_LO16` should have an upper camel case name
    --> crates/kernel-mgga-7/src/mgga_c_kcis/lxc_pol_part24.rs:1431:12
     |
1431 | pub struct mgga_c_kcis_lxc_pol_part24_LO16 {
     |            ^^^^^^^^^^^^^^^^^^^^^^^^^^^^^^^ help: convert the identifier to upper camel case: `MggaCKcisLxcPolPart24Lo16`

warning: type `mgga_c_kcis_lxc_pol_part24_LO17` should have an upper camel case name
    --> crates/kernel-mgga-7/src/mgga_c_kcis/lxc_pol_part24.rs:1488:12
     |
1488 | pub struct mgga_c_kcis_lxc_pol_part24_LO17 {
     |            ^^^^^^^^^^^^^^^^^^^^^^^^^^^^^^^ help: convert the identifier to upper camel case: `MggaCKcisLxcPolPart24Lo17`

warning: type `mgga_c_kcis_lxc_pol_part24_LO18` should have an upper camel case name
    --> crates/kernel-mgga-7/src/mgga_c_kcis/lxc_pol_part24.rs:1554:12
     |
1554 | pub struct mgga_c_kcis_lxc_pol_part24_LO18 {
     |            ^^^^^^^^^^^^^^^^^^^^^^^^^^^^^^^ help: convert the identifier to upper camel case: `MggaCKcisLxcPolPart24Lo18`

warning: type `mgga_c_kcis_lxc_pol_part24_LO19` should have an upper camel case name
    --> crates/kernel-mgga-7/src/mgga_c_kcis/lxc_pol_part24.rs:1646:12
     |
1646 | pub struct mgga_c_kcis_lxc_pol_part24_LO19 {
     |            ^^^^^^^^^^^^^^^^^^^^^^^^^^^^^^^ help: convert the identifier to upper camel case: `MggaCKcisLxcPolPart24Lo19`

warning: type `mgga_c_kcis_lxc_pol_part24_LO20` should have an upper camel case name
    --> crates/kernel-mgga-7/src/mgga_c_kcis/lxc_pol_part24.rs:1742:12
     |
1742 | pub struct mgga_c_kcis_lxc_pol_part24_LO20 {
     |            ^^^^^^^^^^^^^^^^^^^^^^^^^^^^^^^ help: convert the identifier to upper camel case: `MggaCKcisLxcPolPart24Lo20`

warning: type `mgga_c_kcis_lxc_pol_part24_LO21` should have an upper camel case name
    --> crates/kernel-mgga-7/src/mgga_c_kcis/lxc_pol_part24.rs:1824:12
     |
1824 | pub struct mgga_c_kcis_lxc_pol_part24_LO21 {
     |            ^^^^^^^^^^^^^^^^^^^^^^^^^^^^^^^ help: convert the identifier to upper camel case: `MggaCKcisLxcPolPart24Lo21`

warning: type `mgga_c_kcis_lxc_pol_part24_LO22` should have an upper camel case name
    --> crates/kernel-mgga-7/src/mgga_c_kcis/lxc_pol_part24.rs:1890:12
     |
1890 | pub struct mgga_c_kcis_lxc_pol_part24_LO22 {
     |            ^^^^^^^^^^^^^^^^^^^^^^^^^^^^^^^ help: convert the identifier to upper camel case: `MggaCKcisLxcPolPart24Lo22`

warning: type `mgga_c_kcis_lxc_pol_part24_LO23` should have an upper camel case name
    --> crates/kernel-mgga-7/src/mgga_c_kcis/lxc_pol_part24.rs:1952:12
     |
1952 | pub struct mgga_c_kcis_lxc_pol_part24_LO23 {
     |            ^^^^^^^^^^^^^^^^^^^^^^^^^^^^^^^ help: convert the identifier to upper camel case: `MggaCKcisLxcPolPart24Lo23`

warning: type `mgga_c_kcis_lxc_pol_part24_LO24` should have an upper camel case name
    --> crates/kernel-mgga-7/src/mgga_c_kcis/lxc_pol_part24.rs:1979:12
     |
1979 | pub struct mgga_c_kcis_lxc_pol_part24_LO24 {
     |            ^^^^^^^^^^^^^^^^^^^^^^^^^^^^^^^ help: convert the identifier to upper camel case: `MggaCKcisLxcPolPart24Lo24`

warning: type `mgga_c_kcis_lxc_pol_part24_LO25` should have an upper camel case name
    --> crates/kernel-mgga-7/src/mgga_c_kcis/lxc_pol_part24.rs:2049:12
     |
2049 | pub struct mgga_c_kcis_lxc_pol_part24_LO25 {
     |            ^^^^^^^^^^^^^^^^^^^^^^^^^^^^^^^ help: convert the identifier to upper camel case: `MggaCKcisLxcPolPart24Lo25`

warning: type `mgga_c_kcis_lxc_pol_part24_LO26` should have an upper camel case name
    --> crates/kernel-mgga-7/src/mgga_c_kcis/lxc_pol_part24.rs:2103:12
     |
2103 | pub struct mgga_c_kcis_lxc_pol_part24_LO26 {
     |            ^^^^^^^^^^^^^^^^^^^^^^^^^^^^^^^ help: convert the identifier to upper camel case: `MggaCKcisLxcPolPart24Lo26`

warning: type `mgga_c_kcis_lxc_pol_part24_LO27` should have an upper camel case name
    --> crates/kernel-mgga-7/src/mgga_c_kcis/lxc_pol_part24.rs:2200:12
     |
2200 | pub struct mgga_c_kcis_lxc_pol_part24_LO27 {
     |            ^^^^^^^^^^^^^^^^^^^^^^^^^^^^^^^ help: convert the identifier to upper camel case: `MggaCKcisLxcPolPart24Lo27`

warning: type `mgga_c_kcis_lxc_pol_part24_LO28` should have an upper camel case name
    --> crates/kernel-mgga-7/src/mgga_c_kcis/lxc_pol_part24.rs:2298:12
     |
2298 | pub struct mgga_c_kcis_lxc_pol_part24_LO28 {
     |            ^^^^^^^^^^^^^^^^^^^^^^^^^^^^^^^ help: convert the identifier to upper camel case: `MggaCKcisLxcPolPart24Lo28`

warning: type `mgga_c_kcis_lxc_pol_part24_LO29` should have an upper camel case name
    --> crates/kernel-mgga-7/src/mgga_c_kcis/lxc_pol_part24.rs:2371:12
     |
2371 | pub struct mgga_c_kcis_lxc_pol_part24_LO29 {
     |            ^^^^^^^^^^^^^^^^^^^^^^^^^^^^^^^ help: convert the identifier to upper camel case: `MggaCKcisLxcPolPart24Lo29`

warning: type `mgga_c_kcis_lxc_pol_part24_LO30` should have an upper camel case name
    --> crates/kernel-mgga-7/src/mgga_c_kcis/lxc_pol_part24.rs:2464:12
     |
2464 | pub struct mgga_c_kcis_lxc_pol_part24_LO30 {
     |            ^^^^^^^^^^^^^^^^^^^^^^^^^^^^^^^ help: convert the identifier to upper camel case: `MggaCKcisLxcPolPart24Lo30`

warning: type `mgga_c_kcis_lxc_pol_part24_LO31` should have an upper camel case name
    --> crates/kernel-mgga-7/src/mgga_c_kcis/lxc_pol_part24.rs:2558:12
     |
2558 | pub struct mgga_c_kcis_lxc_pol_part24_LO31 {
     |            ^^^^^^^^^^^^^^^^^^^^^^^^^^^^^^^ help: convert the identifier to upper camel case: `MggaCKcisLxcPolPart24Lo31`

warning: type `mgga_c_kcis_lxc_pol_part24_LO32` should have an upper camel case name
    --> crates/kernel-mgga-7/src/mgga_c_kcis/lxc_pol_part24.rs:2636:12
     |
2636 | pub struct mgga_c_kcis_lxc_pol_part24_LO32 {
     |            ^^^^^^^^^^^^^^^^^^^^^^^^^^^^^^^ help: convert the identifier to upper camel case: `MggaCKcisLxcPolPart24Lo32`

warning: type `mgga_c_kcis_lxc_pol_part24_LO33` should have an upper camel case name
    --> crates/kernel-mgga-7/src/mgga_c_kcis/lxc_pol_part24.rs:2733:12
     |
2733 | pub struct mgga_c_kcis_lxc_pol_part24_LO33 {
     |            ^^^^^^^^^^^^^^^^^^^^^^^^^^^^^^^ help: convert the identifier to upper camel case: `MggaCKcisLxcPolPart24Lo33`

warning: type `mgga_c_kcis_lxc_pol_part24_LO34` should have an upper camel case name
    --> crates/kernel-mgga-7/src/mgga_c_kcis/lxc_pol_part24.rs:2800:12
     |
2800 | pub struct mgga_c_kcis_lxc_pol_part24_LO34 {
     |            ^^^^^^^^^^^^^^^^^^^^^^^^^^^^^^^ help: convert the identifier to upper camel case: `MggaCKcisLxcPolPart24Lo34`

warning: type `mgga_c_kcis_lxc_pol_part24_LO35` should have an upper camel case name
    --> crates/kernel-mgga-7/src/mgga_c_kcis/lxc_pol_part24.rs:2816:12
     |
2816 | pub struct mgga_c_kcis_lxc_pol_part24_LO35 {
     |            ^^^^^^^^^^^^^^^^^^^^^^^^^^^^^^^ help: convert the identifier to upper camel case: `MggaCKcisLxcPolPart24Lo35`

warning: type `mgga_c_kcis_lxc_pol_part24_LO36` should have an upper camel case name
    --> crates/kernel-mgga-7/src/mgga_c_kcis/lxc_pol_part24.rs:2871:12
     |
2871 | pub struct mgga_c_kcis_lxc_pol_part24_LO36 {
     |            ^^^^^^^^^^^^^^^^^^^^^^^^^^^^^^^ help: convert the identifier to upper camel case: `MggaCKcisLxcPolPart24Lo36`

warning: type `mgga_c_kcis_lxc_pol_part25_LO0` should have an upper camel case name
  --> crates/kernel-mgga-7/src/mgga_c_kcis/lxc_pol_part25.rs:14:12
   |
14 | pub struct mgga_c_kcis_lxc_pol_part25_LO0 {
   |            ^^^^^^^^^^^^^^^^^^^^^^^^^^^^^^ help: convert the identifier to upper camel case: `MggaCKcisLxcPolPart25Lo0`

warning: type `mgga_c_kcis_lxc_pol_part25_LO1` should have an upper camel case name
   --> crates/kernel-mgga-7/src/mgga_c_kcis/lxc_pol_part25.rs:111:12
    |
111 | pub struct mgga_c_kcis_lxc_pol_part25_LO1 {
    |            ^^^^^^^^^^^^^^^^^^^^^^^^^^^^^^ help: convert the identifier to upper camel case: `MggaCKcisLxcPolPart25Lo1`

warning: type `mgga_c_kcis_lxc_pol_part25_LO2` should have an upper camel case name
   --> crates/kernel-mgga-7/src/mgga_c_kcis/lxc_pol_part25.rs:207:12
    |
207 | pub struct mgga_c_kcis_lxc_pol_part25_LO2 {
    |            ^^^^^^^^^^^^^^^^^^^^^^^^^^^^^^ help: convert the identifier to upper camel case: `MggaCKcisLxcPolPart25Lo2`

warning: type `mgga_c_kcis_lxc_pol_part25_LO3` should have an upper camel case name
   --> crates/kernel-mgga-7/src/mgga_c_kcis/lxc_pol_part25.rs:304:12
    |
304 | pub struct mgga_c_kcis_lxc_pol_part25_LO3 {
    |            ^^^^^^^^^^^^^^^^^^^^^^^^^^^^^^ help: convert the identifier to upper camel case: `MggaCKcisLxcPolPart25Lo3`

warning: type `mgga_c_kcis_lxc_pol_part25_LO4` should have an upper camel case name
   --> crates/kernel-mgga-7/src/mgga_c_kcis/lxc_pol_part25.rs:395:12
    |
395 | pub struct mgga_c_kcis_lxc_pol_part25_LO4 {
    |            ^^^^^^^^^^^^^^^^^^^^^^^^^^^^^^ help: convert the identifier to upper camel case: `MggaCKcisLxcPolPart25Lo4`

warning: type `mgga_c_kcis_lxc_pol_part25_LO5` should have an upper camel case name
   --> crates/kernel-mgga-7/src/mgga_c_kcis/lxc_pol_part25.rs:497:12
    |
497 | pub struct mgga_c_kcis_lxc_pol_part25_LO5 {
    |            ^^^^^^^^^^^^^^^^^^^^^^^^^^^^^^ help: convert the identifier to upper camel case: `MggaCKcisLxcPolPart25Lo5`

warning: type `mgga_c_kcis_lxc_pol_part25_LO6` should have an upper camel case name
   --> crates/kernel-mgga-7/src/mgga_c_kcis/lxc_pol_part25.rs:598:12
    |
598 | pub struct mgga_c_kcis_lxc_pol_part25_LO6 {
    |            ^^^^^^^^^^^^^^^^^^^^^^^^^^^^^^ help: convert the identifier to upper camel case: `MggaCKcisLxcPolPart25Lo6`

warning: type `mgga_c_kcis_lxc_pol_part25_LO7` should have an upper camel case name
   --> crates/kernel-mgga-7/src/mgga_c_kcis/lxc_pol_part25.rs:680:12
    |
680 | pub struct mgga_c_kcis_lxc_pol_part25_LO7 {
    |            ^^^^^^^^^^^^^^^^^^^^^^^^^^^^^^ help: convert the identifier to upper camel case: `MggaCKcisLxcPolPart25Lo7`

warning: type `mgga_c_kcis_lxc_pol_part25_LO8` should have an upper camel case name
   --> crates/kernel-mgga-7/src/mgga_c_kcis/lxc_pol_part25.rs:780:12
    |
780 | pub struct mgga_c_kcis_lxc_pol_part25_LO8 {
    |            ^^^^^^^^^^^^^^^^^^^^^^^^^^^^^^ help: convert the identifier to upper camel case: `MggaCKcisLxcPolPart25Lo8`

warning: type `mgga_c_kcis_lxc_pol_part25_LO9` should have an upper camel case name
   --> crates/kernel-mgga-7/src/mgga_c_kcis/lxc_pol_part25.rs:866:12
    |
866 | pub struct mgga_c_kcis_lxc_pol_part25_LO9 {
    |            ^^^^^^^^^^^^^^^^^^^^^^^^^^^^^^ help: convert the identifier to upper camel case: `MggaCKcisLxcPolPart25Lo9`

warning: type `mgga_c_kcis_lxc_pol_part25_LO10` should have an upper camel case name
   --> crates/kernel-mgga-7/src/mgga_c_kcis/lxc_pol_part25.rs:964:12
    |
964 | pub struct mgga_c_kcis_lxc_pol_part25_LO10 {
    |            ^^^^^^^^^^^^^^^^^^^^^^^^^^^^^^^ help: convert the identifier to upper camel case: `MggaCKcisLxcPolPart25Lo10`

warning: type `mgga_c_kcis_lxc_pol_part25_LO11` should have an upper camel case name
    --> crates/kernel-mgga-7/src/mgga_c_kcis/lxc_pol_part25.rs:1063:12
     |
1063 | pub struct mgga_c_kcis_lxc_pol_part25_LO11 {
     |            ^^^^^^^^^^^^^^^^^^^^^^^^^^^^^^^ help: convert the identifier to upper camel case: `MggaCKcisLxcPolPart25Lo11`

warning: type `mgga_c_kcis_lxc_pol_part25_LO12` should have an upper camel case name
    --> crates/kernel-mgga-7/src/mgga_c_kcis/lxc_pol_part25.rs:1164:12
     |
1164 | pub struct mgga_c_kcis_lxc_pol_part25_LO12 {
     |            ^^^^^^^^^^^^^^^^^^^^^^^^^^^^^^^ help: convert the identifier to upper camel case: `MggaCKcisLxcPolPart25Lo12`

warning: type `mgga_c_kcis_lxc_pol_part25_LO13` should have an upper camel case name
    --> crates/kernel-mgga-7/src/mgga_c_kcis/lxc_pol_part25.rs:1262:12
     |
1262 | pub struct mgga_c_kcis_lxc_pol_part25_LO13 {
     |            ^^^^^^^^^^^^^^^^^^^^^^^^^^^^^^^ help: convert the identifier to upper camel case: `MggaCKcisLxcPolPart25Lo13`

warning: type `mgga_c_kcis_lxc_pol_part25_LO14` should have an upper camel case name
    --> crates/kernel-mgga-7/src/mgga_c_kcis/lxc_pol_part25.rs:1361:12
     |
1361 | pub struct mgga_c_kcis_lxc_pol_part25_LO14 {
     |            ^^^^^^^^^^^^^^^^^^^^^^^^^^^^^^^ help: convert the identifier to upper camel case: `MggaCKcisLxcPolPart25Lo14`

warning: type `mgga_c_kcis_lxc_pol_part25_LO15` should have an upper camel case name
    --> crates/kernel-mgga-7/src/mgga_c_kcis/lxc_pol_part25.rs:1434:12
     |
1434 | pub struct mgga_c_kcis_lxc_pol_part25_LO15 {
     |            ^^^^^^^^^^^^^^^^^^^^^^^^^^^^^^^ help: convert the identifier to upper camel case: `MggaCKcisLxcPolPart25Lo15`

warning: type `mgga_c_kcis_lxc_pol_part25_LO16` should have an upper camel case name
    --> crates/kernel-mgga-7/src/mgga_c_kcis/lxc_pol_part25.rs:1506:12
     |
1506 | pub struct mgga_c_kcis_lxc_pol_part25_LO16 {
     |            ^^^^^^^^^^^^^^^^^^^^^^^^^^^^^^^ help: convert the identifier to upper camel case: `MggaCKcisLxcPolPart25Lo16`

warning: type `mgga_c_kcis_lxc_pol_part25_LO17` should have an upper camel case name
    --> crates/kernel-mgga-7/src/mgga_c_kcis/lxc_pol_part25.rs:1533:12
     |
1533 | pub struct mgga_c_kcis_lxc_pol_part25_LO17 {
     |            ^^^^^^^^^^^^^^^^^^^^^^^^^^^^^^^ help: convert the identifier to upper camel case: `MggaCKcisLxcPolPart25Lo17`

warning: type `mgga_c_kcis_lxc_pol_part25_LO18` should have an upper camel case name
    --> crates/kernel-mgga-7/src/mgga_c_kcis/lxc_pol_part25.rs:1590:12
     |
1590 | pub struct mgga_c_kcis_lxc_pol_part25_LO18 {
     |            ^^^^^^^^^^^^^^^^^^^^^^^^^^^^^^^ help: convert the identifier to upper camel case: `MggaCKcisLxcPolPart25Lo18`

warning: type `mgga_c_kcis_lxc_pol_part25_LO19` should have an upper camel case name
    --> crates/kernel-mgga-7/src/mgga_c_kcis/lxc_pol_part25.rs:1670:12
     |
1670 | pub struct mgga_c_kcis_lxc_pol_part25_LO19 {
     |            ^^^^^^^^^^^^^^^^^^^^^^^^^^^^^^^ help: convert the identifier to upper camel case: `MggaCKcisLxcPolPart25Lo19`

warning: type `mgga_c_kcis_lxc_pol_part25_LO20` should have an upper camel case name
    --> crates/kernel-mgga-7/src/mgga_c_kcis/lxc_pol_part25.rs:1761:12
     |
1761 | pub struct mgga_c_kcis_lxc_pol_part25_LO20 {
     |            ^^^^^^^^^^^^^^^^^^^^^^^^^^^^^^^ help: convert the identifier to upper camel case: `MggaCKcisLxcPolPart25Lo20`

warning: type `mgga_c_kcis_lxc_pol_part25_LO21` should have an upper camel case name
    --> crates/kernel-mgga-7/src/mgga_c_kcis/lxc_pol_part25.rs:1853:12
     |
1853 | pub struct mgga_c_kcis_lxc_pol_part25_LO21 {
     |            ^^^^^^^^^^^^^^^^^^^^^^^^^^^^^^^ help: convert the identifier to upper camel case: `MggaCKcisLxcPolPart25Lo21`

warning: type `mgga_c_kcis_lxc_pol_part25_LO22` should have an upper camel case name
    --> crates/kernel-mgga-7/src/mgga_c_kcis/lxc_pol_part25.rs:1942:12
     |
1942 | pub struct mgga_c_kcis_lxc_pol_part25_LO22 {
     |            ^^^^^^^^^^^^^^^^^^^^^^^^^^^^^^^ help: convert the identifier to upper camel case: `MggaCKcisLxcPolPart25Lo22`

warning: type `mgga_c_kcis_lxc_pol_part25_LO23` should have an upper camel case name
    --> crates/kernel-mgga-7/src/mgga_c_kcis/lxc_pol_part25.rs:1999:12
     |
1999 | pub struct mgga_c_kcis_lxc_pol_part25_LO23 {
     |            ^^^^^^^^^^^^^^^^^^^^^^^^^^^^^^^ help: convert the identifier to upper camel case: `MggaCKcisLxcPolPart25Lo23`

warning: type `mgga_c_kcis_lxc_pol_part25_LO24` should have an upper camel case name
    --> crates/kernel-mgga-7/src/mgga_c_kcis/lxc_pol_part25.rs:2057:12
     |
2057 | pub struct mgga_c_kcis_lxc_pol_part25_LO24 {
     |            ^^^^^^^^^^^^^^^^^^^^^^^^^^^^^^^ help: convert the identifier to upper camel case: `MggaCKcisLxcPolPart25Lo24`

warning: type `mgga_c_kcis_lxc_pol_part25_LO25` should have an upper camel case name
    --> crates/kernel-mgga-7/src/mgga_c_kcis/lxc_pol_part25.rs:2111:12
     |
2111 | pub struct mgga_c_kcis_lxc_pol_part25_LO25 {
     |            ^^^^^^^^^^^^^^^^^^^^^^^^^^^^^^^ help: convert the identifier to upper camel case: `MggaCKcisLxcPolPart25Lo25`

warning: type `mgga_c_kcis_lxc_pol_part25_LO26` should have an upper camel case name
    --> crates/kernel-mgga-7/src/mgga_c_kcis/lxc_pol_part25.rs:2155:12
     |
2155 | pub struct mgga_c_kcis_lxc_pol_part25_LO26 {
     |            ^^^^^^^^^^^^^^^^^^^^^^^^^^^^^^^ help: convert the identifier to upper camel case: `MggaCKcisLxcPolPart25Lo26`

warning: type `mgga_c_kcis_lxc_pol_part25_LO27` should have an upper camel case name
    --> crates/kernel-mgga-7/src/mgga_c_kcis/lxc_pol_part25.rs:2229:12
     |
2229 | pub struct mgga_c_kcis_lxc_pol_part25_LO27 {
     |            ^^^^^^^^^^^^^^^^^^^^^^^^^^^^^^^ help: convert the identifier to upper camel case: `MggaCKcisLxcPolPart25Lo27`

warning: type `mgga_c_kcis_lxc_pol_part25_LO28` should have an upper camel case name
    --> crates/kernel-mgga-7/src/mgga_c_kcis/lxc_pol_part25.rs:2263:12
     |
2263 | pub struct mgga_c_kcis_lxc_pol_part25_LO28 {
     |            ^^^^^^^^^^^^^^^^^^^^^^^^^^^^^^^ help: convert the identifier to upper camel case: `MggaCKcisLxcPolPart25Lo28`

warning: type `mgga_c_kcis_lxc_pol_part25_LO29` should have an upper camel case name
    --> crates/kernel-mgga-7/src/mgga_c_kcis/lxc_pol_part25.rs:2333:12
     |
2333 | pub struct mgga_c_kcis_lxc_pol_part25_LO29 {
     |            ^^^^^^^^^^^^^^^^^^^^^^^^^^^^^^^ help: convert the identifier to upper camel case: `MggaCKcisLxcPolPart25Lo29`

warning: type `mgga_c_kcis_lxc_pol_part25_LO30` should have an upper camel case name
    --> crates/kernel-mgga-7/src/mgga_c_kcis/lxc_pol_part25.rs:2425:12
     |
2425 | pub struct mgga_c_kcis_lxc_pol_part25_LO30 {
     |            ^^^^^^^^^^^^^^^^^^^^^^^^^^^^^^^ help: convert the identifier to upper camel case: `MggaCKcisLxcPolPart25Lo30`

warning: type `mgga_c_kcis_lxc_pol_part25_LO31` should have an upper camel case name
    --> crates/kernel-mgga-7/src/mgga_c_kcis/lxc_pol_part25.rs:2525:12
     |
2525 | pub struct mgga_c_kcis_lxc_pol_part25_LO31 {
     |            ^^^^^^^^^^^^^^^^^^^^^^^^^^^^^^^ help: convert the identifier to upper camel case: `MggaCKcisLxcPolPart25Lo31`

warning: type `mgga_c_kcis_lxc_pol_part25_LO32` should have an upper camel case name
    --> crates/kernel-mgga-7/src/mgga_c_kcis/lxc_pol_part25.rs:2592:12
     |
2592 | pub struct mgga_c_kcis_lxc_pol_part25_LO32 {
     |            ^^^^^^^^^^^^^^^^^^^^^^^^^^^^^^^ help: convert the identifier to upper camel case: `MggaCKcisLxcPolPart25Lo32`

warning: type `mgga_c_kcis_lxc_pol_part25_LO33` should have an upper camel case name
    --> crates/kernel-mgga-7/src/mgga_c_kcis/lxc_pol_part25.rs:2690:12
     |
2690 | pub struct mgga_c_kcis_lxc_pol_part25_LO33 {
     |            ^^^^^^^^^^^^^^^^^^^^^^^^^^^^^^^ help: convert the identifier to upper camel case: `MggaCKcisLxcPolPart25Lo33`

warning: type `mgga_c_kcis_lxc_pol_part25_LO34` should have an upper camel case name
    --> crates/kernel-mgga-7/src/mgga_c_kcis/lxc_pol_part25.rs:2715:12
     |
2715 | pub struct mgga_c_kcis_lxc_pol_part25_LO34 {
     |            ^^^^^^^^^^^^^^^^^^^^^^^^^^^^^^^ help: convert the identifier to upper camel case: `MggaCKcisLxcPolPart25Lo34`

warning: type `mgga_c_kcis_lxc_pol_part25_LO35` should have an upper camel case name
    --> crates/kernel-mgga-7/src/mgga_c_kcis/lxc_pol_part25.rs:2763:12
     |
2763 | pub struct mgga_c_kcis_lxc_pol_part25_LO35 {
     |            ^^^^^^^^^^^^^^^^^^^^^^^^^^^^^^^ help: convert the identifier to upper camel case: `MggaCKcisLxcPolPart25Lo35`

warning: type `mgga_c_kcis_lxc_pol_part25_LO36` should have an upper camel case name
    --> crates/kernel-mgga-7/src/mgga_c_kcis/lxc_pol_part25.rs:2860:12
     |
2860 | pub struct mgga_c_kcis_lxc_pol_part25_LO36 {
     |            ^^^^^^^^^^^^^^^^^^^^^^^^^^^^^^^ help: convert the identifier to upper camel case: `MggaCKcisLxcPolPart25Lo36`

warning: type `mgga_c_kcis_lxc_pol_part25_LO37` should have an upper camel case name
    --> crates/kernel-mgga-7/src/mgga_c_kcis/lxc_pol_part25.rs:2940:12
     |
2940 | pub struct mgga_c_kcis_lxc_pol_part25_LO37 {
     |            ^^^^^^^^^^^^^^^^^^^^^^^^^^^^^^^ help: convert the identifier to upper camel case: `MggaCKcisLxcPolPart25Lo37`

warning: type `mgga_c_kcis_lxc_pol_part25_LO38` should have an upper camel case name
    --> crates/kernel-mgga-7/src/mgga_c_kcis/lxc_pol_part25.rs:3027:12
     |
3027 | pub struct mgga_c_kcis_lxc_pol_part25_LO38 {
     |            ^^^^^^^^^^^^^^^^^^^^^^^^^^^^^^^ help: convert the identifier to upper camel case: `MggaCKcisLxcPolPart25Lo38`

warning: type `mgga_c_kcis_lxc_pol_part26_LO0` should have an upper camel case name
  --> crates/kernel-mgga-7/src/mgga_c_kcis/lxc_pol_part26.rs:14:12
   |
14 | pub struct mgga_c_kcis_lxc_pol_part26_LO0 {
   |            ^^^^^^^^^^^^^^^^^^^^^^^^^^^^^^ help: convert the identifier to upper camel case: `MggaCKcisLxcPolPart26Lo0`

warning: type `mgga_c_kcis_lxc_pol_part26_LO1` should have an upper camel case name
   --> crates/kernel-mgga-7/src/mgga_c_kcis/lxc_pol_part26.rs:105:12
    |
105 | pub struct mgga_c_kcis_lxc_pol_part26_LO1 {
    |            ^^^^^^^^^^^^^^^^^^^^^^^^^^^^^^ help: convert the identifier to upper camel case: `MggaCKcisLxcPolPart26Lo1`

warning: type `mgga_c_kcis_lxc_pol_part26_LO2` should have an upper camel case name
   --> crates/kernel-mgga-7/src/mgga_c_kcis/lxc_pol_part26.rs:201:12
    |
201 | pub struct mgga_c_kcis_lxc_pol_part26_LO2 {
    |            ^^^^^^^^^^^^^^^^^^^^^^^^^^^^^^ help: convert the identifier to upper camel case: `MggaCKcisLxcPolPart26Lo2`

warning: type `mgga_c_kcis_lxc_pol_part26_LO3` should have an upper camel case name
   --> crates/kernel-mgga-7/src/mgga_c_kcis/lxc_pol_part26.rs:296:12
    |
296 | pub struct mgga_c_kcis_lxc_pol_part26_LO3 {
    |            ^^^^^^^^^^^^^^^^^^^^^^^^^^^^^^ help: convert the identifier to upper camel case: `MggaCKcisLxcPolPart26Lo3`

warning: type `mgga_c_kcis_lxc_pol_part26_LO4` should have an upper camel case name
   --> crates/kernel-mgga-7/src/mgga_c_kcis/lxc_pol_part26.rs:390:12
    |
390 | pub struct mgga_c_kcis_lxc_pol_part26_LO4 {
    |            ^^^^^^^^^^^^^^^^^^^^^^^^^^^^^^ help: convert the identifier to upper camel case: `MggaCKcisLxcPolPart26Lo4`

warning: type `mgga_c_kcis_lxc_pol_part26_LO5` should have an upper camel case name
   --> crates/kernel-mgga-7/src/mgga_c_kcis/lxc_pol_part26.rs:486:12
    |
486 | pub struct mgga_c_kcis_lxc_pol_part26_LO5 {
    |            ^^^^^^^^^^^^^^^^^^^^^^^^^^^^^^ help: convert the identifier to upper camel case: `MggaCKcisLxcPolPart26Lo5`

warning: type `mgga_c_kcis_lxc_pol_part26_LO6` should have an upper camel case name
   --> crates/kernel-mgga-7/src/mgga_c_kcis/lxc_pol_part26.rs:576:12
    |
576 | pub struct mgga_c_kcis_lxc_pol_part26_LO6 {
    |            ^^^^^^^^^^^^^^^^^^^^^^^^^^^^^^ help: convert the identifier to upper camel case: `MggaCKcisLxcPolPart26Lo6`

warning: type `mgga_c_kcis_lxc_pol_part26_LO7` should have an upper camel case name
   --> crates/kernel-mgga-7/src/mgga_c_kcis/lxc_pol_part26.rs:662:12
    |
662 | pub struct mgga_c_kcis_lxc_pol_part26_LO7 {
    |            ^^^^^^^^^^^^^^^^^^^^^^^^^^^^^^ help: convert the identifier to upper camel case: `MggaCKcisLxcPolPart26Lo7`

warning: type `mgga_c_kcis_lxc_pol_part26_LO8` should have an upper camel case name
   --> crates/kernel-mgga-7/src/mgga_c_kcis/lxc_pol_part26.rs:747:12
    |
747 | pub struct mgga_c_kcis_lxc_pol_part26_LO8 {
    |            ^^^^^^^^^^^^^^^^^^^^^^^^^^^^^^ help: convert the identifier to upper camel case: `MggaCKcisLxcPolPart26Lo8`

warning: type `mgga_c_kcis_lxc_pol_part26_LO9` should have an upper camel case name
   --> crates/kernel-mgga-7/src/mgga_c_kcis/lxc_pol_part26.rs:840:12
    |
840 | pub struct mgga_c_kcis_lxc_pol_part26_LO9 {
    |            ^^^^^^^^^^^^^^^^^^^^^^^^^^^^^^ help: convert the identifier to upper camel case: `MggaCKcisLxcPolPart26Lo9`

warning: type `mgga_c_kcis_lxc_pol_part26_LO10` should have an upper camel case name
   --> crates/kernel-mgga-7/src/mgga_c_kcis/lxc_pol_part26.rs:919:12
    |
919 | pub struct mgga_c_kcis_lxc_pol_part26_LO10 {
    |            ^^^^^^^^^^^^^^^^^^^^^^^^^^^^^^^ help: convert the identifier to upper camel case: `MggaCKcisLxcPolPart26Lo10`

warning: type `mgga_c_kcis_lxc_pol_part26_LO11` should have an upper camel case name
   --> crates/kernel-mgga-7/src/mgga_c_kcis/lxc_pol_part26.rs:966:12
    |
966 | pub struct mgga_c_kcis_lxc_pol_part26_LO11 {
    |            ^^^^^^^^^^^^^^^^^^^^^^^^^^^^^^^ help: convert the identifier to upper camel case: `MggaCKcisLxcPolPart26Lo11`

warning: type `mgga_c_kcis_lxc_pol_part26_LO12` should have an upper camel case name
    --> crates/kernel-mgga-7/src/mgga_c_kcis/lxc_pol_part26.rs:1033:12
     |
1033 | pub struct mgga_c_kcis_lxc_pol_part26_LO12 {
     |            ^^^^^^^^^^^^^^^^^^^^^^^^^^^^^^^ help: convert the identifier to upper camel case: `MggaCKcisLxcPolPart26Lo12`

warning: type `mgga_c_kcis_lxc_pol_part26_LO13` should have an upper camel case name
    --> crates/kernel-mgga-7/src/mgga_c_kcis/lxc_pol_part26.rs:1078:12
     |
1078 | pub struct mgga_c_kcis_lxc_pol_part26_LO13 {
     |            ^^^^^^^^^^^^^^^^^^^^^^^^^^^^^^^ help: convert the identifier to upper camel case: `MggaCKcisLxcPolPart26Lo13`

warning: type `mgga_c_kcis_lxc_pol_part26_LO14` should have an upper camel case name
    --> crates/kernel-mgga-7/src/mgga_c_kcis/lxc_pol_part26.rs:1109:12
     |
1109 | pub struct mgga_c_kcis_lxc_pol_part26_LO14 {
     |            ^^^^^^^^^^^^^^^^^^^^^^^^^^^^^^^ help: convert the identifier to upper camel case: `MggaCKcisLxcPolPart26Lo14`

warning: type `mgga_c_kcis_lxc_pol_part26_LO15` should have an upper camel case name
    --> crates/kernel-mgga-7/src/mgga_c_kcis/lxc_pol_part26.rs:1142:12
     |
1142 | pub struct mgga_c_kcis_lxc_pol_part26_LO15 {
     |            ^^^^^^^^^^^^^^^^^^^^^^^^^^^^^^^ help: convert the identifier to upper camel case: `MggaCKcisLxcPolPart26Lo15`

warning: type `mgga_c_kcis_lxc_pol_part26_LO16` should have an upper camel case name
    --> crates/kernel-mgga-7/src/mgga_c_kcis/lxc_pol_part26.rs:1179:12
     |
1179 | pub struct mgga_c_kcis_lxc_pol_part26_LO16 {
     |            ^^^^^^^^^^^^^^^^^^^^^^^^^^^^^^^ help: convert the identifier to upper camel case: `MggaCKcisLxcPolPart26Lo16`

warning: type `mgga_c_kcis_lxc_pol_part26_LO17` should have an upper camel case name
    --> crates/kernel-mgga-7/src/mgga_c_kcis/lxc_pol_part26.rs:1219:12
     |
1219 | pub struct mgga_c_kcis_lxc_pol_part26_LO17 {
     |            ^^^^^^^^^^^^^^^^^^^^^^^^^^^^^^^ help: convert the identifier to upper camel case: `MggaCKcisLxcPolPart26Lo17`

warning: type `mgga_c_kcis_lxc_pol_part26_LO18` should have an upper camel case name
    --> crates/kernel-mgga-7/src/mgga_c_kcis/lxc_pol_part26.rs:1253:12
     |
1253 | pub struct mgga_c_kcis_lxc_pol_part26_LO18 {
     |            ^^^^^^^^^^^^^^^^^^^^^^^^^^^^^^^ help: convert the identifier to upper camel case: `MggaCKcisLxcPolPart26Lo18`

warning: type `mgga_c_kcis_lxc_pol_part26_LO19` should have an upper camel case name
    --> crates/kernel-mgga-7/src/mgga_c_kcis/lxc_pol_part26.rs:1269:12
     |
1269 | pub struct mgga_c_kcis_lxc_pol_part26_LO19 {
     |            ^^^^^^^^^^^^^^^^^^^^^^^^^^^^^^^ help: convert the identifier to upper camel case: `MggaCKcisLxcPolPart26Lo19`

warning: type `mgga_c_kcis_lxc_pol_part26_LO20` should have an upper camel case name
    --> crates/kernel-mgga-7/src/mgga_c_kcis/lxc_pol_part26.rs:1359:12
     |
1359 | pub struct mgga_c_kcis_lxc_pol_part26_LO20 {
     |            ^^^^^^^^^^^^^^^^^^^^^^^^^^^^^^^ help: convert the identifier to upper camel case: `MggaCKcisLxcPolPart26Lo20`

warning: type `mgga_c_kcis_lxc_pol_part26_LO21` should have an upper camel case name
    --> crates/kernel-mgga-7/src/mgga_c_kcis/lxc_pol_part26.rs:1450:12
     |
1450 | pub struct mgga_c_kcis_lxc_pol_part26_LO21 {
     |            ^^^^^^^^^^^^^^^^^^^^^^^^^^^^^^^ help: convert the identifier to upper camel case: `MggaCKcisLxcPolPart26Lo21`

warning: type `mgga_c_kcis_lxc_pol_part26_LO22` should have an upper camel case name
    --> crates/kernel-mgga-7/src/mgga_c_kcis/lxc_pol_part26.rs:1535:12
     |
1535 | pub struct mgga_c_kcis_lxc_pol_part26_LO22 {
     |            ^^^^^^^^^^^^^^^^^^^^^^^^^^^^^^^ help: convert the identifier to upper camel case: `MggaCKcisLxcPolPart26Lo22`

warning: type `mgga_c_kcis_lxc_pol_part26_LO23` should have an upper camel case name
    --> crates/kernel-mgga-7/src/mgga_c_kcis/lxc_pol_part26.rs:1626:12
     |
1626 | pub struct mgga_c_kcis_lxc_pol_part26_LO23 {
     |            ^^^^^^^^^^^^^^^^^^^^^^^^^^^^^^^ help: convert the identifier to upper camel case: `MggaCKcisLxcPolPart26Lo23`

warning: type `mgga_c_kcis_lxc_pol_part26_LO24` should have an upper camel case name
    --> crates/kernel-mgga-7/src/mgga_c_kcis/lxc_pol_part26.rs:1706:12
     |
1706 | pub struct mgga_c_kcis_lxc_pol_part26_LO24 {
     |            ^^^^^^^^^^^^^^^^^^^^^^^^^^^^^^^ help: convert the identifier to upper camel case: `MggaCKcisLxcPolPart26Lo24`

warning: type `mgga_c_kcis_lxc_pol_part26_LO25` should have an upper camel case name
    --> crates/kernel-mgga-7/src/mgga_c_kcis/lxc_pol_part26.rs:1786:12
     |
1786 | pub struct mgga_c_kcis_lxc_pol_part26_LO25 {
     |            ^^^^^^^^^^^^^^^^^^^^^^^^^^^^^^^ help: convert the identifier to upper camel case: `MggaCKcisLxcPolPart26Lo25`

warning: type `mgga_c_kcis_lxc_pol_part26_LO26` should have an upper camel case name
    --> crates/kernel-mgga-7/src/mgga_c_kcis/lxc_pol_part26.rs:1875:12
     |
1875 | pub struct mgga_c_kcis_lxc_pol_part26_LO26 {
     |            ^^^^^^^^^^^^^^^^^^^^^^^^^^^^^^^ help: convert the identifier to upper camel case: `MggaCKcisLxcPolPart26Lo26`

warning: type `mgga_c_kcis_lxc_pol_part26_LO27` should have an upper camel case name
    --> crates/kernel-mgga-7/src/mgga_c_kcis/lxc_pol_part26.rs:1944:12
     |
1944 | pub struct mgga_c_kcis_lxc_pol_part26_LO27 {
     |            ^^^^^^^^^^^^^^^^^^^^^^^^^^^^^^^ help: convert the identifier to upper camel case: `MggaCKcisLxcPolPart26Lo27`

warning: type `mgga_c_kcis_lxc_pol_part26_LO28` should have an upper camel case name
    --> crates/kernel-mgga-7/src/mgga_c_kcis/lxc_pol_part26.rs:2010:12
     |
2010 | pub struct mgga_c_kcis_lxc_pol_part26_LO28 {
     |            ^^^^^^^^^^^^^^^^^^^^^^^^^^^^^^^ help: convert the identifier to upper camel case: `MggaCKcisLxcPolPart26Lo28`

warning: type `mgga_c_kcis_lxc_pol_part26_LO29` should have an upper camel case name
    --> crates/kernel-mgga-7/src/mgga_c_kcis/lxc_pol_part26.rs:2047:12
     |
2047 | pub struct mgga_c_kcis_lxc_pol_part26_LO29 {
     |            ^^^^^^^^^^^^^^^^^^^^^^^^^^^^^^^ help: convert the identifier to upper camel case: `MggaCKcisLxcPolPart26Lo29`

warning: type `mgga_c_kcis_lxc_pol_part26_LO30` should have an upper camel case name
    --> crates/kernel-mgga-7/src/mgga_c_kcis/lxc_pol_part26.rs:2109:12
     |
2109 | pub struct mgga_c_kcis_lxc_pol_part26_LO30 {
     |            ^^^^^^^^^^^^^^^^^^^^^^^^^^^^^^^ help: convert the identifier to upper camel case: `MggaCKcisLxcPolPart26Lo30`

warning: type `mgga_c_kcis_lxc_pol_part26_LO31` should have an upper camel case name
    --> crates/kernel-mgga-7/src/mgga_c_kcis/lxc_pol_part26.rs:2124:12
     |
2124 | pub struct mgga_c_kcis_lxc_pol_part26_LO31 {
     |            ^^^^^^^^^^^^^^^^^^^^^^^^^^^^^^^ help: convert the identifier to upper camel case: `MggaCKcisLxcPolPart26Lo31`

warning: type `mgga_c_kcis_lxc_pol_part26_LO32` should have an upper camel case name
    --> crates/kernel-mgga-7/src/mgga_c_kcis/lxc_pol_part26.rs:2157:12
     |
2157 | pub struct mgga_c_kcis_lxc_pol_part26_LO32 {
     |            ^^^^^^^^^^^^^^^^^^^^^^^^^^^^^^^ help: convert the identifier to upper camel case: `MggaCKcisLxcPolPart26Lo32`

warning: type `mgga_c_kcis_lxc_pol_part26_LO33` should have an upper camel case name
    --> crates/kernel-mgga-7/src/mgga_c_kcis/lxc_pol_part26.rs:2193:12
     |
2193 | pub struct mgga_c_kcis_lxc_pol_part26_LO33 {
     |            ^^^^^^^^^^^^^^^^^^^^^^^^^^^^^^^ help: convert the identifier to upper camel case: `MggaCKcisLxcPolPart26Lo33`

warning: type `mgga_c_kcis_lxc_pol_part26_LO34` should have an upper camel case name
    --> crates/kernel-mgga-7/src/mgga_c_kcis/lxc_pol_part26.rs:2214:12
     |
2214 | pub struct mgga_c_kcis_lxc_pol_part26_LO34 {
     |            ^^^^^^^^^^^^^^^^^^^^^^^^^^^^^^^ help: convert the identifier to upper camel case: `MggaCKcisLxcPolPart26Lo34`

warning: type `mgga_c_kcis_lxc_pol_part30_LO0` should have an upper camel case name
  --> crates/kernel-mgga-7/src/mgga_c_kcis/lxc_pol_part30.rs:14:12
   |
14 | pub struct mgga_c_kcis_lxc_pol_part30_LO0 {
   |            ^^^^^^^^^^^^^^^^^^^^^^^^^^^^^^ help: convert the identifier to upper camel case: `MggaCKcisLxcPolPart30Lo0`

warning: type `mgga_c_kcis_lxc_pol_part30_LO1` should have an upper camel case name
   --> crates/kernel-mgga-7/src/mgga_c_kcis/lxc_pol_part30.rs:105:12
    |
105 | pub struct mgga_c_kcis_lxc_pol_part30_LO1 {
    |            ^^^^^^^^^^^^^^^^^^^^^^^^^^^^^^ help: convert the identifier to upper camel case: `MggaCKcisLxcPolPart30Lo1`

warning: type `mgga_c_kcis_lxc_pol_part30_LO2` should have an upper camel case name
   --> crates/kernel-mgga-7/src/mgga_c_kcis/lxc_pol_part30.rs:201:12
    |
201 | pub struct mgga_c_kcis_lxc_pol_part30_LO2 {
    |            ^^^^^^^^^^^^^^^^^^^^^^^^^^^^^^ help: convert the identifier to upper camel case: `MggaCKcisLxcPolPart30Lo2`

warning: type `mgga_c_kcis_lxc_pol_part30_LO3` should have an upper camel case name
   --> crates/kernel-mgga-7/src/mgga_c_kcis/lxc_pol_part30.rs:303:12
    |
303 | pub struct mgga_c_kcis_lxc_pol_part30_LO3 {
    |            ^^^^^^^^^^^^^^^^^^^^^^^^^^^^^^ help: convert the identifier to upper camel case: `MggaCKcisLxcPolPart30Lo3`

warning: type `mgga_c_kcis_lxc_pol_part30_LO4` should have an upper camel case name
   --> crates/kernel-mgga-7/src/mgga_c_kcis/lxc_pol_part30.rs:403:12
    |
403 | pub struct mgga_c_kcis_lxc_pol_part30_LO4 {
    |            ^^^^^^^^^^^^^^^^^^^^^^^^^^^^^^ help: convert the identifier to upper camel case: `MggaCKcisLxcPolPart30Lo4`

warning: type `mgga_c_kcis_lxc_pol_part30_LO5` should have an upper camel case name
   --> crates/kernel-mgga-7/src/mgga_c_kcis/lxc_pol_part30.rs:505:12
    |
505 | pub struct mgga_c_kcis_lxc_pol_part30_LO5 {
    |            ^^^^^^^^^^^^^^^^^^^^^^^^^^^^^^ help: convert the identifier to upper camel case: `MggaCKcisLxcPolPart30Lo5`

warning: type `mgga_c_kcis_lxc_pol_part30_LO6` should have an upper camel case name
   --> crates/kernel-mgga-7/src/mgga_c_kcis/lxc_pol_part30.rs:598:12
    |
598 | pub struct mgga_c_kcis_lxc_pol_part30_LO6 {
    |            ^^^^^^^^^^^^^^^^^^^^^^^^^^^^^^ help: convert the identifier to upper camel case: `MggaCKcisLxcPolPart30Lo6`

warning: type `mgga_c_kcis_lxc_pol_part30_LO7` should have an upper camel case name
   --> crates/kernel-mgga-7/src/mgga_c_kcis/lxc_pol_part30.rs:700:12
    |
700 | pub struct mgga_c_kcis_lxc_pol_part30_LO7 {
    |            ^^^^^^^^^^^^^^^^^^^^^^^^^^^^^^ help: convert the identifier to upper camel case: `MggaCKcisLxcPolPart30Lo7`

warning: type `mgga_c_kcis_lxc_pol_part30_LO8` should have an upper camel case name
   --> crates/kernel-mgga-7/src/mgga_c_kcis/lxc_pol_part30.rs:797:12
    |
797 | pub struct mgga_c_kcis_lxc_pol_part30_LO8 {
    |            ^^^^^^^^^^^^^^^^^^^^^^^^^^^^^^ help: convert the identifier to upper camel case: `MggaCKcisLxcPolPart30Lo8`

warning: type `mgga_c_kcis_lxc_pol_part30_LO9` should have an upper camel case name
   --> crates/kernel-mgga-7/src/mgga_c_kcis/lxc_pol_part30.rs:898:12
    |
898 | pub struct mgga_c_kcis_lxc_pol_part30_LO9 {
    |            ^^^^^^^^^^^^^^^^^^^^^^^^^^^^^^ help: convert the identifier to upper camel case: `MggaCKcisLxcPolPart30Lo9`

warning: type `mgga_c_kcis_lxc_pol_part30_LO10` should have an upper camel case name
   --> crates/kernel-mgga-7/src/mgga_c_kcis/lxc_pol_part30.rs:995:12
    |
995 | pub struct mgga_c_kcis_lxc_pol_part30_LO10 {
    |            ^^^^^^^^^^^^^^^^^^^^^^^^^^^^^^^ help: convert the identifier to upper camel case: `MggaCKcisLxcPolPart30Lo10`

warning: type `mgga_c_kcis_lxc_pol_part30_LO11` should have an upper camel case name
    --> crates/kernel-mgga-7/src/mgga_c_kcis/lxc_pol_part30.rs:1092:12
     |
1092 | pub struct mgga_c_kcis_lxc_pol_part30_LO11 {
     |            ^^^^^^^^^^^^^^^^^^^^^^^^^^^^^^^ help: convert the identifier to upper camel case: `MggaCKcisLxcPolPart30Lo11`

warning: type `mgga_c_kcis_lxc_pol_part30_LO12` should have an upper camel case name
    --> crates/kernel-mgga-7/src/mgga_c_kcis/lxc_pol_part30.rs:1188:12
     |
1188 | pub struct mgga_c_kcis_lxc_pol_part30_LO12 {
     |            ^^^^^^^^^^^^^^^^^^^^^^^^^^^^^^^ help: convert the identifier to upper camel case: `MggaCKcisLxcPolPart30Lo12`

warning: type `mgga_c_kcis_lxc_pol_part30_LO13` should have an upper camel case name
    --> crates/kernel-mgga-7/src/mgga_c_kcis/lxc_pol_part30.rs:1276:12
     |
1276 | pub struct mgga_c_kcis_lxc_pol_part30_LO13 {
     |            ^^^^^^^^^^^^^^^^^^^^^^^^^^^^^^^ help: convert the identifier to upper camel case: `MggaCKcisLxcPolPart30Lo13`

warning: type `mgga_c_kcis_lxc_pol_part30_LO14` should have an upper camel case name
    --> crates/kernel-mgga-7/src/mgga_c_kcis/lxc_pol_part30.rs:1365:12
     |
1365 | pub struct mgga_c_kcis_lxc_pol_part30_LO14 {
     |            ^^^^^^^^^^^^^^^^^^^^^^^^^^^^^^^ help: convert the identifier to upper camel case: `MggaCKcisLxcPolPart30Lo14`

warning: type `mgga_c_kcis_lxc_pol_part30_LO15` should have an upper camel case name
    --> crates/kernel-mgga-7/src/mgga_c_kcis/lxc_pol_part30.rs:1459:12
     |
1459 | pub struct mgga_c_kcis_lxc_pol_part30_LO15 {
     |            ^^^^^^^^^^^^^^^^^^^^^^^^^^^^^^^ help: convert the identifier to upper camel case: `MggaCKcisLxcPolPart30Lo15`

warning: type `mgga_c_kcis_lxc_pol_part30_LO16` should have an upper camel case name
    --> crates/kernel-mgga-7/src/mgga_c_kcis/lxc_pol_part30.rs:1536:12
     |
1536 | pub struct mgga_c_kcis_lxc_pol_part30_LO16 {
     |            ^^^^^^^^^^^^^^^^^^^^^^^^^^^^^^^ help: convert the identifier to upper camel case: `MggaCKcisLxcPolPart30Lo16`

warning: type `mgga_c_kcis_lxc_pol_part30_LO17` should have an upper camel case name
    --> crates/kernel-mgga-7/src/mgga_c_kcis/lxc_pol_part30.rs:1637:12
     |
1637 | pub struct mgga_c_kcis_lxc_pol_part30_LO17 {
     |            ^^^^^^^^^^^^^^^^^^^^^^^^^^^^^^^ help: convert the identifier to upper camel case: `MggaCKcisLxcPolPart30Lo17`

warning: type `mgga_c_kcis_lxc_pol_part30_LO18` should have an upper camel case name
    --> crates/kernel-mgga-7/src/mgga_c_kcis/lxc_pol_part30.rs:1722:12
     |
1722 | pub struct mgga_c_kcis_lxc_pol_part30_LO18 {
     |            ^^^^^^^^^^^^^^^^^^^^^^^^^^^^^^^ help: convert the identifier to upper camel case: `MggaCKcisLxcPolPart30Lo18`

warning: type `mgga_c_kcis_lxc_pol_part30_LO19` should have an upper camel case name
    --> crates/kernel-mgga-7/src/mgga_c_kcis/lxc_pol_part30.rs:1803:12
     |
1803 | pub struct mgga_c_kcis_lxc_pol_part30_LO19 {
     |            ^^^^^^^^^^^^^^^^^^^^^^^^^^^^^^^ help: convert the identifier to upper camel case: `MggaCKcisLxcPolPart30Lo19`

warning: type `mgga_c_kcis_lxc_pol_part30_LO20` should have an upper camel case name
    --> crates/kernel-mgga-7/src/mgga_c_kcis/lxc_pol_part30.rs:1854:12
     |
1854 | pub struct mgga_c_kcis_lxc_pol_part30_LO20 {
     |            ^^^^^^^^^^^^^^^^^^^^^^^^^^^^^^^ help: convert the identifier to upper camel case: `MggaCKcisLxcPolPart30Lo20`

warning: type `mgga_c_kcis_lxc_pol_part30_LO21` should have an upper camel case name
    --> crates/kernel-mgga-7/src/mgga_c_kcis/lxc_pol_part30.rs:1901:12
     |
1901 | pub struct mgga_c_kcis_lxc_pol_part30_LO21 {
     |            ^^^^^^^^^^^^^^^^^^^^^^^^^^^^^^^ help: convert the identifier to upper camel case: `MggaCKcisLxcPolPart30Lo21`

warning: type `mgga_c_kcis_lxc_pol_part30_LO22` should have an upper camel case name
    --> crates/kernel-mgga-7/src/mgga_c_kcis/lxc_pol_part30.rs:1947:12
     |
1947 | pub struct mgga_c_kcis_lxc_pol_part30_LO22 {
     |            ^^^^^^^^^^^^^^^^^^^^^^^^^^^^^^^ help: convert the identifier to upper camel case: `MggaCKcisLxcPolPart30Lo22`

warning: type `mgga_c_kcis_lxc_pol_part30_LO23` should have an upper camel case name
    --> crates/kernel-mgga-7/src/mgga_c_kcis/lxc_pol_part30.rs:1970:12
     |
1970 | pub struct mgga_c_kcis_lxc_pol_part30_LO23 {
     |            ^^^^^^^^^^^^^^^^^^^^^^^^^^^^^^^ help: convert the identifier to upper camel case: `MggaCKcisLxcPolPart30Lo23`

warning: type `mgga_c_kcis_lxc_pol_part30_LO24` should have an upper camel case name
    --> crates/kernel-mgga-7/src/mgga_c_kcis/lxc_pol_part30.rs:2024:12
     |
2024 | pub struct mgga_c_kcis_lxc_pol_part30_LO24 {
     |            ^^^^^^^^^^^^^^^^^^^^^^^^^^^^^^^ help: convert the identifier to upper camel case: `MggaCKcisLxcPolPart30Lo24`

warning: type `mgga_c_kcis_lxc_pol_part30_LO25` should have an upper camel case name
    --> crates/kernel-mgga-7/src/mgga_c_kcis/lxc_pol_part30.rs:2050:12
     |
2050 | pub struct mgga_c_kcis_lxc_pol_part30_LO25 {
     |            ^^^^^^^^^^^^^^^^^^^^^^^^^^^^^^^ help: convert the identifier to upper camel case: `MggaCKcisLxcPolPart30Lo25`

warning: type `mgga_c_kcis_lxc_pol_part30_LO26` should have an upper camel case name
    --> crates/kernel-mgga-7/src/mgga_c_kcis/lxc_pol_part30.rs:2107:12
     |
2107 | pub struct mgga_c_kcis_lxc_pol_part30_LO26 {
     |            ^^^^^^^^^^^^^^^^^^^^^^^^^^^^^^^ help: convert the identifier to upper camel case: `MggaCKcisLxcPolPart30Lo26`

warning: type `mgga_c_kcis_lxc_pol_part30_LO27` should have an upper camel case name
    --> crates/kernel-mgga-7/src/mgga_c_kcis/lxc_pol_part30.rs:2150:12
     |
2150 | pub struct mgga_c_kcis_lxc_pol_part30_LO27 {
     |            ^^^^^^^^^^^^^^^^^^^^^^^^^^^^^^^ help: convert the identifier to upper camel case: `MggaCKcisLxcPolPart30Lo27`

warning: type `mgga_c_kcis_lxc_pol_part30_LO28` should have an upper camel case name
    --> crates/kernel-mgga-7/src/mgga_c_kcis/lxc_pol_part30.rs:2186:12
     |
2186 | pub struct mgga_c_kcis_lxc_pol_part30_LO28 {
     |            ^^^^^^^^^^^^^^^^^^^^^^^^^^^^^^^ help: convert the identifier to upper camel case: `MggaCKcisLxcPolPart30Lo28`

warning: type `mgga_c_kcis_lxc_pol_part30_LO29` should have an upper camel case name
    --> crates/kernel-mgga-7/src/mgga_c_kcis/lxc_pol_part30.rs:2204:12
     |
2204 | pub struct mgga_c_kcis_lxc_pol_part30_LO29 {
     |            ^^^^^^^^^^^^^^^^^^^^^^^^^^^^^^^ help: convert the identifier to upper camel case: `MggaCKcisLxcPolPart30Lo29`

warning: type `mgga_c_kcis_lxc_pol_part30_LO30` should have an upper camel case name
    --> crates/kernel-mgga-7/src/mgga_c_kcis/lxc_pol_part30.rs:2290:12
     |
2290 | pub struct mgga_c_kcis_lxc_pol_part30_LO30 {
     |            ^^^^^^^^^^^^^^^^^^^^^^^^^^^^^^^ help: convert the identifier to upper camel case: `MggaCKcisLxcPolPart30Lo30`

warning: type `mgga_c_kcis_lxc_pol_part30_LO31` should have an upper camel case name
    --> crates/kernel-mgga-7/src/mgga_c_kcis/lxc_pol_part30.rs:2387:12
     |
2387 | pub struct mgga_c_kcis_lxc_pol_part30_LO31 {
     |            ^^^^^^^^^^^^^^^^^^^^^^^^^^^^^^^ help: convert the identifier to upper camel case: `MggaCKcisLxcPolPart30Lo31`

warning: type `mgga_c_kcis_lxc_pol_part30_LO32` should have an upper camel case name
    --> crates/kernel-mgga-7/src/mgga_c_kcis/lxc_pol_part30.rs:2460:12
     |
2460 | pub struct mgga_c_kcis_lxc_pol_part30_LO32 {
     |            ^^^^^^^^^^^^^^^^^^^^^^^^^^^^^^^ help: convert the identifier to upper camel case: `MggaCKcisLxcPolPart30Lo32`

warning: type `mgga_c_kcis_lxc_pol_part30_LO33` should have an upper camel case name
    --> crates/kernel-mgga-7/src/mgga_c_kcis/lxc_pol_part30.rs:2554:12
     |
2554 | pub struct mgga_c_kcis_lxc_pol_part30_LO33 {
     |            ^^^^^^^^^^^^^^^^^^^^^^^^^^^^^^^ help: convert the identifier to upper camel case: `MggaCKcisLxcPolPart30Lo33`

warning: type `mgga_c_kcis_lxc_pol_part30_LO34` should have an upper camel case name
    --> crates/kernel-mgga-7/src/mgga_c_kcis/lxc_pol_part30.rs:2650:12
     |
2650 | pub struct mgga_c_kcis_lxc_pol_part30_LO34 {
     |            ^^^^^^^^^^^^^^^^^^^^^^^^^^^^^^^ help: convert the identifier to upper camel case: `MggaCKcisLxcPolPart30Lo34`

warning: type `mgga_c_kcis_lxc_pol_part30_LO35` should have an upper camel case name
    --> crates/kernel-mgga-7/src/mgga_c_kcis/lxc_pol_part30.rs:2747:12
     |
2747 | pub struct mgga_c_kcis_lxc_pol_part30_LO35 {
     |            ^^^^^^^^^^^^^^^^^^^^^^^^^^^^^^^ help: convert the identifier to upper camel case: `MggaCKcisLxcPolPart30Lo35`

warning: type `mgga_c_kcis_lxc_pol_part30_LO36` should have an upper camel case name
    --> crates/kernel-mgga-7/src/mgga_c_kcis/lxc_pol_part30.rs:2837:12
     |
2837 | pub struct mgga_c_kcis_lxc_pol_part30_LO36 {
     |            ^^^^^^^^^^^^^^^^^^^^^^^^^^^^^^^ help: convert the identifier to upper camel case: `MggaCKcisLxcPolPart30Lo36`

warning: type `mgga_c_kcis_lxc_pol_part30_LO37` should have an upper camel case name
    --> crates/kernel-mgga-7/src/mgga_c_kcis/lxc_pol_part30.rs:2912:12
     |
2912 | pub struct mgga_c_kcis_lxc_pol_part30_LO37 {
     |            ^^^^^^^^^^^^^^^^^^^^^^^^^^^^^^^ help: convert the identifier to upper camel case: `MggaCKcisLxcPolPart30Lo37`

warning: type `mgga_c_kcis_lxc_pol_part30_LO38` should have an upper camel case name
    --> crates/kernel-mgga-7/src/mgga_c_kcis/lxc_pol_part30.rs:2993:12
     |
2993 | pub struct mgga_c_kcis_lxc_pol_part30_LO38 {
     |            ^^^^^^^^^^^^^^^^^^^^^^^^^^^^^^^ help: convert the identifier to upper camel case: `MggaCKcisLxcPolPart30Lo38`

warning: type `mgga_c_kcis_lxc_pol_part30_LO39` should have an upper camel case name
    --> crates/kernel-mgga-7/src/mgga_c_kcis/lxc_pol_part30.rs:3086:12
     |
3086 | pub struct mgga_c_kcis_lxc_pol_part30_LO39 {
     |            ^^^^^^^^^^^^^^^^^^^^^^^^^^^^^^^ help: convert the identifier to upper camel case: `MggaCKcisLxcPolPart30Lo39`

warning: type `mgga_c_kcis_lxc_pol_part30_LO40` should have an upper camel case name
    --> crates/kernel-mgga-7/src/mgga_c_kcis/lxc_pol_part30.rs:3153:12
     |
3153 | pub struct mgga_c_kcis_lxc_pol_part30_LO40 {
     |            ^^^^^^^^^^^^^^^^^^^^^^^^^^^^^^^ help: convert the identifier to upper camel case: `MggaCKcisLxcPolPart30Lo40`

warning: type `mgga_c_kcis_lxc_pol_part30_LO41` should have an upper camel case name
    --> crates/kernel-mgga-7/src/mgga_c_kcis/lxc_pol_part30.rs:3220:12
     |
3220 | pub struct mgga_c_kcis_lxc_pol_part30_LO41 {
     |            ^^^^^^^^^^^^^^^^^^^^^^^^^^^^^^^ help: convert the identifier to upper camel case: `MggaCKcisLxcPolPart30Lo41`

warning: type `mgga_c_kcis_lxc_pol_part30_LO42` should have an upper camel case name
    --> crates/kernel-mgga-7/src/mgga_c_kcis/lxc_pol_part30.rs:3273:12
     |
3273 | pub struct mgga_c_kcis_lxc_pol_part30_LO42 {
     |            ^^^^^^^^^^^^^^^^^^^^^^^^^^^^^^^ help: convert the identifier to upper camel case: `MggaCKcisLxcPolPart30Lo42`

warning: type `mgga_c_kcis_lxc_pol_part30_LO43` should have an upper camel case name
    --> crates/kernel-mgga-7/src/mgga_c_kcis/lxc_pol_part30.rs:3297:12
     |
3297 | pub struct mgga_c_kcis_lxc_pol_part30_LO43 {
     |            ^^^^^^^^^^^^^^^^^^^^^^^^^^^^^^^ help: convert the identifier to upper camel case: `MggaCKcisLxcPolPart30Lo43`

warning: type `mgga_c_kcis_lxc_pol_part30_LO44` should have an upper camel case name
    --> crates/kernel-mgga-7/src/mgga_c_kcis/lxc_pol_part30.rs:3337:12
     |
3337 | pub struct mgga_c_kcis_lxc_pol_part30_LO44 {
     |            ^^^^^^^^^^^^^^^^^^^^^^^^^^^^^^^ help: convert the identifier to upper camel case: `MggaCKcisLxcPolPart30Lo44`

warning: type `mgga_c_kcis_lxc_pol_part31_LO0` should have an upper camel case name
  --> crates/kernel-mgga-7/src/mgga_c_kcis/lxc_pol_part31.rs:14:12
   |
14 | pub struct mgga_c_kcis_lxc_pol_part31_LO0 {
   |            ^^^^^^^^^^^^^^^^^^^^^^^^^^^^^^ help: convert the identifier to upper camel case: `MggaCKcisLxcPolPart31Lo0`

warning: type `mgga_c_kcis_lxc_pol_part31_LO1` should have an upper camel case name
   --> crates/kernel-mgga-7/src/mgga_c_kcis/lxc_pol_part31.rs:111:12
    |
111 | pub struct mgga_c_kcis_lxc_pol_part31_LO1 {
    |            ^^^^^^^^^^^^^^^^^^^^^^^^^^^^^^ help: convert the identifier to upper camel case: `MggaCKcisLxcPolPart31Lo1`

warning: type `mgga_c_kcis_lxc_pol_part31_LO2` should have an upper camel case name
   --> crates/kernel-mgga-7/src/mgga_c_kcis/lxc_pol_part31.rs:207:12
    |
207 | pub struct mgga_c_kcis_lxc_pol_part31_LO2 {
    |            ^^^^^^^^^^^^^^^^^^^^^^^^^^^^^^ help: convert the identifier to upper camel case: `MggaCKcisLxcPolPart31Lo2`

warning: type `mgga_c_kcis_lxc_pol_part31_LO3` should have an upper camel case name
   --> crates/kernel-mgga-7/src/mgga_c_kcis/lxc_pol_part31.rs:309:12
    |
309 | pub struct mgga_c_kcis_lxc_pol_part31_LO3 {
    |            ^^^^^^^^^^^^^^^^^^^^^^^^^^^^^^ help: convert the identifier to upper camel case: `MggaCKcisLxcPolPart31Lo3`

warning: type `mgga_c_kcis_lxc_pol_part31_LO4` should have an upper camel case name
   --> crates/kernel-mgga-7/src/mgga_c_kcis/lxc_pol_part31.rs:408:12
    |
408 | pub struct mgga_c_kcis_lxc_pol_part31_LO4 {
    |            ^^^^^^^^^^^^^^^^^^^^^^^^^^^^^^ help: convert the identifier to upper camel case: `MggaCKcisLxcPolPart31Lo4`

warning: type `mgga_c_kcis_lxc_pol_part31_LO5` should have an upper camel case name
   --> crates/kernel-mgga-7/src/mgga_c_kcis/lxc_pol_part31.rs:498:12
    |
498 | pub struct mgga_c_kcis_lxc_pol_part31_LO5 {
    |            ^^^^^^^^^^^^^^^^^^^^^^^^^^^^^^ help: convert the identifier to upper camel case: `MggaCKcisLxcPolPart31Lo5`

warning: type `mgga_c_kcis_lxc_pol_part31_LO6` should have an upper camel case name
   --> crates/kernel-mgga-7/src/mgga_c_kcis/lxc_pol_part31.rs:596:12
    |
596 | pub struct mgga_c_kcis_lxc_pol_part31_LO6 {
    |            ^^^^^^^^^^^^^^^^^^^^^^^^^^^^^^ help: convert the identifier to upper camel case: `MggaCKcisLxcPolPart31Lo6`

warning: type `mgga_c_kcis_lxc_pol_part31_LO7` should have an upper camel case name
   --> crates/kernel-mgga-7/src/mgga_c_kcis/lxc_pol_part31.rs:696:12
    |
696 | pub struct mgga_c_kcis_lxc_pol_part31_LO7 {
    |            ^^^^^^^^^^^^^^^^^^^^^^^^^^^^^^ help: convert the identifier to upper camel case: `MggaCKcisLxcPolPart31Lo7`

warning: type `mgga_c_kcis_lxc_pol_part31_LO8` should have an upper camel case name
   --> crates/kernel-mgga-7/src/mgga_c_kcis/lxc_pol_part31.rs:798:12
    |
798 | pub struct mgga_c_kcis_lxc_pol_part31_LO8 {
    |            ^^^^^^^^^^^^^^^^^^^^^^^^^^^^^^ help: convert the identifier to upper camel case: `MggaCKcisLxcPolPart31Lo8`

warning: type `mgga_c_kcis_lxc_pol_part31_LO9` should have an upper camel case name
   --> crates/kernel-mgga-7/src/mgga_c_kcis/lxc_pol_part31.rs:895:12
    |
895 | pub struct mgga_c_kcis_lxc_pol_part31_LO9 {
    |            ^^^^^^^^^^^^^^^^^^^^^^^^^^^^^^ help: convert the identifier to upper camel case: `MggaCKcisLxcPolPart31Lo9`

warning: type `mgga_c_kcis_lxc_pol_part31_LO10` should have an upper camel case name
   --> crates/kernel-mgga-7/src/mgga_c_kcis/lxc_pol_part31.rs:982:12
    |
982 | pub struct mgga_c_kcis_lxc_pol_part31_LO10 {
    |            ^^^^^^^^^^^^^^^^^^^^^^^^^^^^^^^ help: convert the identifier to upper camel case: `MggaCKcisLxcPolPart31Lo10`

warning: type `mgga_c_kcis_lxc_pol_part31_LO11` should have an upper camel case name
    --> crates/kernel-mgga-7/src/mgga_c_kcis/lxc_pol_part31.rs:1062:12
     |
1062 | pub struct mgga_c_kcis_lxc_pol_part31_LO11 {
     |            ^^^^^^^^^^^^^^^^^^^^^^^^^^^^^^^ help: convert the identifier to upper camel case: `MggaCKcisLxcPolPart31Lo11`

warning: type `mgga_c_kcis_lxc_pol_part31_LO12` should have an upper camel case name
    --> crates/kernel-mgga-7/src/mgga_c_kcis/lxc_pol_part31.rs:1150:12
     |
1150 | pub struct mgga_c_kcis_lxc_pol_part31_LO12 {
     |            ^^^^^^^^^^^^^^^^^^^^^^^^^^^^^^^ help: convert the identifier to upper camel case: `MggaCKcisLxcPolPart31Lo12`

warning: type `mgga_c_kcis_lxc_pol_part31_LO13` should have an upper camel case name
    --> crates/kernel-mgga-7/src/mgga_c_kcis/lxc_pol_part31.rs:1241:12
     |
1241 | pub struct mgga_c_kcis_lxc_pol_part31_LO13 {
     |            ^^^^^^^^^^^^^^^^^^^^^^^^^^^^^^^ help: convert the identifier to upper camel case: `MggaCKcisLxcPolPart31Lo13`

warning: type `mgga_c_kcis_lxc_pol_part31_LO14` should have an upper camel case name
    --> crates/kernel-mgga-7/src/mgga_c_kcis/lxc_pol_part31.rs:1308:12
     |
1308 | pub struct mgga_c_kcis_lxc_pol_part31_LO14 {
     |            ^^^^^^^^^^^^^^^^^^^^^^^^^^^^^^^ help: convert the identifier to upper camel case: `MggaCKcisLxcPolPart31Lo14`

warning: type `mgga_c_kcis_lxc_pol_part31_LO15` should have an upper camel case name
    --> crates/kernel-mgga-7/src/mgga_c_kcis/lxc_pol_part31.rs:1350:12
     |
1350 | pub struct mgga_c_kcis_lxc_pol_part31_LO15 {
     |            ^^^^^^^^^^^^^^^^^^^^^^^^^^^^^^^ help: convert the identifier to upper camel case: `MggaCKcisLxcPolPart31Lo15`

warning: type `mgga_c_kcis_lxc_pol_part31_LO16` should have an upper camel case name
    --> crates/kernel-mgga-7/src/mgga_c_kcis/lxc_pol_part31.rs:1395:12
     |
1395 | pub struct mgga_c_kcis_lxc_pol_part31_LO16 {
     |            ^^^^^^^^^^^^^^^^^^^^^^^^^^^^^^^ help: convert the identifier to upper camel case: `MggaCKcisLxcPolPart31Lo16`

warning: type `mgga_c_kcis_lxc_pol_part31_LO17` should have an upper camel case name
    --> crates/kernel-mgga-7/src/mgga_c_kcis/lxc_pol_part31.rs:1423:12
     |
1423 | pub struct mgga_c_kcis_lxc_pol_part31_LO17 {
     |            ^^^^^^^^^^^^^^^^^^^^^^^^^^^^^^^ help: convert the identifier to upper camel case: `MggaCKcisLxcPolPart31Lo17`

warning: type `mgga_c_kcis_lxc_pol_part31_LO18` should have an upper camel case name
    --> crates/kernel-mgga-7/src/mgga_c_kcis/lxc_pol_part31.rs:1478:12
     |
1478 | pub struct mgga_c_kcis_lxc_pol_part31_LO18 {
     |            ^^^^^^^^^^^^^^^^^^^^^^^^^^^^^^^ help: convert the identifier to upper camel case: `MggaCKcisLxcPolPart31Lo18`

warning: type `mgga_c_kcis_lxc_pol_part31_LO19` should have an upper camel case name
    --> crates/kernel-mgga-7/src/mgga_c_kcis/lxc_pol_part31.rs:1492:12
     |
1492 | pub struct mgga_c_kcis_lxc_pol_part31_LO19 {
     |            ^^^^^^^^^^^^^^^^^^^^^^^^^^^^^^^ help: convert the identifier to upper camel case: `MggaCKcisLxcPolPart31Lo19`

warning: type `mgga_c_kcis_lxc_pol_part31_LO20` should have an upper camel case name
    --> crates/kernel-mgga-7/src/mgga_c_kcis/lxc_pol_part31.rs:1581:12
     |
1581 | pub struct mgga_c_kcis_lxc_pol_part31_LO20 {
     |            ^^^^^^^^^^^^^^^^^^^^^^^^^^^^^^^ help: convert the identifier to upper camel case: `MggaCKcisLxcPolPart31Lo20`

warning: type `mgga_c_kcis_lxc_pol_part31_LO21` should have an upper camel case name
    --> crates/kernel-mgga-7/src/mgga_c_kcis/lxc_pol_part31.rs:1676:12
     |
1676 | pub struct mgga_c_kcis_lxc_pol_part31_LO21 {
     |            ^^^^^^^^^^^^^^^^^^^^^^^^^^^^^^^ help: convert the identifier to upper camel case: `MggaCKcisLxcPolPart31Lo21`

warning: type `mgga_c_kcis_lxc_pol_part31_LO22` should have an upper camel case name
    --> crates/kernel-mgga-7/src/mgga_c_kcis/lxc_pol_part31.rs:1771:12
     |
1771 | pub struct mgga_c_kcis_lxc_pol_part31_LO22 {
     |            ^^^^^^^^^^^^^^^^^^^^^^^^^^^^^^^ help: convert the identifier to upper camel case: `MggaCKcisLxcPolPart31Lo22`

warning: type `mgga_c_kcis_lxc_pol_part31_LO23` should have an upper camel case name
    --> crates/kernel-mgga-7/src/mgga_c_kcis/lxc_pol_part31.rs:1867:12
     |
1867 | pub struct mgga_c_kcis_lxc_pol_part31_LO23 {
     |            ^^^^^^^^^^^^^^^^^^^^^^^^^^^^^^^ help: convert the identifier to upper camel case: `MggaCKcisLxcPolPart31Lo23`

warning: type `mgga_c_kcis_lxc_pol_part31_LO24` should have an upper camel case name
    --> crates/kernel-mgga-7/src/mgga_c_kcis/lxc_pol_part31.rs:1959:12
     |
1959 | pub struct mgga_c_kcis_lxc_pol_part31_LO24 {
     |            ^^^^^^^^^^^^^^^^^^^^^^^^^^^^^^^ help: convert the identifier to upper camel case: `MggaCKcisLxcPolPart31Lo24`

warning: type `mgga_c_kcis_lxc_pol_part31_LO25` should have an upper camel case name
    --> crates/kernel-mgga-7/src/mgga_c_kcis/lxc_pol_part31.rs:2030:12
     |
2030 | pub struct mgga_c_kcis_lxc_pol_part31_LO25 {
     |            ^^^^^^^^^^^^^^^^^^^^^^^^^^^^^^^ help: convert the identifier to upper camel case: `MggaCKcisLxcPolPart31Lo25`

warning: type `mgga_c_kcis_lxc_pol_part31_LO26` should have an upper camel case name
    --> crates/kernel-mgga-7/src/mgga_c_kcis/lxc_pol_part31.rs:2085:12
     |
2085 | pub struct mgga_c_kcis_lxc_pol_part31_LO26 {
     |            ^^^^^^^^^^^^^^^^^^^^^^^^^^^^^^^ help: convert the identifier to upper camel case: `MggaCKcisLxcPolPart31Lo26`

warning: type `mgga_c_kcis_lxc_pol_part31_LO27` should have an upper camel case name
    --> crates/kernel-mgga-7/src/mgga_c_kcis/lxc_pol_part31.rs:2136:12
     |
2136 | pub struct mgga_c_kcis_lxc_pol_part31_LO27 {
     |            ^^^^^^^^^^^^^^^^^^^^^^^^^^^^^^^ help: convert the identifier to upper camel case: `MggaCKcisLxcPolPart31Lo27`

warning: type `mgga_c_kcis_lxc_pol_part31_LO28` should have an upper camel case name
    --> crates/kernel-mgga-7/src/mgga_c_kcis/lxc_pol_part31.rs:2194:12
     |
2194 | pub struct mgga_c_kcis_lxc_pol_part31_LO28 {
     |            ^^^^^^^^^^^^^^^^^^^^^^^^^^^^^^^ help: convert the identifier to upper camel case: `MggaCKcisLxcPolPart31Lo28`

warning: type `mgga_c_kcis_lxc_pol_part31_LO29` should have an upper camel case name
    --> crates/kernel-mgga-7/src/mgga_c_kcis/lxc_pol_part31.rs:2231:12
     |
2231 | pub struct mgga_c_kcis_lxc_pol_part31_LO29 {
     |            ^^^^^^^^^^^^^^^^^^^^^^^^^^^^^^^ help: convert the identifier to upper camel case: `MggaCKcisLxcPolPart31Lo29`

warning: type `mgga_c_kcis_lxc_pol_part31_LO30` should have an upper camel case name
    --> crates/kernel-mgga-7/src/mgga_c_kcis/lxc_pol_part31.rs:2286:12
     |
2286 | pub struct mgga_c_kcis_lxc_pol_part31_LO30 {
     |            ^^^^^^^^^^^^^^^^^^^^^^^^^^^^^^^ help: convert the identifier to upper camel case: `MggaCKcisLxcPolPart31Lo30`

warning: type `mgga_c_kcis_lxc_pol_part31_LO31` should have an upper camel case name
    --> crates/kernel-mgga-7/src/mgga_c_kcis/lxc_pol_part31.rs:2340:12
     |
2340 | pub struct mgga_c_kcis_lxc_pol_part31_LO31 {
     |            ^^^^^^^^^^^^^^^^^^^^^^^^^^^^^^^ help: convert the identifier to upper camel case: `MggaCKcisLxcPolPart31Lo31`

warning: type `mgga_c_kcis_lxc_pol_part31_LO32` should have an upper camel case name
    --> crates/kernel-mgga-7/src/mgga_c_kcis/lxc_pol_part31.rs:2407:12
     |
2407 | pub struct mgga_c_kcis_lxc_pol_part31_LO32 {
     |            ^^^^^^^^^^^^^^^^^^^^^^^^^^^^^^^ help: convert the identifier to upper camel case: `MggaCKcisLxcPolPart31Lo32`

warning: type `mgga_c_kcis_lxc_pol_part31_LO33` should have an upper camel case name
    --> crates/kernel-mgga-7/src/mgga_c_kcis/lxc_pol_part31.rs:2478:12
     |
2478 | pub struct mgga_c_kcis_lxc_pol_part31_LO33 {
     |            ^^^^^^^^^^^^^^^^^^^^^^^^^^^^^^^ help: convert the identifier to upper camel case: `MggaCKcisLxcPolPart31Lo33`

warning: type `mgga_c_kcis_lxc_pol_part31_LO34` should have an upper camel case name
    --> crates/kernel-mgga-7/src/mgga_c_kcis/lxc_pol_part31.rs:2569:12
     |
2569 | pub struct mgga_c_kcis_lxc_pol_part31_LO34 {
     |            ^^^^^^^^^^^^^^^^^^^^^^^^^^^^^^^ help: convert the identifier to upper camel case: `MggaCKcisLxcPolPart31Lo34`

warning: type `mgga_c_kcis_lxc_pol_part31_LO35` should have an upper camel case name
    --> crates/kernel-mgga-7/src/mgga_c_kcis/lxc_pol_part31.rs:2586:12
     |
2586 | pub struct mgga_c_kcis_lxc_pol_part31_LO35 {
     |            ^^^^^^^^^^^^^^^^^^^^^^^^^^^^^^^ help: convert the identifier to upper camel case: `MggaCKcisLxcPolPart31Lo35`

warning: type `mgga_c_kcis_lxc_pol_part31_LO36` should have an upper camel case name
    --> crates/kernel-mgga-7/src/mgga_c_kcis/lxc_pol_part31.rs:2620:12
     |
2620 | pub struct mgga_c_kcis_lxc_pol_part31_LO36 {
     |            ^^^^^^^^^^^^^^^^^^^^^^^^^^^^^^^ help: convert the identifier to upper camel case: `MggaCKcisLxcPolPart31Lo36`

warning: type `mgga_c_kcis_lxc_pol_part31_LO37` should have an upper camel case name
    --> crates/kernel-mgga-7/src/mgga_c_kcis/lxc_pol_part31.rs:2672:12
     |
2672 | pub struct mgga_c_kcis_lxc_pol_part31_LO37 {
     |            ^^^^^^^^^^^^^^^^^^^^^^^^^^^^^^^ help: convert the identifier to upper camel case: `MggaCKcisLxcPolPart31Lo37`

warning: type `mgga_c_kcis_lxc_pol_part31_LO38` should have an upper camel case name
    --> crates/kernel-mgga-7/src/mgga_c_kcis/lxc_pol_part31.rs:2748:12
     |
2748 | pub struct mgga_c_kcis_lxc_pol_part31_LO38 {
     |            ^^^^^^^^^^^^^^^^^^^^^^^^^^^^^^^ help: convert the identifier to upper camel case: `MggaCKcisLxcPolPart31Lo38`

warning: type `mgga_c_kcis_lxc_pol_part31_LO39` should have an upper camel case name
    --> crates/kernel-mgga-7/src/mgga_c_kcis/lxc_pol_part31.rs:2843:12
     |
2843 | pub struct mgga_c_kcis_lxc_pol_part31_LO39 {
     |            ^^^^^^^^^^^^^^^^^^^^^^^^^^^^^^^ help: convert the identifier to upper camel case: `MggaCKcisLxcPolPart31Lo39`

warning: type `mgga_c_kcis_lxc_pol_part31_LO40` should have an upper camel case name
    --> crates/kernel-mgga-7/src/mgga_c_kcis/lxc_pol_part31.rs:2928:12
     |
2928 | pub struct mgga_c_kcis_lxc_pol_part31_LO40 {
     |            ^^^^^^^^^^^^^^^^^^^^^^^^^^^^^^^ help: convert the identifier to upper camel case: `MggaCKcisLxcPolPart31Lo40`

warning: type `mgga_c_kcis_lxc_pol_part31_LO41` should have an upper camel case name
    --> crates/kernel-mgga-7/src/mgga_c_kcis/lxc_pol_part31.rs:2962:12
     |
2962 | pub struct mgga_c_kcis_lxc_pol_part31_LO41 {
     |            ^^^^^^^^^^^^^^^^^^^^^^^^^^^^^^^ help: convert the identifier to upper camel case: `MggaCKcisLxcPolPart31Lo41`

warning: type `mgga_c_kcis_lxc_pol_part31_LO42` should have an upper camel case name
    --> crates/kernel-mgga-7/src/mgga_c_kcis/lxc_pol_part31.rs:3001:12
     |
3001 | pub struct mgga_c_kcis_lxc_pol_part31_LO42 {
     |            ^^^^^^^^^^^^^^^^^^^^^^^^^^^^^^^ help: convert the identifier to upper camel case: `MggaCKcisLxcPolPart31Lo42`

warning: type `mgga_c_kcis_lxc_pol_part31_LO43` should have an upper camel case name
    --> crates/kernel-mgga-7/src/mgga_c_kcis/lxc_pol_part31.rs:3051:12
     |
3051 | pub struct mgga_c_kcis_lxc_pol_part31_LO43 {
     |            ^^^^^^^^^^^^^^^^^^^^^^^^^^^^^^^ help: convert the identifier to upper camel case: `MggaCKcisLxcPolPart31Lo43`

warning: type `mgga_c_kcis_lxc_pol_part33_LO0` should have an upper camel case name
  --> crates/kernel-mgga-7/src/mgga_c_kcis/lxc_pol_part33.rs:14:12
   |
14 | pub struct mgga_c_kcis_lxc_pol_part33_LO0 {
   |            ^^^^^^^^^^^^^^^^^^^^^^^^^^^^^^ help: convert the identifier to upper camel case: `MggaCKcisLxcPolPart33Lo0`

warning: type `mgga_c_kcis_lxc_pol_part33_LO1` should have an upper camel case name
   --> crates/kernel-mgga-7/src/mgga_c_kcis/lxc_pol_part33.rs:111:12
    |
111 | pub struct mgga_c_kcis_lxc_pol_part33_LO1 {
    |            ^^^^^^^^^^^^^^^^^^^^^^^^^^^^^^ help: convert the identifier to upper camel case: `MggaCKcisLxcPolPart33Lo1`

warning: type `mgga_c_kcis_lxc_pol_part33_LO2` should have an upper camel case name
   --> crates/kernel-mgga-7/src/mgga_c_kcis/lxc_pol_part33.rs:205:12
    |
205 | pub struct mgga_c_kcis_lxc_pol_part33_LO2 {
    |            ^^^^^^^^^^^^^^^^^^^^^^^^^^^^^^ help: convert the identifier to upper camel case: `MggaCKcisLxcPolPart33Lo2`

warning: type `mgga_c_kcis_lxc_pol_part33_LO3` should have an upper camel case name
   --> crates/kernel-mgga-7/src/mgga_c_kcis/lxc_pol_part33.rs:301:12
    |
301 | pub struct mgga_c_kcis_lxc_pol_part33_LO3 {
    |            ^^^^^^^^^^^^^^^^^^^^^^^^^^^^^^ help: convert the identifier to upper camel case: `MggaCKcisLxcPolPart33Lo3`

warning: type `mgga_c_kcis_lxc_pol_part33_LO4` should have an upper camel case name
   --> crates/kernel-mgga-7/src/mgga_c_kcis/lxc_pol_part33.rs:390:12
    |
390 | pub struct mgga_c_kcis_lxc_pol_part33_LO4 {
    |            ^^^^^^^^^^^^^^^^^^^^^^^^^^^^^^ help: convert the identifier to upper camel case: `MggaCKcisLxcPolPart33Lo4`

warning: type `mgga_c_kcis_lxc_pol_part33_LO5` should have an upper camel case name
   --> crates/kernel-mgga-7/src/mgga_c_kcis/lxc_pol_part33.rs:489:12
    |
489 | pub struct mgga_c_kcis_lxc_pol_part33_LO5 {
    |            ^^^^^^^^^^^^^^^^^^^^^^^^^^^^^^ help: convert the identifier to upper camel case: `MggaCKcisLxcPolPart33Lo5`

warning: type `mgga_c_kcis_lxc_pol_part33_LO6` should have an upper camel case name
   --> crates/kernel-mgga-7/src/mgga_c_kcis/lxc_pol_part33.rs:587:12
    |
587 | pub struct mgga_c_kcis_lxc_pol_part33_LO6 {
    |            ^^^^^^^^^^^^^^^^^^^^^^^^^^^^^^ help: convert the identifier to upper camel case: `MggaCKcisLxcPolPart33Lo6`

warning: type `mgga_c_kcis_lxc_pol_part33_LO7` should have an upper camel case name
   --> crates/kernel-mgga-7/src/mgga_c_kcis/lxc_pol_part33.rs:685:12
    |
685 | pub struct mgga_c_kcis_lxc_pol_part33_LO7 {
    |            ^^^^^^^^^^^^^^^^^^^^^^^^^^^^^^ help: convert the identifier to upper camel case: `MggaCKcisLxcPolPart33Lo7`

warning: type `mgga_c_kcis_lxc_pol_part33_LO8` should have an upper camel case name
   --> crates/kernel-mgga-7/src/mgga_c_kcis/lxc_pol_part33.rs:759:12
    |
759 | pub struct mgga_c_kcis_lxc_pol_part33_LO8 {
    |            ^^^^^^^^^^^^^^^^^^^^^^^^^^^^^^ help: convert the identifier to upper camel case: `MggaCKcisLxcPolPart33Lo8`

warning: type `mgga_c_kcis_lxc_pol_part33_LO9` should have an upper camel case name
   --> crates/kernel-mgga-7/src/mgga_c_kcis/lxc_pol_part33.rs:814:12
    |
814 | pub struct mgga_c_kcis_lxc_pol_part33_LO9 {
    |            ^^^^^^^^^^^^^^^^^^^^^^^^^^^^^^ help: convert the identifier to upper camel case: `MggaCKcisLxcPolPart33Lo9`

warning: type `mgga_c_kcis_lxc_pol_part33_LO10` should have an upper camel case name
   --> crates/kernel-mgga-7/src/mgga_c_kcis/lxc_pol_part33.rs:866:12
    |
866 | pub struct mgga_c_kcis_lxc_pol_part33_LO10 {
    |            ^^^^^^^^^^^^^^^^^^^^^^^^^^^^^^^ help: convert the identifier to upper camel case: `MggaCKcisLxcPolPart33Lo10`

warning: type `mgga_c_kcis_lxc_pol_part33_LO11` should have an upper camel case name
   --> crates/kernel-mgga-7/src/mgga_c_kcis/lxc_pol_part33.rs:952:12
    |
952 | pub struct mgga_c_kcis_lxc_pol_part33_LO11 {
    |            ^^^^^^^^^^^^^^^^^^^^^^^^^^^^^^^ help: convert the identifier to upper camel case: `MggaCKcisLxcPolPart33Lo11`

warning: type `mgga_c_kcis_lxc_pol_part33_LO12` should have an upper camel case name
    --> crates/kernel-mgga-7/src/mgga_c_kcis/lxc_pol_part33.rs:1014:12
     |
1014 | pub struct mgga_c_kcis_lxc_pol_part33_LO12 {
     |            ^^^^^^^^^^^^^^^^^^^^^^^^^^^^^^^ help: convert the identifier to upper camel case: `MggaCKcisLxcPolPart33Lo12`

warning: type `mgga_c_kcis_lxc_pol_part33_LO13` should have an upper camel case name
    --> crates/kernel-mgga-7/src/mgga_c_kcis/lxc_pol_part33.rs:1068:12
     |
1068 | pub struct mgga_c_kcis_lxc_pol_part33_LO13 {
     |            ^^^^^^^^^^^^^^^^^^^^^^^^^^^^^^^ help: convert the identifier to upper camel case: `MggaCKcisLxcPolPart33Lo13`

warning: type `mgga_c_kcis_lxc_pol_part33_LO14` should have an upper camel case name
    --> crates/kernel-mgga-7/src/mgga_c_kcis/lxc_pol_part33.rs:1104:12
     |
1104 | pub struct mgga_c_kcis_lxc_pol_part33_LO14 {
     |            ^^^^^^^^^^^^^^^^^^^^^^^^^^^^^^^ help: convert the identifier to upper camel case: `MggaCKcisLxcPolPart33Lo14`

warning: type `mgga_c_kcis_lxc_pol_part33_LO15` should have an upper camel case name
    --> crates/kernel-mgga-7/src/mgga_c_kcis/lxc_pol_part33.rs:1158:12
     |
1158 | pub struct mgga_c_kcis_lxc_pol_part33_LO15 {
     |            ^^^^^^^^^^^^^^^^^^^^^^^^^^^^^^^ help: convert the identifier to upper camel case: `MggaCKcisLxcPolPart33Lo15`

warning: type `mgga_c_kcis_lxc_pol_part33_LO16` should have an upper camel case name
    --> crates/kernel-mgga-7/src/mgga_c_kcis/lxc_pol_part33.rs:1241:12
     |
1241 | pub struct mgga_c_kcis_lxc_pol_part33_LO16 {
     |            ^^^^^^^^^^^^^^^^^^^^^^^^^^^^^^^ help: convert the identifier to upper camel case: `MggaCKcisLxcPolPart33Lo16`

warning: type `mgga_c_kcis_lxc_pol_part33_LO17` should have an upper camel case name
    --> crates/kernel-mgga-7/src/mgga_c_kcis/lxc_pol_part33.rs:1310:12
     |
1310 | pub struct mgga_c_kcis_lxc_pol_part33_LO17 {
     |            ^^^^^^^^^^^^^^^^^^^^^^^^^^^^^^^ help: convert the identifier to upper camel case: `MggaCKcisLxcPolPart33Lo17`

warning: type `mgga_c_kcis_lxc_pol_part33_LO18` should have an upper camel case name
    --> crates/kernel-mgga-7/src/mgga_c_kcis/lxc_pol_part33.rs:1400:12
     |
1400 | pub struct mgga_c_kcis_lxc_pol_part33_LO18 {
     |            ^^^^^^^^^^^^^^^^^^^^^^^^^^^^^^^ help: convert the identifier to upper camel case: `MggaCKcisLxcPolPart33Lo18`

warning: type `mgga_c_kcis_lxc_pol_part33_LO19` should have an upper camel case name
    --> crates/kernel-mgga-7/src/mgga_c_kcis/lxc_pol_part33.rs:1475:12
     |
1475 | pub struct mgga_c_kcis_lxc_pol_part33_LO19 {
     |            ^^^^^^^^^^^^^^^^^^^^^^^^^^^^^^^ help: convert the identifier to upper camel case: `MggaCKcisLxcPolPart33Lo19`

warning: type `mgga_c_kcis_lxc_pol_part33_LO20` should have an upper camel case name
    --> crates/kernel-mgga-7/src/mgga_c_kcis/lxc_pol_part33.rs:1554:12
     |
1554 | pub struct mgga_c_kcis_lxc_pol_part33_LO20 {
     |            ^^^^^^^^^^^^^^^^^^^^^^^^^^^^^^^ help: convert the identifier to upper camel case: `MggaCKcisLxcPolPart33Lo20`

warning: type `mgga_c_kcis_lxc_pol_part33_LO21` should have an upper camel case name
    --> crates/kernel-mgga-7/src/mgga_c_kcis/lxc_pol_part33.rs:1598:12
     |
1598 | pub struct mgga_c_kcis_lxc_pol_part33_LO21 {
     |            ^^^^^^^^^^^^^^^^^^^^^^^^^^^^^^^ help: convert the identifier to upper camel case: `MggaCKcisLxcPolPart33Lo21`

warning: type `mgga_c_kcis_lxc_pol_part33_LO22` should have an upper camel case name
    --> crates/kernel-mgga-7/src/mgga_c_kcis/lxc_pol_part33.rs:1666:12
     |
1666 | pub struct mgga_c_kcis_lxc_pol_part33_LO22 {
     |            ^^^^^^^^^^^^^^^^^^^^^^^^^^^^^^^ help: convert the identifier to upper camel case: `MggaCKcisLxcPolPart33Lo22`

warning: type `mgga_c_kcis_lxc_pol_part33_LO23` should have an upper camel case name
    --> crates/kernel-mgga-7/src/mgga_c_kcis/lxc_pol_part33.rs:1751:12
     |
1751 | pub struct mgga_c_kcis_lxc_pol_part33_LO23 {
     |            ^^^^^^^^^^^^^^^^^^^^^^^^^^^^^^^ help: convert the identifier to upper camel case: `MggaCKcisLxcPolPart33Lo23`

warning: type `mgga_c_kcis_lxc_pol_part33_LO24` should have an upper camel case name
    --> crates/kernel-mgga-7/src/mgga_c_kcis/lxc_pol_part33.rs:1840:12
     |
1840 | pub struct mgga_c_kcis_lxc_pol_part33_LO24 {
     |            ^^^^^^^^^^^^^^^^^^^^^^^^^^^^^^^ help: convert the identifier to upper camel case: `MggaCKcisLxcPolPart33Lo24`

warning: type `mgga_c_kcis_lxc_pol_part33_LO25` should have an upper camel case name
    --> crates/kernel-mgga-7/src/mgga_c_kcis/lxc_pol_part33.rs:1917:12
     |
1917 | pub struct mgga_c_kcis_lxc_pol_part33_LO25 {
     |            ^^^^^^^^^^^^^^^^^^^^^^^^^^^^^^^ help: convert the identifier to upper camel case: `MggaCKcisLxcPolPart33Lo25`

warning: type `mgga_c_kcis_lxc_pol_part33_LO26` should have an upper camel case name
    --> crates/kernel-mgga-7/src/mgga_c_kcis/lxc_pol_part33.rs:2014:12
     |
2014 | pub struct mgga_c_kcis_lxc_pol_part33_LO26 {
     |            ^^^^^^^^^^^^^^^^^^^^^^^^^^^^^^^ help: convert the identifier to upper camel case: `MggaCKcisLxcPolPart33Lo26`

warning: type `mgga_c_kcis_lxc_pol_part33_LO27` should have an upper camel case name
    --> crates/kernel-mgga-7/src/mgga_c_kcis/lxc_pol_part33.rs:2104:12
     |
2104 | pub struct mgga_c_kcis_lxc_pol_part33_LO27 {
     |            ^^^^^^^^^^^^^^^^^^^^^^^^^^^^^^^ help: convert the identifier to upper camel case: `MggaCKcisLxcPolPart33Lo27`

warning: type `mgga_c_kcis_lxc_pol_part33_LO28` should have an upper camel case name
    --> crates/kernel-mgga-7/src/mgga_c_kcis/lxc_pol_part33.rs:2194:12
     |
2194 | pub struct mgga_c_kcis_lxc_pol_part33_LO28 {
     |            ^^^^^^^^^^^^^^^^^^^^^^^^^^^^^^^ help: convert the identifier to upper camel case: `MggaCKcisLxcPolPart33Lo28`

warning: type `mgga_c_kcis_lxc_pol_part33_LO29` should have an upper camel case name
    --> crates/kernel-mgga-7/src/mgga_c_kcis/lxc_pol_part33.rs:2253:12
     |
2253 | pub struct mgga_c_kcis_lxc_pol_part33_LO29 {
     |            ^^^^^^^^^^^^^^^^^^^^^^^^^^^^^^^ help: convert the identifier to upper camel case: `MggaCKcisLxcPolPart33Lo29`

warning: type `mgga_c_kcis_lxc_pol_part33_LO30` should have an upper camel case name
    --> crates/kernel-mgga-7/src/mgga_c_kcis/lxc_pol_part33.rs:2284:12
     |
2284 | pub struct mgga_c_kcis_lxc_pol_part33_LO30 {
     |            ^^^^^^^^^^^^^^^^^^^^^^^^^^^^^^^ help: convert the identifier to upper camel case: `MggaCKcisLxcPolPart33Lo30`

warning: type `mgga_c_kcis_lxc_pol_part33_LO31` should have an upper camel case name
    --> crates/kernel-mgga-7/src/mgga_c_kcis/lxc_pol_part33.rs:2372:12
     |
2372 | pub struct mgga_c_kcis_lxc_pol_part33_LO31 {
     |            ^^^^^^^^^^^^^^^^^^^^^^^^^^^^^^^ help: convert the identifier to upper camel case: `MggaCKcisLxcPolPart33Lo31`

warning: type `mgga_c_kcis_lxc_pol_part33_LO32` should have an upper camel case name
    --> crates/kernel-mgga-7/src/mgga_c_kcis/lxc_pol_part33.rs:2472:12
     |
2472 | pub struct mgga_c_kcis_lxc_pol_part33_LO32 {
     |            ^^^^^^^^^^^^^^^^^^^^^^^^^^^^^^^ help: convert the identifier to upper camel case: `MggaCKcisLxcPolPart33Lo32`

warning: type `mgga_c_kcis_lxc_pol_part33_LO33` should have an upper camel case name
    --> crates/kernel-mgga-7/src/mgga_c_kcis/lxc_pol_part33.rs:2540:12
     |
2540 | pub struct mgga_c_kcis_lxc_pol_part33_LO33 {
     |            ^^^^^^^^^^^^^^^^^^^^^^^^^^^^^^^ help: convert the identifier to upper camel case: `MggaCKcisLxcPolPart33Lo33`

warning: type `mgga_c_kcis_lxc_pol_part34_LO0` should have an upper camel case name
  --> crates/kernel-mgga-7/src/mgga_c_kcis/lxc_pol_part34.rs:14:12
   |
14 | pub struct mgga_c_kcis_lxc_pol_part34_LO0 {
   |            ^^^^^^^^^^^^^^^^^^^^^^^^^^^^^^ help: convert the identifier to upper camel case: `MggaCKcisLxcPolPart34Lo0`

warning: type `mgga_c_kcis_lxc_pol_part34_LO1` should have an upper camel case name
   --> crates/kernel-mgga-7/src/mgga_c_kcis/lxc_pol_part34.rs:111:12
    |
111 | pub struct mgga_c_kcis_lxc_pol_part34_LO1 {
    |            ^^^^^^^^^^^^^^^^^^^^^^^^^^^^^^ help: convert the identifier to upper camel case: `MggaCKcisLxcPolPart34Lo1`

warning: type `mgga_c_kcis_lxc_pol_part34_LO2` should have an upper camel case name
   --> crates/kernel-mgga-7/src/mgga_c_kcis/lxc_pol_part34.rs:205:12
    |
205 | pub struct mgga_c_kcis_lxc_pol_part34_LO2 {
    |            ^^^^^^^^^^^^^^^^^^^^^^^^^^^^^^ help: convert the identifier to upper camel case: `MggaCKcisLxcPolPart34Lo2`

warning: type `mgga_c_kcis_lxc_pol_part34_LO3` should have an upper camel case name
   --> crates/kernel-mgga-7/src/mgga_c_kcis/lxc_pol_part34.rs:301:12
    |
301 | pub struct mgga_c_kcis_lxc_pol_part34_LO3 {
    |            ^^^^^^^^^^^^^^^^^^^^^^^^^^^^^^ help: convert the identifier to upper camel case: `MggaCKcisLxcPolPart34Lo3`

warning: type `mgga_c_kcis_lxc_pol_part34_LO4` should have an upper camel case name
   --> crates/kernel-mgga-7/src/mgga_c_kcis/lxc_pol_part34.rs:390:12
    |
390 | pub struct mgga_c_kcis_lxc_pol_part34_LO4 {
    |            ^^^^^^^^^^^^^^^^^^^^^^^^^^^^^^ help: convert the identifier to upper camel case: `MggaCKcisLxcPolPart34Lo4`

warning: type `mgga_c_kcis_lxc_pol_part34_LO5` should have an upper camel case name
   --> crates/kernel-mgga-7/src/mgga_c_kcis/lxc_pol_part34.rs:492:12
    |
492 | pub struct mgga_c_kcis_lxc_pol_part34_LO5 {
    |            ^^^^^^^^^^^^^^^^^^^^^^^^^^^^^^ help: convert the identifier to upper camel case: `MggaCKcisLxcPolPart34Lo5`

warning: type `mgga_c_kcis_lxc_pol_part34_LO6` should have an upper camel case name
   --> crates/kernel-mgga-7/src/mgga_c_kcis/lxc_pol_part34.rs:594:12
    |
594 | pub struct mgga_c_kcis_lxc_pol_part34_LO6 {
    |            ^^^^^^^^^^^^^^^^^^^^^^^^^^^^^^ help: convert the identifier to upper camel case: `MggaCKcisLxcPolPart34Lo6`

warning: type `mgga_c_kcis_lxc_pol_part34_LO7` should have an upper camel case name
   --> crates/kernel-mgga-7/src/mgga_c_kcis/lxc_pol_part34.rs:692:12
    |
692 | pub struct mgga_c_kcis_lxc_pol_part34_LO7 {
    |            ^^^^^^^^^^^^^^^^^^^^^^^^^^^^^^ help: convert the identifier to upper camel case: `MggaCKcisLxcPolPart34Lo7`

warning: type `mgga_c_kcis_lxc_pol_part34_LO8` should have an upper camel case name
   --> crates/kernel-mgga-7/src/mgga_c_kcis/lxc_pol_part34.rs:759:12
    |
759 | pub struct mgga_c_kcis_lxc_pol_part34_LO8 {
    |            ^^^^^^^^^^^^^^^^^^^^^^^^^^^^^^ help: convert the identifier to upper camel case: `MggaCKcisLxcPolPart34Lo8`

warning: type `mgga_c_kcis_lxc_pol_part34_LO9` should have an upper camel case name
   --> crates/kernel-mgga-7/src/mgga_c_kcis/lxc_pol_part34.rs:814:12
    |
814 | pub struct mgga_c_kcis_lxc_pol_part34_LO9 {
    |            ^^^^^^^^^^^^^^^^^^^^^^^^^^^^^^ help: convert the identifier to upper camel case: `MggaCKcisLxcPolPart34Lo9`

warning: type `mgga_c_kcis_lxc_pol_part34_LO10` should have an upper camel case name
   --> crates/kernel-mgga-7/src/mgga_c_kcis/lxc_pol_part34.rs:868:12
    |
868 | pub struct mgga_c_kcis_lxc_pol_part34_LO10 {
    |            ^^^^^^^^^^^^^^^^^^^^^^^^^^^^^^^ help: convert the identifier to upper camel case: `MggaCKcisLxcPolPart34Lo10`

warning: type `mgga_c_kcis_lxc_pol_part34_LO11` should have an upper camel case name
   --> crates/kernel-mgga-7/src/mgga_c_kcis/lxc_pol_part34.rs:953:12
    |
953 | pub struct mgga_c_kcis_lxc_pol_part34_LO11 {
    |            ^^^^^^^^^^^^^^^^^^^^^^^^^^^^^^^ help: convert the identifier to upper camel case: `MggaCKcisLxcPolPart34Lo11`

warning: type `mgga_c_kcis_lxc_pol_part34_LO12` should have an upper camel case name
    --> crates/kernel-mgga-7/src/mgga_c_kcis/lxc_pol_part34.rs:1015:12
     |
1015 | pub struct mgga_c_kcis_lxc_pol_part34_LO12 {
     |            ^^^^^^^^^^^^^^^^^^^^^^^^^^^^^^^ help: convert the identifier to upper camel case: `MggaCKcisLxcPolPart34Lo12`

warning: type `mgga_c_kcis_lxc_pol_part34_LO13` should have an upper camel case name
    --> crates/kernel-mgga-7/src/mgga_c_kcis/lxc_pol_part34.rs:1072:12
     |
1072 | pub struct mgga_c_kcis_lxc_pol_part34_LO13 {
     |            ^^^^^^^^^^^^^^^^^^^^^^^^^^^^^^^ help: convert the identifier to upper camel case: `MggaCKcisLxcPolPart34Lo13`

warning: type `mgga_c_kcis_lxc_pol_part34_LO14` should have an upper camel case name
    --> crates/kernel-mgga-7/src/mgga_c_kcis/lxc_pol_part34.rs:1110:12
     |
1110 | pub struct mgga_c_kcis_lxc_pol_part34_LO14 {
     |            ^^^^^^^^^^^^^^^^^^^^^^^^^^^^^^^ help: convert the identifier to upper camel case: `MggaCKcisLxcPolPart34Lo14`

warning: type `mgga_c_kcis_lxc_pol_part34_LO15` should have an upper camel case name
    --> crates/kernel-mgga-7/src/mgga_c_kcis/lxc_pol_part34.rs:1165:12
     |
1165 | pub struct mgga_c_kcis_lxc_pol_part34_LO15 {
     |            ^^^^^^^^^^^^^^^^^^^^^^^^^^^^^^^ help: convert the identifier to upper camel case: `MggaCKcisLxcPolPart34Lo15`

warning: type `mgga_c_kcis_lxc_pol_part34_LO16` should have an upper camel case name
    --> crates/kernel-mgga-7/src/mgga_c_kcis/lxc_pol_part34.rs:1229:12
     |
1229 | pub struct mgga_c_kcis_lxc_pol_part34_LO16 {
     |            ^^^^^^^^^^^^^^^^^^^^^^^^^^^^^^^ help: convert the identifier to upper camel case: `MggaCKcisLxcPolPart34Lo16`

warning: type `mgga_c_kcis_lxc_pol_part34_LO17` should have an upper camel case name
    --> crates/kernel-mgga-7/src/mgga_c_kcis/lxc_pol_part34.rs:1300:12
     |
1300 | pub struct mgga_c_kcis_lxc_pol_part34_LO17 {
     |            ^^^^^^^^^^^^^^^^^^^^^^^^^^^^^^^ help: convert the identifier to upper camel case: `MggaCKcisLxcPolPart34Lo17`

warning: type `mgga_c_kcis_lxc_pol_part34_LO18` should have an upper camel case name
    --> crates/kernel-mgga-7/src/mgga_c_kcis/lxc_pol_part34.rs:1384:12
     |
1384 | pub struct mgga_c_kcis_lxc_pol_part34_LO18 {
     |            ^^^^^^^^^^^^^^^^^^^^^^^^^^^^^^^ help: convert the identifier to upper camel case: `MggaCKcisLxcPolPart34Lo18`

warning: type `mgga_c_kcis_lxc_pol_part34_LO19` should have an upper camel case name
    --> crates/kernel-mgga-7/src/mgga_c_kcis/lxc_pol_part34.rs:1441:12
     |
1441 | pub struct mgga_c_kcis_lxc_pol_part34_LO19 {
     |            ^^^^^^^^^^^^^^^^^^^^^^^^^^^^^^^ help: convert the identifier to upper camel case: `MggaCKcisLxcPolPart34Lo19`

warning: type `mgga_c_kcis_lxc_pol_part34_LO20` should have an upper camel case name
    --> crates/kernel-mgga-7/src/mgga_c_kcis/lxc_pol_part34.rs:1499:12
     |
1499 | pub struct mgga_c_kcis_lxc_pol_part34_LO20 {
     |            ^^^^^^^^^^^^^^^^^^^^^^^^^^^^^^^ help: convert the identifier to upper camel case: `MggaCKcisLxcPolPart34Lo20`

warning: type `mgga_c_kcis_lxc_pol_part34_LO21` should have an upper camel case name
    --> crates/kernel-mgga-7/src/mgga_c_kcis/lxc_pol_part34.rs:1537:12
     |
1537 | pub struct mgga_c_kcis_lxc_pol_part34_LO21 {
     |            ^^^^^^^^^^^^^^^^^^^^^^^^^^^^^^^ help: convert the identifier to upper camel case: `MggaCKcisLxcPolPart34Lo21`

warning: type `mgga_c_kcis_lxc_pol_part34_LO22` should have an upper camel case name
    --> crates/kernel-mgga-7/src/mgga_c_kcis/lxc_pol_part34.rs:1587:12
     |
1587 | pub struct mgga_c_kcis_lxc_pol_part34_LO22 {
     |            ^^^^^^^^^^^^^^^^^^^^^^^^^^^^^^^ help: convert the identifier to upper camel case: `MggaCKcisLxcPolPart34Lo22`

warning: type `mgga_c_kcis_lxc_pol_part34_LO23` should have an upper camel case name
    --> crates/kernel-mgga-7/src/mgga_c_kcis/lxc_pol_part34.rs:1659:12
     |
1659 | pub struct mgga_c_kcis_lxc_pol_part34_LO23 {
     |            ^^^^^^^^^^^^^^^^^^^^^^^^^^^^^^^ help: convert the identifier to upper camel case: `MggaCKcisLxcPolPart34Lo23`

warning: type `mgga_c_kcis_lxc_pol_part34_LO24` should have an upper camel case name
    --> crates/kernel-mgga-7/src/mgga_c_kcis/lxc_pol_part34.rs:1752:12
     |
1752 | pub struct mgga_c_kcis_lxc_pol_part34_LO24 {
     |            ^^^^^^^^^^^^^^^^^^^^^^^^^^^^^^^ help: convert the identifier to upper camel case: `MggaCKcisLxcPolPart34Lo24`

warning: type `mgga_c_kcis_lxc_pol_part34_LO25` should have an upper camel case name
    --> crates/kernel-mgga-7/src/mgga_c_kcis/lxc_pol_part34.rs:1821:12
     |
1821 | pub struct mgga_c_kcis_lxc_pol_part34_LO25 {
     |            ^^^^^^^^^^^^^^^^^^^^^^^^^^^^^^^ help: convert the identifier to upper camel case: `MggaCKcisLxcPolPart34Lo25`

warning: type `mgga_c_kcis_lxc_pol_part34_LO26` should have an upper camel case name
    --> crates/kernel-mgga-7/src/mgga_c_kcis/lxc_pol_part34.rs:1896:12
     |
1896 | pub struct mgga_c_kcis_lxc_pol_part34_LO26 {
     |            ^^^^^^^^^^^^^^^^^^^^^^^^^^^^^^^ help: convert the identifier to upper camel case: `MggaCKcisLxcPolPart34Lo26`

warning: type `mgga_c_kcis_lxc_pol_part34_LO27` should have an upper camel case name
    --> crates/kernel-mgga-7/src/mgga_c_kcis/lxc_pol_part34.rs:1928:12
     |
1928 | pub struct mgga_c_kcis_lxc_pol_part34_LO27 {
     |            ^^^^^^^^^^^^^^^^^^^^^^^^^^^^^^^ help: convert the identifier to upper camel case: `MggaCKcisLxcPolPart34Lo27`

warning: type `mgga_c_kcis_lxc_pol_part34_LO28` should have an upper camel case name
    --> crates/kernel-mgga-7/src/mgga_c_kcis/lxc_pol_part34.rs:2008:12
     |
2008 | pub struct mgga_c_kcis_lxc_pol_part34_LO28 {
     |            ^^^^^^^^^^^^^^^^^^^^^^^^^^^^^^^ help: convert the identifier to upper camel case: `MggaCKcisLxcPolPart34Lo28`

warning: type `mgga_c_kcis_lxc_pol_part34_LO29` should have an upper camel case name
    --> crates/kernel-mgga-7/src/mgga_c_kcis/lxc_pol_part34.rs:2066:12
     |
2066 | pub struct mgga_c_kcis_lxc_pol_part34_LO29 {
     |            ^^^^^^^^^^^^^^^^^^^^^^^^^^^^^^^ help: convert the identifier to upper camel case: `MggaCKcisLxcPolPart34Lo29`

warning: type `mgga_c_kcis_lxc_pol_part37_LO0` should have an upper camel case name
  --> crates/kernel-mgga-7/src/mgga_c_kcis/lxc_pol_part37.rs:14:12
   |
14 | pub struct mgga_c_kcis_lxc_pol_part37_LO0 {
   |            ^^^^^^^^^^^^^^^^^^^^^^^^^^^^^^ help: convert the identifier to upper camel case: `MggaCKcisLxcPolPart37Lo0`

warning: type `mgga_c_kcis_lxc_pol_part37_LO1` should have an upper camel case name
   --> crates/kernel-mgga-7/src/mgga_c_kcis/lxc_pol_part37.rs:105:12
    |
105 | pub struct mgga_c_kcis_lxc_pol_part37_LO1 {
    |            ^^^^^^^^^^^^^^^^^^^^^^^^^^^^^^ help: convert the identifier to upper camel case: `MggaCKcisLxcPolPart37Lo1`

warning: type `mgga_c_kcis_lxc_pol_part37_LO2` should have an upper camel case name
   --> crates/kernel-mgga-7/src/mgga_c_kcis/lxc_pol_part37.rs:203:12
    |
203 | pub struct mgga_c_kcis_lxc_pol_part37_LO2 {
    |            ^^^^^^^^^^^^^^^^^^^^^^^^^^^^^^ help: convert the identifier to upper camel case: `MggaCKcisLxcPolPart37Lo2`

warning: type `mgga_c_kcis_lxc_pol_part37_LO3` should have an upper camel case name
   --> crates/kernel-mgga-7/src/mgga_c_kcis/lxc_pol_part37.rs:299:12
    |
299 | pub struct mgga_c_kcis_lxc_pol_part37_LO3 {
    |            ^^^^^^^^^^^^^^^^^^^^^^^^^^^^^^ help: convert the identifier to upper camel case: `MggaCKcisLxcPolPart37Lo3`

warning: type `mgga_c_kcis_lxc_pol_part37_LO4` should have an upper camel case name
   --> crates/kernel-mgga-7/src/mgga_c_kcis/lxc_pol_part37.rs:402:12
    |
402 | pub struct mgga_c_kcis_lxc_pol_part37_LO4 {
    |            ^^^^^^^^^^^^^^^^^^^^^^^^^^^^^^ help: convert the identifier to upper camel case: `MggaCKcisLxcPolPart37Lo4`

warning: type `mgga_c_kcis_lxc_pol_part37_LO5` should have an upper camel case name
   --> crates/kernel-mgga-7/src/mgga_c_kcis/lxc_pol_part37.rs:503:12
    |
503 | pub struct mgga_c_kcis_lxc_pol_part37_LO5 {
    |            ^^^^^^^^^^^^^^^^^^^^^^^^^^^^^^ help: convert the identifier to upper camel case: `MggaCKcisLxcPolPart37Lo5`

warning: type `mgga_c_kcis_lxc_pol_part37_LO6` should have an upper camel case name
   --> crates/kernel-mgga-7/src/mgga_c_kcis/lxc_pol_part37.rs:599:12
    |
599 | pub struct mgga_c_kcis_lxc_pol_part37_LO6 {
    |            ^^^^^^^^^^^^^^^^^^^^^^^^^^^^^^ help: convert the identifier to upper camel case: `MggaCKcisLxcPolPart37Lo6`

warning: type `mgga_c_kcis_lxc_pol_part37_LO7` should have an upper camel case name
   --> crates/kernel-mgga-7/src/mgga_c_kcis/lxc_pol_part37.rs:700:12
    |
700 | pub struct mgga_c_kcis_lxc_pol_part37_LO7 {
    |            ^^^^^^^^^^^^^^^^^^^^^^^^^^^^^^ help: convert the identifier to upper camel case: `MggaCKcisLxcPolPart37Lo7`

warning: type `mgga_c_kcis_lxc_pol_part37_LO8` should have an upper camel case name
   --> crates/kernel-mgga-7/src/mgga_c_kcis/lxc_pol_part37.rs:797:12
    |
797 | pub struct mgga_c_kcis_lxc_pol_part37_LO8 {
    |            ^^^^^^^^^^^^^^^^^^^^^^^^^^^^^^ help: convert the identifier to upper camel case: `MggaCKcisLxcPolPart37Lo8`

warning: type `mgga_c_kcis_lxc_pol_part37_LO9` should have an upper camel case name
   --> crates/kernel-mgga-7/src/mgga_c_kcis/lxc_pol_part37.rs:889:12
    |
889 | pub struct mgga_c_kcis_lxc_pol_part37_LO9 {
    |            ^^^^^^^^^^^^^^^^^^^^^^^^^^^^^^ help: convert the identifier to upper camel case: `MggaCKcisLxcPolPart37Lo9`

warning: type `mgga_c_kcis_lxc_pol_part37_LO10` should have an upper camel case name
   --> crates/kernel-mgga-7/src/mgga_c_kcis/lxc_pol_part37.rs:970:12
    |
970 | pub struct mgga_c_kcis_lxc_pol_part37_LO10 {
    |            ^^^^^^^^^^^^^^^^^^^^^^^^^^^^^^^ help: convert the identifier to upper camel case: `MggaCKcisLxcPolPart37Lo10`

warning: type `mgga_c_kcis_lxc_pol_part37_LO11` should have an upper camel case name
    --> crates/kernel-mgga-7/src/mgga_c_kcis/lxc_pol_part37.rs:1049:12
     |
1049 | pub struct mgga_c_kcis_lxc_pol_part37_LO11 {
     |            ^^^^^^^^^^^^^^^^^^^^^^^^^^^^^^^ help: convert the identifier to upper camel case: `MggaCKcisLxcPolPart37Lo11`

warning: type `mgga_c_kcis_lxc_pol_part37_LO12` should have an upper camel case name
    --> crates/kernel-mgga-7/src/mgga_c_kcis/lxc_pol_part37.rs:1119:12
     |
1119 | pub struct mgga_c_kcis_lxc_pol_part37_LO12 {
     |            ^^^^^^^^^^^^^^^^^^^^^^^^^^^^^^^ help: convert the identifier to upper camel case: `MggaCKcisLxcPolPart37Lo12`

warning: type `mgga_c_kcis_lxc_pol_part37_LO13` should have an upper camel case name
    --> crates/kernel-mgga-7/src/mgga_c_kcis/lxc_pol_part37.rs:1189:12
     |
1189 | pub struct mgga_c_kcis_lxc_pol_part37_LO13 {
     |            ^^^^^^^^^^^^^^^^^^^^^^^^^^^^^^^ help: convert the identifier to upper camel case: `MggaCKcisLxcPolPart37Lo13`

warning: type `mgga_c_kcis_lxc_pol_part37_LO14` should have an upper camel case name
    --> crates/kernel-mgga-7/src/mgga_c_kcis/lxc_pol_part37.rs:1252:12
     |
1252 | pub struct mgga_c_kcis_lxc_pol_part37_LO14 {
     |            ^^^^^^^^^^^^^^^^^^^^^^^^^^^^^^^ help: convert the identifier to upper camel case: `MggaCKcisLxcPolPart37Lo14`

warning: type `mgga_c_kcis_lxc_pol_part37_LO15` should have an upper camel case name
    --> crates/kernel-mgga-7/src/mgga_c_kcis/lxc_pol_part37.rs:1315:12
     |
1315 | pub struct mgga_c_kcis_lxc_pol_part37_LO15 {
     |            ^^^^^^^^^^^^^^^^^^^^^^^^^^^^^^^ help: convert the identifier to upper camel case: `MggaCKcisLxcPolPart37Lo15`

warning: type `mgga_c_kcis_lxc_pol_part37_LO16` should have an upper camel case name
    --> crates/kernel-mgga-7/src/mgga_c_kcis/lxc_pol_part37.rs:1400:12
     |
1400 | pub struct mgga_c_kcis_lxc_pol_part37_LO16 {
     |            ^^^^^^^^^^^^^^^^^^^^^^^^^^^^^^^ help: convert the identifier to upper camel case: `MggaCKcisLxcPolPart37Lo16`

warning: type `mgga_c_kcis_lxc_pol_part37_LO17` should have an upper camel case name
    --> crates/kernel-mgga-7/src/mgga_c_kcis/lxc_pol_part37.rs:1469:12
     |
1469 | pub struct mgga_c_kcis_lxc_pol_part37_LO17 {
     |            ^^^^^^^^^^^^^^^^^^^^^^^^^^^^^^^ help: convert the identifier to upper camel case: `MggaCKcisLxcPolPart37Lo17`

warning: type `mgga_c_kcis_lxc_pol_part37_LO18` should have an upper camel case name
    --> crates/kernel-mgga-7/src/mgga_c_kcis/lxc_pol_part37.rs:1539:12
     |
1539 | pub struct mgga_c_kcis_lxc_pol_part37_LO18 {
     |            ^^^^^^^^^^^^^^^^^^^^^^^^^^^^^^^ help: convert the identifier to upper camel case: `MggaCKcisLxcPolPart37Lo18`

warning: type `mgga_c_kcis_lxc_pol_part37_LO19` should have an upper camel case name
    --> crates/kernel-mgga-7/src/mgga_c_kcis/lxc_pol_part37.rs:1606:12
     |
1606 | pub struct mgga_c_kcis_lxc_pol_part37_LO19 {
     |            ^^^^^^^^^^^^^^^^^^^^^^^^^^^^^^^ help: convert the identifier to upper camel case: `MggaCKcisLxcPolPart37Lo19`

warning: type `mgga_c_kcis_lxc_pol_part37_LO20` should have an upper camel case name
    --> crates/kernel-mgga-7/src/mgga_c_kcis/lxc_pol_part37.rs:1668:12
     |
1668 | pub struct mgga_c_kcis_lxc_pol_part37_LO20 {
     |            ^^^^^^^^^^^^^^^^^^^^^^^^^^^^^^^ help: convert the identifier to upper camel case: `MggaCKcisLxcPolPart37Lo20`

warning: type `mgga_c_kcis_lxc_pol_part37_LO21` should have an upper camel case name
    --> crates/kernel-mgga-7/src/mgga_c_kcis/lxc_pol_part37.rs:1735:12
     |
1735 | pub struct mgga_c_kcis_lxc_pol_part37_LO21 {
     |            ^^^^^^^^^^^^^^^^^^^^^^^^^^^^^^^ help: convert the identifier to upper camel case: `MggaCKcisLxcPolPart37Lo21`

warning: type `mgga_c_kcis_lxc_pol_part37_LO22` should have an upper camel case name
    --> crates/kernel-mgga-7/src/mgga_c_kcis/lxc_pol_part37.rs:1793:12
     |
1793 | pub struct mgga_c_kcis_lxc_pol_part37_LO22 {
     |            ^^^^^^^^^^^^^^^^^^^^^^^^^^^^^^^ help: convert the identifier to upper camel case: `MggaCKcisLxcPolPart37Lo22`

warning: type `mgga_c_kcis_lxc_pol_part37_LO23` should have an upper camel case name
    --> crates/kernel-mgga-7/src/mgga_c_kcis/lxc_pol_part37.rs:1854:12
     |
1854 | pub struct mgga_c_kcis_lxc_pol_part37_LO23 {
     |            ^^^^^^^^^^^^^^^^^^^^^^^^^^^^^^^ help: convert the identifier to upper camel case: `MggaCKcisLxcPolPart37Lo23`

warning: type `mgga_c_kcis_lxc_pol_part37_LO24` should have an upper camel case name
    --> crates/kernel-mgga-7/src/mgga_c_kcis/lxc_pol_part37.rs:1916:12
     |
1916 | pub struct mgga_c_kcis_lxc_pol_part37_LO24 {
     |            ^^^^^^^^^^^^^^^^^^^^^^^^^^^^^^^ help: convert the identifier to upper camel case: `MggaCKcisLxcPolPart37Lo24`

warning: type `mgga_c_kcis_lxc_pol_part37_LO25` should have an upper camel case name
    --> crates/kernel-mgga-7/src/mgga_c_kcis/lxc_pol_part37.rs:1977:12
     |
1977 | pub struct mgga_c_kcis_lxc_pol_part37_LO25 {
     |            ^^^^^^^^^^^^^^^^^^^^^^^^^^^^^^^ help: convert the identifier to upper camel case: `MggaCKcisLxcPolPart37Lo25`

warning: type `mgga_c_kcis_lxc_pol_part37_LO26` should have an upper camel case name
    --> crates/kernel-mgga-7/src/mgga_c_kcis/lxc_pol_part37.rs:2030:12
     |
2030 | pub struct mgga_c_kcis_lxc_pol_part37_LO26 {
     |            ^^^^^^^^^^^^^^^^^^^^^^^^^^^^^^^ help: convert the identifier to upper camel case: `MggaCKcisLxcPolPart37Lo26`

warning: type `mgga_c_kcis_lxc_pol_part37_LO27` should have an upper camel case name
    --> crates/kernel-mgga-7/src/mgga_c_kcis/lxc_pol_part37.rs:2076:12
     |
2076 | pub struct mgga_c_kcis_lxc_pol_part37_LO27 {
     |            ^^^^^^^^^^^^^^^^^^^^^^^^^^^^^^^ help: convert the identifier to upper camel case: `MggaCKcisLxcPolPart37Lo27`

warning: type `mgga_c_kcis_lxc_pol_part37_LO28` should have an upper camel case name
    --> crates/kernel-mgga-7/src/mgga_c_kcis/lxc_pol_part37.rs:2129:12
     |
2129 | pub struct mgga_c_kcis_lxc_pol_part37_LO28 {
     |            ^^^^^^^^^^^^^^^^^^^^^^^^^^^^^^^ help: convert the identifier to upper camel case: `MggaCKcisLxcPolPart37Lo28`

warning: type `mgga_c_kcis_lxc_pol_part37_LO29` should have an upper camel case name
    --> crates/kernel-mgga-7/src/mgga_c_kcis/lxc_pol_part37.rs:2182:12
     |
2182 | pub struct mgga_c_kcis_lxc_pol_part37_LO29 {
     |            ^^^^^^^^^^^^^^^^^^^^^^^^^^^^^^^ help: convert the identifier to upper camel case: `MggaCKcisLxcPolPart37Lo29`

warning: type `mgga_c_kcis_lxc_pol_part37_LO30` should have an upper camel case name
    --> crates/kernel-mgga-7/src/mgga_c_kcis/lxc_pol_part37.rs:2240:12
     |
2240 | pub struct mgga_c_kcis_lxc_pol_part37_LO30 {
     |            ^^^^^^^^^^^^^^^^^^^^^^^^^^^^^^^ help: convert the identifier to upper camel case: `MggaCKcisLxcPolPart37Lo30`

warning: type `mgga_c_kcis_lxc_pol_part37_LO31` should have an upper camel case name
    --> crates/kernel-mgga-7/src/mgga_c_kcis/lxc_pol_part37.rs:2282:12
     |
2282 | pub struct mgga_c_kcis_lxc_pol_part37_LO31 {
     |            ^^^^^^^^^^^^^^^^^^^^^^^^^^^^^^^ help: convert the identifier to upper camel case: `MggaCKcisLxcPolPart37Lo31`

warning: type `mgga_c_kcis_lxc_pol_part37_LO32` should have an upper camel case name
    --> crates/kernel-mgga-7/src/mgga_c_kcis/lxc_pol_part37.rs:2308:12
     |
2308 | pub struct mgga_c_kcis_lxc_pol_part37_LO32 {
     |            ^^^^^^^^^^^^^^^^^^^^^^^^^^^^^^^ help: convert the identifier to upper camel case: `MggaCKcisLxcPolPart37Lo32`

warning: type `mgga_c_kcis_lxc_pol_part37_LO33` should have an upper camel case name
    --> crates/kernel-mgga-7/src/mgga_c_kcis/lxc_pol_part37.rs:2391:12
     |
2391 | pub struct mgga_c_kcis_lxc_pol_part37_LO33 {
     |            ^^^^^^^^^^^^^^^^^^^^^^^^^^^^^^^ help: convert the identifier to upper camel case: `MggaCKcisLxcPolPart37Lo33`

warning: type `mgga_c_kcis_lxc_pol_part37_LO34` should have an upper camel case name
    --> crates/kernel-mgga-7/src/mgga_c_kcis/lxc_pol_part37.rs:2465:12
     |
2465 | pub struct mgga_c_kcis_lxc_pol_part37_LO34 {
     |            ^^^^^^^^^^^^^^^^^^^^^^^^^^^^^^^ help: convert the identifier to upper camel case: `MggaCKcisLxcPolPart37Lo34`

warning: type `mgga_c_kcis_lxc_pol_part37_LO35` should have an upper camel case name
    --> crates/kernel-mgga-7/src/mgga_c_kcis/lxc_pol_part37.rs:2541:12
     |
2541 | pub struct mgga_c_kcis_lxc_pol_part37_LO35 {
     |            ^^^^^^^^^^^^^^^^^^^^^^^^^^^^^^^ help: convert the identifier to upper camel case: `MggaCKcisLxcPolPart37Lo35`

warning: type `mgga_c_kcis_lxc_pol_part37_LO36` should have an upper camel case name
    --> crates/kernel-mgga-7/src/mgga_c_kcis/lxc_pol_part37.rs:2622:12
     |
2622 | pub struct mgga_c_kcis_lxc_pol_part37_LO36 {
     |            ^^^^^^^^^^^^^^^^^^^^^^^^^^^^^^^ help: convert the identifier to upper camel case: `MggaCKcisLxcPolPart37Lo36`

warning: type `mgga_c_kcis_lxc_pol_part37_LO37` should have an upper camel case name
    --> crates/kernel-mgga-7/src/mgga_c_kcis/lxc_pol_part37.rs:2683:12
     |
2683 | pub struct mgga_c_kcis_lxc_pol_part37_LO37 {
     |            ^^^^^^^^^^^^^^^^^^^^^^^^^^^^^^^ help: convert the identifier to upper camel case: `MggaCKcisLxcPolPart37Lo37`

warning: type `mgga_c_kcis_lxc_pol_part37_LO38` should have an upper camel case name
    --> crates/kernel-mgga-7/src/mgga_c_kcis/lxc_pol_part37.rs:2717:12
     |
2717 | pub struct mgga_c_kcis_lxc_pol_part37_LO38 {
     |            ^^^^^^^^^^^^^^^^^^^^^^^^^^^^^^^ help: convert the identifier to upper camel case: `MggaCKcisLxcPolPart37Lo38`

warning: type `mgga_c_kcis_lxc_pol_part37_LO39` should have an upper camel case name
    --> crates/kernel-mgga-7/src/mgga_c_kcis/lxc_pol_part37.rs:2770:12
     |
2770 | pub struct mgga_c_kcis_lxc_pol_part37_LO39 {
     |            ^^^^^^^^^^^^^^^^^^^^^^^^^^^^^^^ help: convert the identifier to upper camel case: `MggaCKcisLxcPolPart37Lo39`

warning: type `mgga_c_kcis_lxc_pol_part37_LO40` should have an upper camel case name
    --> crates/kernel-mgga-7/src/mgga_c_kcis/lxc_pol_part37.rs:2803:12
     |
2803 | pub struct mgga_c_kcis_lxc_pol_part37_LO40 {
     |            ^^^^^^^^^^^^^^^^^^^^^^^^^^^^^^^ help: convert the identifier to upper camel case: `MggaCKcisLxcPolPart37Lo40`

warning: type `mgga_c_kcis_lxc_pol_part37_LO41` should have an upper camel case name
    --> crates/kernel-mgga-7/src/mgga_c_kcis/lxc_pol_part37.rs:2843:12
     |
2843 | pub struct mgga_c_kcis_lxc_pol_part37_LO41 {
     |            ^^^^^^^^^^^^^^^^^^^^^^^^^^^^^^^ help: convert the identifier to upper camel case: `MggaCKcisLxcPolPart37Lo41`

warning: type `mgga_c_kcis_lxc_pol_part37_LO42` should have an upper camel case name
    --> crates/kernel-mgga-7/src/mgga_c_kcis/lxc_pol_part37.rs:2906:12
     |
2906 | pub struct mgga_c_kcis_lxc_pol_part37_LO42 {
     |            ^^^^^^^^^^^^^^^^^^^^^^^^^^^^^^^ help: convert the identifier to upper camel case: `MggaCKcisLxcPolPart37Lo42`

warning: type `mgga_c_kcis_lxc_pol_part37_LO43` should have an upper camel case name
    --> crates/kernel-mgga-7/src/mgga_c_kcis/lxc_pol_part37.rs:2946:12
     |
2946 | pub struct mgga_c_kcis_lxc_pol_part37_LO43 {
     |            ^^^^^^^^^^^^^^^^^^^^^^^^^^^^^^^ help: convert the identifier to upper camel case: `MggaCKcisLxcPolPart37Lo43`

warning: type `mgga_c_kcis_lxc_pol_part37_LO44` should have an upper camel case name
    --> crates/kernel-mgga-7/src/mgga_c_kcis/lxc_pol_part37.rs:2993:12
     |
2993 | pub struct mgga_c_kcis_lxc_pol_part37_LO44 {
     |            ^^^^^^^^^^^^^^^^^^^^^^^^^^^^^^^ help: convert the identifier to upper camel case: `MggaCKcisLxcPolPart37Lo44`

warning: type `mgga_c_kcis_lxc_pol_part37_LO45` should have an upper camel case name
    --> crates/kernel-mgga-7/src/mgga_c_kcis/lxc_pol_part37.rs:3026:12
     |
3026 | pub struct mgga_c_kcis_lxc_pol_part37_LO45 {
     |            ^^^^^^^^^^^^^^^^^^^^^^^^^^^^^^^ help: convert the identifier to upper camel case: `MggaCKcisLxcPolPart37Lo45`

warning: type `mgga_c_kcis_lxc_pol_part37_LO46` should have an upper camel case name
    --> crates/kernel-mgga-7/src/mgga_c_kcis/lxc_pol_part37.rs:3038:12
     |
3038 | pub struct mgga_c_kcis_lxc_pol_part37_LO46 {
     |            ^^^^^^^^^^^^^^^^^^^^^^^^^^^^^^^ help: convert the identifier to upper camel case: `MggaCKcisLxcPolPart37Lo46`

warning: type `mgga_c_kcis_lxc_pol_part37_LO47` should have an upper camel case name
    --> crates/kernel-mgga-7/src/mgga_c_kcis/lxc_pol_part37.rs:3091:12
     |
3091 | pub struct mgga_c_kcis_lxc_pol_part37_LO47 {
     |            ^^^^^^^^^^^^^^^^^^^^^^^^^^^^^^^ help: convert the identifier to upper camel case: `MggaCKcisLxcPolPart37Lo47`

warning: type `mgga_c_kcis_lxc_pol_part37_LO48` should have an upper camel case name
    --> crates/kernel-mgga-7/src/mgga_c_kcis/lxc_pol_part37.rs:3135:12
     |
3135 | pub struct mgga_c_kcis_lxc_pol_part37_LO48 {
     |            ^^^^^^^^^^^^^^^^^^^^^^^^^^^^^^^ help: convert the identifier to upper camel case: `MggaCKcisLxcPolPart37Lo48`

warning: type `mgga_c_kcis_lxc_pol_part38_LO0` should have an upper camel case name
  --> crates/kernel-mgga-7/src/mgga_c_kcis/lxc_pol_part38.rs:14:12
   |
14 | pub struct mgga_c_kcis_lxc_pol_part38_LO0 {
   |            ^^^^^^^^^^^^^^^^^^^^^^^^^^^^^^ help: convert the identifier to upper camel case: `MggaCKcisLxcPolPart38Lo0`

warning: type `mgga_c_kcis_lxc_pol_part38_LO1` should have an upper camel case name
   --> crates/kernel-mgga-7/src/mgga_c_kcis/lxc_pol_part38.rs:105:12
    |
105 | pub struct mgga_c_kcis_lxc_pol_part38_LO1 {
    |            ^^^^^^^^^^^^^^^^^^^^^^^^^^^^^^ help: convert the identifier to upper camel case: `MggaCKcisLxcPolPart38Lo1`

warning: type `mgga_c_kcis_lxc_pol_part38_LO2` should have an upper camel case name
   --> crates/kernel-mgga-7/src/mgga_c_kcis/lxc_pol_part38.rs:199:12
    |
199 | pub struct mgga_c_kcis_lxc_pol_part38_LO2 {
    |            ^^^^^^^^^^^^^^^^^^^^^^^^^^^^^^ help: convert the identifier to upper camel case: `MggaCKcisLxcPolPart38Lo2`

warning: type `mgga_c_kcis_lxc_pol_part38_LO3` should have an upper camel case name
   --> crates/kernel-mgga-7/src/mgga_c_kcis/lxc_pol_part38.rs:291:12
    |
291 | pub struct mgga_c_kcis_lxc_pol_part38_LO3 {
    |            ^^^^^^^^^^^^^^^^^^^^^^^^^^^^^^ help: convert the identifier to upper camel case: `MggaCKcisLxcPolPart38Lo3`

warning: type `mgga_c_kcis_lxc_pol_part38_LO4` should have an upper camel case name
   --> crates/kernel-mgga-7/src/mgga_c_kcis/lxc_pol_part38.rs:395:12
    |
395 | pub struct mgga_c_kcis_lxc_pol_part38_LO4 {
    |            ^^^^^^^^^^^^^^^^^^^^^^^^^^^^^^ help: convert the identifier to upper camel case: `MggaCKcisLxcPolPart38Lo4`

warning: type `mgga_c_kcis_lxc_pol_part38_LO5` should have an upper camel case name
   --> crates/kernel-mgga-7/src/mgga_c_kcis/lxc_pol_part38.rs:492:12
    |
492 | pub struct mgga_c_kcis_lxc_pol_part38_LO5 {
    |            ^^^^^^^^^^^^^^^^^^^^^^^^^^^^^^ help: convert the identifier to upper camel case: `MggaCKcisLxcPolPart38Lo5`

warning: type `mgga_c_kcis_lxc_pol_part38_LO6` should have an upper camel case name
   --> crates/kernel-mgga-7/src/mgga_c_kcis/lxc_pol_part38.rs:594:12
    |
594 | pub struct mgga_c_kcis_lxc_pol_part38_LO6 {
    |            ^^^^^^^^^^^^^^^^^^^^^^^^^^^^^^ help: convert the identifier to upper camel case: `MggaCKcisLxcPolPart38Lo6`

warning: type `mgga_c_kcis_lxc_pol_part38_LO7` should have an upper camel case name
   --> crates/kernel-mgga-7/src/mgga_c_kcis/lxc_pol_part38.rs:693:12
    |
693 | pub struct mgga_c_kcis_lxc_pol_part38_LO7 {
    |            ^^^^^^^^^^^^^^^^^^^^^^^^^^^^^^ help: convert the identifier to upper camel case: `MggaCKcisLxcPolPart38Lo7`

warning: type `mgga_c_kcis_lxc_pol_part38_LO8` should have an upper camel case name
   --> crates/kernel-mgga-7/src/mgga_c_kcis/lxc_pol_part38.rs:792:12
    |
792 | pub struct mgga_c_kcis_lxc_pol_part38_LO8 {
    |            ^^^^^^^^^^^^^^^^^^^^^^^^^^^^^^ help: convert the identifier to upper camel case: `MggaCKcisLxcPolPart38Lo8`

warning: type `mgga_c_kcis_lxc_pol_part38_LO9` should have an upper camel case name
   --> crates/kernel-mgga-7/src/mgga_c_kcis/lxc_pol_part38.rs:885:12
    |
885 | pub struct mgga_c_kcis_lxc_pol_part38_LO9 {
    |            ^^^^^^^^^^^^^^^^^^^^^^^^^^^^^^ help: convert the identifier to upper camel case: `MggaCKcisLxcPolPart38Lo9`

warning: type `mgga_c_kcis_lxc_pol_part38_LO10` should have an upper camel case name
   --> crates/kernel-mgga-7/src/mgga_c_kcis/lxc_pol_part38.rs:964:12
    |
964 | pub struct mgga_c_kcis_lxc_pol_part38_LO10 {
    |            ^^^^^^^^^^^^^^^^^^^^^^^^^^^^^^^ help: convert the identifier to upper camel case: `MggaCKcisLxcPolPart38Lo10`

warning: type `mgga_c_kcis_lxc_pol_part38_LO11` should have an upper camel case name
    --> crates/kernel-mgga-7/src/mgga_c_kcis/lxc_pol_part38.rs:1034:12
     |
1034 | pub struct mgga_c_kcis_lxc_pol_part38_LO11 {
     |            ^^^^^^^^^^^^^^^^^^^^^^^^^^^^^^^ help: convert the identifier to upper camel case: `MggaCKcisLxcPolPart38Lo11`

warning: type `mgga_c_kcis_lxc_pol_part38_LO12` should have an upper camel case name
    --> crates/kernel-mgga-7/src/mgga_c_kcis/lxc_pol_part38.rs:1095:12
     |
1095 | pub struct mgga_c_kcis_lxc_pol_part38_LO12 {
     |            ^^^^^^^^^^^^^^^^^^^^^^^^^^^^^^^ help: convert the identifier to upper camel case: `MggaCKcisLxcPolPart38Lo12`

warning: type `mgga_c_kcis_lxc_pol_part38_LO13` should have an upper camel case name
    --> crates/kernel-mgga-7/src/mgga_c_kcis/lxc_pol_part38.rs:1154:12
     |
1154 | pub struct mgga_c_kcis_lxc_pol_part38_LO13 {
     |            ^^^^^^^^^^^^^^^^^^^^^^^^^^^^^^^ help: convert the identifier to upper camel case: `MggaCKcisLxcPolPart38Lo13`

warning: type `mgga_c_kcis_lxc_pol_part38_LO14` should have an upper camel case name
    --> crates/kernel-mgga-7/src/mgga_c_kcis/lxc_pol_part38.rs:1215:12
     |
1215 | pub struct mgga_c_kcis_lxc_pol_part38_LO14 {
     |            ^^^^^^^^^^^^^^^^^^^^^^^^^^^^^^^ help: convert the identifier to upper camel case: `MggaCKcisLxcPolPart38Lo14`

warning: type `mgga_c_kcis_lxc_pol_part38_LO15` should have an upper camel case name
    --> crates/kernel-mgga-7/src/mgga_c_kcis/lxc_pol_part38.rs:1275:12
     |
1275 | pub struct mgga_c_kcis_lxc_pol_part38_LO15 {
     |            ^^^^^^^^^^^^^^^^^^^^^^^^^^^^^^^ help: convert the identifier to upper camel case: `MggaCKcisLxcPolPart38Lo15`

warning: type `mgga_c_kcis_lxc_pol_part38_LO16` should have an upper camel case name
    --> crates/kernel-mgga-7/src/mgga_c_kcis/lxc_pol_part38.rs:1344:12
     |
1344 | pub struct mgga_c_kcis_lxc_pol_part38_LO16 {
     |            ^^^^^^^^^^^^^^^^^^^^^^^^^^^^^^^ help: convert the identifier to upper camel case: `MggaCKcisLxcPolPart38Lo16`

warning: type `mgga_c_kcis_lxc_pol_part38_LO17` should have an upper camel case name
    --> crates/kernel-mgga-7/src/mgga_c_kcis/lxc_pol_part38.rs:1398:12
     |
1398 | pub struct mgga_c_kcis_lxc_pol_part38_LO17 {
     |            ^^^^^^^^^^^^^^^^^^^^^^^^^^^^^^^ help: convert the identifier to upper camel case: `MggaCKcisLxcPolPart38Lo17`

warning: type `mgga_c_kcis_lxc_pol_part38_LO18` should have an upper camel case name
    --> crates/kernel-mgga-7/src/mgga_c_kcis/lxc_pol_part38.rs:1455:12
     |
1455 | pub struct mgga_c_kcis_lxc_pol_part38_LO18 {
     |            ^^^^^^^^^^^^^^^^^^^^^^^^^^^^^^^ help: convert the identifier to upper camel case: `MggaCKcisLxcPolPart38Lo18`

warning: type `mgga_c_kcis_lxc_pol_part38_LO19` should have an upper camel case name
    --> crates/kernel-mgga-7/src/mgga_c_kcis/lxc_pol_part38.rs:1498:12
     |
1498 | pub struct mgga_c_kcis_lxc_pol_part38_LO19 {
     |            ^^^^^^^^^^^^^^^^^^^^^^^^^^^^^^^ help: convert the identifier to upper camel case: `MggaCKcisLxcPolPart38Lo19`

warning: type `mgga_c_kcis_lxc_pol_part38_LO20` should have an upper camel case name
    --> crates/kernel-mgga-7/src/mgga_c_kcis/lxc_pol_part38.rs:1553:12
     |
1553 | pub struct mgga_c_kcis_lxc_pol_part38_LO20 {
     |            ^^^^^^^^^^^^^^^^^^^^^^^^^^^^^^^ help: convert the identifier to upper camel case: `MggaCKcisLxcPolPart38Lo20`

warning: type `mgga_c_kcis_lxc_pol_part38_LO21` should have an upper camel case name
    --> crates/kernel-mgga-7/src/mgga_c_kcis/lxc_pol_part38.rs:1592:12
     |
1592 | pub struct mgga_c_kcis_lxc_pol_part38_LO21 {
     |            ^^^^^^^^^^^^^^^^^^^^^^^^^^^^^^^ help: convert the identifier to upper camel case: `MggaCKcisLxcPolPart38Lo21`

warning: type `mgga_c_kcis_lxc_pol_part38_LO22` should have an upper camel case name
    --> crates/kernel-mgga-7/src/mgga_c_kcis/lxc_pol_part38.rs:1643:12
     |
1643 | pub struct mgga_c_kcis_lxc_pol_part38_LO22 {
     |            ^^^^^^^^^^^^^^^^^^^^^^^^^^^^^^^ help: convert the identifier to upper camel case: `MggaCKcisLxcPolPart38Lo22`

warning: type `mgga_c_kcis_lxc_pol_part38_LO23` should have an upper camel case name
    --> crates/kernel-mgga-7/src/mgga_c_kcis/lxc_pol_part38.rs:1685:12
     |
1685 | pub struct mgga_c_kcis_lxc_pol_part38_LO23 {
     |            ^^^^^^^^^^^^^^^^^^^^^^^^^^^^^^^ help: convert the identifier to upper camel case: `MggaCKcisLxcPolPart38Lo23`

warning: type `mgga_c_kcis_lxc_pol_part38_LO24` should have an upper camel case name
    --> crates/kernel-mgga-7/src/mgga_c_kcis/lxc_pol_part38.rs:1738:12
     |
1738 | pub struct mgga_c_kcis_lxc_pol_part38_LO24 {
     |            ^^^^^^^^^^^^^^^^^^^^^^^^^^^^^^^ help: convert the identifier to upper camel case: `MggaCKcisLxcPolPart38Lo24`

warning: type `mgga_c_kcis_lxc_pol_part38_LO25` should have an upper camel case name
    --> crates/kernel-mgga-7/src/mgga_c_kcis/lxc_pol_part38.rs:1781:12
     |
1781 | pub struct mgga_c_kcis_lxc_pol_part38_LO25 {
     |            ^^^^^^^^^^^^^^^^^^^^^^^^^^^^^^^ help: convert the identifier to upper camel case: `MggaCKcisLxcPolPart38Lo25`

warning: type `mgga_c_kcis_lxc_pol_part38_LO26` should have an upper camel case name
    --> crates/kernel-mgga-7/src/mgga_c_kcis/lxc_pol_part38.rs:1826:12
     |
1826 | pub struct mgga_c_kcis_lxc_pol_part38_LO26 {
     |            ^^^^^^^^^^^^^^^^^^^^^^^^^^^^^^^ help: convert the identifier to upper camel case: `MggaCKcisLxcPolPart38Lo26`

warning: type `mgga_c_kcis_lxc_pol_part38_LO27` should have an upper camel case name
    --> crates/kernel-mgga-7/src/mgga_c_kcis/lxc_pol_part38.rs:1875:12
     |
1875 | pub struct mgga_c_kcis_lxc_pol_part38_LO27 {
     |            ^^^^^^^^^^^^^^^^^^^^^^^^^^^^^^^ help: convert the identifier to upper camel case: `MggaCKcisLxcPolPart38Lo27`

warning: type `mgga_c_kcis_lxc_pol_part38_LO28` should have an upper camel case name
    --> crates/kernel-mgga-7/src/mgga_c_kcis/lxc_pol_part38.rs:1905:12
     |
1905 | pub struct mgga_c_kcis_lxc_pol_part38_LO28 {
     |            ^^^^^^^^^^^^^^^^^^^^^^^^^^^^^^^ help: convert the identifier to upper camel case: `MggaCKcisLxcPolPart38Lo28`

warning: type `mgga_c_kcis_lxc_pol_part38_LO29` should have an upper camel case name
    --> crates/kernel-mgga-7/src/mgga_c_kcis/lxc_pol_part38.rs:1932:12
     |
1932 | pub struct mgga_c_kcis_lxc_pol_part38_LO29 {
     |            ^^^^^^^^^^^^^^^^^^^^^^^^^^^^^^^ help: convert the identifier to upper camel case: `MggaCKcisLxcPolPart38Lo29`

warning: type `mgga_c_kcis_lxc_pol_part38_LO30` should have an upper camel case name
    --> crates/kernel-mgga-7/src/mgga_c_kcis/lxc_pol_part38.rs:1975:12
     |
1975 | pub struct mgga_c_kcis_lxc_pol_part38_LO30 {
     |            ^^^^^^^^^^^^^^^^^^^^^^^^^^^^^^^ help: convert the identifier to upper camel case: `MggaCKcisLxcPolPart38Lo30`

warning: type `mgga_c_kcis_lxc_pol_part38_LO31` should have an upper camel case name
    --> crates/kernel-mgga-7/src/mgga_c_kcis/lxc_pol_part38.rs:2012:12
     |
2012 | pub struct mgga_c_kcis_lxc_pol_part38_LO31 {
     |            ^^^^^^^^^^^^^^^^^^^^^^^^^^^^^^^ help: convert the identifier to upper camel case: `MggaCKcisLxcPolPart38Lo31`

warning: type `mgga_c_kcis_lxc_pol_part39_LO0` should have an upper camel case name
  --> crates/kernel-mgga-7/src/mgga_c_kcis/lxc_pol_part39.rs:14:12
   |
14 | pub struct mgga_c_kcis_lxc_pol_part39_LO0 {
   |            ^^^^^^^^^^^^^^^^^^^^^^^^^^^^^^ help: convert the identifier to upper camel case: `MggaCKcisLxcPolPart39Lo0`

warning: type `mgga_c_kcis_lxc_pol_part39_LO1` should have an upper camel case name
   --> crates/kernel-mgga-7/src/mgga_c_kcis/lxc_pol_part39.rs:111:12
    |
111 | pub struct mgga_c_kcis_lxc_pol_part39_LO1 {
    |            ^^^^^^^^^^^^^^^^^^^^^^^^^^^^^^ help: convert the identifier to upper camel case: `MggaCKcisLxcPolPart39Lo1`

warning: type `mgga_c_kcis_lxc_pol_part39_LO2` should have an upper camel case name
   --> crates/kernel-mgga-7/src/mgga_c_kcis/lxc_pol_part39.rs:207:12
    |
207 | pub struct mgga_c_kcis_lxc_pol_part39_LO2 {
    |            ^^^^^^^^^^^^^^^^^^^^^^^^^^^^^^ help: convert the identifier to upper camel case: `MggaCKcisLxcPolPart39Lo2`

warning: type `mgga_c_kcis_lxc_pol_part39_LO3` should have an upper camel case name
   --> crates/kernel-mgga-7/src/mgga_c_kcis/lxc_pol_part39.rs:304:12
    |
304 | pub struct mgga_c_kcis_lxc_pol_part39_LO3 {
    |            ^^^^^^^^^^^^^^^^^^^^^^^^^^^^^^ help: convert the identifier to upper camel case: `MggaCKcisLxcPolPart39Lo3`

warning: type `mgga_c_kcis_lxc_pol_part39_LO4` should have an upper camel case name
   --> crates/kernel-mgga-7/src/mgga_c_kcis/lxc_pol_part39.rs:387:12
    |
387 | pub struct mgga_c_kcis_lxc_pol_part39_LO4 {
    |            ^^^^^^^^^^^^^^^^^^^^^^^^^^^^^^ help: convert the identifier to upper camel case: `MggaCKcisLxcPolPart39Lo4`

warning: type `mgga_c_kcis_lxc_pol_part39_LO5` should have an upper camel case name
   --> crates/kernel-mgga-7/src/mgga_c_kcis/lxc_pol_part39.rs:439:12
    |
439 | pub struct mgga_c_kcis_lxc_pol_part39_LO5 {
    |            ^^^^^^^^^^^^^^^^^^^^^^^^^^^^^^ help: convert the identifier to upper camel case: `MggaCKcisLxcPolPart39Lo5`

warning: type `mgga_c_kcis_lxc_pol_part39_LO6` should have an upper camel case name
   --> crates/kernel-mgga-7/src/mgga_c_kcis/lxc_pol_part39.rs:521:12
    |
521 | pub struct mgga_c_kcis_lxc_pol_part39_LO6 {
    |            ^^^^^^^^^^^^^^^^^^^^^^^^^^^^^^ help: convert the identifier to upper camel case: `MggaCKcisLxcPolPart39Lo6`

warning: type `mgga_c_kcis_lxc_pol_part39_LO7` should have an upper camel case name
   --> crates/kernel-mgga-7/src/mgga_c_kcis/lxc_pol_part39.rs:589:12
    |
589 | pub struct mgga_c_kcis_lxc_pol_part39_LO7 {
    |            ^^^^^^^^^^^^^^^^^^^^^^^^^^^^^^ help: convert the identifier to upper camel case: `MggaCKcisLxcPolPart39Lo7`

warning: type `mgga_c_kcis_lxc_pol_part39_LO8` should have an upper camel case name
   --> crates/kernel-mgga-7/src/mgga_c_kcis/lxc_pol_part39.rs:669:12
    |
669 | pub struct mgga_c_kcis_lxc_pol_part39_LO8 {
    |            ^^^^^^^^^^^^^^^^^^^^^^^^^^^^^^ help: convert the identifier to upper camel case: `MggaCKcisLxcPolPart39Lo8`

warning: type `mgga_c_kcis_lxc_pol_part39_LO9` should have an upper camel case name
   --> crates/kernel-mgga-7/src/mgga_c_kcis/lxc_pol_part39.rs:735:12
    |
735 | pub struct mgga_c_kcis_lxc_pol_part39_LO9 {
    |            ^^^^^^^^^^^^^^^^^^^^^^^^^^^^^^ help: convert the identifier to upper camel case: `MggaCKcisLxcPolPart39Lo9`

warning: type `mgga_c_kcis_lxc_pol_part39_LO10` should have an upper camel case name
   --> crates/kernel-mgga-7/src/mgga_c_kcis/lxc_pol_part39.rs:798:12
    |
798 | pub struct mgga_c_kcis_lxc_pol_part39_LO10 {
    |            ^^^^^^^^^^^^^^^^^^^^^^^^^^^^^^^ help: convert the identifier to upper camel case: `MggaCKcisLxcPolPart39Lo10`

warning: type `mgga_c_kcis_lxc_pol_part39_LO11` should have an upper camel case name
   --> crates/kernel-mgga-7/src/mgga_c_kcis/lxc_pol_part39.rs:846:12
    |
846 | pub struct mgga_c_kcis_lxc_pol_part39_LO11 {
    |            ^^^^^^^^^^^^^^^^^^^^^^^^^^^^^^^ help: convert the identifier to upper camel case: `MggaCKcisLxcPolPart39Lo11`

warning: type `mgga_c_kcis_lxc_pol_part39_LO12` should have an upper camel case name
   --> crates/kernel-mgga-7/src/mgga_c_kcis/lxc_pol_part39.rs:906:12
    |
906 | pub struct mgga_c_kcis_lxc_pol_part39_LO12 {
    |            ^^^^^^^^^^^^^^^^^^^^^^^^^^^^^^^ help: convert the identifier to upper camel case: `MggaCKcisLxcPolPart39Lo12`

warning: type `mgga_c_kcis_lxc_pol_part39_LO13` should have an upper camel case name
    --> crates/kernel-mgga-7/src/mgga_c_kcis/lxc_pol_part39.rs:1002:12
     |
1002 | pub struct mgga_c_kcis_lxc_pol_part39_LO13 {
     |            ^^^^^^^^^^^^^^^^^^^^^^^^^^^^^^^ help: convert the identifier to upper camel case: `MggaCKcisLxcPolPart39Lo13`

warning: type `mgga_c_kcis_lxc_pol_part39_LO14` should have an upper camel case name
    --> crates/kernel-mgga-7/src/mgga_c_kcis/lxc_pol_part39.rs:1059:12
     |
1059 | pub struct mgga_c_kcis_lxc_pol_part39_LO14 {
     |            ^^^^^^^^^^^^^^^^^^^^^^^^^^^^^^^ help: convert the identifier to upper camel case: `MggaCKcisLxcPolPart39Lo14`

warning: type `mgga_c_kcis_lxc_pol_part39_LO15` should have an upper camel case name
    --> crates/kernel-mgga-7/src/mgga_c_kcis/lxc_pol_part39.rs:1112:12
     |
1112 | pub struct mgga_c_kcis_lxc_pol_part39_LO15 {
     |            ^^^^^^^^^^^^^^^^^^^^^^^^^^^^^^^ help: convert the identifier to upper camel case: `MggaCKcisLxcPolPart39Lo15`

warning: type `mgga_c_kcis_lxc_pol_part39_LO16` should have an upper camel case name
    --> crates/kernel-mgga-7/src/mgga_c_kcis/lxc_pol_part39.rs:1165:12
     |
1165 | pub struct mgga_c_kcis_lxc_pol_part39_LO16 {
     |            ^^^^^^^^^^^^^^^^^^^^^^^^^^^^^^^ help: convert the identifier to upper camel case: `MggaCKcisLxcPolPart39Lo16`

warning: type `mgga_c_kcis_lxc_pol_part39_LO17` should have an upper camel case name
    --> crates/kernel-mgga-7/src/mgga_c_kcis/lxc_pol_part39.rs:1257:12
     |
1257 | pub struct mgga_c_kcis_lxc_pol_part39_LO17 {
     |            ^^^^^^^^^^^^^^^^^^^^^^^^^^^^^^^ help: convert the identifier to upper camel case: `MggaCKcisLxcPolPart39Lo17`

warning: type `mgga_c_kcis_lxc_pol_part39_LO18` should have an upper camel case name
    --> crates/kernel-mgga-7/src/mgga_c_kcis/lxc_pol_part39.rs:1338:12
     |
1338 | pub struct mgga_c_kcis_lxc_pol_part39_LO18 {
     |            ^^^^^^^^^^^^^^^^^^^^^^^^^^^^^^^ help: convert the identifier to upper camel case: `MggaCKcisLxcPolPart39Lo18`

warning: type `mgga_c_kcis_lxc_pol_part39_LO19` should have an upper camel case name
    --> crates/kernel-mgga-7/src/mgga_c_kcis/lxc_pol_part39.rs:1393:12
     |
1393 | pub struct mgga_c_kcis_lxc_pol_part39_LO19 {
     |            ^^^^^^^^^^^^^^^^^^^^^^^^^^^^^^^ help: convert the identifier to upper camel case: `MggaCKcisLxcPolPart39Lo19`

warning: type `mgga_c_kcis_lxc_pol_part39_LO20` should have an upper camel case name
    --> crates/kernel-mgga-7/src/mgga_c_kcis/lxc_pol_part39.rs:1445:12
     |
1445 | pub struct mgga_c_kcis_lxc_pol_part39_LO20 {
     |            ^^^^^^^^^^^^^^^^^^^^^^^^^^^^^^^ help: convert the identifier to upper camel case: `MggaCKcisLxcPolPart39Lo20`

warning: type `mgga_c_kcis_lxc_pol_part39_LO21` should have an upper camel case name
    --> crates/kernel-mgga-7/src/mgga_c_kcis/lxc_pol_part39.rs:1487:12
     |
1487 | pub struct mgga_c_kcis_lxc_pol_part39_LO21 {
     |            ^^^^^^^^^^^^^^^^^^^^^^^^^^^^^^^ help: convert the identifier to upper camel case: `MggaCKcisLxcPolPart39Lo21`

warning: type `mgga_c_kcis_lxc_pol_part39_LO22` should have an upper camel case name
    --> crates/kernel-mgga-7/src/mgga_c_kcis/lxc_pol_part39.rs:1582:12
     |
1582 | pub struct mgga_c_kcis_lxc_pol_part39_LO22 {
     |            ^^^^^^^^^^^^^^^^^^^^^^^^^^^^^^^ help: convert the identifier to upper camel case: `MggaCKcisLxcPolPart39Lo22`

warning: type `mgga_c_kcis_lxc_pol_part39_LO23` should have an upper camel case name
    --> crates/kernel-mgga-7/src/mgga_c_kcis/lxc_pol_part39.rs:1666:12
     |
1666 | pub struct mgga_c_kcis_lxc_pol_part39_LO23 {
     |            ^^^^^^^^^^^^^^^^^^^^^^^^^^^^^^^ help: convert the identifier to upper camel case: `MggaCKcisLxcPolPart39Lo23`

warning: type `mgga_c_kcis_lxc_pol_part39_LO24` should have an upper camel case name
    --> crates/kernel-mgga-7/src/mgga_c_kcis/lxc_pol_part39.rs:1767:12
     |
1767 | pub struct mgga_c_kcis_lxc_pol_part39_LO24 {
     |            ^^^^^^^^^^^^^^^^^^^^^^^^^^^^^^^ help: convert the identifier to upper camel case: `MggaCKcisLxcPolPart39Lo24`

warning: type `mgga_c_kcis_lxc_pol_part39_LO25` should have an upper camel case name
    --> crates/kernel-mgga-7/src/mgga_c_kcis/lxc_pol_part39.rs:1853:12
     |
1853 | pub struct mgga_c_kcis_lxc_pol_part39_LO25 {
     |            ^^^^^^^^^^^^^^^^^^^^^^^^^^^^^^^ help: convert the identifier to upper camel case: `MggaCKcisLxcPolPart39Lo25`

warning: type `mgga_c_kcis_lxc_pol_part39_LO26` should have an upper camel case name
    --> crates/kernel-mgga-7/src/mgga_c_kcis/lxc_pol_part39.rs:1910:12
     |
1910 | pub struct mgga_c_kcis_lxc_pol_part39_LO26 {
     |            ^^^^^^^^^^^^^^^^^^^^^^^^^^^^^^^ help: convert the identifier to upper camel case: `MggaCKcisLxcPolPart39Lo26`

warning: type `mgga_c_kcis_lxc_pol_part39_LO27` should have an upper camel case name
    --> crates/kernel-mgga-7/src/mgga_c_kcis/lxc_pol_part39.rs:2013:12
     |
2013 | pub struct mgga_c_kcis_lxc_pol_part39_LO27 {
     |            ^^^^^^^^^^^^^^^^^^^^^^^^^^^^^^^ help: convert the identifier to upper camel case: `MggaCKcisLxcPolPart39Lo27`

warning: type `mgga_c_kcis_lxc_pol_part39_LO28` should have an upper camel case name
    --> crates/kernel-mgga-7/src/mgga_c_kcis/lxc_pol_part39.rs:2103:12
     |
2103 | pub struct mgga_c_kcis_lxc_pol_part39_LO28 {
     |            ^^^^^^^^^^^^^^^^^^^^^^^^^^^^^^^ help: convert the identifier to upper camel case: `MggaCKcisLxcPolPart39Lo28`

warning: type `mgga_c_kcis_lxc_pol_part39_LO29` should have an upper camel case name
    --> crates/kernel-mgga-7/src/mgga_c_kcis/lxc_pol_part39.rs:2158:12
     |
2158 | pub struct mgga_c_kcis_lxc_pol_part39_LO29 {
     |            ^^^^^^^^^^^^^^^^^^^^^^^^^^^^^^^ help: convert the identifier to upper camel case: `MggaCKcisLxcPolPart39Lo29`

warning: type `mgga_c_kcis_lxc_pol_part39_LO30` should have an upper camel case name
    --> crates/kernel-mgga-7/src/mgga_c_kcis/lxc_pol_part39.rs:2201:12
     |
2201 | pub struct mgga_c_kcis_lxc_pol_part39_LO30 {
     |            ^^^^^^^^^^^^^^^^^^^^^^^^^^^^^^^ help: convert the identifier to upper camel case: `MggaCKcisLxcPolPart39Lo30`

warning: type `mgga_c_kcis_lxc_pol_part39_LO31` should have an upper camel case name
    --> crates/kernel-mgga-7/src/mgga_c_kcis/lxc_pol_part39.rs:2242:12
     |
2242 | pub struct mgga_c_kcis_lxc_pol_part39_LO31 {
     |            ^^^^^^^^^^^^^^^^^^^^^^^^^^^^^^^ help: convert the identifier to upper camel case: `MggaCKcisLxcPolPart39Lo31`

warning: type `mgga_c_kcis_lxc_pol_part39_LO32` should have an upper camel case name
    --> crates/kernel-mgga-7/src/mgga_c_kcis/lxc_pol_part39.rs:2308:12
     |
2308 | pub struct mgga_c_kcis_lxc_pol_part39_LO32 {
     |            ^^^^^^^^^^^^^^^^^^^^^^^^^^^^^^^ help: convert the identifier to upper camel case: `MggaCKcisLxcPolPart39Lo32`

warning: type `mgga_c_kcis_lxc_pol_part39_LO33` should have an upper camel case name
    --> crates/kernel-mgga-7/src/mgga_c_kcis/lxc_pol_part39.rs:2400:12
     |
2400 | pub struct mgga_c_kcis_lxc_pol_part39_LO33 {
     |            ^^^^^^^^^^^^^^^^^^^^^^^^^^^^^^^ help: convert the identifier to upper camel case: `MggaCKcisLxcPolPart39Lo33`

warning: type `mgga_c_kcis_lxc_pol_part39_LO34` should have an upper camel case name
    --> crates/kernel-mgga-7/src/mgga_c_kcis/lxc_pol_part39.rs:2489:12
     |
2489 | pub struct mgga_c_kcis_lxc_pol_part39_LO34 {
     |            ^^^^^^^^^^^^^^^^^^^^^^^^^^^^^^^ help: convert the identifier to upper camel case: `MggaCKcisLxcPolPart39Lo34`

warning: type `mgga_c_kcis_lxc_pol_part39_LO35` should have an upper camel case name
    --> crates/kernel-mgga-7/src/mgga_c_kcis/lxc_pol_part39.rs:2555:12
     |
2555 | pub struct mgga_c_kcis_lxc_pol_part39_LO35 {
     |            ^^^^^^^^^^^^^^^^^^^^^^^^^^^^^^^ help: convert the identifier to upper camel case: `MggaCKcisLxcPolPart39Lo35`

warning: type `mgga_c_kcis_lxc_pol_part39_LO36` should have an upper camel case name
    --> crates/kernel-mgga-7/src/mgga_c_kcis/lxc_pol_part39.rs:2644:12
     |
2644 | pub struct mgga_c_kcis_lxc_pol_part39_LO36 {
     |            ^^^^^^^^^^^^^^^^^^^^^^^^^^^^^^^ help: convert the identifier to upper camel case: `MggaCKcisLxcPolPart39Lo36`

warning: type `mgga_c_kcis_lxc_pol_part39_LO37` should have an upper camel case name
    --> crates/kernel-mgga-7/src/mgga_c_kcis/lxc_pol_part39.rs:2666:12
     |
2666 | pub struct mgga_c_kcis_lxc_pol_part39_LO37 {
     |            ^^^^^^^^^^^^^^^^^^^^^^^^^^^^^^^ help: convert the identifier to upper camel case: `MggaCKcisLxcPolPart39Lo37`

warning: type `mgga_c_kcis_lxc_pol_part39_LO38` should have an upper camel case name
    --> crates/kernel-mgga-7/src/mgga_c_kcis/lxc_pol_part39.rs:2769:12
     |
2769 | pub struct mgga_c_kcis_lxc_pol_part39_LO38 {
     |            ^^^^^^^^^^^^^^^^^^^^^^^^^^^^^^^ help: convert the identifier to upper camel case: `MggaCKcisLxcPolPart39Lo38`

warning: `libxc-kernel-mgga-7` (lib) generated 1969 warnings
error: could not compile `libxc-kernel-mgga-7` (lib); 1969 warnings emitted

Caused by:
  process didn't exit successfully: `sccache /home/vscode/.rustup/toolchains/stable-x86_64-unknown-linux-gnu/bin/rustc --crate-name libxc_kernel_mgga_7 --edition=2024 crates/kernel-mgga-7/src/lib.rs --error-format=json --json=diagnostic-rendered-ansi,artifacts,future-incompat --crate-type lib --emit=dep-info,metadata,link -C embed-bitcode=no -C codegen-units=16 --check-cfg 'cfg(docsrs,test)' --check-cfg 'cfg(feature, values())' -C metadata=3341b77062ad19a6 -C extra-filename=-381a51cf341a1f2d --out-dir /workspace/target/debug/deps -C linker=clang -C strip=debuginfo -L dependency=/workspace/target/debug/deps --extern cubecl=/workspace/target/debug/deps/libcubecl-31a6147847215a5d.rmeta --extern libxc_kernel_math=/workspace/target/debug/deps/liblibxc_kernel_math-c9c1cc2b7822978c.rmeta -C link-arg=-fuse-ld=mold -L native=/home/vscode/.local/share/tracel/tracel-llvm-20.1.4-7/lib` (exit status: 2)
cargo build (0 crates compiled)
[full output: ~/.local/share/rtk/tee/1776429381_cargo_build.log]
