warning: profiles for the non root package will be ignored, specify profiles at the workspace root:
package:   /home/chemtech/workspace/libxc_rs/crates/kernel-gga-10a/Cargo.toml
workspace: /home/chemtech/workspace/libxc_rs/Cargo.toml
warning: profiles for the non root package will be ignored, specify profiles at the workspace root:
package:   /home/chemtech/workspace/libxc_rs/crates/kernel-gga-10b/Cargo.toml
workspace: /home/chemtech/workspace/libxc_rs/Cargo.toml
warning: profiles for the non root package will be ignored, specify profiles at the workspace root:
package:   /home/chemtech/workspace/libxc_rs/crates/kernel-gga-10c/Cargo.toml
workspace: /home/chemtech/workspace/libxc_rs/Cargo.toml
warning: profiles for the non root package will be ignored, specify profiles at the workspace root:
package:   /home/chemtech/workspace/libxc_rs/crates/kernel-gga-10d/Cargo.toml
workspace: /home/chemtech/workspace/libxc_rs/Cargo.toml
warning: profiles for the non root package will be ignored, specify profiles at the workspace root:
package:   /home/chemtech/workspace/libxc_rs/crates/kernel-gga-1a/Cargo.toml
workspace: /home/chemtech/workspace/libxc_rs/Cargo.toml
warning: profiles for the non root package will be ignored, specify profiles at the workspace root:
package:   /home/chemtech/workspace/libxc_rs/crates/kernel-gga-1b/Cargo.toml
workspace: /home/chemtech/workspace/libxc_rs/Cargo.toml
warning: profiles for the non root package will be ignored, specify profiles at the workspace root:
package:   /home/chemtech/workspace/libxc_rs/crates/kernel-gga-1c/Cargo.toml
workspace: /home/chemtech/workspace/libxc_rs/Cargo.toml
warning: profiles for the non root package will be ignored, specify profiles at the workspace root:
package:   /home/chemtech/workspace/libxc_rs/crates/kernel-gga-1d/Cargo.toml
workspace: /home/chemtech/workspace/libxc_rs/Cargo.toml
warning: profiles for the non root package will be ignored, specify profiles at the workspace root:
package:   /home/chemtech/workspace/libxc_rs/crates/kernel-gga-2a/Cargo.toml
workspace: /home/chemtech/workspace/libxc_rs/Cargo.toml
warning: profiles for the non root package will be ignored, specify profiles at the workspace root:
package:   /home/chemtech/workspace/libxc_rs/crates/kernel-gga-2b/Cargo.toml
workspace: /home/chemtech/workspace/libxc_rs/Cargo.toml
warning: profiles for the non root package will be ignored, specify profiles at the workspace root:
package:   /home/chemtech/workspace/libxc_rs/crates/kernel-gga-2c/Cargo.toml
workspace: /home/chemtech/workspace/libxc_rs/Cargo.toml
warning: profiles for the non root package will be ignored, specify profiles at the workspace root:
package:   /home/chemtech/workspace/libxc_rs/crates/kernel-gga-2d/Cargo.toml
workspace: /home/chemtech/workspace/libxc_rs/Cargo.toml
warning: profiles for the non root package will be ignored, specify profiles at the workspace root:
package:   /home/chemtech/workspace/libxc_rs/crates/kernel-gga-3a/Cargo.toml
workspace: /home/chemtech/workspace/libxc_rs/Cargo.toml
warning: profiles for the non root package will be ignored, specify profiles at the workspace root:
package:   /home/chemtech/workspace/libxc_rs/crates/kernel-gga-3b/Cargo.toml
workspace: /home/chemtech/workspace/libxc_rs/Cargo.toml
warning: profiles for the non root package will be ignored, specify profiles at the workspace root:
package:   /home/chemtech/workspace/libxc_rs/crates/kernel-gga-3c/Cargo.toml
workspace: /home/chemtech/workspace/libxc_rs/Cargo.toml
warning: profiles for the non root package will be ignored, specify profiles at the workspace root:
package:   /home/chemtech/workspace/libxc_rs/crates/kernel-gga-3d/Cargo.toml
workspace: /home/chemtech/workspace/libxc_rs/Cargo.toml
warning: profiles for the non root package will be ignored, specify profiles at the workspace root:
package:   /home/chemtech/workspace/libxc_rs/crates/kernel-gga-3e/Cargo.toml
workspace: /home/chemtech/workspace/libxc_rs/Cargo.toml
warning: profiles for the non root package will be ignored, specify profiles at the workspace root:
package:   /home/chemtech/workspace/libxc_rs/crates/kernel-gga-4a/Cargo.toml
workspace: /home/chemtech/workspace/libxc_rs/Cargo.toml
warning: profiles for the non root package will be ignored, specify profiles at the workspace root:
package:   /home/chemtech/workspace/libxc_rs/crates/kernel-gga-4b/Cargo.toml
workspace: /home/chemtech/workspace/libxc_rs/Cargo.toml
warning: profiles for the non root package will be ignored, specify profiles at the workspace root:
package:   /home/chemtech/workspace/libxc_rs/crates/kernel-gga-4c/Cargo.toml
workspace: /home/chemtech/workspace/libxc_rs/Cargo.toml
warning: profiles for the non root package will be ignored, specify profiles at the workspace root:
package:   /home/chemtech/workspace/libxc_rs/crates/kernel-gga-4d/Cargo.toml
workspace: /home/chemtech/workspace/libxc_rs/Cargo.toml
warning: profiles for the non root package will be ignored, specify profiles at the workspace root:
package:   /home/chemtech/workspace/libxc_rs/crates/kernel-gga-4e/Cargo.toml
workspace: /home/chemtech/workspace/libxc_rs/Cargo.toml
warning: profiles for the non root package will be ignored, specify profiles at the workspace root:
package:   /home/chemtech/workspace/libxc_rs/crates/kernel-gga-4f/Cargo.toml
workspace: /home/chemtech/workspace/libxc_rs/Cargo.toml
warning: profiles for the non root package will be ignored, specify profiles at the workspace root:
package:   /home/chemtech/workspace/libxc_rs/crates/kernel-gga-4g/Cargo.toml
workspace: /home/chemtech/workspace/libxc_rs/Cargo.toml
warning: profiles for the non root package will be ignored, specify profiles at the workspace root:
package:   /home/chemtech/workspace/libxc_rs/crates/kernel-gga-5a/Cargo.toml
workspace: /home/chemtech/workspace/libxc_rs/Cargo.toml
warning: profiles for the non root package will be ignored, specify profiles at the workspace root:
package:   /home/chemtech/workspace/libxc_rs/crates/kernel-gga-5b/Cargo.toml
workspace: /home/chemtech/workspace/libxc_rs/Cargo.toml
warning: profiles for the non root package will be ignored, specify profiles at the workspace root:
package:   /home/chemtech/workspace/libxc_rs/crates/kernel-gga-5c/Cargo.toml
workspace: /home/chemtech/workspace/libxc_rs/Cargo.toml
warning: profiles for the non root package will be ignored, specify profiles at the workspace root:
package:   /home/chemtech/workspace/libxc_rs/crates/kernel-gga-5d/Cargo.toml
workspace: /home/chemtech/workspace/libxc_rs/Cargo.toml
warning: profiles for the non root package will be ignored, specify profiles at the workspace root:
package:   /home/chemtech/workspace/libxc_rs/crates/kernel-gga-5e/Cargo.toml
workspace: /home/chemtech/workspace/libxc_rs/Cargo.toml
warning: profiles for the non root package will be ignored, specify profiles at the workspace root:
package:   /home/chemtech/workspace/libxc_rs/crates/kernel-gga-5f/Cargo.toml
workspace: /home/chemtech/workspace/libxc_rs/Cargo.toml
warning: profiles for the non root package will be ignored, specify profiles at the workspace root:
package:   /home/chemtech/workspace/libxc_rs/crates/kernel-gga-5g/Cargo.toml
workspace: /home/chemtech/workspace/libxc_rs/Cargo.toml
warning: profiles for the non root package will be ignored, specify profiles at the workspace root:
package:   /home/chemtech/workspace/libxc_rs/crates/kernel-gga-6a/Cargo.toml
workspace: /home/chemtech/workspace/libxc_rs/Cargo.toml
warning: profiles for the non root package will be ignored, specify profiles at the workspace root:
package:   /home/chemtech/workspace/libxc_rs/crates/kernel-gga-6b/Cargo.toml
workspace: /home/chemtech/workspace/libxc_rs/Cargo.toml
warning: profiles for the non root package will be ignored, specify profiles at the workspace root:
package:   /home/chemtech/workspace/libxc_rs/crates/kernel-gga-6c/Cargo.toml
workspace: /home/chemtech/workspace/libxc_rs/Cargo.toml
warning: profiles for the non root package will be ignored, specify profiles at the workspace root:
package:   /home/chemtech/workspace/libxc_rs/crates/kernel-gga-6d/Cargo.toml
workspace: /home/chemtech/workspace/libxc_rs/Cargo.toml
warning: profiles for the non root package will be ignored, specify profiles at the workspace root:
package:   /home/chemtech/workspace/libxc_rs/crates/kernel-gga-7a/Cargo.toml
workspace: /home/chemtech/workspace/libxc_rs/Cargo.toml
warning: profiles for the non root package will be ignored, specify profiles at the workspace root:
package:   /home/chemtech/workspace/libxc_rs/crates/kernel-gga-7b/Cargo.toml
workspace: /home/chemtech/workspace/libxc_rs/Cargo.toml
warning: profiles for the non root package will be ignored, specify profiles at the workspace root:
package:   /home/chemtech/workspace/libxc_rs/crates/kernel-gga-7c/Cargo.toml
workspace: /home/chemtech/workspace/libxc_rs/Cargo.toml
warning: profiles for the non root package will be ignored, specify profiles at the workspace root:
package:   /home/chemtech/workspace/libxc_rs/crates/kernel-gga-7d/Cargo.toml
workspace: /home/chemtech/workspace/libxc_rs/Cargo.toml
warning: profiles for the non root package will be ignored, specify profiles at the workspace root:
package:   /home/chemtech/workspace/libxc_rs/crates/kernel-gga-8a/Cargo.toml
workspace: /home/chemtech/workspace/libxc_rs/Cargo.toml
warning: profiles for the non root package will be ignored, specify profiles at the workspace root:
package:   /home/chemtech/workspace/libxc_rs/crates/kernel-gga-8b/Cargo.toml
workspace: /home/chemtech/workspace/libxc_rs/Cargo.toml
warning: profiles for the non root package will be ignored, specify profiles at the workspace root:
package:   /home/chemtech/workspace/libxc_rs/crates/kernel-gga-8c/Cargo.toml
workspace: /home/chemtech/workspace/libxc_rs/Cargo.toml
warning: profiles for the non root package will be ignored, specify profiles at the workspace root:
package:   /home/chemtech/workspace/libxc_rs/crates/kernel-gga-8d/Cargo.toml
workspace: /home/chemtech/workspace/libxc_rs/Cargo.toml
warning: profiles for the non root package will be ignored, specify profiles at the workspace root:
package:   /home/chemtech/workspace/libxc_rs/crates/kernel-gga-9a/Cargo.toml
workspace: /home/chemtech/workspace/libxc_rs/Cargo.toml
warning: profiles for the non root package will be ignored, specify profiles at the workspace root:
package:   /home/chemtech/workspace/libxc_rs/crates/kernel-gga-9b/Cargo.toml
workspace: /home/chemtech/workspace/libxc_rs/Cargo.toml
warning: profiles for the non root package will be ignored, specify profiles at the workspace root:
package:   /home/chemtech/workspace/libxc_rs/crates/kernel-gga-9c/Cargo.toml
workspace: /home/chemtech/workspace/libxc_rs/Cargo.toml
warning: profiles for the non root package will be ignored, specify profiles at the workspace root:
package:   /home/chemtech/workspace/libxc_rs/crates/kernel-mgga-10a/Cargo.toml
workspace: /home/chemtech/workspace/libxc_rs/Cargo.toml
warning: profiles for the non root package will be ignored, specify profiles at the workspace root:
package:   /home/chemtech/workspace/libxc_rs/crates/kernel-mgga-10b/Cargo.toml
workspace: /home/chemtech/workspace/libxc_rs/Cargo.toml
warning: profiles for the non root package will be ignored, specify profiles at the workspace root:
package:   /home/chemtech/workspace/libxc_rs/crates/kernel-mgga-11a/Cargo.toml
workspace: /home/chemtech/workspace/libxc_rs/Cargo.toml
warning: profiles for the non root package will be ignored, specify profiles at the workspace root:
package:   /home/chemtech/workspace/libxc_rs/crates/kernel-mgga-11b/Cargo.toml
workspace: /home/chemtech/workspace/libxc_rs/Cargo.toml
warning: profiles for the non root package will be ignored, specify profiles at the workspace root:
package:   /home/chemtech/workspace/libxc_rs/crates/kernel-mgga-11c/Cargo.toml
workspace: /home/chemtech/workspace/libxc_rs/Cargo.toml
warning: profiles for the non root package will be ignored, specify profiles at the workspace root:
package:   /home/chemtech/workspace/libxc_rs/crates/kernel-mgga-12a/Cargo.toml
workspace: /home/chemtech/workspace/libxc_rs/Cargo.toml
warning: profiles for the non root package will be ignored, specify profiles at the workspace root:
package:   /home/chemtech/workspace/libxc_rs/crates/kernel-mgga-12b/Cargo.toml
workspace: /home/chemtech/workspace/libxc_rs/Cargo.toml
warning: profiles for the non root package will be ignored, specify profiles at the workspace root:
package:   /home/chemtech/workspace/libxc_rs/crates/kernel-mgga-12c/Cargo.toml
workspace: /home/chemtech/workspace/libxc_rs/Cargo.toml
warning: profiles for the non root package will be ignored, specify profiles at the workspace root:
package:   /home/chemtech/workspace/libxc_rs/crates/kernel-mgga-12d/Cargo.toml
workspace: /home/chemtech/workspace/libxc_rs/Cargo.toml
warning: profiles for the non root package will be ignored, specify profiles at the workspace root:
package:   /home/chemtech/workspace/libxc_rs/crates/kernel-mgga-13a/Cargo.toml
workspace: /home/chemtech/workspace/libxc_rs/Cargo.toml
warning: profiles for the non root package will be ignored, specify profiles at the workspace root:
package:   /home/chemtech/workspace/libxc_rs/crates/kernel-mgga-13b/Cargo.toml
workspace: /home/chemtech/workspace/libxc_rs/Cargo.toml
warning: profiles for the non root package will be ignored, specify profiles at the workspace root:
package:   /home/chemtech/workspace/libxc_rs/crates/kernel-mgga-14b/Cargo.toml
workspace: /home/chemtech/workspace/libxc_rs/Cargo.toml
warning: profiles for the non root package will be ignored, specify profiles at the workspace root:
package:   /home/chemtech/workspace/libxc_rs/crates/kernel-mgga-14c/Cargo.toml
workspace: /home/chemtech/workspace/libxc_rs/Cargo.toml
warning: profiles for the non root package will be ignored, specify profiles at the workspace root:
package:   /home/chemtech/workspace/libxc_rs/crates/kernel-mgga-14d/Cargo.toml
workspace: /home/chemtech/workspace/libxc_rs/Cargo.toml
warning: profiles for the non root package will be ignored, specify profiles at the workspace root:
package:   /home/chemtech/workspace/libxc_rs/crates/kernel-mgga-14e/Cargo.toml
workspace: /home/chemtech/workspace/libxc_rs/Cargo.toml
warning: profiles for the non root package will be ignored, specify profiles at the workspace root:
package:   /home/chemtech/workspace/libxc_rs/crates/kernel-mgga-14f/Cargo.toml
workspace: /home/chemtech/workspace/libxc_rs/Cargo.toml
warning: profiles for the non root package will be ignored, specify profiles at the workspace root:
package:   /home/chemtech/workspace/libxc_rs/crates/kernel-mgga-14g/Cargo.toml
workspace: /home/chemtech/workspace/libxc_rs/Cargo.toml
warning: profiles for the non root package will be ignored, specify profiles at the workspace root:
package:   /home/chemtech/workspace/libxc_rs/crates/kernel-mgga-14h/Cargo.toml
workspace: /home/chemtech/workspace/libxc_rs/Cargo.toml
warning: profiles for the non root package will be ignored, specify profiles at the workspace root:
package:   /home/chemtech/workspace/libxc_rs/crates/kernel-mgga-14i/Cargo.toml
workspace: /home/chemtech/workspace/libxc_rs/Cargo.toml
warning: profiles for the non root package will be ignored, specify profiles at the workspace root:
package:   /home/chemtech/workspace/libxc_rs/crates/kernel-mgga-14j/Cargo.toml
workspace: /home/chemtech/workspace/libxc_rs/Cargo.toml
warning: profiles for the non root package will be ignored, specify profiles at the workspace root:
package:   /home/chemtech/workspace/libxc_rs/crates/kernel-mgga-14k/Cargo.toml
workspace: /home/chemtech/workspace/libxc_rs/Cargo.toml
warning: profiles for the non root package will be ignored, specify profiles at the workspace root:
package:   /home/chemtech/workspace/libxc_rs/crates/kernel-mgga-14l/Cargo.toml
workspace: /home/chemtech/workspace/libxc_rs/Cargo.toml
warning: profiles for the non root package will be ignored, specify profiles at the workspace root:
package:   /home/chemtech/workspace/libxc_rs/crates/kernel-mgga-15a/Cargo.toml
workspace: /home/chemtech/workspace/libxc_rs/Cargo.toml
warning: profiles for the non root package will be ignored, specify profiles at the workspace root:
package:   /home/chemtech/workspace/libxc_rs/crates/kernel-mgga-15b/Cargo.toml
workspace: /home/chemtech/workspace/libxc_rs/Cargo.toml
warning: profiles for the non root package will be ignored, specify profiles at the workspace root:
package:   /home/chemtech/workspace/libxc_rs/crates/kernel-mgga-15c/Cargo.toml
workspace: /home/chemtech/workspace/libxc_rs/Cargo.toml
warning: profiles for the non root package will be ignored, specify profiles at the workspace root:
package:   /home/chemtech/workspace/libxc_rs/crates/kernel-mgga-15d/Cargo.toml
workspace: /home/chemtech/workspace/libxc_rs/Cargo.toml
warning: profiles for the non root package will be ignored, specify profiles at the workspace root:
package:   /home/chemtech/workspace/libxc_rs/crates/kernel-mgga-15e/Cargo.toml
workspace: /home/chemtech/workspace/libxc_rs/Cargo.toml
warning: profiles for the non root package will be ignored, specify profiles at the workspace root:
package:   /home/chemtech/workspace/libxc_rs/crates/kernel-mgga-15f/Cargo.toml
workspace: /home/chemtech/workspace/libxc_rs/Cargo.toml
warning: profiles for the non root package will be ignored, specify profiles at the workspace root:
package:   /home/chemtech/workspace/libxc_rs/crates/kernel-mgga-15g/Cargo.toml
workspace: /home/chemtech/workspace/libxc_rs/Cargo.toml
warning: profiles for the non root package will be ignored, specify profiles at the workspace root:
package:   /home/chemtech/workspace/libxc_rs/crates/kernel-mgga-15h/Cargo.toml
workspace: /home/chemtech/workspace/libxc_rs/Cargo.toml
warning: profiles for the non root package will be ignored, specify profiles at the workspace root:
package:   /home/chemtech/workspace/libxc_rs/crates/kernel-mgga-18a/Cargo.toml
workspace: /home/chemtech/workspace/libxc_rs/Cargo.toml
warning: profiles for the non root package will be ignored, specify profiles at the workspace root:
package:   /home/chemtech/workspace/libxc_rs/crates/kernel-mgga-18b/Cargo.toml
workspace: /home/chemtech/workspace/libxc_rs/Cargo.toml
warning: profiles for the non root package will be ignored, specify profiles at the workspace root:
package:   /home/chemtech/workspace/libxc_rs/crates/kernel-mgga-18c/Cargo.toml
workspace: /home/chemtech/workspace/libxc_rs/Cargo.toml
warning: profiles for the non root package will be ignored, specify profiles at the workspace root:
package:   /home/chemtech/workspace/libxc_rs/crates/kernel-mgga-19a/Cargo.toml
workspace: /home/chemtech/workspace/libxc_rs/Cargo.toml
warning: profiles for the non root package will be ignored, specify profiles at the workspace root:
package:   /home/chemtech/workspace/libxc_rs/crates/kernel-mgga-19b/Cargo.toml
workspace: /home/chemtech/workspace/libxc_rs/Cargo.toml
warning: profiles for the non root package will be ignored, specify profiles at the workspace root:
package:   /home/chemtech/workspace/libxc_rs/crates/kernel-mgga-19c/Cargo.toml
workspace: /home/chemtech/workspace/libxc_rs/Cargo.toml
warning: profiles for the non root package will be ignored, specify profiles at the workspace root:
package:   /home/chemtech/workspace/libxc_rs/crates/kernel-mgga-19d/Cargo.toml
workspace: /home/chemtech/workspace/libxc_rs/Cargo.toml
warning: profiles for the non root package will be ignored, specify profiles at the workspace root:
package:   /home/chemtech/workspace/libxc_rs/crates/kernel-mgga-19e/Cargo.toml
workspace: /home/chemtech/workspace/libxc_rs/Cargo.toml
warning: profiles for the non root package will be ignored, specify profiles at the workspace root:
package:   /home/chemtech/workspace/libxc_rs/crates/kernel-mgga-19f/Cargo.toml
workspace: /home/chemtech/workspace/libxc_rs/Cargo.toml
warning: profiles for the non root package will be ignored, specify profiles at the workspace root:
package:   /home/chemtech/workspace/libxc_rs/crates/kernel-mgga-19g/Cargo.toml
workspace: /home/chemtech/workspace/libxc_rs/Cargo.toml
warning: profiles for the non root package will be ignored, specify profiles at the workspace root:
package:   /home/chemtech/workspace/libxc_rs/crates/kernel-mgga-1a/Cargo.toml
workspace: /home/chemtech/workspace/libxc_rs/Cargo.toml
warning: profiles for the non root package will be ignored, specify profiles at the workspace root:
package:   /home/chemtech/workspace/libxc_rs/crates/kernel-mgga-1b/Cargo.toml
workspace: /home/chemtech/workspace/libxc_rs/Cargo.toml
warning: profiles for the non root package will be ignored, specify profiles at the workspace root:
package:   /home/chemtech/workspace/libxc_rs/crates/kernel-mgga-1c/Cargo.toml
workspace: /home/chemtech/workspace/libxc_rs/Cargo.toml
warning: profiles for the non root package will be ignored, specify profiles at the workspace root:
package:   /home/chemtech/workspace/libxc_rs/crates/kernel-mgga-1d/Cargo.toml
workspace: /home/chemtech/workspace/libxc_rs/Cargo.toml
warning: profiles for the non root package will be ignored, specify profiles at the workspace root:
package:   /home/chemtech/workspace/libxc_rs/crates/kernel-mgga-20a/Cargo.toml
workspace: /home/chemtech/workspace/libxc_rs/Cargo.toml
warning: profiles for the non root package will be ignored, specify profiles at the workspace root:
package:   /home/chemtech/workspace/libxc_rs/crates/kernel-mgga-20b/Cargo.toml
workspace: /home/chemtech/workspace/libxc_rs/Cargo.toml
warning: profiles for the non root package will be ignored, specify profiles at the workspace root:
package:   /home/chemtech/workspace/libxc_rs/crates/kernel-mgga-20c/Cargo.toml
workspace: /home/chemtech/workspace/libxc_rs/Cargo.toml
warning: profiles for the non root package will be ignored, specify profiles at the workspace root:
package:   /home/chemtech/workspace/libxc_rs/crates/kernel-mgga-20d/Cargo.toml
workspace: /home/chemtech/workspace/libxc_rs/Cargo.toml
warning: profiles for the non root package will be ignored, specify profiles at the workspace root:
package:   /home/chemtech/workspace/libxc_rs/crates/kernel-mgga-20e/Cargo.toml
workspace: /home/chemtech/workspace/libxc_rs/Cargo.toml
warning: profiles for the non root package will be ignored, specify profiles at the workspace root:
package:   /home/chemtech/workspace/libxc_rs/crates/kernel-mgga-20f/Cargo.toml
workspace: /home/chemtech/workspace/libxc_rs/Cargo.toml
warning: profiles for the non root package will be ignored, specify profiles at the workspace root:
package:   /home/chemtech/workspace/libxc_rs/crates/kernel-mgga-20g/Cargo.toml
workspace: /home/chemtech/workspace/libxc_rs/Cargo.toml
warning: profiles for the non root package will be ignored, specify profiles at the workspace root:
package:   /home/chemtech/workspace/libxc_rs/crates/kernel-mgga-20h/Cargo.toml
workspace: /home/chemtech/workspace/libxc_rs/Cargo.toml
warning: profiles for the non root package will be ignored, specify profiles at the workspace root:
package:   /home/chemtech/workspace/libxc_rs/crates/kernel-mgga-20i/Cargo.toml
workspace: /home/chemtech/workspace/libxc_rs/Cargo.toml
warning: profiles for the non root package will be ignored, specify profiles at the workspace root:
package:   /home/chemtech/workspace/libxc_rs/crates/kernel-mgga-20j/Cargo.toml
workspace: /home/chemtech/workspace/libxc_rs/Cargo.toml
warning: profiles for the non root package will be ignored, specify profiles at the workspace root:
package:   /home/chemtech/workspace/libxc_rs/crates/kernel-mgga-20k/Cargo.toml
workspace: /home/chemtech/workspace/libxc_rs/Cargo.toml
warning: profiles for the non root package will be ignored, specify profiles at the workspace root:
package:   /home/chemtech/workspace/libxc_rs/crates/kernel-mgga-20l/Cargo.toml
workspace: /home/chemtech/workspace/libxc_rs/Cargo.toml
warning: profiles for the non root package will be ignored, specify profiles at the workspace root:
package:   /home/chemtech/workspace/libxc_rs/crates/kernel-mgga-22a/Cargo.toml
workspace: /home/chemtech/workspace/libxc_rs/Cargo.toml
warning: profiles for the non root package will be ignored, specify profiles at the workspace root:
package:   /home/chemtech/workspace/libxc_rs/crates/kernel-mgga-22b/Cargo.toml
workspace: /home/chemtech/workspace/libxc_rs/Cargo.toml
warning: profiles for the non root package will be ignored, specify profiles at the workspace root:
package:   /home/chemtech/workspace/libxc_rs/crates/kernel-mgga-22c/Cargo.toml
workspace: /home/chemtech/workspace/libxc_rs/Cargo.toml
warning: profiles for the non root package will be ignored, specify profiles at the workspace root:
package:   /home/chemtech/workspace/libxc_rs/crates/kernel-mgga-22d/Cargo.toml
workspace: /home/chemtech/workspace/libxc_rs/Cargo.toml
warning: profiles for the non root package will be ignored, specify profiles at the workspace root:
package:   /home/chemtech/workspace/libxc_rs/crates/kernel-mgga-24a/Cargo.toml
workspace: /home/chemtech/workspace/libxc_rs/Cargo.toml
warning: profiles for the non root package will be ignored, specify profiles at the workspace root:
package:   /home/chemtech/workspace/libxc_rs/crates/kernel-mgga-24b/Cargo.toml
workspace: /home/chemtech/workspace/libxc_rs/Cargo.toml
warning: profiles for the non root package will be ignored, specify profiles at the workspace root:
package:   /home/chemtech/workspace/libxc_rs/crates/kernel-mgga-25a/Cargo.toml
workspace: /home/chemtech/workspace/libxc_rs/Cargo.toml
warning: profiles for the non root package will be ignored, specify profiles at the workspace root:
package:   /home/chemtech/workspace/libxc_rs/crates/kernel-mgga-25b/Cargo.toml
workspace: /home/chemtech/workspace/libxc_rs/Cargo.toml
warning: profiles for the non root package will be ignored, specify profiles at the workspace root:
package:   /home/chemtech/workspace/libxc_rs/crates/kernel-mgga-26a/Cargo.toml
workspace: /home/chemtech/workspace/libxc_rs/Cargo.toml
warning: profiles for the non root package will be ignored, specify profiles at the workspace root:
package:   /home/chemtech/workspace/libxc_rs/crates/kernel-mgga-26b/Cargo.toml
workspace: /home/chemtech/workspace/libxc_rs/Cargo.toml
warning: profiles for the non root package will be ignored, specify profiles at the workspace root:
package:   /home/chemtech/workspace/libxc_rs/crates/kernel-mgga-27a/Cargo.toml
workspace: /home/chemtech/workspace/libxc_rs/Cargo.toml
warning: profiles for the non root package will be ignored, specify profiles at the workspace root:
package:   /home/chemtech/workspace/libxc_rs/crates/kernel-mgga-27b/Cargo.toml
workspace: /home/chemtech/workspace/libxc_rs/Cargo.toml
warning: profiles for the non root package will be ignored, specify profiles at the workspace root:
package:   /home/chemtech/workspace/libxc_rs/crates/kernel-mgga-27c/Cargo.toml
workspace: /home/chemtech/workspace/libxc_rs/Cargo.toml
warning: profiles for the non root package will be ignored, specify profiles at the workspace root:
package:   /home/chemtech/workspace/libxc_rs/crates/kernel-mgga-2a/Cargo.toml
workspace: /home/chemtech/workspace/libxc_rs/Cargo.toml
warning: profiles for the non root package will be ignored, specify profiles at the workspace root:
package:   /home/chemtech/workspace/libxc_rs/crates/kernel-mgga-2b/Cargo.toml
workspace: /home/chemtech/workspace/libxc_rs/Cargo.toml
warning: profiles for the non root package will be ignored, specify profiles at the workspace root:
package:   /home/chemtech/workspace/libxc_rs/crates/kernel-mgga-32a/Cargo.toml
workspace: /home/chemtech/workspace/libxc_rs/Cargo.toml
warning: profiles for the non root package will be ignored, specify profiles at the workspace root:
package:   /home/chemtech/workspace/libxc_rs/crates/kernel-mgga-32b/Cargo.toml
workspace: /home/chemtech/workspace/libxc_rs/Cargo.toml
warning: profiles for the non root package will be ignored, specify profiles at the workspace root:
package:   /home/chemtech/workspace/libxc_rs/crates/kernel-mgga-36a/Cargo.toml
workspace: /home/chemtech/workspace/libxc_rs/Cargo.toml
warning: profiles for the non root package will be ignored, specify profiles at the workspace root:
package:   /home/chemtech/workspace/libxc_rs/crates/kernel-mgga-36b/Cargo.toml
workspace: /home/chemtech/workspace/libxc_rs/Cargo.toml
warning: profiles for the non root package will be ignored, specify profiles at the workspace root:
package:   /home/chemtech/workspace/libxc_rs/crates/kernel-mgga-37a/Cargo.toml
workspace: /home/chemtech/workspace/libxc_rs/Cargo.toml
warning: profiles for the non root package will be ignored, specify profiles at the workspace root:
package:   /home/chemtech/workspace/libxc_rs/crates/kernel-mgga-37b/Cargo.toml
workspace: /home/chemtech/workspace/libxc_rs/Cargo.toml
warning: profiles for the non root package will be ignored, specify profiles at the workspace root:
package:   /home/chemtech/workspace/libxc_rs/crates/kernel-mgga-3a/Cargo.toml
workspace: /home/chemtech/workspace/libxc_rs/Cargo.toml
warning: profiles for the non root package will be ignored, specify profiles at the workspace root:
package:   /home/chemtech/workspace/libxc_rs/crates/kernel-mgga-3b/Cargo.toml
workspace: /home/chemtech/workspace/libxc_rs/Cargo.toml
warning: profiles for the non root package will be ignored, specify profiles at the workspace root:
package:   /home/chemtech/workspace/libxc_rs/crates/kernel-mgga-4a/Cargo.toml
workspace: /home/chemtech/workspace/libxc_rs/Cargo.toml
warning: profiles for the non root package will be ignored, specify profiles at the workspace root:
package:   /home/chemtech/workspace/libxc_rs/crates/kernel-mgga-4b/Cargo.toml
workspace: /home/chemtech/workspace/libxc_rs/Cargo.toml
warning: profiles for the non root package will be ignored, specify profiles at the workspace root:
package:   /home/chemtech/workspace/libxc_rs/crates/kernel-mgga-7a/Cargo.toml
workspace: /home/chemtech/workspace/libxc_rs/Cargo.toml
warning: profiles for the non root package will be ignored, specify profiles at the workspace root:
package:   /home/chemtech/workspace/libxc_rs/crates/kernel-mgga-7b/Cargo.toml
workspace: /home/chemtech/workspace/libxc_rs/Cargo.toml
warning: profiles for the non root package will be ignored, specify profiles at the workspace root:
package:   /home/chemtech/workspace/libxc_rs/crates/kernel-mgga-7c/Cargo.toml
workspace: /home/chemtech/workspace/libxc_rs/Cargo.toml
warning: profiles for the non root package will be ignored, specify profiles at the workspace root:
package:   /home/chemtech/workspace/libxc_rs/crates/kernel-mgga-7d/Cargo.toml
workspace: /home/chemtech/workspace/libxc_rs/Cargo.toml
warning: profiles for the non root package will be ignored, specify profiles at the workspace root:
package:   /home/chemtech/workspace/libxc_rs/crates/kernel-mgga-7e/Cargo.toml
workspace: /home/chemtech/workspace/libxc_rs/Cargo.toml
warning: profiles for the non root package will be ignored, specify profiles at the workspace root:
package:   /home/chemtech/workspace/libxc_rs/crates/kernel-mgga-8a/Cargo.toml
workspace: /home/chemtech/workspace/libxc_rs/Cargo.toml
warning: profiles for the non root package will be ignored, specify profiles at the workspace root:
package:   /home/chemtech/workspace/libxc_rs/crates/kernel-mgga-8b/Cargo.toml
workspace: /home/chemtech/workspace/libxc_rs/Cargo.toml
warning: profiles for the non root package will be ignored, specify profiles at the workspace root:
package:   /home/chemtech/workspace/libxc_rs/crates/kernel-mgga-8c/Cargo.toml
workspace: /home/chemtech/workspace/libxc_rs/Cargo.toml
warning: profiles for the non root package will be ignored, specify profiles at the workspace root:
package:   /home/chemtech/workspace/libxc_rs/crates/kernel-mgga-8d/Cargo.toml
workspace: /home/chemtech/workspace/libxc_rs/Cargo.toml
warning: profiles for the non root package will be ignored, specify profiles at the workspace root:
package:   /home/chemtech/workspace/libxc_rs/crates/kernel-mgga-8e/Cargo.toml
workspace: /home/chemtech/workspace/libxc_rs/Cargo.toml
warning: profiles for the non root package will be ignored, specify profiles at the workspace root:
package:   /home/chemtech/workspace/libxc_rs/crates/kernel-mgga-8f/Cargo.toml
workspace: /home/chemtech/workspace/libxc_rs/Cargo.toml
warning: profiles for the non root package will be ignored, specify profiles at the workspace root:
package:   /home/chemtech/workspace/libxc_rs/crates/kernel-mgga-9a/Cargo.toml
workspace: /home/chemtech/workspace/libxc_rs/Cargo.toml
warning: profiles for the non root package will be ignored, specify profiles at the workspace root:
package:   /home/chemtech/workspace/libxc_rs/crates/kernel-mgga-9b/Cargo.toml
workspace: /home/chemtech/workspace/libxc_rs/Cargo.toml
warning: please specify `--format-version` flag explicitly to avoid compatibility problems
{"packages":[{"name":"xtask","version":"0.1.0","id":"path+file:///home/chemtech/workspace/libxc_rs/xtask#0.1.0","license":null,"license_file":null,"description":null,"source":null,"dependencies":[{"name":"anyhow","source":"registry+https://github.com/rust-lang/crates.io-index","req":"^1","kind":null,"rename":null,"optional":false,"uses_default_features":true,"features":[],"target":null,"registry":null},{"name":"regex","source":"registry+https://github.com/rust-lang/crates.io-index","req":"^1","kind":null,"rename":null,"optional":false,"uses_default_features":true,"features":[],"target":null,"registry":null}],"targets":[{"kind":["bin"],"crate_types":["bin"],"name":"xtask","src_path":"/home/chemtech/workspace/libxc_rs/xtask/src/main.rs","edition":"2024","doc":true,"doctest":false,"test":true}],"features":{},"manifest_path":"/home/chemtech/workspace/libxc_rs/xtask/Cargo.toml","metadata":null,"publish":null,"authors":[],"categories":[],"keywords":[],"readme":null,"repository":null,"homepage":null,"documentation":null,"edition":"2024","links":null,"default_run":null,"rust_version":null},{"name":"libxc_rs-verify","version":"0.1.0","id":"path+file:///home/chemtech/workspace/libxc_rs/verify#libxc_rs-verify@0.1.0","license":null,"license_file":null,"description":null,"source":null,"dependencies":[{"name":"anyhow","source":"registry+https://github.com/rust-lang/crates.io-index","req":"^1.0.100","kind":null,"rename":null,"optional":false,"uses_default_features":true,"features":[],"target":null,"registry":null},{"name":"libxc_rs","source":null,"req":"*","kind":null,"rename":null,"optional":false,"uses_default_features":true,"features":[],"target":null,"registry":null,"path":"/home/chemtech/workspace/libxc_rs"},{"name":"approx","source":"registry+https://github.com/rust-lang/crates.io-index","req":"^0.5.1","kind":"dev","rename":null,"optional":false,"uses_default_features":true,"features":[],"target":null,"registry":null},{"name":"cubecl","source":"registry+https://github.com/rust-lang/crates.io-index","req":"^0.9.0","kind":"dev","rename":null,"optional":false,"uses_default_features":false,"features":["cpu"],"target":null,"registry":null},{"name":"libxc-kernel-lda","source":null,"req":"*","kind":"dev","rename":null,"optional":false,"uses_default_features":true,"features":[],"target":null,"registry":null,"path":"/home/chemtech/workspace/libxc_rs/crates/kernel-lda"},{"name":"bindgen","source":"registry+https://github.com/rust-lang/crates.io-index","req":"^0.72.1","kind":"build","rename":null,"optional":false,"uses_default_features":true,"features":[],"target":null,"registry":null},{"name":"cmake","source":"registry+https://github.com/rust-lang/crates.io-index","req":"^0.1.58","kind":"build","rename":null,"optional":false,"uses_default_features":true,"features":[],"target":null,"registry":null}],"targets":[{"kind":["lib"],"crate_types":["lib"],"name":"libxc_rs_verify","src_path":"/home/chemtech/workspace/libxc_rs/verify/src/lib.rs","edition":"2024","doc":true,"doctest":true,"test":true},{"kind":["bin"],"crate_types":["bin"],"name":"libxc_rs-verify","src_path":"/home/chemtech/workspace/libxc_rs/verify/src/main.rs","edition":"2024","doc":true,"doctest":false,"test":true},{"kind":["test"],"crate_types":["bin"],"name":"gga_oracle","src_path":"/home/chemtech/workspace/libxc_rs/verify/tests/gga_oracle.rs","edition":"2024","doc":false,"doctest":false,"test":true},{"kind":["test"],"crate_types":["bin"],"name":"lda_oracle","src_path":"/home/chemtech/workspace/libxc_rs/verify/tests/lda_oracle.rs","edition":"2024","doc":false,"doctest":false,"test":true},{"kind":["test"],"crate_types":["bin"],"name":"lda_x_oracle","src_path":"/home/chemtech/workspace/libxc_rs/verify/tests/lda_x_oracle.rs","edition":"2024","doc":false,"doctest":false,"test":true},{"kind":["test"],"crate_types":["bin"],"name":"lda_x_stress","src_path":"/home/chemtech/workspace/libxc_rs/verify/tests/lda_x_stress.rs","edition":"2024","doc":false,"doctest":false,"test":true},{"kind":["test"],"crate_types":["bin"],"name":"mgga_oracle","src_path":"/home/chemtech/workspace/libxc_rs/verify/tests/mgga_oracle.rs","edition":"2024","doc":false,"doctest":false,"test":true},{"kind":["custom-build"],"crate_types":["bin"],"name":"build-script-build","src_path":"/home/chemtech/workspace/libxc_rs/verify/build.rs","edition":"2024","doc":false,"doctest":false,"test":false}],"features":{},"manifest_path":"/home/chemtech/workspace/libxc_rs/verify/Cargo.toml","metadata":null,"publish":null,"authors":[],"categories":[],"keywords":[],"readme":null,"repository":null,"homepage":null,"documentation":null,"edition":"2024","links":null,"default_run":null,"rust_version":null},{"name":"libxc_rs","version":"0.1.0","id":"path+file:///home/chemtech/workspace/libxc_rs#0.1.0","license":null,"license_file":null,"description":null,"source":null,"dependencies":[{"name":"bitflags","source":"registry+https://github.com/rust-lang/crates.io-index","req":"^2.10.0","kind":null,"rename":null,"optional":false,"uses_default_features":true,"features":[],"target":null,"registry":null},{"name":"bytemuck","source":"registry+https://github.com/rust-lang/crates.io-index","req":"^1.25.0","kind":null,"rename":null,"optional":false,"uses_default_features":true,"features":["derive"],"target":null,"registry":null},{"name":"cubecl","source":"registry+https://github.com/rust-lang/crates.io-index","req":"^0.9.0","kind":null,"rename":null,"optional":false,"uses_default_features":false,"features":["cpu"],"target":null,"registry":null},{"name":"libxc-kernel-gga","source":null,"req":"*","kind":null,"rename":null,"optional":false,"uses_default_features":true,"features":[],"target":null,"registry":null,"path":"/home/chemtech/workspace/libxc_rs/crates/kernel-gga"},{"name":"libxc-kernel-lda","source":null,"req":"*","kind":null,"rename":null,"optional":false,"uses_default_features":true,"features":[],"target":null,"registry":null,"path":"/home/chemtech/workspace/libxc_rs/crates/kernel-lda"},{"name":"libxc-kernel-math","source":null,"req":"*","kind":null,"rename":null,"optional":false,"uses_default_features":true,"features":[],"target":null,"registry":null,"path":"/home/chemtech/workspace/libxc_rs/crates/kernel-math"},{"name":"libxc-kernel-mgga","source":null,"req":"*","kind":null,"rename":null,"optional":false,"uses_default_features":true,"features":[],"target":null,"registry":null,"path":"/home/chemtech/workspace/libxc_rs/crates/kernel-mgga"},{"name":"thiserror","source":"registry+https://github.com/rust-lang/crates.io-index","req":"^2.0.18","kind":null,"rename":null,"optional":false,"uses_default_features":true,"features":[],"target":null,"registry":null},{"name":"approx","source":"registry+https://github.com/rust-lang/crates.io-index","req":"^0.5.1","kind":"dev","rename":null,"optional":false,"uses_default_features":true,"features":[],"target":null,"registry":null},{"name":"libm","source":"registry+https://github.com/rust-lang/crates.io-index","req":"^0.2","kind":"dev","rename":null,"optional":false,"uses_default_features":true,"features":[],"target":null,"registry":null},{"name":"libxc-kernel-mgga-10a","source":null,"req":"*","kind":"dev","rename":null,"optional":false,"uses_default_features":true,"features":[],"target":null,"registry":null,"path":"/home/chemtech/workspace/libxc_rs/crates/kernel-mgga-10a"},{"name":"libxc-kernel-mgga-10b","source":null,"req":"*","kind":"dev","rename":null,"optional":false,"uses_default_features":true,"features":[],"target":null,"registry":null,"path":"/home/chemtech/workspace/libxc_rs/crates/kernel-mgga-10b"},{"name":"libxc-kernel-mgga-11a","source":null,"req":"*","kind":"dev","rename":null,"optional":false,"uses_default_features":true,"features":[],"target":null,"registry":null,"path":"/home/chemtech/workspace/libxc_rs/crates/kernel-mgga-11a"},{"name":"libxc-kernel-mgga-11b","source":null,"req":"*","kind":"dev","rename":null,"optional":false,"uses_default_features":true,"features":[],"target":null,"registry":null,"path":"/home/chemtech/workspace/libxc_rs/crates/kernel-mgga-11b"},{"name":"libxc-kernel-mgga-11c","source":null,"req":"*","kind":"dev","rename":null,"optional":false,"uses_default_features":true,"features":[],"target":null,"registry":null,"path":"/home/chemtech/workspace/libxc_rs/crates/kernel-mgga-11c"},{"name":"libxc-kernel-mgga-12a","source":null,"req":"*","kind":"dev","rename":null,"optional":false,"uses_default_features":true,"features":[],"target":null,"registry":null,"path":"/home/chemtech/workspace/libxc_rs/crates/kernel-mgga-12a"},{"name":"libxc-kernel-mgga-12b","source":null,"req":"*","kind":"dev","rename":null,"optional":false,"uses_default_features":true,"features":[],"target":null,"registry":null,"path":"/home/chemtech/workspace/libxc_rs/crates/kernel-mgga-12b"},{"name":"libxc-kernel-mgga-12c","source":null,"req":"*","kind":"dev","rename":null,"optional":false,"uses_default_features":true,"features":[],"target":null,"registry":null,"path":"/home/chemtech/workspace/libxc_rs/crates/kernel-mgga-12c"},{"name":"libxc-kernel-mgga-12d","source":null,"req":"*","kind":"dev","rename":null,"optional":false,"uses_default_features":true,"features":[],"target":null,"registry":null,"path":"/home/chemtech/workspace/libxc_rs/crates/kernel-mgga-12d"},{"name":"libxc-kernel-mgga-13a","source":null,"req":"*","kind":"dev","rename":null,"optional":false,"uses_default_features":true,"features":[],"target":null,"registry":null,"path":"/home/chemtech/workspace/libxc_rs/crates/kernel-mgga-13a"},{"name":"libxc-kernel-mgga-13b","source":null,"req":"*","kind":"dev","rename":null,"optional":false,"uses_default_features":true,"features":[],"target":null,"registry":null,"path":"/home/chemtech/workspace/libxc_rs/crates/kernel-mgga-13b"},{"name":"libxc-kernel-mgga-14a","source":null,"req":"*","kind":"dev","rename":null,"optional":false,"uses_default_features":true,"features":[],"target":null,"registry":null,"path":"/home/chemtech/workspace/libxc_rs/crates/kernel-mgga-14a"},{"name":"libxc-kernel-mgga-14b","source":null,"req":"*","kind":"dev","rename":null,"optional":false,"uses_default_features":true,"features":[],"target":null,"registry":null,"path":"/home/chemtech/workspace/libxc_rs/crates/kernel-mgga-14b"},{"name":"libxc-kernel-mgga-14c","source":null,"req":"*","kind":"dev","rename":null,"optional":false,"uses_default_features":true,"features":[],"target":null,"registry":null,"path":"/home/chemtech/workspace/libxc_rs/crates/kernel-mgga-14c"},{"name":"libxc-kernel-mgga-14d","source":null,"req":"*","kind":"dev","rename":null,"optional":false,"uses_default_features":true,"features":[],"target":null,"registry":null,"path":"/home/chemtech/workspace/libxc_rs/crates/kernel-mgga-14d"},{"name":"libxc-kernel-mgga-14e","source":null,"req":"*","kind":"dev","rename":null,"optional":false,"uses_default_features":true,"features":[],"target":null,"registry":null,"path":"/home/chemtech/workspace/libxc_rs/crates/kernel-mgga-14e"},{"name":"libxc-kernel-mgga-14f","source":null,"req":"*","kind":"dev","rename":null,"optional":false,"uses_default_features":true,"features":[],"target":null,"registry":null,"path":"/home/chemtech/workspace/libxc_rs/crates/kernel-mgga-14f"},{"name":"libxc-kernel-mgga-14g","source":null,"req":"*","kind":"dev","rename":null,"optional":false,"uses_default_features":true,"features":[],"target":null,"registry":null,"path":"/home/chemtech/workspace/libxc_rs/crates/kernel-mgga-14g"},{"name":"libxc-kernel-mgga-14h","source":null,"req":"*","kind":"dev","rename":null,"optional":false,"uses_default_features":true,"features":[],"target":null,"registry":null,"path":"/home/chemtech/workspace/libxc_rs/crates/kernel-mgga-14h"},{"name":"libxc-kernel-mgga-14i","source":null,"req":"*","kind":"dev","rename":null,"optional":false,"uses_default_features":true,"features":[],"target":null,"registry":null,"path":"/home/chemtech/workspace/libxc_rs/crates/kernel-mgga-14i"},{"name":"libxc-kernel-mgga-14j","source":null,"req":"*","kind":"dev","rename":null,"optional":false,"uses_default_features":true,"features":[],"target":null,"registry":null,"path":"/home/chemtech/workspace/libxc_rs/crates/kernel-mgga-14j"},{"name":"libxc-kernel-mgga-14k","source":null,"req":"*","kind":"dev","rename":null,"optional":false,"uses_default_features":true,"features":[],"target":null,"registry":null,"path":"/home/chemtech/workspace/libxc_rs/crates/kernel-mgga-14k"},{"name":"libxc-kernel-mgga-14l","source":null,"req":"*","kind":"dev","rename":null,"optional":false,"uses_default_features":true,"features":[],"target":null,"registry":null,"path":"/home/chemtech/workspace/libxc_rs/crates/kernel-mgga-14l"},{"name":"libxc-kernel-mgga-15a","source":null,"req":"*","kind":"dev","rename":null,"optional":false,"uses_default_features":true,"features":[],"target":null,"registry":null,"path":"/home/chemtech/workspace/libxc_rs/crates/kernel-mgga-15a"},{"name":"libxc-kernel-mgga-15b","source":null,"req":"*","kind":"dev","rename":null,"optional":false,"uses_default_features":true,"features":[],"target":null,"registry":null,"path":"/home/chemtech/workspace/libxc_rs/crates/kernel-mgga-15b"},{"name":"libxc-kernel-mgga-15c","source":null,"req":"*","kind":"dev","rename":null,"optional":false,"uses_default_features":true,"features":[],"target":null,"registry":null,"path":"/home/chemtech/workspace/libxc_rs/crates/kernel-mgga-15c"},{"name":"libxc-kernel-mgga-15d","source":null,"req":"*","kind":"dev","rename":null,"optional":false,"uses_default_features":true,"features":[],"target":null,"registry":null,"path":"/home/chemtech/workspace/libxc_rs/crates/kernel-mgga-15d"},{"name":"libxc-kernel-mgga-15e","source":null,"req":"*","kind":"dev","rename":null,"optional":false,"uses_default_features":true,"features":[],"target":null,"registry":null,"path":"/home/chemtech/workspace/libxc_rs/crates/kernel-mgga-15e"},{"name":"libxc-kernel-mgga-15f","source":null,"req":"*","kind":"dev","rename":null,"optional":false,"uses_default_features":true,"features":[],"target":null,"registry":null,"path":"/home/chemtech/workspace/libxc_rs/crates/kernel-mgga-15f"},{"name":"libxc-kernel-mgga-15g","source":null,"req":"*","kind":"dev","rename":null,"optional":false,"uses_default_features":true,"features":[],"target":null,"registry":null,"path":"/home/chemtech/workspace/libxc_rs/crates/kernel-mgga-15g"},{"name":"libxc-kernel-mgga-15h","source":null,"req":"*","kind":"dev","rename":null,"optional":false,"uses_default_features":true,"features":[],"target":null,"registry":null,"path":"/home/chemtech/workspace/libxc_rs/crates/kernel-mgga-15h"},{"name":"libxc-kernel-mgga-16","source":null,"req":"*","kind":"dev","rename":null,"optional":false,"uses_default_features":true,"features":[],"target":null,"registry":null,"path":"/home/chemtech/workspace/libxc_rs/crates/kernel-mgga-16"},{"name":"libxc-kernel-mgga-17","source":null,"req":"*","kind":"dev","rename":null,"optional":false,"uses_default_features":true,"features":[],"target":null,"registry":null,"path":"/home/chemtech/workspace/libxc_rs/crates/kernel-mgga-17"},{"name":"libxc-kernel-mgga-18a","source":null,"req":"*","kind":"dev","rename":null,"optional":false,"uses_default_features":true,"features":[],"target":null,"registry":null,"path":"/home/chemtech/workspace/libxc_rs/crates/kernel-mgga-18a"},{"name":"libxc-kernel-mgga-18b","source":null,"req":"*","kind":"dev","rename":null,"optional":false,"uses_default_features":true,"features":[],"target":null,"registry":null,"path":"/home/chemtech/workspace/libxc_rs/crates/kernel-mgga-18b"},{"name":"libxc-kernel-mgga-18c","source":null,"req":"*","kind":"dev","rename":null,"optional":false,"uses_default_features":true,"features":[],"target":null,"registry":null,"path":"/home/chemtech/workspace/libxc_rs/crates/kernel-mgga-18c"},{"name":"libxc-kernel-mgga-19a","source":null,"req":"*","kind":"dev","rename":null,"optional":false,"uses_default_features":true,"features":[],"target":null,"registry":null,"path":"/home/chemtech/workspace/libxc_rs/crates/kernel-mgga-19a"},{"name":"libxc-kernel-mgga-19b","source":null,"req":"*","kind":"dev","rename":null,"optional":false,"uses_default_features":true,"features":[],"target":null,"registry":null,"path":"/home/chemtech/workspace/libxc_rs/crates/kernel-mgga-19b"},{"name":"libxc-kernel-mgga-19c","source":null,"req":"*","kind":"dev","rename":null,"optional":false,"uses_default_features":true,"features":[],"target":null,"registry":null,"path":"/home/chemtech/workspace/libxc_rs/crates/kernel-mgga-19c"},{"name":"libxc-kernel-mgga-19d","source":null,"req":"*","kind":"dev","rename":null,"optional":false,"uses_default_features":true,"features":[],"target":null,"registry":null,"path":"/home/chemtech/workspace/libxc_rs/crates/kernel-mgga-19d"},{"name":"libxc-kernel-mgga-19e","source":null,"req":"*","kind":"dev","rename":null,"optional":false,"uses_default_features":true,"features":[],"target":null,"registry":null,"path":"/home/chemtech/workspace/libxc_rs/crates/kernel-mgga-19e"},{"name":"libxc-kernel-mgga-19f","source":null,"req":"*","kind":"dev","rename":null,"optional":false,"uses_default_features":true,"features":[],"target":null,"registry":null,"path":"/home/chemtech/workspace/libxc_rs/crates/kernel-mgga-19f"},{"name":"libxc-kernel-mgga-19g","source":null,"req":"*","kind":"dev","rename":null,"optional":false,"uses_default_features":true,"features":[],"target":null,"registry":null,"path":"/home/chemtech/workspace/libxc_rs/crates/kernel-mgga-19g"},{"name":"libxc-kernel-mgga-1a","source":null,"req":"*","kind":"dev","rename":null,"optional":false,"uses_default_features":true,"features":[],"target":null,"registry":null,"path":"/home/chemtech/workspace/libxc_rs/crates/kernel-mgga-1a"},{"name":"libxc-kernel-mgga-1b","source":null,"req":"*","kind":"dev","rename":null,"optional":false,"uses_default_features":true,"features":[],"target":null,"registry":null,"path":"/home/chemtech/workspace/libxc_rs/crates/kernel-mgga-1b"},{"name":"libxc-kernel-mgga-1c","source":null,"req":"*","kind":"dev","rename":null,"optional":false,"uses_default_features":true,"features":[],"target":null,"registry":null,"path":"/home/chemtech/workspace/libxc_rs/crates/kernel-mgga-1c"},{"name":"libxc-kernel-mgga-1d","source":null,"req":"*","kind":"dev","rename":null,"optional":false,"uses_default_features":true,"features":[],"target":null,"registry":null,"path":"/home/chemtech/workspace/libxc_rs/crates/kernel-mgga-1d"},{"name":"libxc-kernel-mgga-20a","source":null,"req":"*","kind":"dev","rename":null,"optional":false,"uses_default_features":true,"features":[],"target":null,"registry":null,"path":"/home/chemtech/workspace/libxc_rs/crates/kernel-mgga-20a"},{"name":"libxc-kernel-mgga-20b","source":null,"req":"*","kind":"dev","rename":null,"optional":false,"uses_default_features":true,"features":[],"target":null,"registry":null,"path":"/home/chemtech/workspace/libxc_rs/crates/kernel-mgga-20b"},{"name":"libxc-kernel-mgga-20c","source":null,"req":"*","kind":"dev","rename":null,"optional":false,"uses_default_features":true,"features":[],"target":null,"registry":null,"path":"/home/chemtech/workspace/libxc_rs/crates/kernel-mgga-20c"},{"name":"libxc-kernel-mgga-20d","source":null,"req":"*","kind":"dev","rename":null,"optional":false,"uses_default_features":true,"features":[],"target":null,"registry":null,"path":"/home/chemtech/workspace/libxc_rs/crates/kernel-mgga-20d"},{"name":"libxc-kernel-mgga-20e","source":null,"req":"*","kind":"dev","rename":null,"optional":false,"uses_default_features":true,"features":[],"target":null,"registry":null,"path":"/home/chemtech/workspace/libxc_rs/crates/kernel-mgga-20e"},{"name":"libxc-kernel-mgga-20f","source":null,"req":"*","kind":"dev","rename":null,"optional":false,"uses_default_features":true,"features":[],"target":null,"registry":null,"path":"/home/chemtech/workspace/libxc_rs/crates/kernel-mgga-20f"},{"name":"libxc-kernel-mgga-20g","source":null,"req":"*","kind":"dev","rename":null,"optional":false,"uses_default_features":true,"features":[],"target":null,"registry":null,"path":"/home/chemtech/workspace/libxc_rs/crates/kernel-mgga-20g"},{"name":"libxc-kernel-mgga-20h","source":null,"req":"*","kind":"dev","rename":null,"optional":false,"uses_default_features":true,"features":[],"target":null,"registry":null,"path":"/home/chemtech/workspace/libxc_rs/crates/kernel-mgga-20h"},{"name":"libxc-kernel-mgga-20i","source":null,"req":"*","kind":"dev","rename":null,"optional":false,"uses_default_features":true,"features":[],"target":null,"registry":null,"path":"/home/chemtech/workspace/libxc_rs/crates/kernel-mgga-20i"},{"name":"libxc-kernel-mgga-20j","source":null,"req":"*","kind":"dev","rename":null,"optional":false,"uses_default_features":true,"features":[],"target":null,"registry":null,"path":"/home/chemtech/workspace/libxc_rs/crates/kernel-mgga-20j"},{"name":"libxc-kernel-mgga-20k","source":null,"req":"*","kind":"dev","rename":null,"optional":false,"uses_default_features":true,"features":[],"target":null,"registry":null,"path":"/home/chemtech/workspace/libxc_rs/crates/kernel-mgga-20k"},{"name":"libxc-kernel-mgga-20l","source":null,"req":"*","kind":"dev","rename":null,"optional":false,"uses_default_features":true,"features":[],"target":null,"registry":null,"path":"/home/chemtech/workspace/libxc_rs/crates/kernel-mgga-20l"},{"name":"libxc-kernel-mgga-21","source":null,"req":"*","kind":"dev","rename":null,"optional":false,"uses_default_features":true,"features":[],"target":null,"registry":null,"path":"/home/chemtech/workspace/libxc_rs/crates/kernel-mgga-21"},{"name":"libxc-kernel-mgga-22a","source":null,"req":"*","kind":"dev","rename":null,"optional":false,"uses_default_features":true,"features":[],"target":null,"registry":null,"path":"/home/chemtech/workspace/libxc_rs/crates/kernel-mgga-22a"},{"name":"libxc-kernel-mgga-22b","source":null,"req":"*","kind":"dev","rename":null,"optional":false,"uses_default_features":true,"features":[],"target":null,"registry":null,"path":"/home/chemtech/workspace/libxc_rs/crates/kernel-mgga-22b"},{"name":"libxc-kernel-mgga-22c","source":null,"req":"*","kind":"dev","rename":null,"optional":false,"uses_default_features":true,"features":[],"target":null,"registry":null,"path":"/home/chemtech/workspace/libxc_rs/crates/kernel-mgga-22c"},{"name":"libxc-kernel-mgga-22d","source":null,"req":"*","kind":"dev","rename":null,"optional":false,"uses_default_features":true,"features":[],"target":null,"registry":null,"path":"/home/chemtech/workspace/libxc_rs/crates/kernel-mgga-22d"},{"name":"libxc-kernel-mgga-23","source":null,"req":"*","kind":"dev","rename":null,"optional":false,"uses_default_features":true,"features":[],"target":null,"registry":null,"path":"/home/chemtech/workspace/libxc_rs/crates/kernel-mgga-23"},{"name":"libxc-kernel-mgga-24a","source":null,"req":"*","kind":"dev","rename":null,"optional":false,"uses_default_features":true,"features":[],"target":null,"registry":null,"path":"/home/chemtech/workspace/libxc_rs/crates/kernel-mgga-24a"},{"name":"libxc-kernel-mgga-24b","source":null,"req":"*","kind":"dev","rename":null,"optional":false,"uses_default_features":true,"features":[],"target":null,"registry":null,"path":"/home/chemtech/workspace/libxc_rs/crates/kernel-mgga-24b"},{"name":"libxc-kernel-mgga-25a","source":null,"req":"*","kind":"dev","rename":null,"optional":false,"uses_default_features":true,"features":[],"target":null,"registry":null,"path":"/home/chemtech/workspace/libxc_rs/crates/kernel-mgga-25a"},{"name":"libxc-kernel-mgga-25b","source":null,"req":"*","kind":"dev","rename":null,"optional":false,"uses_default_features":true,"features":[],"target":null,"registry":null,"path":"/home/chemtech/workspace/libxc_rs/crates/kernel-mgga-25b"},{"name":"libxc-kernel-mgga-26a","source":null,"req":"*","kind":"dev","rename":null,"optional":false,"uses_default_features":true,"features":[],"target":null,"registry":null,"path":"/home/chemtech/workspace/libxc_rs/crates/kernel-mgga-26a"},{"name":"libxc-kernel-mgga-26b","source":null,"req":"*","kind":"dev","rename":null,"optional":false,"uses_default_features":true,"features":[],"target":null,"registry":null,"path":"/home/chemtech/workspace/libxc_rs/crates/kernel-mgga-26b"},{"name":"libxc-kernel-mgga-27a","source":null,"req":"*","kind":"dev","rename":null,"optional":false,"uses_default_features":true,"features":[],"target":null,"registry":null,"path":"/home/chemtech/workspace/libxc_rs/crates/kernel-mgga-27a"},{"name":"libxc-kernel-mgga-27b","source":null,"req":"*","kind":"dev","rename":null,"optional":false,"uses_default_features":true,"features":[],"target":null,"registry":null,"path":"/home/chemtech/workspace/libxc_rs/crates/kernel-mgga-27b"},{"name":"libxc-kernel-mgga-27c","source":null,"req":"*","kind":"dev","rename":null,"optional":false,"uses_default_features":true,"features":[],"target":null,"registry":null,"path":"/home/chemtech/workspace/libxc_rs/crates/kernel-mgga-27c"},{"name":"libxc-kernel-mgga-28","source":null,"req":"*","kind":"dev","rename":null,"optional":false,"uses_default_features":true,"features":[],"target":null,"registry":null,"path":"/home/chemtech/workspace/libxc_rs/crates/kernel-mgga-28"},{"name":"libxc-kernel-mgga-29","source":null,"req":"*","kind":"dev","rename":null,"optional":false,"uses_default_features":true,"features":[],"target":null,"registry":null,"path":"/home/chemtech/workspace/libxc_rs/crates/kernel-mgga-29"},{"name":"libxc-kernel-mgga-2a","source":null,"req":"*","kind":"dev","rename":null,"optional":false,"uses_default_features":true,"features":[],"target":null,"registry":null,"path":"/home/chemtech/workspace/libxc_rs/crates/kernel-mgga-2a"},{"name":"libxc-kernel-mgga-2b","source":null,"req":"*","kind":"dev","rename":null,"optional":false,"uses_default_features":true,"features":[],"target":null,"registry":null,"path":"/home/chemtech/workspace/libxc_rs/crates/kernel-mgga-2b"},{"name":"libxc-kernel-mgga-30","source":null,"req":"*","kind":"dev","rename":null,"optional":false,"uses_default_features":true,"features":[],"target":null,"registry":null,"path":"/home/chemtech/workspace/libxc_rs/crates/kernel-mgga-30"},{"name":"libxc-kernel-mgga-31","source":null,"req":"*","kind":"dev","rename":null,"optional":false,"uses_default_features":true,"features":[],"target":null,"registry":null,"path":"/home/chemtech/workspace/libxc_rs/crates/kernel-mgga-31"},{"name":"libxc-kernel-mgga-32a","source":null,"req":"*","kind":"dev","rename":null,"optional":false,"uses_default_features":true,"features":[],"target":null,"registry":null,"path":"/home/chemtech/workspace/libxc_rs/crates/kernel-mgga-32a"},{"name":"libxc-kernel-mgga-32b","source":null,"req":"*","kind":"dev","rename":null,"optional":false,"uses_default_features":true,"features":[],"target":null,"registry":null,"path":"/home/chemtech/workspace/libxc_rs/crates/kernel-mgga-32b"},{"name":"libxc-kernel-mgga-33","source":null,"req":"*","kind":"dev","rename":null,"optional":false,"uses_default_features":true,"features":[],"target":null,"registry":null,"path":"/home/chemtech/workspace/libxc_rs/crates/kernel-mgga-33"},{"name":"libxc-kernel-mgga-34","source":null,"req":"*","kind":"dev","rename":null,"optional":false,"uses_default_features":true,"features":[],"target":null,"registry":null,"path":"/home/chemtech/workspace/libxc_rs/crates/kernel-mgga-34"},{"name":"libxc-kernel-mgga-35","source":null,"req":"*","kind":"dev","rename":null,"optional":false,"uses_default_features":true,"features":[],"target":null,"registry":null,"path":"/home/chemtech/workspace/libxc_rs/crates/kernel-mgga-35"},{"name":"libxc-kernel-mgga-36a","source":null,"req":"*","kind":"dev","rename":null,"optional":false,"uses_default_features":true,"features":[],"target":null,"registry":null,"path":"/home/chemtech/workspace/libxc_rs/crates/kernel-mgga-36a"},{"name":"libxc-kernel-mgga-36b","source":null,"req":"*","kind":"dev","rename":null,"optional":false,"uses_default_features":true,"features":[],"target":null,"registry":null,"path":"/home/chemtech/workspace/libxc_rs/crates/kernel-mgga-36b"},{"name":"libxc-kernel-mgga-37a","source":null,"req":"*","kind":"dev","rename":null,"optional":false,"uses_default_features":true,"features":[],"target":null,"registry":null,"path":"/home/chemtech/workspace/libxc_rs/crates/kernel-mgga-37a"},{"name":"libxc-kernel-mgga-37b","source":null,"req":"*","kind":"dev","rename":null,"optional":false,"uses_default_features":true,"features":[],"target":null,"registry":null,"path":"/home/chemtech/workspace/libxc_rs/crates/kernel-mgga-37b"},{"name":"libxc-kernel-mgga-3a","source":null,"req":"*","kind":"dev","rename":null,"optional":false,"uses_default_features":true,"features":[],"target":null,"registry":null,"path":"/home/chemtech/workspace/libxc_rs/crates/kernel-mgga-3a"},{"name":"libxc-kernel-mgga-3b","source":null,"req":"*","kind":"dev","rename":null,"optional":false,"uses_default_features":true,"features":[],"target":null,"registry":null,"path":"/home/chemtech/workspace/libxc_rs/crates/kernel-mgga-3b"},{"name":"libxc-kernel-mgga-4a","source":null,"req":"*","kind":"dev","rename":null,"optional":false,"uses_default_features":true,"features":[],"target":null,"registry":null,"path":"/home/chemtech/workspace/libxc_rs/crates/kernel-mgga-4a"},{"name":"libxc-kernel-mgga-4b","source":null,"req":"*","kind":"dev","rename":null,"optional":false,"uses_default_features":true,"features":[],"target":null,"registry":null,"path":"/home/chemtech/workspace/libxc_rs/crates/kernel-mgga-4b"},{"name":"libxc-kernel-mgga-5","source":null,"req":"*","kind":"dev","rename":null,"optional":false,"uses_default_features":true,"features":[],"target":null,"registry":null,"path":"/home/chemtech/workspace/libxc_rs/crates/kernel-mgga-5"},{"name":"libxc-kernel-mgga-6","source":null,"req":"*","kind":"dev","rename":null,"optional":false,"uses_default_features":true,"features":[],"target":null,"registry":null,"path":"/home/chemtech/workspace/libxc_rs/crates/kernel-mgga-6"},{"name":"libxc-kernel-mgga-7a","source":null,"req":"*","kind":"dev","rename":null,"optional":false,"uses_default_features":true,"features":[],"target":null,"registry":null,"path":"/home/chemtech/workspace/libxc_rs/crates/kernel-mgga-7a"},{"name":"libxc-kernel-mgga-7b","source":null,"req":"*","kind":"dev","rename":null,"optional":false,"uses_default_features":true,"features":[],"target":null,"registry":null,"path":"/home/chemtech/workspace/libxc_rs/crates/kernel-mgga-7b"},{"name":"libxc-kernel-mgga-7c","source":null,"req":"*","kind":"dev","rename":null,"optional":false,"uses_default_features":true,"features":[],"target":null,"registry":null,"path":"/home/chemtech/workspace/libxc_rs/crates/kernel-mgga-7c"},{"name":"libxc-kernel-mgga-7d","source":null,"req":"*","kind":"dev","rename":null,"optional":false,"uses_default_features":true,"features":[],"target":null,"registry":null,"path":"/home/chemtech/workspace/libxc_rs/crates/kernel-mgga-7d"},{"name":"libxc-kernel-mgga-7e","source":null,"req":"*","kind":"dev","rename":null,"optional":false,"uses_default_features":true,"features":[],"target":null,"registry":null,"path":"/home/chemtech/workspace/libxc_rs/crates/kernel-mgga-7e"},{"name":"libxc-kernel-mgga-8a","source":null,"req":"*","kind":"dev","rename":null,"optional":false,"uses_default_features":true,"features":[],"target":null,"registry":null,"path":"/home/chemtech/workspace/libxc_rs/crates/kernel-mgga-8a"},{"name":"libxc-kernel-mgga-8b","source":null,"req":"*","kind":"dev","rename":null,"optional":false,"uses_default_features":true,"features":[],"target":null,"registry":null,"path":"/home/chemtech/workspace/libxc_rs/crates/kernel-mgga-8b"},{"name":"libxc-kernel-mgga-8c","source":null,"req":"*","kind":"dev","rename":null,"optional":false,"uses_default_features":true,"features":[],"target":null,"registry":null,"path":"/home/chemtech/workspace/libxc_rs/crates/kernel-mgga-8c"},{"name":"libxc-kernel-mgga-8d","source":null,"req":"*","kind":"dev","rename":null,"optional":false,"uses_default_features":true,"features":[],"target":null,"registry":null,"path":"/home/chemtech/workspace/libxc_rs/crates/kernel-mgga-8d"},{"name":"libxc-kernel-mgga-8e","source":null,"req":"*","kind":"dev","rename":null,"optional":false,"uses_default_features":true,"features":[],"target":null,"registry":null,"path":"/home/chemtech/workspace/libxc_rs/crates/kernel-mgga-8e"},{"name":"libxc-kernel-mgga-8f","source":null,"req":"*","kind":"dev","rename":null,"optional":false,"uses_default_features":true,"features":[],"target":null,"registry":null,"path":"/home/chemtech/workspace/libxc_rs/crates/kernel-mgga-8f"},{"name":"libxc-kernel-mgga-9a","source":null,"req":"*","kind":"dev","rename":null,"optional":false,"uses_default_features":true,"features":[],"target":null,"registry":null,"path":"/home/chemtech/workspace/libxc_rs/crates/kernel-mgga-9a"},{"name":"libxc-kernel-mgga-9b","source":null,"req":"*","kind":"dev","rename":null,"optional":false,"uses_default_features":true,"features":[],"target":null,"registry":null,"path":"/home/chemtech/workspace/libxc_rs/crates/kernel-mgga-9b"},{"name":"libxc_rs-verify","source":null,"req":"*","kind":"dev","rename":null,"optional":false,"uses_default_features":true,"features":[],"target":null,"registry":null,"path":"/home/chemtech/workspace/libxc_rs/verify"}],"targets":[{"kind":["lib"],"crate_types":["lib"],"name":"libxc_rs","src_path":"/home/chemtech/workspace/libxc_rs/src/lib.rs","edition":"2024","doc":true,"doctest":true,"test":true},{"kind":["bin"],"crate_types":["bin"],"name":"libxc_rs","src_path":"/home/chemtech/workspace/libxc_rs/src/main.rs","edition":"2024","doc":true,"doctest":false,"test":true},{"kind":["test"],"crate_types":["bin"],"name":"api_catalog","src_path":"/home/chemtech/workspace/libxc_rs/tests/api_catalog.rs","edition":"2024","doc":false,"doctest":false,"test":true},{"kind":["test"],"crate_types":["bin"],"name":"cpu_gpu_parity","src_path":"/home/chemtech/workspace/libxc_rs/tests/cpu_gpu_parity.rs","edition":"2024","doc":false,"doctest":false,"test":true},{"kind":["test"],"crate_types":["bin"],"name":"ext_params","src_path":"/home/chemtech/workspace/libxc_rs/tests/ext_params.rs","edition":"2024","doc":false,"doctest":false,"test":true},{"kind":["test"],"crate_types":["bin"],"name":"math_integration","src_path":"/home/chemtech/workspace/libxc_rs/tests/math_integration.rs","edition":"2024","doc":false,"doctest":false,"test":true},{"kind":["test"],"crate_types":["bin"],"name":"nan_inf","src_path":"/home/chemtech/workspace/libxc_rs/tests/nan_inf.rs","edition":"2024","doc":false,"doctest":false,"test":true},{"kind":["test"],"crate_types":["bin"],"name":"oracle_gga","src_path":"/home/chemtech/workspace/libxc_rs/tests/oracle_gga.rs","edition":"2024","doc":false,"doctest":false,"test":true},{"kind":["test"],"crate_types":["bin"],"name":"oracle_hybrid","src_path":"/home/chemtech/workspace/libxc_rs/tests/oracle_hybrid.rs","edition":"2024","doc":false,"doctest":false,"test":true},{"kind":["test"],"crate_types":["bin"],"name":"oracle_lda","src_path":"/home/chemtech/workspace/libxc_rs/tests/oracle_lda.rs","edition":"2024","doc":false,"doctest":false,"test":true},{"kind":["test"],"crate_types":["bin"],"name":"oracle_mgga","src_path":"/home/chemtech/workspace/libxc_rs/tests/oracle_mgga.rs","edition":"2024","doc":false,"doctest":false,"test":true},{"kind":["test"],"crate_types":["bin"],"name":"registry_roundtrip","src_path":"/home/chemtech/workspace/libxc_rs/tests/registry_roundtrip.rs","edition":"2024","doc":false,"doctest":false,"test":true},{"kind":["test"],"crate_types":["bin"],"name":"removed_ids","src_path":"/home/chemtech/workspace/libxc_rs/tests/removed_ids.rs","edition":"2024","doc":false,"doctest":false,"test":true},{"kind":["test"],"crate_types":["bin"],"name":"shape_validation","src_path":"/home/chemtech/workspace/libxc_rs/tests/shape_validation.rs","edition":"2024","doc":false,"doctest":false,"test":true},{"kind":["bench"],"crate_types":["bin"],"name":"gga","src_path":"/home/chemtech/workspace/libxc_rs/benches/gga.rs","edition":"2024","doc":false,"doctest":false,"test":false},{"kind":["bench"],"crate_types":["bin"],"name":"init","src_path":"/home/chemtech/workspace/libxc_rs/benches/init.rs","edition":"2024","doc":false,"doctest":false,"test":false},{"kind":["bench"],"crate_types":["bin"],"name":"lda","src_path":"/home/chemtech/workspace/libxc_rs/benches/lda.rs","edition":"2024","doc":false,"doctest":false,"test":false},{"kind":["bench"],"crate_types":["bin"],"name":"mgga","src_path":"/home/chemtech/workspace/libxc_rs/benches/mgga.rs","edition":"2024","doc":false,"doctest":false,"test":false},{"kind":["bench"],"crate_types":["bin"],"name":"registry","src_path":"/home/chemtech/workspace/libxc_rs/benches/registry.rs","edition":"2024","doc":false,"doctest":false,"test":false},{"kind":["bench"],"crate_types":["bin"],"name":"resident","src_path":"/home/chemtech/workspace/libxc_rs/benches/resident.rs","edition":"2024","doc":false,"doctest":false,"test":false},{"kind":["bench"],"crate_types":["bin"],"name":"transfer","src_path":"/home/chemtech/workspace/libxc_rs/benches/transfer.rs","edition":"2024","doc":false,"doctest":false,"test":false}],"features":{},"manifest_path":"/home/chemtech/workspace/libxc_rs/Cargo.toml","metadata":null,"publish":null,"authors":[],"categories":[],"keywords":[],"readme":"README.md","repository":null,"homepage":null,"documentation":null,"edition":"2024","links":null,"default_run":null,"rust_version":null},{"name":"libxc-kernel-gga","version":"0.1.0","id":"path+file:///home/chemtech/workspace/libxc_rs/crates/kernel-gga#libxc-kernel-gga@0.1.0","license":null,"license_file":null,"description":null,"source":null,"dependencies":[{"name":"cubecl","source":"registry+https://github.com/rust-lang/crates.io-index","req":"^0.9.0","kind":null,"rename":null,"optional":false,"uses_default_features":false,"features":["cpu"],"target":null,"registry":null},{"name":"libxc-kernel-gga-10a","source":null,"req":"*","kind":null,"rename":null,"optional":false,"uses_default_features":true,"features":[],"target":null,"registry":null,"path":"/home/chemtech/workspace/libxc_rs/crates/kernel-gga-10a"},{"name":"libxc-kernel-gga-10b","source":null,"req":"*","kind":null,"rename":null,"optional":false,"uses_default_features":true,"features":[],"target":null,"registry":null,"path":"/home/chemtech/workspace/libxc_rs/crates/kernel-gga-10b"},{"name":"libxc-kernel-gga-10c","source":null,"req":"*","kind":null,"rename":null,"optional":false,"uses_default_features":true,"features":[],"target":null,"registry":null,"path":"/home/chemtech/workspace/libxc_rs/crates/kernel-gga-10c"},{"name":"libxc-kernel-gga-10d","source":null,"req":"*","kind":null,"rename":null,"optional":false,"uses_default_features":true,"features":[],"target":null,"registry":null,"path":"/home/chemtech/workspace/libxc_rs/crates/kernel-gga-10d"},{"name":"libxc-kernel-gga-11","source":null,"req":"*","kind":null,"rename":null,"optional":false,"uses_default_features":true,"features":[],"target":null,"registry":null,"path":"/home/chemtech/workspace/libxc_rs/crates/kernel-gga-11"},{"name":"libxc-kernel-gga-12","source":null,"req":"*","kind":null,"rename":null,"optional":false,"uses_default_features":true,"features":[],"target":null,"registry":null,"path":"/home/chemtech/workspace/libxc_rs/crates/kernel-gga-12"},{"name":"libxc-kernel-gga-13","source":null,"req":"*","kind":null,"rename":null,"optional":false,"uses_default_features":true,"features":[],"target":null,"registry":null,"path":"/home/chemtech/workspace/libxc_rs/crates/kernel-gga-13"},{"name":"libxc-kernel-gga-14","source":null,"req":"*","kind":null,"rename":null,"optional":false,"uses_default_features":true,"features":[],"target":null,"registry":null,"path":"/home/chemtech/workspace/libxc_rs/crates/kernel-gga-14"},{"name":"libxc-kernel-gga-15","source":null,"req":"*","kind":null,"rename":null,"optional":false,"uses_default_features":true,"features":[],"target":null,"registry":null,"path":"/home/chemtech/workspace/libxc_rs/crates/kernel-gga-15"},{"name":"libxc-kernel-gga-16","source":null,"req":"*","kind":null,"rename":null,"optional":false,"uses_default_features":true,"features":[],"target":null,"registry":null,"path":"/home/chemtech/workspace/libxc_rs/crates/kernel-gga-16"},{"name":"libxc-kernel-gga-17","source":null,"req":"*","kind":null,"rename":null,"optional":false,"uses_default_features":true,"features":[],"target":null,"registry":null,"path":"/home/chemtech/workspace/libxc_rs/crates/kernel-gga-17"},{"name":"libxc-kernel-gga-18","source":null,"req":"*","kind":null,"rename":null,"optional":false,"uses_default_features":true,"features":[],"target":null,"registry":null,"path":"/home/chemtech/workspace/libxc_rs/crates/kernel-gga-18"},{"name":"libxc-kernel-gga-19","source":null,"req":"*","kind":null,"rename":null,"optional":false,"uses_default_features":true,"features":[],"target":null,"registry":null,"path":"/home/chemtech/workspace/libxc_rs/crates/kernel-gga-19"},{"name":"libxc-kernel-gga-1a","source":null,"req":"*","kind":null,"rename":null,"optional":false,"uses_default_features":true,"features":[],"target":null,"registry":null,"path":"/home/chemtech/workspace/libxc_rs/crates/kernel-gga-1a"},{"name":"libxc-kernel-gga-1b","source":null,"req":"*","kind":null,"rename":null,"optional":false,"uses_default_features":true,"features":[],"target":null,"registry":null,"path":"/home/chemtech/workspace/libxc_rs/crates/kernel-gga-1b"},{"name":"libxc-kernel-gga-1c","source":null,"req":"*","kind":null,"rename":null,"optional":false,"uses_default_features":true,"features":[],"target":null,"registry":null,"path":"/home/chemtech/workspace/libxc_rs/crates/kernel-gga-1c"},{"name":"libxc-kernel-gga-1d","source":null,"req":"*","kind":null,"rename":null,"optional":false,"uses_default_features":true,"features":[],"target":null,"registry":null,"path":"/home/chemtech/workspace/libxc_rs/crates/kernel-gga-1d"},{"name":"libxc-kernel-gga-20","source":null,"req":"*","kind":null,"rename":null,"optional":false,"uses_default_features":true,"features":[],"target":null,"registry":null,"path":"/home/chemtech/workspace/libxc_rs/crates/kernel-gga-20"},{"name":"libxc-kernel-gga-21","source":null,"req":"*","kind":null,"rename":null,"optional":false,"uses_default_features":true,"features":[],"target":null,"registry":null,"path":"/home/chemtech/workspace/libxc_rs/crates/kernel-gga-21"},{"name":"libxc-kernel-gga-22","source":null,"req":"*","kind":null,"rename":null,"optional":false,"uses_default_features":true,"features":[],"target":null,"registry":null,"path":"/home/chemtech/workspace/libxc_rs/crates/kernel-gga-22"},{"name":"libxc-kernel-gga-2a","source":null,"req":"*","kind":null,"rename":null,"optional":false,"uses_default_features":true,"features":[],"target":null,"registry":null,"path":"/home/chemtech/workspace/libxc_rs/crates/kernel-gga-2a"},{"name":"libxc-kernel-gga-2b","source":null,"req":"*","kind":null,"rename":null,"optional":false,"uses_default_features":true,"features":[],"target":null,"registry":null,"path":"/home/chemtech/workspace/libxc_rs/crates/kernel-gga-2b"},{"name":"libxc-kernel-gga-2c","source":null,"req":"*","kind":null,"rename":null,"optional":false,"uses_default_features":true,"features":[],"target":null,"registry":null,"path":"/home/chemtech/workspace/libxc_rs/crates/kernel-gga-2c"},{"name":"libxc-kernel-gga-2d","source":null,"req":"*","kind":null,"rename":null,"optional":false,"uses_default_features":true,"features":[],"target":null,"registry":null,"path":"/home/chemtech/workspace/libxc_rs/crates/kernel-gga-2d"},{"name":"libxc-kernel-gga-3a","source":null,"req":"*","kind":null,"rename":null,"optional":false,"uses_default_features":true,"features":[],"target":null,"registry":null,"path":"/home/chemtech/workspace/libxc_rs/crates/kernel-gga-3a"},{"name":"libxc-kernel-gga-3b","source":null,"req":"*","kind":null,"rename":null,"optional":false,"uses_default_features":true,"features":[],"target":null,"registry":null,"path":"/home/chemtech/workspace/libxc_rs/crates/kernel-gga-3b"},{"name":"libxc-kernel-gga-3c","source":null,"req":"*","kind":null,"rename":null,"optional":false,"uses_default_features":true,"features":[],"target":null,"registry":null,"path":"/home/chemtech/workspace/libxc_rs/crates/kernel-gga-3c"},{"name":"libxc-kernel-gga-3d","source":null,"req":"*","kind":null,"rename":null,"optional":false,"uses_default_features":true,"features":[],"target":null,"registry":null,"path":"/home/chemtech/workspace/libxc_rs/crates/kernel-gga-3d"},{"name":"libxc-kernel-gga-3e","source":null,"req":"*","kind":null,"rename":null,"optional":false,"uses_default_features":true,"features":[],"target":null,"registry":null,"path":"/home/chemtech/workspace/libxc_rs/crates/kernel-gga-3e"},{"name":"libxc-kernel-gga-4a","source":null,"req":"*","kind":null,"rename":null,"optional":false,"uses_default_features":true,"features":[],"target":null,"registry":null,"path":"/home/chemtech/workspace/libxc_rs/crates/kernel-gga-4a"},{"name":"libxc-kernel-gga-4b","source":null,"req":"*","kind":null,"rename":null,"optional":false,"uses_default_features":true,"features":[],"target":null,"registry":null,"path":"/home/chemtech/workspace/libxc_rs/crates/kernel-gga-4b"},{"name":"libxc-kernel-gga-4c","source":null,"req":"*","kind":null,"rename":null,"optional":false,"uses_default_features":true,"features":[],"target":null,"registry":null,"path":"/home/chemtech/workspace/libxc_rs/crates/kernel-gga-4c"},{"name":"libxc-kernel-gga-4d","source":null,"req":"*","kind":null,"rename":null,"optional":false,"uses_default_features":true,"features":[],"target":null,"registry":null,"path":"/home/chemtech/workspace/libxc_rs/crates/kernel-gga-4d"},{"name":"libxc-kernel-gga-4e","source":null,"req":"*","kind":null,"rename":null,"optional":false,"uses_default_features":true,"features":[],"target":null,"registry":null,"path":"/home/chemtech/workspace/libxc_rs/crates/kernel-gga-4e"},{"name":"libxc-kernel-gga-4f","source":null,"req":"*","kind":null,"rename":null,"optional":false,"uses_default_features":true,"features":[],"target":null,"registry":null,"path":"/home/chemtech/workspace/libxc_rs/crates/kernel-gga-4f"},{"name":"libxc-kernel-gga-4g","source":null,"req":"*","kind":null,"rename":null,"optional":false,"uses_default_features":true,"features":[],"target":null,"registry":null,"path":"/home/chemtech/workspace/libxc_rs/crates/kernel-gga-4g"},{"name":"libxc-kernel-gga-5a","source":null,"req":"*","kind":null,"rename":null,"optional":false,"uses_default_features":true,"features":[],"target":null,"registry":null,"path":"/home/chemtech/workspace/libxc_rs/crates/kernel-gga-5a"},{"name":"libxc-kernel-gga-5b","source":null,"req":"*","kind":null,"rename":null,"optional":false,"uses_default_features":true,"features":[],"target":null,"registry":null,"path":"/home/chemtech/workspace/libxc_rs/crates/kernel-gga-5b"},{"name":"libxc-kernel-gga-5c","source":null,"req":"*","kind":null,"rename":null,"optional":false,"uses_default_features":true,"features":[],"target":null,"registry":null,"path":"/home/chemtech/workspace/libxc_rs/crates/kernel-gga-5c"},{"name":"libxc-kernel-gga-5d","source":null,"req":"*","kind":null,"rename":null,"optional":false,"uses_default_features":true,"features":[],"target":null,"registry":null,"path":"/home/chemtech/workspace/libxc_rs/crates/kernel-gga-5d"},{"name":"libxc-kernel-gga-5e","source":null,"req":"*","kind":null,"rename":null,"optional":false,"uses_default_features":true,"features":[],"target":null,"registry":null,"path":"/home/chemtech/workspace/libxc_rs/crates/kernel-gga-5e"},{"name":"libxc-kernel-gga-5f","source":null,"req":"*","kind":null,"rename":null,"optional":false,"uses_default_features":true,"features":[],"target":null,"registry":null,"path":"/home/chemtech/workspace/libxc_rs/crates/kernel-gga-5f"},{"name":"libxc-kernel-gga-5g","source":null,"req":"*","kind":null,"rename":null,"optional":false,"uses_default_features":true,"features":[],"target":null,"registry":null,"path":"/home/chemtech/workspace/libxc_rs/crates/kernel-gga-5g"},{"name":"libxc-kernel-gga-6a","source":null,"req":"*","kind":null,"rename":null,"optional":false,"uses_default_features":true,"features":[],"target":null,"registry":null,"path":"/home/chemtech/workspace/libxc_rs/crates/kernel-gga-6a"},{"name":"libxc-kernel-gga-6b","source":null,"req":"*","kind":null,"rename":null,"optional":false,"uses_default_features":true,"features":[],"target":null,"registry":null,"path":"/home/chemtech/workspace/libxc_rs/crates/kernel-gga-6b"},{"name":"libxc-kernel-gga-6c","source":null,"req":"*","kind":null,"rename":null,"optional":false,"uses_default_features":true,"features":[],"target":null,"registry":null,"path":"/home/chemtech/workspace/libxc_rs/crates/kernel-gga-6c"},{"name":"libxc-kernel-gga-6d","source":null,"req":"*","kind":null,"rename":null,"optional":false,"uses_default_features":true,"features":[],"target":null,"registry":null,"path":"/home/chemtech/workspace/libxc_rs/crates/kernel-gga-6d"},{"name":"libxc-kernel-gga-7a","source":null,"req":"*","kind":null,"rename":null,"optional":false,"uses_default_features":true,"features":[],"target":null,"registry":null,"path":"/home/chemtech/workspace/libxc_rs/crates/kernel-gga-7a"},{"name":"libxc-kernel-gga-7b","source":null,"req":"*","kind":null,"rename":null,"optional":false,"uses_default_features":true,"features":[],"target":null,"registry":null,"path":"/home/chemtech/workspace/libxc_rs/crates/kernel-gga-7b"},{"name":"libxc-kernel-gga-7c","source":null,"req":"*","kind":null,"rename":null,"optional":false,"uses_default_features":true,"features":[],"target":null,"registry":null,"path":"/home/chemtech/workspace/libxc_rs/crates/kernel-gga-7c"},{"name":"libxc-kernel-gga-7d","source":null,"req":"*","kind":null,"rename":null,"optional":false,"uses_default_features":true,"features":[],"target":null,"registry":null,"path":"/home/chemtech/workspace/libxc_rs/crates/kernel-gga-7d"},{"name":"libxc-kernel-gga-8a","source":null,"req":"*","kind":null,"rename":null,"optional":false,"uses_default_features":true,"features":[],"target":null,"registry":null,"path":"/home/chemtech/workspace/libxc_rs/crates/kernel-gga-8a"},{"name":"libxc-kernel-gga-8b","source":null,"req":"*","kind":null,"rename":null,"optional":false,"uses_default_features":true,"features":[],"target":null,"registry":null,"path":"/home/chemtech/workspace/libxc_rs/crates/kernel-gga-8b"},{"name":"libxc-kernel-gga-8c","source":null,"req":"*","kind":null,"rename":null,"optional":false,"uses_default_features":true,"features":[],"target":null,"registry":null,"path":"/home/chemtech/workspace/libxc_rs/crates/kernel-gga-8c"},{"name":"libxc-kernel-gga-8d","source":null,"req":"*","kind":null,"rename":null,"optional":false,"uses_default_features":true,"features":[],"target":null,"registry":null,"path":"/home/chemtech/workspace/libxc_rs/crates/kernel-gga-8d"},{"name":"libxc-kernel-gga-9a","source":null,"req":"*","kind":null,"rename":null,"optional":false,"uses_default_features":true,"features":[],"target":null,"registry":null,"path":"/home/chemtech/workspace/libxc_rs/crates/kernel-gga-9a"},{"name":"libxc-kernel-gga-9b","source":null,"req":"*","kind":null,"rename":null,"optional":false,"uses_default_features":true,"features":[],"target":null,"registry":null,"path":"/home/chemtech/workspace/libxc_rs/crates/kernel-gga-9b"},{"name":"libxc-kernel-gga-9c","source":null,"req":"*","kind":null,"rename":null,"optional":false,"uses_default_features":true,"features":[],"target":null,"registry":null,"path":"/home/chemtech/workspace/libxc_rs/crates/kernel-gga-9c"},{"name":"libxc-kernel-math","source":null,"req":"*","kind":null,"rename":null,"optional":false,"uses_default_features":true,"features":[],"target":null,"registry":null,"path":"/home/chemtech/workspace/libxc_rs/crates/kernel-math"}],"targets":[{"kind":["lib"],"crate_types":["lib"],"name":"libxc_kernel_gga","src_path":"/home/chemtech/workspace/libxc_rs/crates/kernel-gga/src/lib.rs","edition":"2024","doc":true,"doctest":true,"test":true}],"features":{},"manifest_path":"/home/chemtech/workspace/libxc_rs/crates/kernel-gga/Cargo.toml","metadata":null,"publish":null,"authors":[],"categories":[],"keywords":[],"readme":null,"repository":null,"homepage":null,"documentation":null,"edition":"2024","links":null,"default_run":null,"rust_version":null},{"name":"libxc-kernel-gga-10a","version":"0.1.0","id":"path+file:///home/chemtech/workspace/libxc_rs/crates/kernel-gga-10a#libxc-kernel-gga-10a@0.1.0","license":null,"license_file":null,"description":null,"source":null,"dependencies":[{"name":"cubecl","source":"registry+https://github.com/rust-lang/crates.io-index","req":"^0.9.0","kind":null,"rename":null,"optional":false,"uses_default_features":false,"features":["cpu"],"target":null,"registry":null},{"name":"libxc-kernel-math","source":null,"req":"*","kind":null,"rename":null,"optional":false,"uses_default_features":true,"features":[],"target":null,"registry":null,"path":"/home/chemtech/workspace/libxc_rs/crates/kernel-math"}],"targets":[{"kind":["lib"],"crate_types":["lib"],"name":"libxc_kernel_gga_10a","src_path":"/home/chemtech/workspace/libxc_rs/crates/kernel-gga-10a/src/lib.rs","edition":"2024","doc":true,"doctest":true,"test":true}],"features":{},"manifest_path":"/home/chemtech/workspace/libxc_rs/crates/kernel-gga-10a/Cargo.toml","metadata":null,"publish":null,"authors":[],"categories":[],"keywords":[],"readme":null,"repository":null,"homepage":null,"documentation":null,"edition":"2024","links":null,"default_run":null,"rust_version":null},{"name":"libxc-kernel-math","version":"0.1.0","id":"path+file:///home/chemtech/workspace/libxc_rs/crates/kernel-math#libxc-kernel-math@0.1.0","license":null,"license_file":null,"description":null,"source":null,"dependencies":[{"name":"cubecl","source":"registry+https://github.com/rust-lang/crates.io-index","req":"^0.9.0","kind":null,"rename":null,"optional":false,"uses_default_features":false,"features":["cpu"],"target":null,"registry":null},{"name":"approx","source":"registry+https://github.com/rust-lang/crates.io-index","req":"^0.5.1","kind":"dev","rename":null,"optional":false,"uses_default_features":true,"features":[],"target":null,"registry":null},{"name":"bytemuck","source":"registry+https://github.com/rust-lang/crates.io-index","req":"^1.25.0","kind":"dev","rename":null,"optional":false,"uses_default_features":true,"features":["derive"],"target":null,"registry":null},{"name":"libm","source":"registry+https://github.com/rust-lang/crates.io-index","req":"^0.2","kind":"dev","rename":null,"optional":false,"uses_default_features":true,"features":[],"target":null,"registry":null}],"targets":[{"kind":["lib"],"crate_types":["lib"],"name":"libxc_kernel_math","src_path":"/home/chemtech/workspace/libxc_rs/crates/kernel-math/src/lib.rs","edition":"2024","doc":true,"doctest":true,"test":true}],"features":{},"manifest_path":"/home/chemtech/workspace/libxc_rs/crates/kernel-math/Cargo.toml","metadata":null,"publish":null,"authors":[],"categories":[],"keywords":[],"readme":null,"repository":null,"homepage":null,"documentation":null,"edition":"2024","links":null,"default_run":null,"rust_version":null},{"name":"libxc-kernel-gga-10b","version":"0.1.0","id":"path+file:///home/chemtech/workspace/libxc_rs/crates/kernel-gga-10b#libxc-kernel-gga-10b@0.1.0","license":null,"license_file":null,"description":null,"source":null,"dependencies":[{"name":"cubecl","source":"registry+https://github.com/rust-lang/crates.io-index","req":"^0.9.0","kind":null,"rename":null,"optional":false,"uses_default_features":false,"features":["cpu"],"target":null,"registry":null},{"name":"libxc-kernel-math","source":null,"req":"*","kind":null,"rename":null,"optional":false,"uses_default_features":true,"features":[],"target":null,"registry":null,"path":"/home/chemtech/workspace/libxc_rs/crates/kernel-math"}],"targets":[{"kind":["lib"],"crate_types":["lib"],"name":"libxc_kernel_gga_10b","src_path":"/home/chemtech/workspace/libxc_rs/crates/kernel-gga-10b/src/lib.rs","edition":"2024","doc":true,"doctest":true,"test":true}],"features":{},"manifest_path":"/home/chemtech/workspace/libxc_rs/crates/kernel-gga-10b/Cargo.toml","metadata":null,"publish":null,"authors":[],"categories":[],"keywords":[],"readme":null,"repository":null,"homepage":null,"documentation":null,"edition":"2024","links":null,"default_run":null,"rust_version":null},{"name":"libxc-kernel-gga-10c","version":"0.1.0","id":"path+file:///home/chemtech/workspace/libxc_rs/crates/kernel-gga-10c#libxc-kernel-gga-10c@0.1.0","license":null,"license_file":null,"description":null,"source":null,"dependencies":[{"name":"cubecl","source":"registry+https://github.com/rust-lang/crates.io-index","req":"^0.9.0","kind":null,"rename":null,"optional":false,"uses_default_features":false,"features":["cpu"],"target":null,"registry":null},{"name":"libxc-kernel-math","source":null,"req":"*","kind":null,"rename":null,"optional":false,"uses_default_features":true,"features":[],"target":null,"registry":null,"path":"/home/chemtech/workspace/libxc_rs/crates/kernel-math"}],"targets":[{"kind":["lib"],"crate_types":["lib"],"name":"libxc_kernel_gga_10c","src_path":"/home/chemtech/workspace/libxc_rs/crates/kernel-gga-10c/src/lib.rs","edition":"2024","doc":true,"doctest":true,"test":true}],"features":{},"manifest_path":"/home/chemtech/workspace/libxc_rs/crates/kernel-gga-10c/Cargo.toml","metadata":null,"publish":null,"authors":[],"categories":[],"keywords":[],"readme":null,"repository":null,"homepage":null,"documentation":null,"edition":"2024","links":null,"default_run":null,"rust_version":null},{"name":"libxc-kernel-gga-10d","version":"0.1.0","id":"path+file:///home/chemtech/workspace/libxc_rs/crates/kernel-gga-10d#libxc-kernel-gga-10d@0.1.0","license":null,"license_file":null,"description":null,"source":null,"dependencies":[{"name":"cubecl","source":"registry+https://github.com/rust-lang/crates.io-index","req":"^0.9.0","kind":null,"rename":null,"optional":false,"uses_default_features":false,"features":["cpu"],"target":null,"registry":null},{"name":"libxc-kernel-math","source":null,"req":"*","kind":null,"rename":null,"optional":false,"uses_default_features":true,"features":[],"target":null,"registry":null,"path":"/home/chemtech/workspace/libxc_rs/crates/kernel-math"}],"targets":[{"kind":["lib"],"crate_types":["lib"],"name":"libxc_kernel_gga_10d","src_path":"/home/chemtech/workspace/libxc_rs/crates/kernel-gga-10d/src/lib.rs","edition":"2024","doc":true,"doctest":true,"test":true}],"features":{},"manifest_path":"/home/chemtech/workspace/libxc_rs/crates/kernel-gga-10d/Cargo.toml","metadata":null,"publish":null,"authors":[],"categories":[],"keywords":[],"readme":null,"repository":null,"homepage":null,"documentation":null,"edition":"2024","links":null,"default_run":null,"rust_version":null},{"name":"libxc-kernel-gga-11","version":"0.1.0","id":"path+file:///home/chemtech/workspace/libxc_rs/crates/kernel-gga-11#libxc-kernel-gga-11@0.1.0","license":null,"license_file":null,"description":null,"source":null,"dependencies":[{"name":"cubecl","source":"registry+https://github.com/rust-lang/crates.io-index","req":"^0.9.0","kind":null,"rename":null,"optional":false,"uses_default_features":false,"features":["cpu"],"target":null,"registry":null},{"name":"libxc-kernel-math","source":null,"req":"*","kind":null,"rename":null,"optional":false,"uses_default_features":true,"features":[],"target":null,"registry":null,"path":"/home/chemtech/workspace/libxc_rs/crates/kernel-math"}],"targets":[{"kind":["lib"],"crate_types":["lib"],"name":"libxc_kernel_gga_11","src_path":"/home/chemtech/workspace/libxc_rs/crates/kernel-gga-11/src/lib.rs","edition":"2024","doc":true,"doctest":true,"test":true}],"features":{},"manifest_path":"/home/chemtech/workspace/libxc_rs/crates/kernel-gga-11/Cargo.toml","metadata":null,"publish":null,"authors":[],"categories":[],"keywords":[],"readme":null,"repository":null,"homepage":null,"documentation":null,"edition":"2024","links":null,"default_run":null,"rust_version":null},{"name":"libxc-kernel-gga-12","version":"0.1.0","id":"path+file:///home/chemtech/workspace/libxc_rs/crates/kernel-gga-12#libxc-kernel-gga-12@0.1.0","license":null,"license_file":null,"description":null,"source":null,"dependencies":[{"name":"cubecl","source":"registry+https://github.com/rust-lang/crates.io-index","req":"^0.9.0","kind":null,"rename":null,"optional":false,"uses_default_features":false,"features":["cpu"],"target":null,"registry":null},{"name":"libxc-kernel-math","source":null,"req":"*","kind":null,"rename":null,"optional":false,"uses_default_features":true,"features":[],"target":null,"registry":null,"path":"/home/chemtech/workspace/libxc_rs/crates/kernel-math"}],"targets":[{"kind":["lib"],"crate_types":["lib"],"name":"libxc_kernel_gga_12","src_path":"/home/chemtech/workspace/libxc_rs/crates/kernel-gga-12/src/lib.rs","edition":"2024","doc":true,"doctest":true,"test":true}],"features":{},"manifest_path":"/home/chemtech/workspace/libxc_rs/crates/kernel-gga-12/Cargo.toml","metadata":null,"publish":null,"authors":[],"categories":[],"keywords":[],"readme":null,"repository":null,"homepage":null,"documentation":null,"edition":"2024","links":null,"default_run":null,"rust_version":null},{"name":"libxc-kernel-gga-13","version":"0.1.0","id":"path+file:///home/chemtech/workspace/libxc_rs/crates/kernel-gga-13#libxc-kernel-gga-13@0.1.0","license":null,"license_file":null,"description":null,"source":null,"dependencies":[{"name":"cubecl","source":"registry+https://github.com/rust-lang/crates.io-index","req":"^0.9.0","kind":null,"rename":null,"optional":false,"uses_default_features":false,"features":["cpu"],"target":null,"registry":null},{"name":"libxc-kernel-math","source":null,"req":"*","kind":null,"rename":null,"optional":false,"uses_default_features":true,"features":[],"target":null,"registry":null,"path":"/home/chemtech/workspace/libxc_rs/crates/kernel-math"}],"targets":[{"kind":["lib"],"crate_types":["lib"],"name":"libxc_kernel_gga_13","src_path":"/home/chemtech/workspace/libxc_rs/crates/kernel-gga-13/src/lib.rs","edition":"2024","doc":true,"doctest":true,"test":true}],"features":{},"manifest_path":"/home/chemtech/workspace/libxc_rs/crates/kernel-gga-13/Cargo.toml","metadata":null,"publish":null,"authors":[],"categories":[],"keywords":[],"readme":null,"repository":null,"homepage":null,"documentation":null,"edition":"2024","links":null,"default_run":null,"rust_version":null},{"name":"libxc-kernel-gga-14","version":"0.1.0","id":"path+file:///home/chemtech/workspace/libxc_rs/crates/kernel-gga-14#libxc-kernel-gga-14@0.1.0","license":null,"license_file":null,"description":null,"source":null,"dependencies":[{"name":"cubecl","source":"registry+https://github.com/rust-lang/crates.io-index","req":"^0.9.0","kind":null,"rename":null,"optional":false,"uses_default_features":false,"features":["cpu"],"target":null,"registry":null},{"name":"libxc-kernel-math","source":null,"req":"*","kind":null,"rename":null,"optional":false,"uses_default_features":true,"features":[],"target":null,"registry":null,"path":"/home/chemtech/workspace/libxc_rs/crates/kernel-math"}],"targets":[{"kind":["lib"],"crate_types":["lib"],"name":"libxc_kernel_gga_14","src_path":"/home/chemtech/workspace/libxc_rs/crates/kernel-gga-14/src/lib.rs","edition":"2024","doc":true,"doctest":true,"test":true}],"features":{},"manifest_path":"/home/chemtech/workspace/libxc_rs/crates/kernel-gga-14/Cargo.toml","metadata":null,"publish":null,"authors":[],"categories":[],"keywords":[],"readme":null,"repository":null,"homepage":null,"documentation":null,"edition":"2024","links":null,"default_run":null,"rust_version":null},{"name":"libxc-kernel-gga-15","version":"0.1.0","id":"path+file:///home/chemtech/workspace/libxc_rs/crates/kernel-gga-15#libxc-kernel-gga-15@0.1.0","license":null,"license_file":null,"description":null,"source":null,"dependencies":[{"name":"cubecl","source":"registry+https://github.com/rust-lang/crates.io-index","req":"^0.9.0","kind":null,"rename":null,"optional":false,"uses_default_features":false,"features":["cpu"],"target":null,"registry":null},{"name":"libxc-kernel-math","source":null,"req":"*","kind":null,"rename":null,"optional":false,"uses_default_features":true,"features":[],"target":null,"registry":null,"path":"/home/chemtech/workspace/libxc_rs/crates/kernel-math"}],"targets":[{"kind":["lib"],"crate_types":["lib"],"name":"libxc_kernel_gga_15","src_path":"/home/chemtech/workspace/libxc_rs/crates/kernel-gga-15/src/lib.rs","edition":"2024","doc":true,"doctest":true,"test":true}],"features":{},"manifest_path":"/home/chemtech/workspace/libxc_rs/crates/kernel-gga-15/Cargo.toml","metadata":null,"publish":null,"authors":[],"categories":[],"keywords":[],"readme":null,"repository":null,"homepage":null,"documentation":null,"edition":"2024","links":null,"default_run":null,"rust_version":null},{"name":"libxc-kernel-gga-16","version":"0.1.0","id":"path+file:///home/chemtech/workspace/libxc_rs/crates/kernel-gga-16#libxc-kernel-gga-16@0.1.0","license":null,"license_file":null,"description":null,"source":null,"dependencies":[{"name":"cubecl","source":"registry+https://github.com/rust-lang/crates.io-index","req":"^0.9.0","kind":null,"rename":null,"optional":false,"uses_default_features":false,"features":["cpu"],"target":null,"registry":null},{"name":"libxc-kernel-math","source":null,"req":"*","kind":null,"rename":null,"optional":false,"uses_default_features":true,"features":[],"target":null,"registry":null,"path":"/home/chemtech/workspace/libxc_rs/crates/kernel-math"}],"targets":[{"kind":["lib"],"crate_types":["lib"],"name":"libxc_kernel_gga_16","src_path":"/home/chemtech/workspace/libxc_rs/crates/kernel-gga-16/src/lib.rs","edition":"2024","doc":true,"doctest":true,"test":true}],"features":{},"manifest_path":"/home/chemtech/workspace/libxc_rs/crates/kernel-gga-16/Cargo.toml","metadata":null,"publish":null,"authors":[],"categories":[],"keywords":[],"readme":null,"repository":null,"homepage":null,"documentation":null,"edition":"2024","links":null,"default_run":null,"rust_version":null},{"name":"libxc-kernel-gga-17","version":"0.1.0","id":"path+file:///home/chemtech/workspace/libxc_rs/crates/kernel-gga-17#libxc-kernel-gga-17@0.1.0","license":null,"license_file":null,"description":null,"source":null,"dependencies":[{"name":"cubecl","source":"registry+https://github.com/rust-lang/crates.io-index","req":"^0.9.0","kind":null,"rename":null,"optional":false,"uses_default_features":false,"features":["cpu"],"target":null,"registry":null},{"name":"libxc-kernel-math","source":null,"req":"*","kind":null,"rename":null,"optional":false,"uses_default_features":true,"features":[],"target":null,"registry":null,"path":"/home/chemtech/workspace/libxc_rs/crates/kernel-math"}],"targets":[{"kind":["lib"],"crate_types":["lib"],"name":"libxc_kernel_gga_17","src_path":"/home/chemtech/workspace/libxc_rs/crates/kernel-gga-17/src/lib.rs","edition":"2024","doc":true,"doctest":true,"test":true}],"features":{},"manifest_path":"/home/chemtech/workspace/libxc_rs/crates/kernel-gga-17/Cargo.toml","metadata":null,"publish":null,"authors":[],"categories":[],"keywords":[],"readme":null,"repository":null,"homepage":null,"documentation":null,"edition":"2024","links":null,"default_run":null,"rust_version":null},{"name":"libxc-kernel-gga-18","version":"0.1.0","id":"path+file:///home/chemtech/workspace/libxc_rs/crates/kernel-gga-18#libxc-kernel-gga-18@0.1.0","license":null,"license_file":null,"description":null,"source":null,"dependencies":[{"name":"cubecl","source":"registry+https://github.com/rust-lang/crates.io-index","req":"^0.9.0","kind":null,"rename":null,"optional":false,"uses_default_features":false,"features":["cpu"],"target":null,"registry":null},{"name":"libxc-kernel-math","source":null,"req":"*","kind":null,"rename":null,"optional":false,"uses_default_features":true,"features":[],"target":null,"registry":null,"path":"/home/chemtech/workspace/libxc_rs/crates/kernel-math"}],"targets":[{"kind":["lib"],"crate_types":["lib"],"name":"libxc_kernel_gga_18","src_path":"/home/chemtech/workspace/libxc_rs/crates/kernel-gga-18/src/lib.rs","edition":"2024","doc":true,"doctest":true,"test":true}],"features":{},"manifest_path":"/home/chemtech/workspace/libxc_rs/crates/kernel-gga-18/Cargo.toml","metadata":null,"publish":null,"authors":[],"categories":[],"keywords":[],"readme":null,"repository":null,"homepage":null,"documentation":null,"edition":"2024","links":null,"default_run":null,"rust_version":null},{"name":"libxc-kernel-gga-19","version":"0.1.0","id":"path+file:///home/chemtech/workspace/libxc_rs/crates/kernel-gga-19#libxc-kernel-gga-19@0.1.0","license":null,"license_file":null,"description":null,"source":null,"dependencies":[{"name":"cubecl","source":"registry+https://github.com/rust-lang/crates.io-index","req":"^0.9.0","kind":null,"rename":null,"optional":false,"uses_default_features":false,"features":["cpu"],"target":null,"registry":null},{"name":"libxc-kernel-math","source":null,"req":"*","kind":null,"rename":null,"optional":false,"uses_default_features":true,"features":[],"target":null,"registry":null,"path":"/home/chemtech/workspace/libxc_rs/crates/kernel-math"}],"targets":[{"kind":["lib"],"crate_types":["lib"],"name":"libxc_kernel_gga_19","src_path":"/home/chemtech/workspace/libxc_rs/crates/kernel-gga-19/src/lib.rs","edition":"2024","doc":true,"doctest":true,"test":true}],"features":{},"manifest_path":"/home/chemtech/workspace/libxc_rs/crates/kernel-gga-19/Cargo.toml","metadata":null,"publish":null,"authors":[],"categories":[],"keywords":[],"readme":null,"repository":null,"homepage":null,"documentation":null,"edition":"2024","links":null,"default_run":null,"rust_version":null},{"name":"libxc-kernel-gga-1a","version":"0.1.0","id":"path+file:///home/chemtech/workspace/libxc_rs/crates/kernel-gga-1a#libxc-kernel-gga-1a@0.1.0","license":null,"license_file":null,"description":null,"source":null,"dependencies":[{"name":"cubecl","source":"registry+https://github.com/rust-lang/crates.io-index","req":"^0.9.0","kind":null,"rename":null,"optional":false,"uses_default_features":false,"features":["cpu"],"target":null,"registry":null},{"name":"libxc-kernel-math","source":null,"req":"*","kind":null,"rename":null,"optional":false,"uses_default_features":true,"features":[],"target":null,"registry":null,"path":"/home/chemtech/workspace/libxc_rs/crates/kernel-math"}],"targets":[{"kind":["lib"],"crate_types":["lib"],"name":"libxc_kernel_gga_1a","src_path":"/home/chemtech/workspace/libxc_rs/crates/kernel-gga-1a/src/lib.rs","edition":"2024","doc":true,"doctest":true,"test":true}],"features":{},"manifest_path":"/home/chemtech/workspace/libxc_rs/crates/kernel-gga-1a/Cargo.toml","metadata":null,"publish":null,"authors":[],"categories":[],"keywords":[],"readme":null,"repository":null,"homepage":null,"documentation":null,"edition":"2024","links":null,"default_run":null,"rust_version":null},{"name":"libxc-kernel-gga-1b","version":"0.1.0","id":"path+file:///home/chemtech/workspace/libxc_rs/crates/kernel-gga-1b#libxc-kernel-gga-1b@0.1.0","license":null,"license_file":null,"description":null,"source":null,"dependencies":[{"name":"cubecl","source":"registry+https://github.com/rust-lang/crates.io-index","req":"^0.9.0","kind":null,"rename":null,"optional":false,"uses_default_features":false,"features":["cpu"],"target":null,"registry":null},{"name":"libxc-kernel-math","source":null,"req":"*","kind":null,"rename":null,"optional":false,"uses_default_features":true,"features":[],"target":null,"registry":null,"path":"/home/chemtech/workspace/libxc_rs/crates/kernel-math"}],"targets":[{"kind":["lib"],"crate_types":["lib"],"name":"libxc_kernel_gga_1b","src_path":"/home/chemtech/workspace/libxc_rs/crates/kernel-gga-1b/src/lib.rs","edition":"2024","doc":true,"doctest":true,"test":true}],"features":{},"manifest_path":"/home/chemtech/workspace/libxc_rs/crates/kernel-gga-1b/Cargo.toml","metadata":null,"publish":null,"authors":[],"categories":[],"keywords":[],"readme":null,"repository":null,"homepage":null,"documentation":null,"edition":"2024","links":null,"default_run":null,"rust_version":null},{"name":"libxc-kernel-gga-1c","version":"0.1.0","id":"path+file:///home/chemtech/workspace/libxc_rs/crates/kernel-gga-1c#libxc-kernel-gga-1c@0.1.0","license":null,"license_file":null,"description":null,"source":null,"dependencies":[{"name":"cubecl","source":"registry+https://github.com/rust-lang/crates.io-index","req":"^0.9.0","kind":null,"rename":null,"optional":false,"uses_default_features":false,"features":["cpu"],"target":null,"registry":null},{"name":"libxc-kernel-math","source":null,"req":"*","kind":null,"rename":null,"optional":false,"uses_default_features":true,"features":[],"target":null,"registry":null,"path":"/home/chemtech/workspace/libxc_rs/crates/kernel-math"}],"targets":[{"kind":["lib"],"crate_types":["lib"],"name":"libxc_kernel_gga_1c","src_path":"/home/chemtech/workspace/libxc_rs/crates/kernel-gga-1c/src/lib.rs","edition":"2024","doc":true,"doctest":true,"test":true}],"features":{},"manifest_path":"/home/chemtech/workspace/libxc_rs/crates/kernel-gga-1c/Cargo.toml","metadata":null,"publish":null,"authors":[],"categories":[],"keywords":[],"readme":null,"repository":null,"homepage":null,"documentation":null,"edition":"2024","links":null,"default_run":null,"rust_version":null},{"name":"libxc-kernel-gga-1d","version":"0.1.0","id":"path+file:///home/chemtech/workspace/libxc_rs/crates/kernel-gga-1d#libxc-kernel-gga-1d@0.1.0","license":null,"license_file":null,"description":null,"source":null,"dependencies":[{"name":"cubecl","source":"registry+https://github.com/rust-lang/crates.io-index","req":"^0.9.0","kind":null,"rename":null,"optional":false,"uses_default_features":false,"features":["cpu"],"target":null,"registry":null},{"name":"libxc-kernel-math","source":null,"req":"*","kind":null,"rename":null,"optional":false,"uses_default_features":true,"features":[],"target":null,"registry":null,"path":"/home/chemtech/workspace/libxc_rs/crates/kernel-math"}],"targets":[{"kind":["lib"],"crate_types":["lib"],"name":"libxc_kernel_gga_1d","src_path":"/home/chemtech/workspace/libxc_rs/crates/kernel-gga-1d/src/lib.rs","edition":"2024","doc":true,"doctest":true,"test":true}],"features":{},"manifest_path":"/home/chemtech/workspace/libxc_rs/crates/kernel-gga-1d/Cargo.toml","metadata":null,"publish":null,"authors":[],"categories":[],"keywords":[],"readme":null,"repository":null,"homepage":null,"documentation":null,"edition":"2024","links":null,"default_run":null,"rust_version":null},{"name":"libxc-kernel-gga-20","version":"0.1.0","id":"path+file:///home/chemtech/workspace/libxc_rs/crates/kernel-gga-20#libxc-kernel-gga-20@0.1.0","license":null,"license_file":null,"description":null,"source":null,"dependencies":[{"name":"cubecl","source":"registry+https://github.com/rust-lang/crates.io-index","req":"^0.9.0","kind":null,"rename":null,"optional":false,"uses_default_features":false,"features":["cpu"],"target":null,"registry":null},{"name":"libxc-kernel-math","source":null,"req":"*","kind":null,"rename":null,"optional":false,"uses_default_features":true,"features":[],"target":null,"registry":null,"path":"/home/chemtech/workspace/libxc_rs/crates/kernel-math"}],"targets":[{"kind":["lib"],"crate_types":["lib"],"name":"libxc_kernel_gga_20","src_path":"/home/chemtech/workspace/libxc_rs/crates/kernel-gga-20/src/lib.rs","edition":"2024","doc":true,"doctest":true,"test":true}],"features":{},"manifest_path":"/home/chemtech/workspace/libxc_rs/crates/kernel-gga-20/Cargo.toml","metadata":null,"publish":null,"authors":[],"categories":[],"keywords":[],"readme":null,"repository":null,"homepage":null,"documentation":null,"edition":"2024","links":null,"default_run":null,"rust_version":null},{"name":"libxc-kernel-gga-21","version":"0.1.0","id":"path+file:///home/chemtech/workspace/libxc_rs/crates/kernel-gga-21#libxc-kernel-gga-21@0.1.0","license":null,"license_file":null,"description":null,"source":null,"dependencies":[{"name":"cubecl","source":"registry+https://github.com/rust-lang/crates.io-index","req":"^0.9.0","kind":null,"rename":null,"optional":false,"uses_default_features":false,"features":["cpu"],"target":null,"registry":null},{"name":"libxc-kernel-math","source":null,"req":"*","kind":null,"rename":null,"optional":false,"uses_default_features":true,"features":[],"target":null,"registry":null,"path":"/home/chemtech/workspace/libxc_rs/crates/kernel-math"}],"targets":[{"kind":["lib"],"crate_types":["lib"],"name":"libxc_kernel_gga_21","src_path":"/home/chemtech/workspace/libxc_rs/crates/kernel-gga-21/src/lib.rs","edition":"2024","doc":true,"doctest":true,"test":true}],"features":{},"manifest_path":"/home/chemtech/workspace/libxc_rs/crates/kernel-gga-21/Cargo.toml","metadata":null,"publish":null,"authors":[],"categories":[],"keywords":[],"readme":null,"repository":null,"homepage":null,"documentation":null,"edition":"2024","links":null,"default_run":null,"rust_version":null},{"name":"libxc-kernel-gga-22","version":"0.1.0","id":"path+file:///home/chemtech/workspace/libxc_rs/crates/kernel-gga-22#libxc-kernel-gga-22@0.1.0","license":null,"license_file":null,"description":null,"source":null,"dependencies":[{"name":"cubecl","source":"registry+https://github.com/rust-lang/crates.io-index","req":"^0.9.0","kind":null,"rename":null,"optional":false,"uses_default_features":false,"features":["cpu"],"target":null,"registry":null},{"name":"libxc-kernel-math","source":null,"req":"*","kind":null,"rename":null,"optional":false,"uses_default_features":true,"features":[],"target":null,"registry":null,"path":"/home/chemtech/workspace/libxc_rs/crates/kernel-math"}],"targets":[{"kind":["lib"],"crate_types":["lib"],"name":"libxc_kernel_gga_22","src_path":"/home/chemtech/workspace/libxc_rs/crates/kernel-gga-22/src/lib.rs","edition":"2024","doc":true,"doctest":true,"test":true}],"features":{},"manifest_path":"/home/chemtech/workspace/libxc_rs/crates/kernel-gga-22/Cargo.toml","metadata":null,"publish":null,"authors":[],"categories":[],"keywords":[],"readme":null,"repository":null,"homepage":null,"documentation":null,"edition":"2024","links":null,"default_run":null,"rust_version":null},{"name":"libxc-kernel-gga-2a","version":"0.1.0","id":"path+file:///home/chemtech/workspace/libxc_rs/crates/kernel-gga-2a#libxc-kernel-gga-2a@0.1.0","license":null,"license_file":null,"description":null,"source":null,"dependencies":[{"name":"cubecl","source":"registry+https://github.com/rust-lang/crates.io-index","req":"^0.9.0","kind":null,"rename":null,"optional":false,"uses_default_features":false,"features":["cpu"],"target":null,"registry":null},{"name":"libxc-kernel-math","source":null,"req":"*","kind":null,"rename":null,"optional":false,"uses_default_features":true,"features":[],"target":null,"registry":null,"path":"/home/chemtech/workspace/libxc_rs/crates/kernel-math"}],"targets":[{"kind":["lib"],"crate_types":["lib"],"name":"libxc_kernel_gga_2a","src_path":"/home/chemtech/workspace/libxc_rs/crates/kernel-gga-2a/src/lib.rs","edition":"2024","doc":true,"doctest":true,"test":true}],"features":{},"manifest_path":"/home/chemtech/workspace/libxc_rs/crates/kernel-gga-2a/Cargo.toml","metadata":null,"publish":null,"authors":[],"categories":[],"keywords":[],"readme":null,"repository":null,"homepage":null,"documentation":null,"edition":"2024","links":null,"default_run":null,"rust_version":null},{"name":"libxc-kernel-gga-2b","version":"0.1.0","id":"path+file:///home/chemtech/workspace/libxc_rs/crates/kernel-gga-2b#libxc-kernel-gga-2b@0.1.0","license":null,"license_file":null,"description":null,"source":null,"dependencies":[{"name":"cubecl","source":"registry+https://github.com/rust-lang/crates.io-index","req":"^0.9.0","kind":null,"rename":null,"optional":false,"uses_default_features":false,"features":["cpu"],"target":null,"registry":null},{"name":"libxc-kernel-math","source":null,"req":"*","kind":null,"rename":null,"optional":false,"uses_default_features":true,"features":[],"target":null,"registry":null,"path":"/home/chemtech/workspace/libxc_rs/crates/kernel-math"}],"targets":[{"kind":["lib"],"crate_types":["lib"],"name":"libxc_kernel_gga_2b","src_path":"/home/chemtech/workspace/libxc_rs/crates/kernel-gga-2b/src/lib.rs","edition":"2024","doc":true,"doctest":true,"test":true}],"features":{},"manifest_path":"/home/chemtech/workspace/libxc_rs/crates/kernel-gga-2b/Cargo.toml","metadata":null,"publish":null,"authors":[],"categories":[],"keywords":[],"readme":null,"repository":null,"homepage":null,"documentation":null,"edition":"2024","links":null,"default_run":null,"rust_version":null},{"name":"libxc-kernel-gga-2c","version":"0.1.0","id":"path+file:///home/chemtech/workspace/libxc_rs/crates/kernel-gga-2c#libxc-kernel-gga-2c@0.1.0","license":null,"license_file":null,"description":null,"source":null,"dependencies":[{"name":"cubecl","source":"registry+https://github.com/rust-lang/crates.io-index","req":"^0.9.0","kind":null,"rename":null,"optional":false,"uses_default_features":false,"features":["cpu"],"target":null,"registry":null},{"name":"libxc-kernel-math","source":null,"req":"*","kind":null,"rename":null,"optional":false,"uses_default_features":true,"features":[],"target":null,"registry":null,"path":"/home/chemtech/workspace/libxc_rs/crates/kernel-math"}],"targets":[{"kind":["lib"],"crate_types":["lib"],"name":"libxc_kernel_gga_2c","src_path":"/home/chemtech/workspace/libxc_rs/crates/kernel-gga-2c/src/lib.rs","edition":"2024","doc":true,"doctest":true,"test":true}],"features":{},"manifest_path":"/home/chemtech/workspace/libxc_rs/crates/kernel-gga-2c/Cargo.toml","metadata":null,"publish":null,"authors":[],"categories":[],"keywords":[],"readme":null,"repository":null,"homepage":null,"documentation":null,"edition":"2024","links":null,"default_run":null,"rust_version":null},{"name":"libxc-kernel-gga-2d","version":"0.1.0","id":"path+file:///home/chemtech/workspace/libxc_rs/crates/kernel-gga-2d#libxc-kernel-gga-2d@0.1.0","license":null,"license_file":null,"description":null,"source":null,"dependencies":[{"name":"cubecl","source":"registry+https://github.com/rust-lang/crates.io-index","req":"^0.9.0","kind":null,"rename":null,"optional":false,"uses_default_features":false,"features":["cpu"],"target":null,"registry":null},{"name":"libxc-kernel-math","source":null,"req":"*","kind":null,"rename":null,"optional":false,"uses_default_features":true,"features":[],"target":null,"registry":null,"path":"/home/chemtech/workspace/libxc_rs/crates/kernel-math"}],"targets":[{"kind":["lib"],"crate_types":["lib"],"name":"libxc_kernel_gga_2d","src_path":"/home/chemtech/workspace/libxc_rs/crates/kernel-gga-2d/src/lib.rs","edition":"2024","doc":true,"doctest":true,"test":true}],"features":{},"manifest_path":"/home/chemtech/workspace/libxc_rs/crates/kernel-gga-2d/Cargo.toml","metadata":null,"publish":null,"authors":[],"categories":[],"keywords":[],"readme":null,"repository":null,"homepage":null,"documentation":null,"edition":"2024","links":null,"default_run":null,"rust_version":null},{"name":"libxc-kernel-gga-3a","version":"0.1.0","id":"path+file:///home/chemtech/workspace/libxc_rs/crates/kernel-gga-3a#libxc-kernel-gga-3a@0.1.0","license":null,"license_file":null,"description":null,"source":null,"dependencies":[{"name":"cubecl","source":"registry+https://github.com/rust-lang/crates.io-index","req":"^0.9.0","kind":null,"rename":null,"optional":false,"uses_default_features":false,"features":["cpu"],"target":null,"registry":null},{"name":"libxc-kernel-math","source":null,"req":"*","kind":null,"rename":null,"optional":false,"uses_default_features":true,"features":[],"target":null,"registry":null,"path":"/home/chemtech/workspace/libxc_rs/crates/kernel-math"}],"targets":[{"kind":["lib"],"crate_types":["lib"],"name":"libxc_kernel_gga_3a","src_path":"/home/chemtech/workspace/libxc_rs/crates/kernel-gga-3a/src/lib.rs","edition":"2024","doc":true,"doctest":true,"test":true}],"features":{},"manifest_path":"/home/chemtech/workspace/libxc_rs/crates/kernel-gga-3a/Cargo.toml","metadata":null,"publish":null,"authors":[],"categories":[],"keywords":[],"readme":null,"repository":null,"homepage":null,"documentation":null,"edition":"2024","links":null,"default_run":null,"rust_version":null},{"name":"libxc-kernel-gga-3b","version":"0.1.0","id":"path+file:///home/chemtech/workspace/libxc_rs/crates/kernel-gga-3b#libxc-kernel-gga-3b@0.1.0","license":null,"license_file":null,"description":null,"source":null,"dependencies":[{"name":"cubecl","source":"registry+https://github.com/rust-lang/crates.io-index","req":"^0.9.0","kind":null,"rename":null,"optional":false,"uses_default_features":false,"features":["cpu"],"target":null,"registry":null},{"name":"libxc-kernel-math","source":null,"req":"*","kind":null,"rename":null,"optional":false,"uses_default_features":true,"features":[],"target":null,"registry":null,"path":"/home/chemtech/workspace/libxc_rs/crates/kernel-math"}],"targets":[{"kind":["lib"],"crate_types":["lib"],"name":"libxc_kernel_gga_3b","src_path":"/home/chemtech/workspace/libxc_rs/crates/kernel-gga-3b/src/lib.rs","edition":"2024","doc":true,"doctest":true,"test":true}],"features":{},"manifest_path":"/home/chemtech/workspace/libxc_rs/crates/kernel-gga-3b/Cargo.toml","metadata":null,"publish":null,"authors":[],"categories":[],"keywords":[],"readme":null,"repository":null,"homepage":null,"documentation":null,"edition":"2024","links":null,"default_run":null,"rust_version":null},{"name":"libxc-kernel-gga-3c","version":"0.1.0","id":"path+file:///home/chemtech/workspace/libxc_rs/crates/kernel-gga-3c#libxc-kernel-gga-3c@0.1.0","license":null,"license_file":null,"description":null,"source":null,"dependencies":[{"name":"cubecl","source":"registry+https://github.com/rust-lang/crates.io-index","req":"^0.9.0","kind":null,"rename":null,"optional":false,"uses_default_features":false,"features":["cpu"],"target":null,"registry":null},{"name":"libxc-kernel-math","source":null,"req":"*","kind":null,"rename":null,"optional":false,"uses_default_features":true,"features":[],"target":null,"registry":null,"path":"/home/chemtech/workspace/libxc_rs/crates/kernel-math"}],"targets":[{"kind":["lib"],"crate_types":["lib"],"name":"libxc_kernel_gga_3c","src_path":"/home/chemtech/workspace/libxc_rs/crates/kernel-gga-3c/src/lib.rs","edition":"2024","doc":true,"doctest":true,"test":true}],"features":{},"manifest_path":"/home/chemtech/workspace/libxc_rs/crates/kernel-gga-3c/Cargo.toml","metadata":null,"publish":null,"authors":[],"categories":[],"keywords":[],"readme":null,"repository":null,"homepage":null,"documentation":null,"edition":"2024","links":null,"default_run":null,"rust_version":null},{"name":"libxc-kernel-gga-3d","version":"0.1.0","id":"path+file:///home/chemtech/workspace/libxc_rs/crates/kernel-gga-3d#libxc-kernel-gga-3d@0.1.0","license":null,"license_file":null,"description":null,"source":null,"dependencies":[{"name":"cubecl","source":"registry+https://github.com/rust-lang/crates.io-index","req":"^0.9.0","kind":null,"rename":null,"optional":false,"uses_default_features":false,"features":["cpu"],"target":null,"registry":null},{"name":"libxc-kernel-math","source":null,"req":"*","kind":null,"rename":null,"optional":false,"uses_default_features":true,"features":[],"target":null,"registry":null,"path":"/home/chemtech/workspace/libxc_rs/crates/kernel-math"}],"targets":[{"kind":["lib"],"crate_types":["lib"],"name":"libxc_kernel_gga_3d","src_path":"/home/chemtech/workspace/libxc_rs/crates/kernel-gga-3d/src/lib.rs","edition":"2024","doc":true,"doctest":true,"test":true}],"features":{},"manifest_path":"/home/chemtech/workspace/libxc_rs/crates/kernel-gga-3d/Cargo.toml","metadata":null,"publish":null,"authors":[],"categories":[],"keywords":[],"readme":null,"repository":null,"homepage":null,"documentation":null,"edition":"2024","links":null,"default_run":null,"rust_version":null},{"name":"libxc-kernel-gga-3e","version":"0.1.0","id":"path+file:///home/chemtech/workspace/libxc_rs/crates/kernel-gga-3e#libxc-kernel-gga-3e@0.1.0","license":null,"license_file":null,"description":null,"source":null,"dependencies":[{"name":"cubecl","source":"registry+https://github.com/rust-lang/crates.io-index","req":"^0.9.0","kind":null,"rename":null,"optional":false,"uses_default_features":false,"features":["cpu"],"target":null,"registry":null},{"name":"libxc-kernel-math","source":null,"req":"*","kind":null,"rename":null,"optional":false,"uses_default_features":true,"features":[],"target":null,"registry":null,"path":"/home/chemtech/workspace/libxc_rs/crates/kernel-math"}],"targets":[{"kind":["lib"],"crate_types":["lib"],"name":"libxc_kernel_gga_3e","src_path":"/home/chemtech/workspace/libxc_rs/crates/kernel-gga-3e/src/lib.rs","edition":"2024","doc":true,"doctest":true,"test":true}],"features":{},"manifest_path":"/home/chemtech/workspace/libxc_rs/crates/kernel-gga-3e/Cargo.toml","metadata":null,"publish":null,"authors":[],"categories":[],"keywords":[],"readme":null,"repository":null,"homepage":null,"documentation":null,"edition":"2024","links":null,"default_run":null,"rust_version":null},{"name":"libxc-kernel-gga-4a","version":"0.1.0","id":"path+file:///home/chemtech/workspace/libxc_rs/crates/kernel-gga-4a#libxc-kernel-gga-4a@0.1.0","license":null,"license_file":null,"description":null,"source":null,"dependencies":[{"name":"cubecl","source":"registry+https://github.com/rust-lang/crates.io-index","req":"^0.9.0","kind":null,"rename":null,"optional":false,"uses_default_features":false,"features":["cpu"],"target":null,"registry":null},{"name":"libxc-kernel-math","source":null,"req":"*","kind":null,"rename":null,"optional":false,"uses_default_features":true,"features":[],"target":null,"registry":null,"path":"/home/chemtech/workspace/libxc_rs/crates/kernel-math"}],"targets":[{"kind":["lib"],"crate_types":["lib"],"name":"libxc_kernel_gga_4a","src_path":"/home/chemtech/workspace/libxc_rs/crates/kernel-gga-4a/src/lib.rs","edition":"2024","doc":true,"doctest":true,"test":true}],"features":{},"manifest_path":"/home/chemtech/workspace/libxc_rs/crates/kernel-gga-4a/Cargo.toml","metadata":null,"publish":null,"authors":[],"categories":[],"keywords":[],"readme":null,"repository":null,"homepage":null,"documentation":null,"edition":"2024","links":null,"default_run":null,"rust_version":null},{"name":"libxc-kernel-gga-4b","version":"0.1.0","id":"path+file:///home/chemtech/workspace/libxc_rs/crates/kernel-gga-4b#libxc-kernel-gga-4b@0.1.0","license":null,"license_file":null,"description":null,"source":null,"dependencies":[{"name":"cubecl","source":"registry+https://github.com/rust-lang/crates.io-index","req":"^0.9.0","kind":null,"rename":null,"optional":false,"uses_default_features":false,"features":["cpu"],"target":null,"registry":null},{"name":"libxc-kernel-math","source":null,"req":"*","kind":null,"rename":null,"optional":false,"uses_default_features":true,"features":[],"target":null,"registry":null,"path":"/home/chemtech/workspace/libxc_rs/crates/kernel-math"}],"targets":[{"kind":["lib"],"crate_types":["lib"],"name":"libxc_kernel_gga_4b","src_path":"/home/chemtech/workspace/libxc_rs/crates/kernel-gga-4b/src/lib.rs","edition":"2024","doc":true,"doctest":true,"test":true}],"features":{},"manifest_path":"/home/chemtech/workspace/libxc_rs/crates/kernel-gga-4b/Cargo.toml","metadata":null,"publish":null,"authors":[],"categories":[],"keywords":[],"readme":null,"repository":null,"homepage":null,"documentation":null,"edition":"2024","links":null,"default_run":null,"rust_version":null},{"name":"libxc-kernel-gga-4c","version":"0.1.0","id":"path+file:///home/chemtech/workspace/libxc_rs/crates/kernel-gga-4c#libxc-kernel-gga-4c@0.1.0","license":null,"license_file":null,"description":null,"source":null,"dependencies":[{"name":"cubecl","source":"registry+https://github.com/rust-lang/crates.io-index","req":"^0.9.0","kind":null,"rename":null,"optional":false,"uses_default_features":false,"features":["cpu"],"target":null,"registry":null},{"name":"libxc-kernel-math","source":null,"req":"*","kind":null,"rename":null,"optional":false,"uses_default_features":true,"features":[],"target":null,"registry":null,"path":"/home/chemtech/workspace/libxc_rs/crates/kernel-math"}],"targets":[{"kind":["lib"],"crate_types":["lib"],"name":"libxc_kernel_gga_4c","src_path":"/home/chemtech/workspace/libxc_rs/crates/kernel-gga-4c/src/lib.rs","edition":"2024","doc":true,"doctest":true,"test":true}],"features":{},"manifest_path":"/home/chemtech/workspace/libxc_rs/crates/kernel-gga-4c/Cargo.toml","metadata":null,"publish":null,"authors":[],"categories":[],"keywords":[],"readme":null,"repository":null,"homepage":null,"documentation":null,"edition":"2024","links":null,"default_run":null,"rust_version":null},{"name":"libxc-kernel-gga-4d","version":"0.1.0","id":"path+file:///home/chemtech/workspace/libxc_rs/crates/kernel-gga-4d#libxc-kernel-gga-4d@0.1.0","license":null,"license_file":null,"description":null,"source":null,"dependencies":[{"name":"cubecl","source":"registry+https://github.com/rust-lang/crates.io-index","req":"^0.9.0","kind":null,"rename":null,"optional":false,"uses_default_features":false,"features":["cpu"],"target":null,"registry":null},{"name":"libxc-kernel-math","source":null,"req":"*","kind":null,"rename":null,"optional":false,"uses_default_features":true,"features":[],"target":null,"registry":null,"path":"/home/chemtech/workspace/libxc_rs/crates/kernel-math"}],"targets":[{"kind":["lib"],"crate_types":["lib"],"name":"libxc_kernel_gga_4d","src_path":"/home/chemtech/workspace/libxc_rs/crates/kernel-gga-4d/src/lib.rs","edition":"2024","doc":true,"doctest":true,"test":true}],"features":{},"manifest_path":"/home/chemtech/workspace/libxc_rs/crates/kernel-gga-4d/Cargo.toml","metadata":null,"publish":null,"authors":[],"categories":[],"keywords":[],"readme":null,"repository":null,"homepage":null,"documentation":null,"edition":"2024","links":null,"default_run":null,"rust_version":null},{"name":"libxc-kernel-gga-4e","version":"0.1.0","id":"path+file:///home/chemtech/workspace/libxc_rs/crates/kernel-gga-4e#libxc-kernel-gga-4e@0.1.0","license":null,"license_file":null,"description":null,"source":null,"dependencies":[{"name":"cubecl","source":"registry+https://github.com/rust-lang/crates.io-index","req":"^0.9.0","kind":null,"rename":null,"optional":false,"uses_default_features":false,"features":["cpu"],"target":null,"registry":null},{"name":"libxc-kernel-math","source":null,"req":"*","kind":null,"rename":null,"optional":false,"uses_default_features":true,"features":[],"target":null,"registry":null,"path":"/home/chemtech/workspace/libxc_rs/crates/kernel-math"}],"targets":[{"kind":["lib"],"crate_types":["lib"],"name":"libxc_kernel_gga_4e","src_path":"/home/chemtech/workspace/libxc_rs/crates/kernel-gga-4e/src/lib.rs","edition":"2024","doc":true,"doctest":true,"test":true}],"features":{},"manifest_path":"/home/chemtech/workspace/libxc_rs/crates/kernel-gga-4e/Cargo.toml","metadata":null,"publish":null,"authors":[],"categories":[],"keywords":[],"readme":null,"repository":null,"homepage":null,"documentation":null,"edition":"2024","links":null,"default_run":null,"rust_version":null},{"name":"libxc-kernel-gga-4f","version":"0.1.0","id":"path+file:///home/chemtech/workspace/libxc_rs/crates/kernel-gga-4f#libxc-kernel-gga-4f@0.1.0","license":null,"license_file":null,"description":null,"source":null,"dependencies":[{"name":"cubecl","source":"registry+https://github.com/rust-lang/crates.io-index","req":"^0.9.0","kind":null,"rename":null,"optional":false,"uses_default_features":false,"features":["cpu"],"target":null,"registry":null},{"name":"libxc-kernel-math","source":null,"req":"*","kind":null,"rename":null,"optional":false,"uses_default_features":true,"features":[],"target":null,"registry":null,"path":"/home/chemtech/workspace/libxc_rs/crates/kernel-math"}],"targets":[{"kind":["lib"],"crate_types":["lib"],"name":"libxc_kernel_gga_4f","src_path":"/home/chemtech/workspace/libxc_rs/crates/kernel-gga-4f/src/lib.rs","edition":"2024","doc":true,"doctest":true,"test":true}],"features":{},"manifest_path":"/home/chemtech/workspace/libxc_rs/crates/kernel-gga-4f/Cargo.toml","metadata":null,"publish":null,"authors":[],"categories":[],"keywords":[],"readme":null,"repository":null,"homepage":null,"documentation":null,"edition":"2024","links":null,"default_run":null,"rust_version":null},{"name":"libxc-kernel-gga-4g","version":"0.1.0","id":"path+file:///home/chemtech/workspace/libxc_rs/crates/kernel-gga-4g#libxc-kernel-gga-4g@0.1.0","license":null,"license_file":null,"description":null,"source":null,"dependencies":[{"name":"cubecl","source":"registry+https://github.com/rust-lang/crates.io-index","req":"^0.9.0","kind":null,"rename":null,"optional":false,"uses_default_features":false,"features":["cpu"],"target":null,"registry":null},{"name":"libxc-kernel-math","source":null,"req":"*","kind":null,"rename":null,"optional":false,"uses_default_features":true,"features":[],"target":null,"registry":null,"path":"/home/chemtech/workspace/libxc_rs/crates/kernel-math"}],"targets":[{"kind":["lib"],"crate_types":["lib"],"name":"libxc_kernel_gga_4g","src_path":"/home/chemtech/workspace/libxc_rs/crates/kernel-gga-4g/src/lib.rs","edition":"2024","doc":true,"doctest":true,"test":true}],"features":{},"manifest_path":"/home/chemtech/workspace/libxc_rs/crates/kernel-gga-4g/Cargo.toml","metadata":null,"publish":null,"authors":[],"categories":[],"keywords":[],"readme":null,"repository":null,"homepage":null,"documentation":null,"edition":"2024","links":null,"default_run":null,"rust_version":null},{"name":"libxc-kernel-gga-5a","version":"0.1.0","id":"path+file:///home/chemtech/workspace/libxc_rs/crates/kernel-gga-5a#libxc-kernel-gga-5a@0.1.0","license":null,"license_file":null,"description":null,"source":null,"dependencies":[{"name":"cubecl","source":"registry+https://github.com/rust-lang/crates.io-index","req":"^0.9.0","kind":null,"rename":null,"optional":false,"uses_default_features":false,"features":["cpu"],"target":null,"registry":null},{"name":"libxc-kernel-math","source":null,"req":"*","kind":null,"rename":null,"optional":false,"uses_default_features":true,"features":[],"target":null,"registry":null,"path":"/home/chemtech/workspace/libxc_rs/crates/kernel-math"}],"targets":[{"kind":["lib"],"crate_types":["lib"],"name":"libxc_kernel_gga_5a","src_path":"/home/chemtech/workspace/libxc_rs/crates/kernel-gga-5a/src/lib.rs","edition":"2024","doc":true,"doctest":true,"test":true}],"features":{},"manifest_path":"/home/chemtech/workspace/libxc_rs/crates/kernel-gga-5a/Cargo.toml","metadata":null,"publish":null,"authors":[],"categories":[],"keywords":[],"readme":null,"repository":null,"homepage":null,"documentation":null,"edition":"2024","links":null,"default_run":null,"rust_version":null},{"name":"libxc-kernel-gga-5b","version":"0.1.0","id":"path+file:///home/chemtech/workspace/libxc_rs/crates/kernel-gga-5b#libxc-kernel-gga-5b@0.1.0","license":null,"license_file":null,"description":null,"source":null,"dependencies":[{"name":"cubecl","source":"registry+https://github.com/rust-lang/crates.io-index","req":"^0.9.0","kind":null,"rename":null,"optional":false,"uses_default_features":false,"features":["cpu"],"target":null,"registry":null},{"name":"libxc-kernel-math","source":null,"req":"*","kind":null,"rename":null,"optional":false,"uses_default_features":true,"features":[],"target":null,"registry":null,"path":"/home/chemtech/workspace/libxc_rs/crates/kernel-math"}],"targets":[{"kind":["lib"],"crate_types":["lib"],"name":"libxc_kernel_gga_5b","src_path":"/home/chemtech/workspace/libxc_rs/crates/kernel-gga-5b/src/lib.rs","edition":"2024","doc":true,"doctest":true,"test":true}],"features":{},"manifest_path":"/home/chemtech/workspace/libxc_rs/crates/kernel-gga-5b/Cargo.toml","metadata":null,"publish":null,"authors":[],"categories":[],"keywords":[],"readme":null,"repository":null,"homepage":null,"documentation":null,"edition":"2024","links":null,"default_run":null,"rust_version":null},{"name":"libxc-kernel-gga-5c","version":"0.1.0","id":"path+file:///home/chemtech/workspace/libxc_rs/crates/kernel-gga-5c#libxc-kernel-gga-5c@0.1.0","license":null,"license_file":null,"description":null,"source":null,"dependencies":[{"name":"cubecl","source":"registry+https://github.com/rust-lang/crates.io-index","req":"^0.9.0","kind":null,"rename":null,"optional":false,"uses_default_features":false,"features":["cpu"],"target":null,"registry":null},{"name":"libxc-kernel-math","source":null,"req":"*","kind":null,"rename":null,"optional":false,"uses_default_features":true,"features":[],"target":null,"registry":null,"path":"/home/chemtech/workspace/libxc_rs/crates/kernel-math"}],"targets":[{"kind":["lib"],"crate_types":["lib"],"name":"libxc_kernel_gga_5c","src_path":"/home/chemtech/workspace/libxc_rs/crates/kernel-gga-5c/src/lib.rs","edition":"2024","doc":true,"doctest":true,"test":true}],"features":{},"manifest_path":"/home/chemtech/workspace/libxc_rs/crates/kernel-gga-5c/Cargo.toml","metadata":null,"publish":null,"authors":[],"categories":[],"keywords":[],"readme":null,"repository":null,"homepage":null,"documentation":null,"edition":"2024","links":null,"default_run":null,"rust_version":null},{"name":"libxc-kernel-gga-5d","version":"0.1.0","id":"path+file:///home/chemtech/workspace/libxc_rs/crates/kernel-gga-5d#libxc-kernel-gga-5d@0.1.0","license":null,"license_file":null,"description":null,"source":null,"dependencies":[{"name":"cubecl","source":"registry+https://github.com/rust-lang/crates.io-index","req":"^0.9.0","kind":null,"rename":null,"optional":false,"uses_default_features":false,"features":["cpu"],"target":null,"registry":null},{"name":"libxc-kernel-math","source":null,"req":"*","kind":null,"rename":null,"optional":false,"uses_default_features":true,"features":[],"target":null,"registry":null,"path":"/home/chemtech/workspace/libxc_rs/crates/kernel-math"}],"targets":[{"kind":["lib"],"crate_types":["lib"],"name":"libxc_kernel_gga_5d","src_path":"/home/chemtech/workspace/libxc_rs/crates/kernel-gga-5d/src/lib.rs","edition":"2024","doc":true,"doctest":true,"test":true}],"features":{},"manifest_path":"/home/chemtech/workspace/libxc_rs/crates/kernel-gga-5d/Cargo.toml","metadata":null,"publish":null,"authors":[],"categories":[],"keywords":[],"readme":null,"repository":null,"homepage":null,"documentation":null,"edition":"2024","links":null,"default_run":null,"rust_version":null},{"name":"libxc-kernel-gga-5e","version":"0.1.0","id":"path+file:///home/chemtech/workspace/libxc_rs/crates/kernel-gga-5e#libxc-kernel-gga-5e@0.1.0","license":null,"license_file":null,"description":null,"source":null,"dependencies":[{"name":"cubecl","source":"registry+https://github.com/rust-lang/crates.io-index","req":"^0.9.0","kind":null,"rename":null,"optional":false,"uses_default_features":false,"features":["cpu"],"target":null,"registry":null},{"name":"libxc-kernel-math","source":null,"req":"*","kind":null,"rename":null,"optional":false,"uses_default_features":true,"features":[],"target":null,"registry":null,"path":"/home/chemtech/workspace/libxc_rs/crates/kernel-math"}],"targets":[{"kind":["lib"],"crate_types":["lib"],"name":"libxc_kernel_gga_5e","src_path":"/home/chemtech/workspace/libxc_rs/crates/kernel-gga-5e/src/lib.rs","edition":"2024","doc":true,"doctest":true,"test":true}],"features":{},"manifest_path":"/home/chemtech/workspace/libxc_rs/crates/kernel-gga-5e/Cargo.toml","metadata":null,"publish":null,"authors":[],"categories":[],"keywords":[],"readme":null,"repository":null,"homepage":null,"documentation":null,"edition":"2024","links":null,"default_run":null,"rust_version":null},{"name":"libxc-kernel-gga-5f","version":"0.1.0","id":"path+file:///home/chemtech/workspace/libxc_rs/crates/kernel-gga-5f#libxc-kernel-gga-5f@0.1.0","license":null,"license_file":null,"description":null,"source":null,"dependencies":[{"name":"cubecl","source":"registry+https://github.com/rust-lang/crates.io-index","req":"^0.9.0","kind":null,"rename":null,"optional":false,"uses_default_features":false,"features":["cpu"],"target":null,"registry":null},{"name":"libxc-kernel-math","source":null,"req":"*","kind":null,"rename":null,"optional":false,"uses_default_features":true,"features":[],"target":null,"registry":null,"path":"/home/chemtech/workspace/libxc_rs/crates/kernel-math"}],"targets":[{"kind":["lib"],"crate_types":["lib"],"name":"libxc_kernel_gga_5f","src_path":"/home/chemtech/workspace/libxc_rs/crates/kernel-gga-5f/src/lib.rs","edition":"2024","doc":true,"doctest":true,"test":true}],"features":{},"manifest_path":"/home/chemtech/workspace/libxc_rs/crates/kernel-gga-5f/Cargo.toml","metadata":null,"publish":null,"authors":[],"categories":[],"keywords":[],"readme":null,"repository":null,"homepage":null,"documentation":null,"edition":"2024","links":null,"default_run":null,"rust_version":null},{"name":"libxc-kernel-gga-5g","version":"0.1.0","id":"path+file:///home/chemtech/workspace/libxc_rs/crates/kernel-gga-5g#libxc-kernel-gga-5g@0.1.0","license":null,"license_file":null,"description":null,"source":null,"dependencies":[{"name":"cubecl","source":"registry+https://github.com/rust-lang/crates.io-index","req":"^0.9.0","kind":null,"rename":null,"optional":false,"uses_default_features":false,"features":["cpu"],"target":null,"registry":null},{"name":"libxc-kernel-math","source":null,"req":"*","kind":null,"rename":null,"optional":false,"uses_default_features":true,"features":[],"target":null,"registry":null,"path":"/home/chemtech/workspace/libxc_rs/crates/kernel-math"}],"targets":[{"kind":["lib"],"crate_types":["lib"],"name":"libxc_kernel_gga_5g","src_path":"/home/chemtech/workspace/libxc_rs/crates/kernel-gga-5g/src/lib.rs","edition":"2024","doc":true,"doctest":true,"test":true}],"features":{},"manifest_path":"/home/chemtech/workspace/libxc_rs/crates/kernel-gga-5g/Cargo.toml","metadata":null,"publish":null,"authors":[],"categories":[],"keywords":[],"readme":null,"repository":null,"homepage":null,"documentation":null,"edition":"2024","links":null,"default_run":null,"rust_version":null},{"name":"libxc-kernel-gga-6a","version":"0.1.0","id":"path+file:///home/chemtech/workspace/libxc_rs/crates/kernel-gga-6a#libxc-kernel-gga-6a@0.1.0","license":null,"license_file":null,"description":null,"source":null,"dependencies":[{"name":"cubecl","source":"registry+https://github.com/rust-lang/crates.io-index","req":"^0.9.0","kind":null,"rename":null,"optional":false,"uses_default_features":false,"features":["cpu"],"target":null,"registry":null},{"name":"libxc-kernel-math","source":null,"req":"*","kind":null,"rename":null,"optional":false,"uses_default_features":true,"features":[],"target":null,"registry":null,"path":"/home/chemtech/workspace/libxc_rs/crates/kernel-math"}],"targets":[{"kind":["lib"],"crate_types":["lib"],"name":"libxc_kernel_gga_6a","src_path":"/home/chemtech/workspace/libxc_rs/crates/kernel-gga-6a/src/lib.rs","edition":"2024","doc":true,"doctest":true,"test":true}],"features":{},"manifest_path":"/home/chemtech/workspace/libxc_rs/crates/kernel-gga-6a/Cargo.toml","metadata":null,"publish":null,"authors":[],"categories":[],"keywords":[],"readme":null,"repository":null,"homepage":null,"documentation":null,"edition":"2024","links":null,"default_run":null,"rust_version":null},{"name":"libxc-kernel-gga-6b","version":"0.1.0","id":"path+file:///home/chemtech/workspace/libxc_rs/crates/kernel-gga-6b#libxc-kernel-gga-6b@0.1.0","license":null,"license_file":null,"description":null,"source":null,"dependencies":[{"name":"cubecl","source":"registry+https://github.com/rust-lang/crates.io-index","req":"^0.9.0","kind":null,"rename":null,"optional":false,"uses_default_features":false,"features":["cpu"],"target":null,"registry":null},{"name":"libxc-kernel-math","source":null,"req":"*","kind":null,"rename":null,"optional":false,"uses_default_features":true,"features":[],"target":null,"registry":null,"path":"/home/chemtech/workspace/libxc_rs/crates/kernel-math"}],"targets":[{"kind":["lib"],"crate_types":["lib"],"name":"libxc_kernel_gga_6b","src_path":"/home/chemtech/workspace/libxc_rs/crates/kernel-gga-6b/src/lib.rs","edition":"2024","doc":true,"doctest":true,"test":true}],"features":{},"manifest_path":"/home/chemtech/workspace/libxc_rs/crates/kernel-gga-6b/Cargo.toml","metadata":null,"publish":null,"authors":[],"categories":[],"keywords":[],"readme":null,"repository":null,"homepage":null,"documentation":null,"edition":"2024","links":null,"default_run":null,"rust_version":null},{"name":"libxc-kernel-gga-6c","version":"0.1.0","id":"path+file:///home/chemtech/workspace/libxc_rs/crates/kernel-gga-6c#libxc-kernel-gga-6c@0.1.0","license":null,"license_file":null,"description":null,"source":null,"dependencies":[{"name":"cubecl","source":"registry+https://github.com/rust-lang/crates.io-index","req":"^0.9.0","kind":null,"rename":null,"optional":false,"uses_default_features":false,"features":["cpu"],"target":null,"registry":null},{"name":"libxc-kernel-math","source":null,"req":"*","kind":null,"rename":null,"optional":false,"uses_default_features":true,"features":[],"target":null,"registry":null,"path":"/home/chemtech/workspace/libxc_rs/crates/kernel-math"}],"targets":[{"kind":["lib"],"crate_types":["lib"],"name":"libxc_kernel_gga_6c","src_path":"/home/chemtech/workspace/libxc_rs/crates/kernel-gga-6c/src/lib.rs","edition":"2024","doc":true,"doctest":true,"test":true}],"features":{},"manifest_path":"/home/chemtech/workspace/libxc_rs/crates/kernel-gga-6c/Cargo.toml","metadata":null,"publish":null,"authors":[],"categories":[],"keywords":[],"readme":null,"repository":null,"homepage":null,"documentation":null,"edition":"2024","links":null,"default_run":null,"rust_version":null},{"name":"libxc-kernel-gga-6d","version":"0.1.0","id":"path+file:///home/chemtech/workspace/libxc_rs/crates/kernel-gga-6d#libxc-kernel-gga-6d@0.1.0","license":null,"license_file":null,"description":null,"source":null,"dependencies":[{"name":"cubecl","source":"registry+https://github.com/rust-lang/crates.io-index","req":"^0.9.0","kind":null,"rename":null,"optional":false,"uses_default_features":false,"features":["cpu"],"target":null,"registry":null},{"name":"libxc-kernel-math","source":null,"req":"*","kind":null,"rename":null,"optional":false,"uses_default_features":true,"features":[],"target":null,"registry":null,"path":"/home/chemtech/workspace/libxc_rs/crates/kernel-math"}],"targets":[{"kind":["lib"],"crate_types":["lib"],"name":"libxc_kernel_gga_6d","src_path":"/home/chemtech/workspace/libxc_rs/crates/kernel-gga-6d/src/lib.rs","edition":"2024","doc":true,"doctest":true,"test":true}],"features":{},"manifest_path":"/home/chemtech/workspace/libxc_rs/crates/kernel-gga-6d/Cargo.toml","metadata":null,"publish":null,"authors":[],"categories":[],"keywords":[],"readme":null,"repository":null,"homepage":null,"documentation":null,"edition":"2024","links":null,"default_run":null,"rust_version":null},{"name":"libxc-kernel-gga-7a","version":"0.1.0","id":"path+file:///home/chemtech/workspace/libxc_rs/crates/kernel-gga-7a#libxc-kernel-gga-7a@0.1.0","license":null,"license_file":null,"description":null,"source":null,"dependencies":[{"name":"cubecl","source":"registry+https://github.com/rust-lang/crates.io-index","req":"^0.9.0","kind":null,"rename":null,"optional":false,"uses_default_features":false,"features":["cpu"],"target":null,"registry":null},{"name":"libxc-kernel-math","source":null,"req":"*","kind":null,"rename":null,"optional":false,"uses_default_features":true,"features":[],"target":null,"registry":null,"path":"/home/chemtech/workspace/libxc_rs/crates/kernel-math"}],"targets":[{"kind":["lib"],"crate_types":["lib"],"name":"libxc_kernel_gga_7a","src_path":"/home/chemtech/workspace/libxc_rs/crates/kernel-gga-7a/src/lib.rs","edition":"2024","doc":true,"doctest":true,"test":true}],"features":{},"manifest_path":"/home/chemtech/workspace/libxc_rs/crates/kernel-gga-7a/Cargo.toml","metadata":null,"publish":null,"authors":[],"categories":[],"keywords":[],"readme":null,"repository":null,"homepage":null,"documentation":null,"edition":"2024","links":null,"default_run":null,"rust_version":null},{"name":"libxc-kernel-gga-7b","version":"0.1.0","id":"path+file:///home/chemtech/workspace/libxc_rs/crates/kernel-gga-7b#libxc-kernel-gga-7b@0.1.0","license":null,"license_file":null,"description":null,"source":null,"dependencies":[{"name":"cubecl","source":"registry+https://github.com/rust-lang/crates.io-index","req":"^0.9.0","kind":null,"rename":null,"optional":false,"uses_default_features":false,"features":["cpu"],"target":null,"registry":null},{"name":"libxc-kernel-math","source":null,"req":"*","kind":null,"rename":null,"optional":false,"uses_default_features":true,"features":[],"target":null,"registry":null,"path":"/home/chemtech/workspace/libxc_rs/crates/kernel-math"}],"targets":[{"kind":["lib"],"crate_types":["lib"],"name":"libxc_kernel_gga_7b","src_path":"/home/chemtech/workspace/libxc_rs/crates/kernel-gga-7b/src/lib.rs","edition":"2024","doc":true,"doctest":true,"test":true}],"features":{},"manifest_path":"/home/chemtech/workspace/libxc_rs/crates/kernel-gga-7b/Cargo.toml","metadata":null,"publish":null,"authors":[],"categories":[],"keywords":[],"readme":null,"repository":null,"homepage":null,"documentation":null,"edition":"2024","links":null,"default_run":null,"rust_version":null},{"name":"libxc-kernel-gga-7c","version":"0.1.0","id":"path+file:///home/chemtech/workspace/libxc_rs/crates/kernel-gga-7c#libxc-kernel-gga-7c@0.1.0","license":null,"license_file":null,"description":null,"source":null,"dependencies":[{"name":"cubecl","source":"registry+https://github.com/rust-lang/crates.io-index","req":"^0.9.0","kind":null,"rename":null,"optional":false,"uses_default_features":false,"features":["cpu"],"target":null,"registry":null},{"name":"libxc-kernel-math","source":null,"req":"*","kind":null,"rename":null,"optional":false,"uses_default_features":true,"features":[],"target":null,"registry":null,"path":"/home/chemtech/workspace/libxc_rs/crates/kernel-math"}],"targets":[{"kind":["lib"],"crate_types":["lib"],"name":"libxc_kernel_gga_7c","src_path":"/home/chemtech/workspace/libxc_rs/crates/kernel-gga-7c/src/lib.rs","edition":"2024","doc":true,"doctest":true,"test":true}],"features":{},"manifest_path":"/home/chemtech/workspace/libxc_rs/crates/kernel-gga-7c/Cargo.toml","metadata":null,"publish":null,"authors":[],"categories":[],"keywords":[],"readme":null,"repository":null,"homepage":null,"documentation":null,"edition":"2024","links":null,"default_run":null,"rust_version":null},{"name":"libxc-kernel-gga-7d","version":"0.1.0","id":"path+file:///home/chemtech/workspace/libxc_rs/crates/kernel-gga-7d#libxc-kernel-gga-7d@0.1.0","license":null,"license_file":null,"description":null,"source":null,"dependencies":[{"name":"cubecl","source":"registry+https://github.com/rust-lang/crates.io-index","req":"^0.9.0","kind":null,"rename":null,"optional":false,"uses_default_features":false,"features":["cpu"],"target":null,"registry":null},{"name":"libxc-kernel-math","source":null,"req":"*","kind":null,"rename":null,"optional":false,"uses_default_features":true,"features":[],"target":null,"registry":null,"path":"/home/chemtech/workspace/libxc_rs/crates/kernel-math"}],"targets":[{"kind":["lib"],"crate_types":["lib"],"name":"libxc_kernel_gga_7d","src_path":"/home/chemtech/workspace/libxc_rs/crates/kernel-gga-7d/src/lib.rs","edition":"2024","doc":true,"doctest":true,"test":true}],"features":{},"manifest_path":"/home/chemtech/workspace/libxc_rs/crates/kernel-gga-7d/Cargo.toml","metadata":null,"publish":null,"authors":[],"categories":[],"keywords":[],"readme":null,"repository":null,"homepage":null,"documentation":null,"edition":"2024","links":null,"default_run":null,"rust_version":null},{"name":"libxc-kernel-gga-8a","version":"0.1.0","id":"path+file:///home/chemtech/workspace/libxc_rs/crates/kernel-gga-8a#libxc-kernel-gga-8a@0.1.0","license":null,"license_file":null,"description":null,"source":null,"dependencies":[{"name":"cubecl","source":"registry+https://github.com/rust-lang/crates.io-index","req":"^0.9.0","kind":null,"rename":null,"optional":false,"uses_default_features":false,"features":["cpu"],"target":null,"registry":null},{"name":"libxc-kernel-math","source":null,"req":"*","kind":null,"rename":null,"optional":false,"uses_default_features":true,"features":[],"target":null,"registry":null,"path":"/home/chemtech/workspace/libxc_rs/crates/kernel-math"}],"targets":[{"kind":["lib"],"crate_types":["lib"],"name":"libxc_kernel_gga_8a","src_path":"/home/chemtech/workspace/libxc_rs/crates/kernel-gga-8a/src/lib.rs","edition":"2024","doc":true,"doctest":true,"test":true}],"features":{},"manifest_path":"/home/chemtech/workspace/libxc_rs/crates/kernel-gga-8a/Cargo.toml","metadata":null,"publish":null,"authors":[],"categories":[],"keywords":[],"readme":null,"repository":null,"homepage":null,"documentation":null,"edition":"2024","links":null,"default_run":null,"rust_version":null},{"name":"libxc-kernel-gga-8b","version":"0.1.0","id":"path+file:///home/chemtech/workspace/libxc_rs/crates/kernel-gga-8b#libxc-kernel-gga-8b@0.1.0","license":null,"license_file":null,"description":null,"source":null,"dependencies":[{"name":"cubecl","source":"registry+https://github.com/rust-lang/crates.io-index","req":"^0.9.0","kind":null,"rename":null,"optional":false,"uses_default_features":false,"features":["cpu"],"target":null,"registry":null},{"name":"libxc-kernel-math","source":null,"req":"*","kind":null,"rename":null,"optional":false,"uses_default_features":true,"features":[],"target":null,"registry":null,"path":"/home/chemtech/workspace/libxc_rs/crates/kernel-math"}],"targets":[{"kind":["lib"],"crate_types":["lib"],"name":"libxc_kernel_gga_8b","src_path":"/home/chemtech/workspace/libxc_rs/crates/kernel-gga-8b/src/lib.rs","edition":"2024","doc":true,"doctest":true,"test":true}],"features":{},"manifest_path":"/home/chemtech/workspace/libxc_rs/crates/kernel-gga-8b/Cargo.toml","metadata":null,"publish":null,"authors":[],"categories":[],"keywords":[],"readme":null,"repository":null,"homepage":null,"documentation":null,"edition":"2024","links":null,"default_run":null,"rust_version":null},{"name":"libxc-kernel-gga-8c","version":"0.1.0","id":"path+file:///home/chemtech/workspace/libxc_rs/crates/kernel-gga-8c#libxc-kernel-gga-8c@0.1.0","license":null,"license_file":null,"description":null,"source":null,"dependencies":[{"name":"cubecl","source":"registry+https://github.com/rust-lang/crates.io-index","req":"^0.9.0","kind":null,"rename":null,"optional":false,"uses_default_features":false,"features":["cpu"],"target":null,"registry":null},{"name":"libxc-kernel-math","source":null,"req":"*","kind":null,"rename":null,"optional":false,"uses_default_features":true,"features":[],"target":null,"registry":null,"path":"/home/chemtech/workspace/libxc_rs/crates/kernel-math"}],"targets":[{"kind":["lib"],"crate_types":["lib"],"name":"libxc_kernel_gga_8c","src_path":"/home/chemtech/workspace/libxc_rs/crates/kernel-gga-8c/src/lib.rs","edition":"2024","doc":true,"doctest":true,"test":true}],"features":{},"manifest_path":"/home/chemtech/workspace/libxc_rs/crates/kernel-gga-8c/Cargo.toml","metadata":null,"publish":null,"authors":[],"categories":[],"keywords":[],"readme":null,"repository":null,"homepage":null,"documentation":null,"edition":"2024","links":null,"default_run":null,"rust_version":null},{"name":"libxc-kernel-gga-8d","version":"0.1.0","id":"path+file:///home/chemtech/workspace/libxc_rs/crates/kernel-gga-8d#libxc-kernel-gga-8d@0.1.0","license":null,"license_file":null,"description":null,"source":null,"dependencies":[{"name":"cubecl","source":"registry+https://github.com/rust-lang/crates.io-index","req":"^0.9.0","kind":null,"rename":null,"optional":false,"uses_default_features":false,"features":["cpu"],"target":null,"registry":null},{"name":"libxc-kernel-math","source":null,"req":"*","kind":null,"rename":null,"optional":false,"uses_default_features":true,"features":[],"target":null,"registry":null,"path":"/home/chemtech/workspace/libxc_rs/crates/kernel-math"}],"targets":[{"kind":["lib"],"crate_types":["lib"],"name":"libxc_kernel_gga_8d","src_path":"/home/chemtech/workspace/libxc_rs/crates/kernel-gga-8d/src/lib.rs","edition":"2024","doc":true,"doctest":true,"test":true}],"features":{},"manifest_path":"/home/chemtech/workspace/libxc_rs/crates/kernel-gga-8d/Cargo.toml","metadata":null,"publish":null,"authors":[],"categories":[],"keywords":[],"readme":null,"repository":null,"homepage":null,"documentation":null,"edition":"2024","links":null,"default_run":null,"rust_version":null},{"name":"libxc-kernel-gga-9a","version":"0.1.0","id":"path+file:///home/chemtech/workspace/libxc_rs/crates/kernel-gga-9a#libxc-kernel-gga-9a@0.1.0","license":null,"license_file":null,"description":null,"source":null,"dependencies":[{"name":"cubecl","source":"registry+https://github.com/rust-lang/crates.io-index","req":"^0.9.0","kind":null,"rename":null,"optional":false,"uses_default_features":false,"features":["cpu"],"target":null,"registry":null},{"name":"libxc-kernel-math","source":null,"req":"*","kind":null,"rename":null,"optional":false,"uses_default_features":true,"features":[],"target":null,"registry":null,"path":"/home/chemtech/workspace/libxc_rs/crates/kernel-math"}],"targets":[{"kind":["lib"],"crate_types":["lib"],"name":"libxc_kernel_gga_9a","src_path":"/home/chemtech/workspace/libxc_rs/crates/kernel-gga-9a/src/lib.rs","edition":"2024","doc":true,"doctest":true,"test":true}],"features":{},"manifest_path":"/home/chemtech/workspace/libxc_rs/crates/kernel-gga-9a/Cargo.toml","metadata":null,"publish":null,"authors":[],"categories":[],"keywords":[],"readme":null,"repository":null,"homepage":null,"documentation":null,"edition":"2024","links":null,"default_run":null,"rust_version":null},{"name":"libxc-kernel-gga-9b","version":"0.1.0","id":"path+file:///home/chemtech/workspace/libxc_rs/crates/kernel-gga-9b#libxc-kernel-gga-9b@0.1.0","license":null,"license_file":null,"description":null,"source":null,"dependencies":[{"name":"cubecl","source":"registry+https://github.com/rust-lang/crates.io-index","req":"^0.9.0","kind":null,"rename":null,"optional":false,"uses_default_features":false,"features":["cpu"],"target":null,"registry":null},{"name":"libxc-kernel-math","source":null,"req":"*","kind":null,"rename":null,"optional":false,"uses_default_features":true,"features":[],"target":null,"registry":null,"path":"/home/chemtech/workspace/libxc_rs/crates/kernel-math"}],"targets":[{"kind":["lib"],"crate_types":["lib"],"name":"libxc_kernel_gga_9b","src_path":"/home/chemtech/workspace/libxc_rs/crates/kernel-gga-9b/src/lib.rs","edition":"2024","doc":true,"doctest":true,"test":true}],"features":{},"manifest_path":"/home/chemtech/workspace/libxc_rs/crates/kernel-gga-9b/Cargo.toml","metadata":null,"publish":null,"authors":[],"categories":[],"keywords":[],"readme":null,"repository":null,"homepage":null,"documentation":null,"edition":"2024","links":null,"default_run":null,"rust_version":null},{"name":"libxc-kernel-gga-9c","version":"0.1.0","id":"path+file:///home/chemtech/workspace/libxc_rs/crates/kernel-gga-9c#libxc-kernel-gga-9c@0.1.0","license":null,"license_file":null,"description":null,"source":null,"dependencies":[{"name":"cubecl","source":"registry+https://github.com/rust-lang/crates.io-index","req":"^0.9.0","kind":null,"rename":null,"optional":false,"uses_default_features":false,"features":["cpu"],"target":null,"registry":null},{"name":"libxc-kernel-math","source":null,"req":"*","kind":null,"rename":null,"optional":false,"uses_default_features":true,"features":[],"target":null,"registry":null,"path":"/home/chemtech/workspace/libxc_rs/crates/kernel-math"}],"targets":[{"kind":["lib"],"crate_types":["lib"],"name":"libxc_kernel_gga_9c","src_path":"/home/chemtech/workspace/libxc_rs/crates/kernel-gga-9c/src/lib.rs","edition":"2024","doc":true,"doctest":true,"test":true}],"features":{},"manifest_path":"/home/chemtech/workspace/libxc_rs/crates/kernel-gga-9c/Cargo.toml","metadata":null,"publish":null,"authors":[],"categories":[],"keywords":[],"readme":null,"repository":null,"homepage":null,"documentation":null,"edition":"2024","links":null,"default_run":null,"rust_version":null},{"name":"libxc-kernel-lda","version":"0.1.0","id":"path+file:///home/chemtech/workspace/libxc_rs/crates/kernel-lda#libxc-kernel-lda@0.1.0","license":null,"license_file":null,"description":null,"source":null,"dependencies":[{"name":"bytemuck","source":"registry+https://github.com/rust-lang/crates.io-index","req":"^1.25.0","kind":null,"rename":null,"optional":false,"uses_default_features":true,"features":["derive"],"target":null,"registry":null},{"name":"cubecl","source":"registry+https://github.com/rust-lang/crates.io-index","req":"^0.9.0","kind":null,"rename":null,"optional":false,"uses_default_features":false,"features":["cpu"],"target":null,"registry":null},{"name":"libxc-kernel-math","source":null,"req":"*","kind":null,"rename":null,"optional":false,"uses_default_features":true,"features":[],"target":null,"registry":null,"path":"/home/chemtech/workspace/libxc_rs/crates/kernel-math"},{"name":"libxc_rs","source":null,"req":"*","kind":"dev","rename":null,"optional":false,"uses_default_features":true,"features":[],"target":null,"registry":null,"path":"/home/chemtech/workspace/libxc_rs"}],"targets":[{"kind":["lib"],"crate_types":["lib"],"name":"libxc_kernel_lda","src_path":"/home/chemtech/workspace/libxc_rs/crates/kernel-lda/src/lib.rs","edition":"2024","doc":true,"doctest":true,"test":true}],"features":{},"manifest_path":"/home/chemtech/workspace/libxc_rs/crates/kernel-lda/Cargo.toml","metadata":null,"publish":null,"authors":[],"categories":[],"keywords":[],"readme":null,"repository":null,"homepage":null,"documentation":null,"edition":"2024","links":null,"default_run":null,"rust_version":null},{"name":"libxc-kernel-mgga","version":"0.1.0","id":"path+file:///home/chemtech/workspace/libxc_rs/crates/kernel-mgga#libxc-kernel-mgga@0.1.0","license":null,"license_file":null,"description":null,"source":null,"dependencies":[{"name":"cubecl","source":"registry+https://github.com/rust-lang/crates.io-index","req":"^0.9.0","kind":null,"rename":null,"optional":false,"uses_default_features":false,"features":["cpu"],"target":null,"registry":null},{"name":"libxc-kernel-math","source":null,"req":"*","kind":null,"rename":null,"optional":false,"uses_default_features":true,"features":[],"target":null,"registry":null,"path":"/home/chemtech/workspace/libxc_rs/crates/kernel-math"},{"name":"libxc-kernel-mgga-10a","source":null,"req":"*","kind":null,"rename":null,"optional":false,"uses_default_features":true,"features":[],"target":null,"registry":null,"path":"/home/chemtech/workspace/libxc_rs/crates/kernel-mgga-10a"},{"name":"libxc-kernel-mgga-10b","source":null,"req":"*","kind":null,"rename":null,"optional":false,"uses_default_features":true,"features":[],"target":null,"registry":null,"path":"/home/chemtech/workspace/libxc_rs/crates/kernel-mgga-10b"},{"name":"libxc-kernel-mgga-11a","source":null,"req":"*","kind":null,"rename":null,"optional":false,"uses_default_features":true,"features":[],"target":null,"registry":null,"path":"/home/chemtech/workspace/libxc_rs/crates/kernel-mgga-11a"},{"name":"libxc-kernel-mgga-11b","source":null,"req":"*","kind":null,"rename":null,"optional":false,"uses_default_features":true,"features":[],"target":null,"registry":null,"path":"/home/chemtech/workspace/libxc_rs/crates/kernel-mgga-11b"},{"name":"libxc-kernel-mgga-11c","source":null,"req":"*","kind":null,"rename":null,"optional":false,"uses_default_features":true,"features":[],"target":null,"registry":null,"path":"/home/chemtech/workspace/libxc_rs/crates/kernel-mgga-11c"},{"name":"libxc-kernel-mgga-12a","source":null,"req":"*","kind":null,"rename":null,"optional":false,"uses_default_features":true,"features":[],"target":null,"registry":null,"path":"/home/chemtech/workspace/libxc_rs/crates/kernel-mgga-12a"},{"name":"libxc-kernel-mgga-12b","source":null,"req":"*","kind":null,"rename":null,"optional":false,"uses_default_features":true,"features":[],"target":null,"registry":null,"path":"/home/chemtech/workspace/libxc_rs/crates/kernel-mgga-12b"},{"name":"libxc-kernel-mgga-12c","source":null,"req":"*","kind":null,"rename":null,"optional":false,"uses_default_features":true,"features":[],"target":null,"registry":null,"path":"/home/chemtech/workspace/libxc_rs/crates/kernel-mgga-12c"},{"name":"libxc-kernel-mgga-12d","source":null,"req":"*","kind":null,"rename":null,"optional":false,"uses_default_features":true,"features":[],"target":null,"registry":null,"path":"/home/chemtech/workspace/libxc_rs/crates/kernel-mgga-12d"},{"name":"libxc-kernel-mgga-13a","source":null,"req":"*","kind":null,"rename":null,"optional":false,"uses_default_features":true,"features":[],"target":null,"registry":null,"path":"/home/chemtech/workspace/libxc_rs/crates/kernel-mgga-13a"},{"name":"libxc-kernel-mgga-13b","source":null,"req":"*","kind":null,"rename":null,"optional":false,"uses_default_features":true,"features":[],"target":null,"registry":null,"path":"/home/chemtech/workspace/libxc_rs/crates/kernel-mgga-13b"},{"name":"libxc-kernel-mgga-14a","source":null,"req":"*","kind":null,"rename":null,"optional":false,"uses_default_features":true,"features":[],"target":null,"registry":null,"path":"/home/chemtech/workspace/libxc_rs/crates/kernel-mgga-14a"},{"name":"libxc-kernel-mgga-14b","source":null,"req":"*","kind":null,"rename":null,"optional":false,"uses_default_features":true,"features":[],"target":null,"registry":null,"path":"/home/chemtech/workspace/libxc_rs/crates/kernel-mgga-14b"},{"name":"libxc-kernel-mgga-14c","source":null,"req":"*","kind":null,"rename":null,"optional":false,"uses_default_features":true,"features":[],"target":null,"registry":null,"path":"/home/chemtech/workspace/libxc_rs/crates/kernel-mgga-14c"},{"name":"libxc-kernel-mgga-14d","source":null,"req":"*","kind":null,"rename":null,"optional":false,"uses_default_features":true,"features":[],"target":null,"registry":null,"path":"/home/chemtech/workspace/libxc_rs/crates/kernel-mgga-14d"},{"name":"libxc-kernel-mgga-14e","source":null,"req":"*","kind":null,"rename":null,"optional":false,"uses_default_features":true,"features":[],"target":null,"registry":null,"path":"/home/chemtech/workspace/libxc_rs/crates/kernel-mgga-14e"},{"name":"libxc-kernel-mgga-14f","source":null,"req":"*","kind":null,"rename":null,"optional":false,"uses_default_features":true,"features":[],"target":null,"registry":null,"path":"/home/chemtech/workspace/libxc_rs/crates/kernel-mgga-14f"},{"name":"libxc-kernel-mgga-14g","source":null,"req":"*","kind":null,"rename":null,"optional":false,"uses_default_features":true,"features":[],"target":null,"registry":null,"path":"/home/chemtech/workspace/libxc_rs/crates/kernel-mgga-14g"},{"name":"libxc-kernel-mgga-14h","source":null,"req":"*","kind":null,"rename":null,"optional":false,"uses_default_features":true,"features":[],"target":null,"registry":null,"path":"/home/chemtech/workspace/libxc_rs/crates/kernel-mgga-14h"},{"name":"libxc-kernel-mgga-14i","source":null,"req":"*","kind":null,"rename":null,"optional":false,"uses_default_features":true,"features":[],"target":null,"registry":null,"path":"/home/chemtech/workspace/libxc_rs/crates/kernel-mgga-14i"},{"name":"libxc-kernel-mgga-14j","source":null,"req":"*","kind":null,"rename":null,"optional":false,"uses_default_features":true,"features":[],"target":null,"registry":null,"path":"/home/chemtech/workspace/libxc_rs/crates/kernel-mgga-14j"},{"name":"libxc-kernel-mgga-14k","source":null,"req":"*","kind":null,"rename":null,"optional":false,"uses_default_features":true,"features":[],"target":null,"registry":null,"path":"/home/chemtech/workspace/libxc_rs/crates/kernel-mgga-14k"},{"name":"libxc-kernel-mgga-14l","source":null,"req":"*","kind":null,"rename":null,"optional":false,"uses_default_features":true,"features":[],"target":null,"registry":null,"path":"/home/chemtech/workspace/libxc_rs/crates/kernel-mgga-14l"},{"name":"libxc-kernel-mgga-15a","source":null,"req":"*","kind":null,"rename":null,"optional":false,"uses_default_features":true,"features":[],"target":null,"registry":null,"path":"/home/chemtech/workspace/libxc_rs/crates/kernel-mgga-15a"},{"name":"libxc-kernel-mgga-15b","source":null,"req":"*","kind":null,"rename":null,"optional":false,"uses_default_features":true,"features":[],"target":null,"registry":null,"path":"/home/chemtech/workspace/libxc_rs/crates/kernel-mgga-15b"},{"name":"libxc-kernel-mgga-15c","source":null,"req":"*","kind":null,"rename":null,"optional":false,"uses_default_features":true,"features":[],"target":null,"registry":null,"path":"/home/chemtech/workspace/libxc_rs/crates/kernel-mgga-15c"},{"name":"libxc-kernel-mgga-15d","source":null,"req":"*","kind":null,"rename":null,"optional":false,"uses_default_features":true,"features":[],"target":null,"registry":null,"path":"/home/chemtech/workspace/libxc_rs/crates/kernel-mgga-15d"},{"name":"libxc-kernel-mgga-15e","source":null,"req":"*","kind":null,"rename":null,"optional":false,"uses_default_features":true,"features":[],"target":null,"registry":null,"path":"/home/chemtech/workspace/libxc_rs/crates/kernel-mgga-15e"},{"name":"libxc-kernel-mgga-15f","source":null,"req":"*","kind":null,"rename":null,"optional":false,"uses_default_features":true,"features":[],"target":null,"registry":null,"path":"/home/chemtech/workspace/libxc_rs/crates/kernel-mgga-15f"},{"name":"libxc-kernel-mgga-15g","source":null,"req":"*","kind":null,"rename":null,"optional":false,"uses_default_features":true,"features":[],"target":null,"registry":null,"path":"/home/chemtech/workspace/libxc_rs/crates/kernel-mgga-15g"},{"name":"libxc-kernel-mgga-15h","source":null,"req":"*","kind":null,"rename":null,"optional":false,"uses_default_features":true,"features":[],"target":null,"registry":null,"path":"/home/chemtech/workspace/libxc_rs/crates/kernel-mgga-15h"},{"name":"libxc-kernel-mgga-16","source":null,"req":"*","kind":null,"rename":null,"optional":false,"uses_default_features":true,"features":[],"target":null,"registry":null,"path":"/home/chemtech/workspace/libxc_rs/crates/kernel-mgga-16"},{"name":"libxc-kernel-mgga-17","source":null,"req":"*","kind":null,"rename":null,"optional":false,"uses_default_features":true,"features":[],"target":null,"registry":null,"path":"/home/chemtech/workspace/libxc_rs/crates/kernel-mgga-17"},{"name":"libxc-kernel-mgga-18a","source":null,"req":"*","kind":null,"rename":null,"optional":false,"uses_default_features":true,"features":[],"target":null,"registry":null,"path":"/home/chemtech/workspace/libxc_rs/crates/kernel-mgga-18a"},{"name":"libxc-kernel-mgga-18b","source":null,"req":"*","kind":null,"rename":null,"optional":false,"uses_default_features":true,"features":[],"target":null,"registry":null,"path":"/home/chemtech/workspace/libxc_rs/crates/kernel-mgga-18b"},{"name":"libxc-kernel-mgga-18c","source":null,"req":"*","kind":null,"rename":null,"optional":false,"uses_default_features":true,"features":[],"target":null,"registry":null,"path":"/home/chemtech/workspace/libxc_rs/crates/kernel-mgga-18c"},{"name":"libxc-kernel-mgga-19a","source":null,"req":"*","kind":null,"rename":null,"optional":false,"uses_default_features":true,"features":[],"target":null,"registry":null,"path":"/home/chemtech/workspace/libxc_rs/crates/kernel-mgga-19a"},{"name":"libxc-kernel-mgga-19b","source":null,"req":"*","kind":null,"rename":null,"optional":false,"uses_default_features":true,"features":[],"target":null,"registry":null,"path":"/home/chemtech/workspace/libxc_rs/crates/kernel-mgga-19b"},{"name":"libxc-kernel-mgga-19c","source":null,"req":"*","kind":null,"rename":null,"optional":false,"uses_default_features":true,"features":[],"target":null,"registry":null,"path":"/home/chemtech/workspace/libxc_rs/crates/kernel-mgga-19c"},{"name":"libxc-kernel-mgga-19d","source":null,"req":"*","kind":null,"rename":null,"optional":false,"uses_default_features":true,"features":[],"target":null,"registry":null,"path":"/home/chemtech/workspace/libxc_rs/crates/kernel-mgga-19d"},{"name":"libxc-kernel-mgga-19e","source":null,"req":"*","kind":null,"rename":null,"optional":false,"uses_default_features":true,"features":[],"target":null,"registry":null,"path":"/home/chemtech/workspace/libxc_rs/crates/kernel-mgga-19e"},{"name":"libxc-kernel-mgga-19f","source":null,"req":"*","kind":null,"rename":null,"optional":false,"uses_default_features":true,"features":[],"target":null,"registry":null,"path":"/home/chemtech/workspace/libxc_rs/crates/kernel-mgga-19f"},{"name":"libxc-kernel-mgga-19g","source":null,"req":"*","kind":null,"rename":null,"optional":false,"uses_default_features":true,"features":[],"target":null,"registry":null,"path":"/home/chemtech/workspace/libxc_rs/crates/kernel-mgga-19g"},{"name":"libxc-kernel-mgga-1a","source":null,"req":"*","kind":null,"rename":null,"optional":false,"uses_default_features":true,"features":[],"target":null,"registry":null,"path":"/home/chemtech/workspace/libxc_rs/crates/kernel-mgga-1a"},{"name":"libxc-kernel-mgga-1b","source":null,"req":"*","kind":null,"rename":null,"optional":false,"uses_default_features":true,"features":[],"target":null,"registry":null,"path":"/home/chemtech/workspace/libxc_rs/crates/kernel-mgga-1b"},{"name":"libxc-kernel-mgga-1c","source":null,"req":"*","kind":null,"rename":null,"optional":false,"uses_default_features":true,"features":[],"target":null,"registry":null,"path":"/home/chemtech/workspace/libxc_rs/crates/kernel-mgga-1c"},{"name":"libxc-kernel-mgga-1d","source":null,"req":"*","kind":null,"rename":null,"optional":false,"uses_default_features":true,"features":[],"target":null,"registry":null,"path":"/home/chemtech/workspace/libxc_rs/crates/kernel-mgga-1d"},{"name":"libxc-kernel-mgga-20a","source":null,"req":"*","kind":null,"rename":null,"optional":false,"uses_default_features":true,"features":[],"target":null,"registry":null,"path":"/home/chemtech/workspace/libxc_rs/crates/kernel-mgga-20a"},{"name":"libxc-kernel-mgga-20b","source":null,"req":"*","kind":null,"rename":null,"optional":false,"uses_default_features":true,"features":[],"target":null,"registry":null,"path":"/home/chemtech/workspace/libxc_rs/crates/kernel-mgga-20b"},{"name":"libxc-kernel-mgga-20c","source":null,"req":"*","kind":null,"rename":null,"optional":false,"uses_default_features":true,"features":[],"target":null,"registry":null,"path":"/home/chemtech/workspace/libxc_rs/crates/kernel-mgga-20c"},{"name":"libxc-kernel-mgga-20d","source":null,"req":"*","kind":null,"rename":null,"optional":false,"uses_default_features":true,"features":[],"target":null,"registry":null,"path":"/home/chemtech/workspace/libxc_rs/crates/kernel-mgga-20d"},{"name":"libxc-kernel-mgga-20e","source":null,"req":"*","kind":null,"rename":null,"optional":false,"uses_default_features":true,"features":[],"target":null,"registry":null,"path":"/home/chemtech/workspace/libxc_rs/crates/kernel-mgga-20e"},{"name":"libxc-kernel-mgga-20f","source":null,"req":"*","kind":null,"rename":null,"optional":false,"uses_default_features":true,"features":[],"target":null,"registry":null,"path":"/home/chemtech/workspace/libxc_rs/crates/kernel-mgga-20f"},{"name":"libxc-kernel-mgga-20g","source":null,"req":"*","kind":null,"rename":null,"optional":false,"uses_default_features":true,"features":[],"target":null,"registry":null,"path":"/home/chemtech/workspace/libxc_rs/crates/kernel-mgga-20g"},{"name":"libxc-kernel-mgga-20h","source":null,"req":"*","kind":null,"rename":null,"optional":false,"uses_default_features":true,"features":[],"target":null,"registry":null,"path":"/home/chemtech/workspace/libxc_rs/crates/kernel-mgga-20h"},{"name":"libxc-kernel-mgga-20i","source":null,"req":"*","kind":null,"rename":null,"optional":false,"uses_default_features":true,"features":[],"target":null,"registry":null,"path":"/home/chemtech/workspace/libxc_rs/crates/kernel-mgga-20i"},{"name":"libxc-kernel-mgga-20j","source":null,"req":"*","kind":null,"rename":null,"optional":false,"uses_default_features":true,"features":[],"target":null,"registry":null,"path":"/home/chemtech/workspace/libxc_rs/crates/kernel-mgga-20j"},{"name":"libxc-kernel-mgga-20k","source":null,"req":"*","kind":null,"rename":null,"optional":false,"uses_default_features":true,"features":[],"target":null,"registry":null,"path":"/home/chemtech/workspace/libxc_rs/crates/kernel-mgga-20k"},{"name":"libxc-kernel-mgga-20l","source":null,"req":"*","kind":null,"rename":null,"optional":false,"uses_default_features":true,"features":[],"target":null,"registry":null,"path":"/home/chemtech/workspace/libxc_rs/crates/kernel-mgga-20l"},{"name":"libxc-kernel-mgga-21","source":null,"req":"*","kind":null,"rename":null,"optional":false,"uses_default_features":true,"features":[],"target":null,"registry":null,"path":"/home/chemtech/workspace/libxc_rs/crates/kernel-mgga-21"},{"name":"libxc-kernel-mgga-22a","source":null,"req":"*","kind":null,"rename":null,"optional":false,"uses_default_features":true,"features":[],"target":null,"registry":null,"path":"/home/chemtech/workspace/libxc_rs/crates/kernel-mgga-22a"},{"name":"libxc-kernel-mgga-22b","source":null,"req":"*","kind":null,"rename":null,"optional":false,"uses_default_features":true,"features":[],"target":null,"registry":null,"path":"/home/chemtech/workspace/libxc_rs/crates/kernel-mgga-22b"},{"name":"libxc-kernel-mgga-22c","source":null,"req":"*","kind":null,"rename":null,"optional":false,"uses_default_features":true,"features":[],"target":null,"registry":null,"path":"/home/chemtech/workspace/libxc_rs/crates/kernel-mgga-22c"},{"name":"libxc-kernel-mgga-22d","source":null,"req":"*","kind":null,"rename":null,"optional":false,"uses_default_features":true,"features":[],"target":null,"registry":null,"path":"/home/chemtech/workspace/libxc_rs/crates/kernel-mgga-22d"},{"name":"libxc-kernel-mgga-23","source":null,"req":"*","kind":null,"rename":null,"optional":false,"uses_default_features":true,"features":[],"target":null,"registry":null,"path":"/home/chemtech/workspace/libxc_rs/crates/kernel-mgga-23"},{"name":"libxc-kernel-mgga-24a","source":null,"req":"*","kind":null,"rename":null,"optional":false,"uses_default_features":true,"features":[],"target":null,"registry":null,"path":"/home/chemtech/workspace/libxc_rs/crates/kernel-mgga-24a"},{"name":"libxc-kernel-mgga-24b","source":null,"req":"*","kind":null,"rename":null,"optional":false,"uses_default_features":true,"features":[],"target":null,"registry":null,"path":"/home/chemtech/workspace/libxc_rs/crates/kernel-mgga-24b"},{"name":"libxc-kernel-mgga-25a","source":null,"req":"*","kind":null,"rename":null,"optional":false,"uses_default_features":true,"features":[],"target":null,"registry":null,"path":"/home/chemtech/workspace/libxc_rs/crates/kernel-mgga-25a"},{"name":"libxc-kernel-mgga-25b","source":null,"req":"*","kind":null,"rename":null,"optional":false,"uses_default_features":true,"features":[],"target":null,"registry":null,"path":"/home/chemtech/workspace/libxc_rs/crates/kernel-mgga-25b"},{"name":"libxc-kernel-mgga-26a","source":null,"req":"*","kind":null,"rename":null,"optional":false,"uses_default_features":true,"features":[],"target":null,"registry":null,"path":"/home/chemtech/workspace/libxc_rs/crates/kernel-mgga-26a"},{"name":"libxc-kernel-mgga-26b","source":null,"req":"*","kind":null,"rename":null,"optional":false,"uses_default_features":true,"features":[],"target":null,"registry":null,"path":"/home/chemtech/workspace/libxc_rs/crates/kernel-mgga-26b"},{"name":"libxc-kernel-mgga-27a","source":null,"req":"*","kind":null,"rename":null,"optional":false,"uses_default_features":true,"features":[],"target":null,"registry":null,"path":"/home/chemtech/workspace/libxc_rs/crates/kernel-mgga-27a"},{"name":"libxc-kernel-mgga-27b","source":null,"req":"*","kind":null,"rename":null,"optional":false,"uses_default_features":true,"features":[],"target":null,"registry":null,"path":"/home/chemtech/workspace/libxc_rs/crates/kernel-mgga-27b"},{"name":"libxc-kernel-mgga-27c","source":null,"req":"*","kind":null,"rename":null,"optional":false,"uses_default_features":true,"features":[],"target":null,"registry":null,"path":"/home/chemtech/workspace/libxc_rs/crates/kernel-mgga-27c"},{"name":"libxc-kernel-mgga-28","source":null,"req":"*","kind":null,"rename":null,"optional":false,"uses_default_features":true,"features":[],"target":null,"registry":null,"path":"/home/chemtech/workspace/libxc_rs/crates/kernel-mgga-28"},{"name":"libxc-kernel-mgga-29","source":null,"req":"*","kind":null,"rename":null,"optional":false,"uses_default_features":true,"features":[],"target":null,"registry":null,"path":"/home/chemtech/workspace/libxc_rs/crates/kernel-mgga-29"},{"name":"libxc-kernel-mgga-2a","source":null,"req":"*","kind":null,"rename":null,"optional":false,"uses_default_features":true,"features":[],"target":null,"registry":null,"path":"/home/chemtech/workspace/libxc_rs/crates/kernel-mgga-2a"},{"name":"libxc-kernel-mgga-2b","source":null,"req":"*","kind":null,"rename":null,"optional":false,"uses_default_features":true,"features":[],"target":null,"registry":null,"path":"/home/chemtech/workspace/libxc_rs/crates/kernel-mgga-2b"},{"name":"libxc-kernel-mgga-30","source":null,"req":"*","kind":null,"rename":null,"optional":false,"uses_default_features":true,"features":[],"target":null,"registry":null,"path":"/home/chemtech/workspace/libxc_rs/crates/kernel-mgga-30"},{"name":"libxc-kernel-mgga-31","source":null,"req":"*","kind":null,"rename":null,"optional":false,"uses_default_features":true,"features":[],"target":null,"registry":null,"path":"/home/chemtech/workspace/libxc_rs/crates/kernel-mgga-31"},{"name":"libxc-kernel-mgga-32a","source":null,"req":"*","kind":null,"rename":null,"optional":false,"uses_default_features":true,"features":[],"target":null,"registry":null,"path":"/home/chemtech/workspace/libxc_rs/crates/kernel-mgga-32a"},{"name":"libxc-kernel-mgga-32b","source":null,"req":"*","kind":null,"rename":null,"optional":false,"uses_default_features":true,"features":[],"target":null,"registry":null,"path":"/home/chemtech/workspace/libxc_rs/crates/kernel-mgga-32b"},{"name":"libxc-kernel-mgga-33","source":null,"req":"*","kind":null,"rename":null,"optional":false,"uses_default_features":true,"features":[],"target":null,"registry":null,"path":"/home/chemtech/workspace/libxc_rs/crates/kernel-mgga-33"},{"name":"libxc-kernel-mgga-34","source":null,"req":"*","kind":null,"rename":null,"optional":false,"uses_default_features":true,"features":[],"target":null,"registry":null,"path":"/home/chemtech/workspace/libxc_rs/crates/kernel-mgga-34"},{"name":"libxc-kernel-mgga-35","source":null,"req":"*","kind":null,"rename":null,"optional":false,"uses_default_features":true,"features":[],"target":null,"registry":null,"path":"/home/chemtech/workspace/libxc_rs/crates/kernel-mgga-35"},{"name":"libxc-kernel-mgga-36a","source":null,"req":"*","kind":null,"rename":null,"optional":false,"uses_default_features":true,"features":[],"target":null,"registry":null,"path":"/home/chemtech/workspace/libxc_rs/crates/kernel-mgga-36a"},{"name":"libxc-kernel-mgga-36b","source":null,"req":"*","kind":null,"rename":null,"optional":false,"uses_default_features":true,"features":[],"target":null,"registry":null,"path":"/home/chemtech/workspace/libxc_rs/crates/kernel-mgga-36b"},{"name":"libxc-kernel-mgga-37a","source":null,"req":"*","kind":null,"rename":null,"optional":false,"uses_default_features":true,"features":[],"target":null,"registry":null,"path":"/home/chemtech/workspace/libxc_rs/crates/kernel-mgga-37a"},{"name":"libxc-kernel-mgga-37b","source":null,"req":"*","kind":null,"rename":null,"optional":false,"uses_default_features":true,"features":[],"target":null,"registry":null,"path":"/home/chemtech/workspace/libxc_rs/crates/kernel-mgga-37b"},{"name":"libxc-kernel-mgga-3a","source":null,"req":"*","kind":null,"rename":null,"optional":false,"uses_default_features":true,"features":[],"target":null,"registry":null,"path":"/home/chemtech/workspace/libxc_rs/crates/kernel-mgga-3a"},{"name":"libxc-kernel-mgga-3b","source":null,"req":"*","kind":null,"rename":null,"optional":false,"uses_default_features":true,"features":[],"target":null,"registry":null,"path":"/home/chemtech/workspace/libxc_rs/crates/kernel-mgga-3b"},{"name":"libxc-kernel-mgga-4a","source":null,"req":"*","kind":null,"rename":null,"optional":false,"uses_default_features":true,"features":[],"target":null,"registry":null,"path":"/home/chemtech/workspace/libxc_rs/crates/kernel-mgga-4a"},{"name":"libxc-kernel-mgga-4b","source":null,"req":"*","kind":null,"rename":null,"optional":false,"uses_default_features":true,"features":[],"target":null,"registry":null,"path":"/home/chemtech/workspace/libxc_rs/crates/kernel-mgga-4b"},{"name":"libxc-kernel-mgga-5","source":null,"req":"*","kind":null,"rename":null,"optional":false,"uses_default_features":true,"features":[],"target":null,"registry":null,"path":"/home/chemtech/workspace/libxc_rs/crates/kernel-mgga-5"},{"name":"libxc-kernel-mgga-6","source":null,"req":"*","kind":null,"rename":null,"optional":false,"uses_default_features":true,"features":[],"target":null,"registry":null,"path":"/home/chemtech/workspace/libxc_rs/crates/kernel-mgga-6"},{"name":"libxc-kernel-mgga-7a","source":null,"req":"*","kind":null,"rename":null,"optional":false,"uses_default_features":true,"features":[],"target":null,"registry":null,"path":"/home/chemtech/workspace/libxc_rs/crates/kernel-mgga-7a"},{"name":"libxc-kernel-mgga-7b","source":null,"req":"*","kind":null,"rename":null,"optional":false,"uses_default_features":true,"features":[],"target":null,"registry":null,"path":"/home/chemtech/workspace/libxc_rs/crates/kernel-mgga-7b"},{"name":"libxc-kernel-mgga-7c","source":null,"req":"*","kind":null,"rename":null,"optional":false,"uses_default_features":true,"features":[],"target":null,"registry":null,"path":"/home/chemtech/workspace/libxc_rs/crates/kernel-mgga-7c"},{"name":"libxc-kernel-mgga-7d","source":null,"req":"*","kind":null,"rename":null,"optional":false,"uses_default_features":true,"features":[],"target":null,"registry":null,"path":"/home/chemtech/workspace/libxc_rs/crates/kernel-mgga-7d"},{"name":"libxc-kernel-mgga-7e","source":null,"req":"*","kind":null,"rename":null,"optional":false,"uses_default_features":true,"features":[],"target":null,"registry":null,"path":"/home/chemtech/workspace/libxc_rs/crates/kernel-mgga-7e"},{"name":"libxc-kernel-mgga-8a","source":null,"req":"*","kind":null,"rename":null,"optional":false,"uses_default_features":true,"features":[],"target":null,"registry":null,"path":"/home/chemtech/workspace/libxc_rs/crates/kernel-mgga-8a"},{"name":"libxc-kernel-mgga-8b","source":null,"req":"*","kind":null,"rename":null,"optional":false,"uses_default_features":true,"features":[],"target":null,"registry":null,"path":"/home/chemtech/workspace/libxc_rs/crates/kernel-mgga-8b"},{"name":"libxc-kernel-mgga-8c","source":null,"req":"*","kind":null,"rename":null,"optional":false,"uses_default_features":true,"features":[],"target":null,"registry":null,"path":"/home/chemtech/workspace/libxc_rs/crates/kernel-mgga-8c"},{"name":"libxc-kernel-mgga-8d","source":null,"req":"*","kind":null,"rename":null,"optional":false,"uses_default_features":true,"features":[],"target":null,"registry":null,"path":"/home/chemtech/workspace/libxc_rs/crates/kernel-mgga-8d"},{"name":"libxc-kernel-mgga-8e","source":null,"req":"*","kind":null,"rename":null,"optional":false,"uses_default_features":true,"features":[],"target":null,"registry":null,"path":"/home/chemtech/workspace/libxc_rs/crates/kernel-mgga-8e"},{"name":"libxc-kernel-mgga-8f","source":null,"req":"*","kind":null,"rename":null,"optional":false,"uses_default_features":true,"features":[],"target":null,"registry":null,"path":"/home/chemtech/workspace/libxc_rs/crates/kernel-mgga-8f"},{"name":"libxc-kernel-mgga-9a","source":null,"req":"*","kind":null,"rename":null,"optional":false,"uses_default_features":true,"features":[],"target":null,"registry":null,"path":"/home/chemtech/workspace/libxc_rs/crates/kernel-mgga-9a"},{"name":"libxc-kernel-mgga-9b","source":null,"req":"*","kind":null,"rename":null,"optional":false,"uses_default_features":true,"features":[],"target":null,"registry":null,"path":"/home/chemtech/workspace/libxc_rs/crates/kernel-mgga-9b"}],"targets":[{"kind":["lib"],"crate_types":["lib"],"name":"libxc_kernel_mgga","src_path":"/home/chemtech/workspace/libxc_rs/crates/kernel-mgga/src/lib.rs","edition":"2024","doc":true,"doctest":true,"test":true}],"features":{},"manifest_path":"/home/chemtech/workspace/libxc_rs/crates/kernel-mgga/Cargo.toml","metadata":null,"publish":null,"authors":[],"categories":[],"keywords":[],"readme":null,"repository":null,"homepage":null,"documentation":null,"edition":"2024","links":null,"default_run":null,"rust_version":null},{"name":"libxc-kernel-mgga-10a","version":"0.1.0","id":"path+file:///home/chemtech/workspace/libxc_rs/crates/kernel-mgga-10a#libxc-kernel-mgga-10a@0.1.0","license":null,"license_file":null,"description":null,"source":null,"dependencies":[{"name":"cubecl","source":"registry+https://github.com/rust-lang/crates.io-index","req":"^0.9.0","kind":null,"rename":null,"optional":false,"uses_default_features":false,"features":["cpu"],"target":null,"registry":null},{"name":"libxc-kernel-math","source":null,"req":"*","kind":null,"rename":null,"optional":false,"uses_default_features":true,"features":[],"target":null,"registry":null,"path":"/home/chemtech/workspace/libxc_rs/crates/kernel-math"}],"targets":[{"kind":["lib"],"crate_types":["lib"],"name":"libxc_kernel_mgga_10a","src_path":"/home/chemtech/workspace/libxc_rs/crates/kernel-mgga-10a/src/lib.rs","edition":"2024","doc":true,"doctest":true,"test":true}],"features":{},"manifest_path":"/home/chemtech/workspace/libxc_rs/crates/kernel-mgga-10a/Cargo.toml","metadata":null,"publish":null,"authors":[],"categories":[],"keywords":[],"readme":null,"repository":null,"homepage":null,"documentation":null,"edition":"2024","links":null,"default_run":null,"rust_version":null},{"name":"libxc-kernel-mgga-10b","version":"0.1.0","id":"path+file:///home/chemtech/workspace/libxc_rs/crates/kernel-mgga-10b#libxc-kernel-mgga-10b@0.1.0","license":null,"license_file":null,"description":null,"source":null,"dependencies":[{"name":"cubecl","source":"registry+https://github.com/rust-lang/crates.io-index","req":"^0.9.0","kind":null,"rename":null,"optional":false,"uses_default_features":false,"features":["cpu"],"target":null,"registry":null},{"name":"libxc-kernel-math","source":null,"req":"*","kind":null,"rename":null,"optional":false,"uses_default_features":true,"features":[],"target":null,"registry":null,"path":"/home/chemtech/workspace/libxc_rs/crates/kernel-math"}],"targets":[{"kind":["lib"],"crate_types":["lib"],"name":"libxc_kernel_mgga_10b","src_path":"/home/chemtech/workspace/libxc_rs/crates/kernel-mgga-10b/src/lib.rs","edition":"2024","doc":true,"doctest":true,"test":true}],"features":{},"manifest_path":"/home/chemtech/workspace/libxc_rs/crates/kernel-mgga-10b/Cargo.toml","metadata":null,"publish":null,"authors":[],"categories":[],"keywords":[],"readme":null,"repository":null,"homepage":null,"documentation":null,"edition":"2024","links":null,"default_run":null,"rust_version":null},{"name":"libxc-kernel-mgga-11a","version":"0.1.0","id":"path+file:///home/chemtech/workspace/libxc_rs/crates/kernel-mgga-11a#libxc-kernel-mgga-11a@0.1.0","license":null,"license_file":null,"description":null,"source":null,"dependencies":[{"name":"cubecl","source":"registry+https://github.com/rust-lang/crates.io-index","req":"^0.9.0","kind":null,"rename":null,"optional":false,"uses_default_features":false,"features":["cpu"],"target":null,"registry":null},{"name":"libxc-kernel-math","source":null,"req":"*","kind":null,"rename":null,"optional":false,"uses_default_features":true,"features":[],"target":null,"registry":null,"path":"/home/chemtech/workspace/libxc_rs/crates/kernel-math"}],"targets":[{"kind":["lib"],"crate_types":["lib"],"name":"libxc_kernel_mgga_11a","src_path":"/home/chemtech/workspace/libxc_rs/crates/kernel-mgga-11a/src/lib.rs","edition":"2024","doc":true,"doctest":true,"test":true}],"features":{},"manifest_path":"/home/chemtech/workspace/libxc_rs/crates/kernel-mgga-11a/Cargo.toml","metadata":null,"publish":null,"authors":[],"categories":[],"keywords":[],"readme":null,"repository":null,"homepage":null,"documentation":null,"edition":"2024","links":null,"default_run":null,"rust_version":null},{"name":"libxc-kernel-mgga-11b","version":"0.1.0","id":"path+file:///home/chemtech/workspace/libxc_rs/crates/kernel-mgga-11b#libxc-kernel-mgga-11b@0.1.0","license":null,"license_file":null,"description":null,"source":null,"dependencies":[{"name":"cubecl","source":"registry+https://github.com/rust-lang/crates.io-index","req":"^0.9.0","kind":null,"rename":null,"optional":false,"uses_default_features":false,"features":["cpu"],"target":null,"registry":null},{"name":"libxc-kernel-math","source":null,"req":"*","kind":null,"rename":null,"optional":false,"uses_default_features":true,"features":[],"target":null,"registry":null,"path":"/home/chemtech/workspace/libxc_rs/crates/kernel-math"}],"targets":[{"kind":["lib"],"crate_types":["lib"],"name":"libxc_kernel_mgga_11b","src_path":"/home/chemtech/workspace/libxc_rs/crates/kernel-mgga-11b/src/lib.rs","edition":"2024","doc":true,"doctest":true,"test":true}],"features":{},"manifest_path":"/home/chemtech/workspace/libxc_rs/crates/kernel-mgga-11b/Cargo.toml","metadata":null,"publish":null,"authors":[],"categories":[],"keywords":[],"readme":null,"repository":null,"homepage":null,"documentation":null,"edition":"2024","links":null,"default_run":null,"rust_version":null},{"name":"libxc-kernel-mgga-11c","version":"0.1.0","id":"path+file:///home/chemtech/workspace/libxc_rs/crates/kernel-mgga-11c#libxc-kernel-mgga-11c@0.1.0","license":null,"license_file":null,"description":null,"source":null,"dependencies":[{"name":"cubecl","source":"registry+https://github.com/rust-lang/crates.io-index","req":"^0.9.0","kind":null,"rename":null,"optional":false,"uses_default_features":false,"features":["cpu"],"target":null,"registry":null},{"name":"libxc-kernel-math","source":null,"req":"*","kind":null,"rename":null,"optional":false,"uses_default_features":true,"features":[],"target":null,"registry":null,"path":"/home/chemtech/workspace/libxc_rs/crates/kernel-math"}],"targets":[{"kind":["lib"],"crate_types":["lib"],"name":"libxc_kernel_mgga_11c","src_path":"/home/chemtech/workspace/libxc_rs/crates/kernel-mgga-11c/src/lib.rs","edition":"2024","doc":true,"doctest":true,"test":true}],"features":{},"manifest_path":"/home/chemtech/workspace/libxc_rs/crates/kernel-mgga-11c/Cargo.toml","metadata":null,"publish":null,"authors":[],"categories":[],"keywords":[],"readme":null,"repository":null,"homepage":null,"documentation":null,"edition":"2024","links":null,"default_run":null,"rust_version":null},{"name":"libxc-kernel-mgga-12a","version":"0.1.0","id":"path+file:///home/chemtech/workspace/libxc_rs/crates/kernel-mgga-12a#libxc-kernel-mgga-12a@0.1.0","license":null,"license_file":null,"description":null,"source":null,"dependencies":[{"name":"cubecl","source":"registry+https://github.com/rust-lang/crates.io-index","req":"^0.9.0","kind":null,"rename":null,"optional":false,"uses_default_features":false,"features":["cpu"],"target":null,"registry":null},{"name":"libxc-kernel-math","source":null,"req":"*","kind":null,"rename":null,"optional":false,"uses_default_features":true,"features":[],"target":null,"registry":null,"path":"/home/chemtech/workspace/libxc_rs/crates/kernel-math"}],"targets":[{"kind":["lib"],"crate_types":["lib"],"name":"libxc_kernel_mgga_12a","src_path":"/home/chemtech/workspace/libxc_rs/crates/kernel-mgga-12a/src/lib.rs","edition":"2024","doc":true,"doctest":true,"test":true}],"features":{},"manifest_path":"/home/chemtech/workspace/libxc_rs/crates/kernel-mgga-12a/Cargo.toml","metadata":null,"publish":null,"authors":[],"categories":[],"keywords":[],"readme":null,"repository":null,"homepage":null,"documentation":null,"edition":"2024","links":null,"default_run":null,"rust_version":null},{"name":"libxc-kernel-mgga-12b","version":"0.1.0","id":"path+file:///home/chemtech/workspace/libxc_rs/crates/kernel-mgga-12b#libxc-kernel-mgga-12b@0.1.0","license":null,"license_file":null,"description":null,"source":null,"dependencies":[{"name":"cubecl","source":"registry+https://github.com/rust-lang/crates.io-index","req":"^0.9.0","kind":null,"rename":null,"optional":false,"uses_default_features":false,"features":["cpu"],"target":null,"registry":null},{"name":"libxc-kernel-math","source":null,"req":"*","kind":null,"rename":null,"optional":false,"uses_default_features":true,"features":[],"target":null,"registry":null,"path":"/home/chemtech/workspace/libxc_rs/crates/kernel-math"}],"targets":[{"kind":["lib"],"crate_types":["lib"],"name":"libxc_kernel_mgga_12b","src_path":"/home/chemtech/workspace/libxc_rs/crates/kernel-mgga-12b/src/lib.rs","edition":"2024","doc":true,"doctest":true,"test":true}],"features":{},"manifest_path":"/home/chemtech/workspace/libxc_rs/crates/kernel-mgga-12b/Cargo.toml","metadata":null,"publish":null,"authors":[],"categories":[],"keywords":[],"readme":null,"repository":null,"homepage":null,"documentation":null,"edition":"2024","links":null,"default_run":null,"rust_version":null},{"name":"libxc-kernel-mgga-12c","version":"0.1.0","id":"path+file:///home/chemtech/workspace/libxc_rs/crates/kernel-mgga-12c#libxc-kernel-mgga-12c@0.1.0","license":null,"license_file":null,"description":null,"source":null,"dependencies":[{"name":"cubecl","source":"registry+https://github.com/rust-lang/crates.io-index","req":"^0.9.0","kind":null,"rename":null,"optional":false,"uses_default_features":false,"features":["cpu"],"target":null,"registry":null},{"name":"libxc-kernel-math","source":null,"req":"*","kind":null,"rename":null,"optional":false,"uses_default_features":true,"features":[],"target":null,"registry":null,"path":"/home/chemtech/workspace/libxc_rs/crates/kernel-math"}],"targets":[{"kind":["lib"],"crate_types":["lib"],"name":"libxc_kernel_mgga_12c","src_path":"/home/chemtech/workspace/libxc_rs/crates/kernel-mgga-12c/src/lib.rs","edition":"2024","doc":true,"doctest":true,"test":true}],"features":{},"manifest_path":"/home/chemtech/workspace/libxc_rs/crates/kernel-mgga-12c/Cargo.toml","metadata":null,"publish":null,"authors":[],"categories":[],"keywords":[],"readme":null,"repository":null,"homepage":null,"documentation":null,"edition":"2024","links":null,"default_run":null,"rust_version":null},{"name":"libxc-kernel-mgga-12d","version":"0.1.0","id":"path+file:///home/chemtech/workspace/libxc_rs/crates/kernel-mgga-12d#libxc-kernel-mgga-12d@0.1.0","license":null,"license_file":null,"description":null,"source":null,"dependencies":[{"name":"cubecl","source":"registry+https://github.com/rust-lang/crates.io-index","req":"^0.9.0","kind":null,"rename":null,"optional":false,"uses_default_features":false,"features":["cpu"],"target":null,"registry":null},{"name":"libxc-kernel-math","source":null,"req":"*","kind":null,"rename":null,"optional":false,"uses_default_features":true,"features":[],"target":null,"registry":null,"path":"/home/chemtech/workspace/libxc_rs/crates/kernel-math"}],"targets":[{"kind":["lib"],"crate_types":["lib"],"name":"libxc_kernel_mgga_12d","src_path":"/home/chemtech/workspace/libxc_rs/crates/kernel-mgga-12d/src/lib.rs","edition":"2024","doc":true,"doctest":true,"test":true}],"features":{},"manifest_path":"/home/chemtech/workspace/libxc_rs/crates/kernel-mgga-12d/Cargo.toml","metadata":null,"publish":null,"authors":[],"categories":[],"keywords":[],"readme":null,"repository":null,"homepage":null,"documentation":null,"edition":"2024","links":null,"default_run":null,"rust_version":null},{"name":"libxc-kernel-mgga-13a","version":"0.1.0","id":"path+file:///home/chemtech/workspace/libxc_rs/crates/kernel-mgga-13a#libxc-kernel-mgga-13a@0.1.0","license":null,"license_file":null,"description":null,"source":null,"dependencies":[{"name":"cubecl","source":"registry+https://github.com/rust-lang/crates.io-index","req":"^0.9.0","kind":null,"rename":null,"optional":false,"uses_default_features":false,"features":["cpu"],"target":null,"registry":null},{"name":"libxc-kernel-math","source":null,"req":"*","kind":null,"rename":null,"optional":false,"uses_default_features":true,"features":[],"target":null,"registry":null,"path":"/home/chemtech/workspace/libxc_rs/crates/kernel-math"}],"targets":[{"kind":["lib"],"crate_types":["lib"],"name":"libxc_kernel_mgga_13a","src_path":"/home/chemtech/workspace/libxc_rs/crates/kernel-mgga-13a/src/lib.rs","edition":"2024","doc":true,"doctest":true,"test":true}],"features":{},"manifest_path":"/home/chemtech/workspace/libxc_rs/crates/kernel-mgga-13a/Cargo.toml","metadata":null,"publish":null,"authors":[],"categories":[],"keywords":[],"readme":null,"repository":null,"homepage":null,"documentation":null,"edition":"2024","links":null,"default_run":null,"rust_version":null},{"name":"libxc-kernel-mgga-13b","version":"0.1.0","id":"path+file:///home/chemtech/workspace/libxc_rs/crates/kernel-mgga-13b#libxc-kernel-mgga-13b@0.1.0","license":null,"license_file":null,"description":null,"source":null,"dependencies":[{"name":"cubecl","source":"registry+https://github.com/rust-lang/crates.io-index","req":"^0.9.0","kind":null,"rename":null,"optional":false,"uses_default_features":false,"features":["cpu"],"target":null,"registry":null},{"name":"libxc-kernel-math","source":null,"req":"*","kind":null,"rename":null,"optional":false,"uses_default_features":true,"features":[],"target":null,"registry":null,"path":"/home/chemtech/workspace/libxc_rs/crates/kernel-math"}],"targets":[{"kind":["lib"],"crate_types":["lib"],"name":"libxc_kernel_mgga_13b","src_path":"/home/chemtech/workspace/libxc_rs/crates/kernel-mgga-13b/src/lib.rs","edition":"2024","doc":true,"doctest":true,"test":true}],"features":{},"manifest_path":"/home/chemtech/workspace/libxc_rs/crates/kernel-mgga-13b/Cargo.toml","metadata":null,"publish":null,"authors":[],"categories":[],"keywords":[],"readme":null,"repository":null,"homepage":null,"documentation":null,"edition":"2024","links":null,"default_run":null,"rust_version":null},{"name":"libxc-kernel-mgga-14a","version":"0.1.0","id":"path+file:///home/chemtech/workspace/libxc_rs/crates/kernel-mgga-14a#libxc-kernel-mgga-14a@0.1.0","license":null,"license_file":null,"description":null,"source":null,"dependencies":[{"name":"cubecl","source":"registry+https://github.com/rust-lang/crates.io-index","req":"^0.9.0","kind":null,"rename":null,"optional":false,"uses_default_features":false,"features":["cpu"],"target":null,"registry":null},{"name":"libxc-kernel-math","source":null,"req":"*","kind":null,"rename":null,"optional":false,"uses_default_features":true,"features":[],"target":null,"registry":null,"path":"/home/chemtech/workspace/libxc_rs/crates/kernel-math"}],"targets":[{"kind":["lib"],"crate_types":["lib"],"name":"libxc_kernel_mgga_14a","src_path":"/home/chemtech/workspace/libxc_rs/crates/kernel-mgga-14a/src/lib.rs","edition":"2024","doc":true,"doctest":true,"test":true}],"features":{},"manifest_path":"/home/chemtech/workspace/libxc_rs/crates/kernel-mgga-14a/Cargo.toml","metadata":null,"publish":null,"authors":[],"categories":[],"keywords":[],"readme":null,"repository":null,"homepage":null,"documentation":null,"edition":"2024","links":null,"default_run":null,"rust_version":null},{"name":"libxc-kernel-mgga-14b","version":"0.1.0","id":"path+file:///home/chemtech/workspace/libxc_rs/crates/kernel-mgga-14b#libxc-kernel-mgga-14b@0.1.0","license":null,"license_file":null,"description":null,"source":null,"dependencies":[{"name":"cubecl","source":"registry+https://github.com/rust-lang/crates.io-index","req":"^0.9.0","kind":null,"rename":null,"optional":false,"uses_default_features":false,"features":["cpu"],"target":null,"registry":null},{"name":"libxc-kernel-math","source":null,"req":"*","kind":null,"rename":null,"optional":false,"uses_default_features":true,"features":[],"target":null,"registry":null,"path":"/home/chemtech/workspace/libxc_rs/crates/kernel-math"}],"targets":[{"kind":["lib"],"crate_types":["lib"],"name":"libxc_kernel_mgga_14b","src_path":"/home/chemtech/workspace/libxc_rs/crates/kernel-mgga-14b/src/lib.rs","edition":"2024","doc":true,"doctest":true,"test":true}],"features":{},"manifest_path":"/home/chemtech/workspace/libxc_rs/crates/kernel-mgga-14b/Cargo.toml","metadata":null,"publish":null,"authors":[],"categories":[],"keywords":[],"readme":null,"repository":null,"homepage":null,"documentation":null,"edition":"2024","links":null,"default_run":null,"rust_version":null},{"name":"libxc-kernel-mgga-14c","version":"0.1.0","id":"path+file:///home/chemtech/workspace/libxc_rs/crates/kernel-mgga-14c#libxc-kernel-mgga-14c@0.1.0","license":null,"license_file":null,"description":null,"source":null,"dependencies":[{"name":"cubecl","source":"registry+https://github.com/rust-lang/crates.io-index","req":"^0.9.0","kind":null,"rename":null,"optional":false,"uses_default_features":false,"features":["cpu"],"target":null,"registry":null},{"name":"libxc-kernel-math","source":null,"req":"*","kind":null,"rename":null,"optional":false,"uses_default_features":true,"features":[],"target":null,"registry":null,"path":"/home/chemtech/workspace/libxc_rs/crates/kernel-math"}],"targets":[{"kind":["lib"],"crate_types":["lib"],"name":"libxc_kernel_mgga_14c","src_path":"/home/chemtech/workspace/libxc_rs/crates/kernel-mgga-14c/src/lib.rs","edition":"2024","doc":true,"doctest":true,"test":true}],"features":{},"manifest_path":"/home/chemtech/workspace/libxc_rs/crates/kernel-mgga-14c/Cargo.toml","metadata":null,"publish":null,"authors":[],"categories":[],"keywords":[],"readme":null,"repository":null,"homepage":null,"documentation":null,"edition":"2024","links":null,"default_run":null,"rust_version":null},{"name":"libxc-kernel-mgga-14d","version":"0.1.0","id":"path+file:///home/chemtech/workspace/libxc_rs/crates/kernel-mgga-14d#libxc-kernel-mgga-14d@0.1.0","license":null,"license_file":null,"description":null,"source":null,"dependencies":[{"name":"cubecl","source":"registry+https://github.com/rust-lang/crates.io-index","req":"^0.9.0","kind":null,"rename":null,"optional":false,"uses_default_features":false,"features":["cpu"],"target":null,"registry":null},{"name":"libxc-kernel-math","source":null,"req":"*","kind":null,"rename":null,"optional":false,"uses_default_features":true,"features":[],"target":null,"registry":null,"path":"/home/chemtech/workspace/libxc_rs/crates/kernel-math"}],"targets":[{"kind":["lib"],"crate_types":["lib"],"name":"libxc_kernel_mgga_14d","src_path":"/home/chemtech/workspace/libxc_rs/crates/kernel-mgga-14d/src/lib.rs","edition":"2024","doc":true,"doctest":true,"test":true}],"features":{},"manifest_path":"/home/chemtech/workspace/libxc_rs/crates/kernel-mgga-14d/Cargo.toml","metadata":null,"publish":null,"authors":[],"categories":[],"keywords":[],"readme":null,"repository":null,"homepage":null,"documentation":null,"edition":"2024","links":null,"default_run":null,"rust_version":null},{"name":"libxc-kernel-mgga-14e","version":"0.1.0","id":"path+file:///home/chemtech/workspace/libxc_rs/crates/kernel-mgga-14e#libxc-kernel-mgga-14e@0.1.0","license":null,"license_file":null,"description":null,"source":null,"dependencies":[{"name":"cubecl","source":"registry+https://github.com/rust-lang/crates.io-index","req":"^0.9.0","kind":null,"rename":null,"optional":false,"uses_default_features":false,"features":["cpu"],"target":null,"registry":null},{"name":"libxc-kernel-math","source":null,"req":"*","kind":null,"rename":null,"optional":false,"uses_default_features":true,"features":[],"target":null,"registry":null,"path":"/home/chemtech/workspace/libxc_rs/crates/kernel-math"}],"targets":[{"kind":["lib"],"crate_types":["lib"],"name":"libxc_kernel_mgga_14e","src_path":"/home/chemtech/workspace/libxc_rs/crates/kernel-mgga-14e/src/lib.rs","edition":"2024","doc":true,"doctest":true,"test":true}],"features":{},"manifest_path":"/home/chemtech/workspace/libxc_rs/crates/kernel-mgga-14e/Cargo.toml","metadata":null,"publish":null,"authors":[],"categories":[],"keywords":[],"readme":null,"repository":null,"homepage":null,"documentation":null,"edition":"2024","links":null,"default_run":null,"rust_version":null},{"name":"libxc-kernel-mgga-14f","version":"0.1.0","id":"path+file:///home/chemtech/workspace/libxc_rs/crates/kernel-mgga-14f#libxc-kernel-mgga-14f@0.1.0","license":null,"license_file":null,"description":null,"source":null,"dependencies":[{"name":"cubecl","source":"registry+https://github.com/rust-lang/crates.io-index","req":"^0.9.0","kind":null,"rename":null,"optional":false,"uses_default_features":false,"features":["cpu"],"target":null,"registry":null},{"name":"libxc-kernel-math","source":null,"req":"*","kind":null,"rename":null,"optional":false,"uses_default_features":true,"features":[],"target":null,"registry":null,"path":"/home/chemtech/workspace/libxc_rs/crates/kernel-math"}],"targets":[{"kind":["lib"],"crate_types":["lib"],"name":"libxc_kernel_mgga_14f","src_path":"/home/chemtech/workspace/libxc_rs/crates/kernel-mgga-14f/src/lib.rs","edition":"2024","doc":true,"doctest":true,"test":true}],"features":{},"manifest_path":"/home/chemtech/workspace/libxc_rs/crates/kernel-mgga-14f/Cargo.toml","metadata":null,"publish":null,"authors":[],"categories":[],"keywords":[],"readme":null,"repository":null,"homepage":null,"documentation":null,"edition":"2024","links":null,"default_run":null,"rust_version":null},{"name":"libxc-kernel-mgga-14g","version":"0.1.0","id":"path+file:///home/chemtech/workspace/libxc_rs/crates/kernel-mgga-14g#libxc-kernel-mgga-14g@0.1.0","license":null,"license_file":null,"description":null,"source":null,"dependencies":[{"name":"cubecl","source":"registry+https://github.com/rust-lang/crates.io-index","req":"^0.9.0","kind":null,"rename":null,"optional":false,"uses_default_features":false,"features":["cpu"],"target":null,"registry":null},{"name":"libxc-kernel-math","source":null,"req":"*","kind":null,"rename":null,"optional":false,"uses_default_features":true,"features":[],"target":null,"registry":null,"path":"/home/chemtech/workspace/libxc_rs/crates/kernel-math"}],"targets":[{"kind":["lib"],"crate_types":["lib"],"name":"libxc_kernel_mgga_14g","src_path":"/home/chemtech/workspace/libxc_rs/crates/kernel-mgga-14g/src/lib.rs","edition":"2024","doc":true,"doctest":true,"test":true}],"features":{},"manifest_path":"/home/chemtech/workspace/libxc_rs/crates/kernel-mgga-14g/Cargo.toml","metadata":null,"publish":null,"authors":[],"categories":[],"keywords":[],"readme":null,"repository":null,"homepage":null,"documentation":null,"edition":"2024","links":null,"default_run":null,"rust_version":null},{"name":"libxc-kernel-mgga-14h","version":"0.1.0","id":"path+file:///home/chemtech/workspace/libxc_rs/crates/kernel-mgga-14h#libxc-kernel-mgga-14h@0.1.0","license":null,"license_file":null,"description":null,"source":null,"dependencies":[{"name":"cubecl","source":"registry+https://github.com/rust-lang/crates.io-index","req":"^0.9.0","kind":null,"rename":null,"optional":false,"uses_default_features":false,"features":["cpu"],"target":null,"registry":null},{"name":"libxc-kernel-math","source":null,"req":"*","kind":null,"rename":null,"optional":false,"uses_default_features":true,"features":[],"target":null,"registry":null,"path":"/home/chemtech/workspace/libxc_rs/crates/kernel-math"}],"targets":[{"kind":["lib"],"crate_types":["lib"],"name":"libxc_kernel_mgga_14h","src_path":"/home/chemtech/workspace/libxc_rs/crates/kernel-mgga-14h/src/lib.rs","edition":"2024","doc":true,"doctest":true,"test":true}],"features":{},"manifest_path":"/home/chemtech/workspace/libxc_rs/crates/kernel-mgga-14h/Cargo.toml","metadata":null,"publish":null,"authors":[],"categories":[],"keywords":[],"readme":null,"repository":null,"homepage":null,"documentation":null,"edition":"2024","links":null,"default_run":null,"rust_version":null},{"name":"libxc-kernel-mgga-14i","version":"0.1.0","id":"path+file:///home/chemtech/workspace/libxc_rs/crates/kernel-mgga-14i#libxc-kernel-mgga-14i@0.1.0","license":null,"license_file":null,"description":null,"source":null,"dependencies":[{"name":"cubecl","source":"registry+https://github.com/rust-lang/crates.io-index","req":"^0.9.0","kind":null,"rename":null,"optional":false,"uses_default_features":false,"features":["cpu"],"target":null,"registry":null},{"name":"libxc-kernel-math","source":null,"req":"*","kind":null,"rename":null,"optional":false,"uses_default_features":true,"features":[],"target":null,"registry":null,"path":"/home/chemtech/workspace/libxc_rs/crates/kernel-math"}],"targets":[{"kind":["lib"],"crate_types":["lib"],"name":"libxc_kernel_mgga_14i","src_path":"/home/chemtech/workspace/libxc_rs/crates/kernel-mgga-14i/src/lib.rs","edition":"2024","doc":true,"doctest":true,"test":true}],"features":{},"manifest_path":"/home/chemtech/workspace/libxc_rs/crates/kernel-mgga-14i/Cargo.toml","metadata":null,"publish":null,"authors":[],"categories":[],"keywords":[],"readme":null,"repository":null,"homepage":null,"documentation":null,"edition":"2024","links":null,"default_run":null,"rust_version":null},{"name":"libxc-kernel-mgga-14j","version":"0.1.0","id":"path+file:///home/chemtech/workspace/libxc_rs/crates/kernel-mgga-14j#libxc-kernel-mgga-14j@0.1.0","license":null,"license_file":null,"description":null,"source":null,"dependencies":[{"name":"cubecl","source":"registry+https://github.com/rust-lang/crates.io-index","req":"^0.9.0","kind":null,"rename":null,"optional":false,"uses_default_features":false,"features":["cpu"],"target":null,"registry":null},{"name":"libxc-kernel-math","source":null,"req":"*","kind":null,"rename":null,"optional":false,"uses_default_features":true,"features":[],"target":null,"registry":null,"path":"/home/chemtech/workspace/libxc_rs/crates/kernel-math"}],"targets":[{"kind":["lib"],"crate_types":["lib"],"name":"libxc_kernel_mgga_14j","src_path":"/home/chemtech/workspace/libxc_rs/crates/kernel-mgga-14j/src/lib.rs","edition":"2024","doc":true,"doctest":true,"test":true}],"features":{},"manifest_path":"/home/chemtech/workspace/libxc_rs/crates/kernel-mgga-14j/Cargo.toml","metadata":null,"publish":null,"authors":[],"categories":[],"keywords":[],"readme":null,"repository":null,"homepage":null,"documentation":null,"edition":"2024","links":null,"default_run":null,"rust_version":null},{"name":"libxc-kernel-mgga-14k","version":"0.1.0","id":"path+file:///home/chemtech/workspace/libxc_rs/crates/kernel-mgga-14k#libxc-kernel-mgga-14k@0.1.0","license":null,"license_file":null,"description":null,"source":null,"dependencies":[{"name":"cubecl","source":"registry+https://github.com/rust-lang/crates.io-index","req":"^0.9.0","kind":null,"rename":null,"optional":false,"uses_default_features":false,"features":["cpu"],"target":null,"registry":null},{"name":"libxc-kernel-math","source":null,"req":"*","kind":null,"rename":null,"optional":false,"uses_default_features":true,"features":[],"target":null,"registry":null,"path":"/home/chemtech/workspace/libxc_rs/crates/kernel-math"}],"targets":[{"kind":["lib"],"crate_types":["lib"],"name":"libxc_kernel_mgga_14k","src_path":"/home/chemtech/workspace/libxc_rs/crates/kernel-mgga-14k/src/lib.rs","edition":"2024","doc":true,"doctest":true,"test":true}],"features":{},"manifest_path":"/home/chemtech/workspace/libxc_rs/crates/kernel-mgga-14k/Cargo.toml","metadata":null,"publish":null,"authors":[],"categories":[],"keywords":[],"readme":null,"repository":null,"homepage":null,"documentation":null,"edition":"2024","links":null,"default_run":null,"rust_version":null},{"name":"libxc-kernel-mgga-14l","version":"0.1.0","id":"path+file:///home/chemtech/workspace/libxc_rs/crates/kernel-mgga-14l#libxc-kernel-mgga-14l@0.1.0","license":null,"license_file":null,"description":null,"source":null,"dependencies":[{"name":"cubecl","source":"registry+https://github.com/rust-lang/crates.io-index","req":"^0.9.0","kind":null,"rename":null,"optional":false,"uses_default_features":false,"features":["cpu"],"target":null,"registry":null},{"name":"libxc-kernel-math","source":null,"req":"*","kind":null,"rename":null,"optional":false,"uses_default_features":true,"features":[],"target":null,"registry":null,"path":"/home/chemtech/workspace/libxc_rs/crates/kernel-math"}],"targets":[{"kind":["lib"],"crate_types":["lib"],"name":"libxc_kernel_mgga_14l","src_path":"/home/chemtech/workspace/libxc_rs/crates/kernel-mgga-14l/src/lib.rs","edition":"2024","doc":true,"doctest":true,"test":true}],"features":{},"manifest_path":"/home/chemtech/workspace/libxc_rs/crates/kernel-mgga-14l/Cargo.toml","metadata":null,"publish":null,"authors":[],"categories":[],"keywords":[],"readme":null,"repository":null,"homepage":null,"documentation":null,"edition":"2024","links":null,"default_run":null,"rust_version":null},{"name":"libxc-kernel-mgga-15a","version":"0.1.0","id":"path+file:///home/chemtech/workspace/libxc_rs/crates/kernel-mgga-15a#libxc-kernel-mgga-15a@0.1.0","license":null,"license_file":null,"description":null,"source":null,"dependencies":[{"name":"cubecl","source":"registry+https://github.com/rust-lang/crates.io-index","req":"^0.9.0","kind":null,"rename":null,"optional":false,"uses_default_features":false,"features":["cpu"],"target":null,"registry":null},{"name":"libxc-kernel-math","source":null,"req":"*","kind":null,"rename":null,"optional":false,"uses_default_features":true,"features":[],"target":null,"registry":null,"path":"/home/chemtech/workspace/libxc_rs/crates/kernel-math"}],"targets":[{"kind":["lib"],"crate_types":["lib"],"name":"libxc_kernel_mgga_15a","src_path":"/home/chemtech/workspace/libxc_rs/crates/kernel-mgga-15a/src/lib.rs","edition":"2024","doc":true,"doctest":true,"test":true}],"features":{},"manifest_path":"/home/chemtech/workspace/libxc_rs/crates/kernel-mgga-15a/Cargo.toml","metadata":null,"publish":null,"authors":[],"categories":[],"keywords":[],"readme":null,"repository":null,"homepage":null,"documentation":null,"edition":"2024","links":null,"default_run":null,"rust_version":null},{"name":"libxc-kernel-mgga-15b","version":"0.1.0","id":"path+file:///home/chemtech/workspace/libxc_rs/crates/kernel-mgga-15b#libxc-kernel-mgga-15b@0.1.0","license":null,"license_file":null,"description":null,"source":null,"dependencies":[{"name":"cubecl","source":"registry+https://github.com/rust-lang/crates.io-index","req":"^0.9.0","kind":null,"rename":null,"optional":false,"uses_default_features":false,"features":["cpu"],"target":null,"registry":null},{"name":"libxc-kernel-math","source":null,"req":"*","kind":null,"rename":null,"optional":false,"uses_default_features":true,"features":[],"target":null,"registry":null,"path":"/home/chemtech/workspace/libxc_rs/crates/kernel-math"}],"targets":[{"kind":["lib"],"crate_types":["lib"],"name":"libxc_kernel_mgga_15b","src_path":"/home/chemtech/workspace/libxc_rs/crates/kernel-mgga-15b/src/lib.rs","edition":"2024","doc":true,"doctest":true,"test":true}],"features":{},"manifest_path":"/home/chemtech/workspace/libxc_rs/crates/kernel-mgga-15b/Cargo.toml","metadata":null,"publish":null,"authors":[],"categories":[],"keywords":[],"readme":null,"repository":null,"homepage":null,"documentation":null,"edition":"2024","links":null,"default_run":null,"rust_version":null},{"name":"libxc-kernel-mgga-15c","version":"0.1.0","id":"path+file:///home/chemtech/workspace/libxc_rs/crates/kernel-mgga-15c#libxc-kernel-mgga-15c@0.1.0","license":null,"license_file":null,"description":null,"source":null,"dependencies":[{"name":"cubecl","source":"registry+https://github.com/rust-lang/crates.io-index","req":"^0.9.0","kind":null,"rename":null,"optional":false,"uses_default_features":false,"features":["cpu"],"target":null,"registry":null},{"name":"libxc-kernel-math","source":null,"req":"*","kind":null,"rename":null,"optional":false,"uses_default_features":true,"features":[],"target":null,"registry":null,"path":"/home/chemtech/workspace/libxc_rs/crates/kernel-math"}],"targets":[{"kind":["lib"],"crate_types":["lib"],"name":"libxc_kernel_mgga_15c","src_path":"/home/chemtech/workspace/libxc_rs/crates/kernel-mgga-15c/src/lib.rs","edition":"2024","doc":true,"doctest":true,"test":true}],"features":{},"manifest_path":"/home/chemtech/workspace/libxc_rs/crates/kernel-mgga-15c/Cargo.toml","metadata":null,"publish":null,"authors":[],"categories":[],"keywords":[],"readme":null,"repository":null,"homepage":null,"documentation":null,"edition":"2024","links":null,"default_run":null,"rust_version":null},{"name":"libxc-kernel-mgga-15d","version":"0.1.0","id":"path+file:///home/chemtech/workspace/libxc_rs/crates/kernel-mgga-15d#libxc-kernel-mgga-15d@0.1.0","license":null,"license_file":null,"description":null,"source":null,"dependencies":[{"name":"cubecl","source":"registry+https://github.com/rust-lang/crates.io-index","req":"^0.9.0","kind":null,"rename":null,"optional":false,"uses_default_features":false,"features":["cpu"],"target":null,"registry":null},{"name":"libxc-kernel-math","source":null,"req":"*","kind":null,"rename":null,"optional":false,"uses_default_features":true,"features":[],"target":null,"registry":null,"path":"/home/chemtech/workspace/libxc_rs/crates/kernel-math"}],"targets":[{"kind":["lib"],"crate_types":["lib"],"name":"libxc_kernel_mgga_15d","src_path":"/home/chemtech/workspace/libxc_rs/crates/kernel-mgga-15d/src/lib.rs","edition":"2024","doc":true,"doctest":true,"test":true}],"features":{},"manifest_path":"/home/chemtech/workspace/libxc_rs/crates/kernel-mgga-15d/Cargo.toml","metadata":null,"publish":null,"authors":[],"categories":[],"keywords":[],"readme":null,"repository":null,"homepage":null,"documentation":null,"edition":"2024","links":null,"default_run":null,"rust_version":null},{"name":"libxc-kernel-mgga-15e","version":"0.1.0","id":"path+file:///home/chemtech/workspace/libxc_rs/crates/kernel-mgga-15e#libxc-kernel-mgga-15e@0.1.0","license":null,"license_file":null,"description":null,"source":null,"dependencies":[{"name":"cubecl","source":"registry+https://github.com/rust-lang/crates.io-index","req":"^0.9.0","kind":null,"rename":null,"optional":false,"uses_default_features":false,"features":["cpu"],"target":null,"registry":null},{"name":"libxc-kernel-math","source":null,"req":"*","kind":null,"rename":null,"optional":false,"uses_default_features":true,"features":[],"target":null,"registry":null,"path":"/home/chemtech/workspace/libxc_rs/crates/kernel-math"}],"targets":[{"kind":["lib"],"crate_types":["lib"],"name":"libxc_kernel_mgga_15e","src_path":"/home/chemtech/workspace/libxc_rs/crates/kernel-mgga-15e/src/lib.rs","edition":"2024","doc":true,"doctest":true,"test":true}],"features":{},"manifest_path":"/home/chemtech/workspace/libxc_rs/crates/kernel-mgga-15e/Cargo.toml","metadata":null,"publish":null,"authors":[],"categories":[],"keywords":[],"readme":null,"repository":null,"homepage":null,"documentation":null,"edition":"2024","links":null,"default_run":null,"rust_version":null},{"name":"libxc-kernel-mgga-15f","version":"0.1.0","id":"path+file:///home/chemtech/workspace/libxc_rs/crates/kernel-mgga-15f#libxc-kernel-mgga-15f@0.1.0","license":null,"license_file":null,"description":null,"source":null,"dependencies":[{"name":"cubecl","source":"registry+https://github.com/rust-lang/crates.io-index","req":"^0.9.0","kind":null,"rename":null,"optional":false,"uses_default_features":false,"features":["cpu"],"target":null,"registry":null},{"name":"libxc-kernel-math","source":null,"req":"*","kind":null,"rename":null,"optional":false,"uses_default_features":true,"features":[],"target":null,"registry":null,"path":"/home/chemtech/workspace/libxc_rs/crates/kernel-math"}],"targets":[{"kind":["lib"],"crate_types":["lib"],"name":"libxc_kernel_mgga_15f","src_path":"/home/chemtech/workspace/libxc_rs/crates/kernel-mgga-15f/src/lib.rs","edition":"2024","doc":true,"doctest":true,"test":true}],"features":{},"manifest_path":"/home/chemtech/workspace/libxc_rs/crates/kernel-mgga-15f/Cargo.toml","metadata":null,"publish":null,"authors":[],"categories":[],"keywords":[],"readme":null,"repository":null,"homepage":null,"documentation":null,"edition":"2024","links":null,"default_run":null,"rust_version":null},{"name":"libxc-kernel-mgga-15g","version":"0.1.0","id":"path+file:///home/chemtech/workspace/libxc_rs/crates/kernel-mgga-15g#libxc-kernel-mgga-15g@0.1.0","license":null,"license_file":null,"description":null,"source":null,"dependencies":[{"name":"cubecl","source":"registry+https://github.com/rust-lang/crates.io-index","req":"^0.9.0","kind":null,"rename":null,"optional":false,"uses_default_features":false,"features":["cpu"],"target":null,"registry":null},{"name":"libxc-kernel-math","source":null,"req":"*","kind":null,"rename":null,"optional":false,"uses_default_features":true,"features":[],"target":null,"registry":null,"path":"/home/chemtech/workspace/libxc_rs/crates/kernel-math"}],"targets":[{"kind":["lib"],"crate_types":["lib"],"name":"libxc_kernel_mgga_15g","src_path":"/home/chemtech/workspace/libxc_rs/crates/kernel-mgga-15g/src/lib.rs","edition":"2024","doc":true,"doctest":true,"test":true}],"features":{},"manifest_path":"/home/chemtech/workspace/libxc_rs/crates/kernel-mgga-15g/Cargo.toml","metadata":null,"publish":null,"authors":[],"categories":[],"keywords":[],"readme":null,"repository":null,"homepage":null,"documentation":null,"edition":"2024","links":null,"default_run":null,"rust_version":null},{"name":"libxc-kernel-mgga-15h","version":"0.1.0","id":"path+file:///home/chemtech/workspace/libxc_rs/crates/kernel-mgga-15h#libxc-kernel-mgga-15h@0.1.0","license":null,"license_file":null,"description":null,"source":null,"dependencies":[{"name":"cubecl","source":"registry+https://github.com/rust-lang/crates.io-index","req":"^0.9.0","kind":null,"rename":null,"optional":false,"uses_default_features":false,"features":["cpu"],"target":null,"registry":null},{"name":"libxc-kernel-math","source":null,"req":"*","kind":null,"rename":null,"optional":false,"uses_default_features":true,"features":[],"target":null,"registry":null,"path":"/home/chemtech/workspace/libxc_rs/crates/kernel-math"}],"targets":[{"kind":["lib"],"crate_types":["lib"],"name":"libxc_kernel_mgga_15h","src_path":"/home/chemtech/workspace/libxc_rs/crates/kernel-mgga-15h/src/lib.rs","edition":"2024","doc":true,"doctest":true,"test":true}],"features":{},"manifest_path":"/home/chemtech/workspace/libxc_rs/crates/kernel-mgga-15h/Cargo.toml","metadata":null,"publish":null,"authors":[],"categories":[],"keywords":[],"readme":null,"repository":null,"homepage":null,"documentation":null,"edition":"2024","links":null,"default_run":null,"rust_version":null},{"name":"libxc-kernel-mgga-16","version":"0.1.0","id":"path+file:///home/chemtech/workspace/libxc_rs/crates/kernel-mgga-16#libxc-kernel-mgga-16@0.1.0","license":null,"license_file":null,"description":null,"source":null,"dependencies":[{"name":"cubecl","source":"registry+https://github.com/rust-lang/crates.io-index","req":"^0.9.0","kind":null,"rename":null,"optional":false,"uses_default_features":false,"features":["cpu"],"target":null,"registry":null},{"name":"libxc-kernel-math","source":null,"req":"*","kind":null,"rename":null,"optional":false,"uses_default_features":true,"features":[],"target":null,"registry":null,"path":"/home/chemtech/workspace/libxc_rs/crates/kernel-math"}],"targets":[{"kind":["lib"],"crate_types":["lib"],"name":"libxc_kernel_mgga_16","src_path":"/home/chemtech/workspace/libxc_rs/crates/kernel-mgga-16/src/lib.rs","edition":"2024","doc":true,"doctest":true,"test":true}],"features":{},"manifest_path":"/home/chemtech/workspace/libxc_rs/crates/kernel-mgga-16/Cargo.toml","metadata":null,"publish":null,"authors":[],"categories":[],"keywords":[],"readme":null,"repository":null,"homepage":null,"documentation":null,"edition":"2024","links":null,"default_run":null,"rust_version":null},{"name":"libxc-kernel-mgga-17","version":"0.1.0","id":"path+file:///home/chemtech/workspace/libxc_rs/crates/kernel-mgga-17#libxc-kernel-mgga-17@0.1.0","license":null,"license_file":null,"description":null,"source":null,"dependencies":[{"name":"cubecl","source":"registry+https://github.com/rust-lang/crates.io-index","req":"^0.9.0","kind":null,"rename":null,"optional":false,"uses_default_features":false,"features":["cpu"],"target":null,"registry":null},{"name":"libxc-kernel-math","source":null,"req":"*","kind":null,"rename":null,"optional":false,"uses_default_features":true,"features":[],"target":null,"registry":null,"path":"/home/chemtech/workspace/libxc_rs/crates/kernel-math"}],"targets":[{"kind":["lib"],"crate_types":["lib"],"name":"libxc_kernel_mgga_17","src_path":"/home/chemtech/workspace/libxc_rs/crates/kernel-mgga-17/src/lib.rs","edition":"2024","doc":true,"doctest":true,"test":true}],"features":{},"manifest_path":"/home/chemtech/workspace/libxc_rs/crates/kernel-mgga-17/Cargo.toml","metadata":null,"publish":null,"authors":[],"categories":[],"keywords":[],"readme":null,"repository":null,"homepage":null,"documentation":null,"edition":"2024","links":null,"default_run":null,"rust_version":null},{"name":"libxc-kernel-mgga-18a","version":"0.1.0","id":"path+file:///home/chemtech/workspace/libxc_rs/crates/kernel-mgga-18a#libxc-kernel-mgga-18a@0.1.0","license":null,"license_file":null,"description":null,"source":null,"dependencies":[{"name":"cubecl","source":"registry+https://github.com/rust-lang/crates.io-index","req":"^0.9.0","kind":null,"rename":null,"optional":false,"uses_default_features":false,"features":["cpu"],"target":null,"registry":null},{"name":"libxc-kernel-math","source":null,"req":"*","kind":null,"rename":null,"optional":false,"uses_default_features":true,"features":[],"target":null,"registry":null,"path":"/home/chemtech/workspace/libxc_rs/crates/kernel-math"}],"targets":[{"kind":["lib"],"crate_types":["lib"],"name":"libxc_kernel_mgga_18a","src_path":"/home/chemtech/workspace/libxc_rs/crates/kernel-mgga-18a/src/lib.rs","edition":"2024","doc":true,"doctest":true,"test":true}],"features":{},"manifest_path":"/home/chemtech/workspace/libxc_rs/crates/kernel-mgga-18a/Cargo.toml","metadata":null,"publish":null,"authors":[],"categories":[],"keywords":[],"readme":null,"repository":null,"homepage":null,"documentation":null,"edition":"2024","links":null,"default_run":null,"rust_version":null},{"name":"libxc-kernel-mgga-18b","version":"0.1.0","id":"path+file:///home/chemtech/workspace/libxc_rs/crates/kernel-mgga-18b#libxc-kernel-mgga-18b@0.1.0","license":null,"license_file":null,"description":null,"source":null,"dependencies":[{"name":"cubecl","source":"registry+https://github.com/rust-lang/crates.io-index","req":"^0.9.0","kind":null,"rename":null,"optional":false,"uses_default_features":false,"features":["cpu"],"target":null,"registry":null},{"name":"libxc-kernel-math","source":null,"req":"*","kind":null,"rename":null,"optional":false,"uses_default_features":true,"features":[],"target":null,"registry":null,"path":"/home/chemtech/workspace/libxc_rs/crates/kernel-math"}],"targets":[{"kind":["lib"],"crate_types":["lib"],"name":"libxc_kernel_mgga_18b","src_path":"/home/chemtech/workspace/libxc_rs/crates/kernel-mgga-18b/src/lib.rs","edition":"2024","doc":true,"doctest":true,"test":true}],"features":{},"manifest_path":"/home/chemtech/workspace/libxc_rs/crates/kernel-mgga-18b/Cargo.toml","metadata":null,"publish":null,"authors":[],"categories":[],"keywords":[],"readme":null,"repository":null,"homepage":null,"documentation":null,"edition":"2024","links":null,"default_run":null,"rust_version":null},{"name":"libxc-kernel-mgga-18c","version":"0.1.0","id":"path+file:///home/chemtech/workspace/libxc_rs/crates/kernel-mgga-18c#libxc-kernel-mgga-18c@0.1.0","license":null,"license_file":null,"description":null,"source":null,"dependencies":[{"name":"cubecl","source":"registry+https://github.com/rust-lang/crates.io-index","req":"^0.9.0","kind":null,"rename":null,"optional":false,"uses_default_features":false,"features":["cpu"],"target":null,"registry":null},{"name":"libxc-kernel-math","source":null,"req":"*","kind":null,"rename":null,"optional":false,"uses_default_features":true,"features":[],"target":null,"registry":null,"path":"/home/chemtech/workspace/libxc_rs/crates/kernel-math"}],"targets":[{"kind":["lib"],"crate_types":["lib"],"name":"libxc_kernel_mgga_18c","src_path":"/home/chemtech/workspace/libxc_rs/crates/kernel-mgga-18c/src/lib.rs","edition":"2024","doc":true,"doctest":true,"test":true}],"features":{},"manifest_path":"/home/chemtech/workspace/libxc_rs/crates/kernel-mgga-18c/Cargo.toml","metadata":null,"publish":null,"authors":[],"categories":[],"keywords":[],"readme":null,"repository":null,"homepage":null,"documentation":null,"edition":"2024","links":null,"default_run":null,"rust_version":null},{"name":"libxc-kernel-mgga-19a","version":"0.1.0","id":"path+file:///home/chemtech/workspace/libxc_rs/crates/kernel-mgga-19a#libxc-kernel-mgga-19a@0.1.0","license":null,"license_file":null,"description":null,"source":null,"dependencies":[{"name":"cubecl","source":"registry+https://github.com/rust-lang/crates.io-index","req":"^0.9.0","kind":null,"rename":null,"optional":false,"uses_default_features":false,"features":["cpu"],"target":null,"registry":null},{"name":"libxc-kernel-math","source":null,"req":"*","kind":null,"rename":null,"optional":false,"uses_default_features":true,"features":[],"target":null,"registry":null,"path":"/home/chemtech/workspace/libxc_rs/crates/kernel-math"}],"targets":[{"kind":["lib"],"crate_types":["lib"],"name":"libxc_kernel_mgga_19a","src_path":"/home/chemtech/workspace/libxc_rs/crates/kernel-mgga-19a/src/lib.rs","edition":"2024","doc":true,"doctest":true,"test":true}],"features":{},"manifest_path":"/home/chemtech/workspace/libxc_rs/crates/kernel-mgga-19a/Cargo.toml","metadata":null,"publish":null,"authors":[],"categories":[],"keywords":[],"readme":null,"repository":null,"homepage":null,"documentation":null,"edition":"2024","links":null,"default_run":null,"rust_version":null},{"name":"libxc-kernel-mgga-19b","version":"0.1.0","id":"path+file:///home/chemtech/workspace/libxc_rs/crates/kernel-mgga-19b#libxc-kernel-mgga-19b@0.1.0","license":null,"license_file":null,"description":null,"source":null,"dependencies":[{"name":"cubecl","source":"registry+https://github.com/rust-lang/crates.io-index","req":"^0.9.0","kind":null,"rename":null,"optional":false,"uses_default_features":false,"features":["cpu"],"target":null,"registry":null},{"name":"libxc-kernel-math","source":null,"req":"*","kind":null,"rename":null,"optional":false,"uses_default_features":true,"features":[],"target":null,"registry":null,"path":"/home/chemtech/workspace/libxc_rs/crates/kernel-math"}],"targets":[{"kind":["lib"],"crate_types":["lib"],"name":"libxc_kernel_mgga_19b","src_path":"/home/chemtech/workspace/libxc_rs/crates/kernel-mgga-19b/src/lib.rs","edition":"2024","doc":true,"doctest":true,"test":true}],"features":{},"manifest_path":"/home/chemtech/workspace/libxc_rs/crates/kernel-mgga-19b/Cargo.toml","metadata":null,"publish":null,"authors":[],"categories":[],"keywords":[],"readme":null,"repository":null,"homepage":null,"documentation":null,"edition":"2024","links":null,"default_run":null,"rust_version":null},{"name":"libxc-kernel-mgga-19c","version":"0.1.0","id":"path+file:///home/chemtech/workspace/libxc_rs/crates/kernel-mgga-19c#libxc-kernel-mgga-19c@0.1.0","license":null,"license_file":null,"description":null,"source":null,"dependencies":[{"name":"cubecl","source":"registry+https://github.com/rust-lang/crates.io-index","req":"^0.9.0","kind":null,"rename":null,"optional":false,"uses_default_features":false,"features":["cpu"],"target":null,"registry":null},{"name":"libxc-kernel-math","source":null,"req":"*","kind":null,"rename":null,"optional":false,"uses_default_features":true,"features":[],"target":null,"registry":null,"path":"/home/chemtech/workspace/libxc_rs/crates/kernel-math"}],"targets":[{"kind":["lib"],"crate_types":["lib"],"name":"libxc_kernel_mgga_19c","src_path":"/home/chemtech/workspace/libxc_rs/crates/kernel-mgga-19c/src/lib.rs","edition":"2024","doc":true,"doctest":true,"test":true}],"features":{},"manifest_path":"/home/chemtech/workspace/libxc_rs/crates/kernel-mgga-19c/Cargo.toml","metadata":null,"publish":null,"authors":[],"categories":[],"keywords":[],"readme":null,"repository":null,"homepage":null,"documentation":null,"edition":"2024","links":null,"default_run":null,"rust_version":null},{"name":"libxc-kernel-mgga-19d","version":"0.1.0","id":"path+file:///home/chemtech/workspace/libxc_rs/crates/kernel-mgga-19d#libxc-kernel-mgga-19d@0.1.0","license":null,"license_file":null,"description":null,"source":null,"dependencies":[{"name":"cubecl","source":"registry+https://github.com/rust-lang/crates.io-index","req":"^0.9.0","kind":null,"rename":null,"optional":false,"uses_default_features":false,"features":["cpu"],"target":null,"registry":null},{"name":"libxc-kernel-math","source":null,"req":"*","kind":null,"rename":null,"optional":false,"uses_default_features":true,"features":[],"target":null,"registry":null,"path":"/home/chemtech/workspace/libxc_rs/crates/kernel-math"}],"targets":[{"kind":["lib"],"crate_types":["lib"],"name":"libxc_kernel_mgga_19d","src_path":"/home/chemtech/workspace/libxc_rs/crates/kernel-mgga-19d/src/lib.rs","edition":"2024","doc":true,"doctest":true,"test":true}],"features":{},"manifest_path":"/home/chemtech/workspace/libxc_rs/crates/kernel-mgga-19d/Cargo.toml","metadata":null,"publish":null,"authors":[],"categories":[],"keywords":[],"readme":null,"repository":null,"homepage":null,"documentation":null,"edition":"2024","links":null,"default_run":null,"rust_version":null},{"name":"libxc-kernel-mgga-19e","version":"0.1.0","id":"path+file:///home/chemtech/workspace/libxc_rs/crates/kernel-mgga-19e#libxc-kernel-mgga-19e@0.1.0","license":null,"license_file":null,"description":null,"source":null,"dependencies":[{"name":"cubecl","source":"registry+https://github.com/rust-lang/crates.io-index","req":"^0.9.0","kind":null,"rename":null,"optional":false,"uses_default_features":false,"features":["cpu"],"target":null,"registry":null},{"name":"libxc-kernel-math","source":null,"req":"*","kind":null,"rename":null,"optional":false,"uses_default_features":true,"features":[],"target":null,"registry":null,"path":"/home/chemtech/workspace/libxc_rs/crates/kernel-math"}],"targets":[{"kind":["lib"],"crate_types":["lib"],"name":"libxc_kernel_mgga_19e","src_path":"/home/chemtech/workspace/libxc_rs/crates/kernel-mgga-19e/src/lib.rs","edition":"2024","doc":true,"doctest":true,"test":true}],"features":{},"manifest_path":"/home/chemtech/workspace/libxc_rs/crates/kernel-mgga-19e/Cargo.toml","metadata":null,"publish":null,"authors":[],"categories":[],"keywords":[],"readme":null,"repository":null,"homepage":null,"documentation":null,"edition":"2024","links":null,"default_run":null,"rust_version":null},{"name":"libxc-kernel-mgga-19f","version":"0.1.0","id":"path+file:///home/chemtech/workspace/libxc_rs/crates/kernel-mgga-19f#libxc-kernel-mgga-19f@0.1.0","license":null,"license_file":null,"description":null,"source":null,"dependencies":[{"name":"cubecl","source":"registry+https://github.com/rust-lang/crates.io-index","req":"^0.9.0","kind":null,"rename":null,"optional":false,"uses_default_features":false,"features":["cpu"],"target":null,"registry":null},{"name":"libxc-kernel-math","source":null,"req":"*","kind":null,"rename":null,"optional":false,"uses_default_features":true,"features":[],"target":null,"registry":null,"path":"/home/chemtech/workspace/libxc_rs/crates/kernel-math"}],"targets":[{"kind":["lib"],"crate_types":["lib"],"name":"libxc_kernel_mgga_19f","src_path":"/home/chemtech/workspace/libxc_rs/crates/kernel-mgga-19f/src/lib.rs","edition":"2024","doc":true,"doctest":true,"test":true}],"features":{},"manifest_path":"/home/chemtech/workspace/libxc_rs/crates/kernel-mgga-19f/Cargo.toml","metadata":null,"publish":null,"authors":[],"categories":[],"keywords":[],"readme":null,"repository":null,"homepage":null,"documentation":null,"edition":"2024","links":null,"default_run":null,"rust_version":null},{"name":"libxc-kernel-mgga-19g","version":"0.1.0","id":"path+file:///home/chemtech/workspace/libxc_rs/crates/kernel-mgga-19g#libxc-kernel-mgga-19g@0.1.0","license":null,"license_file":null,"description":null,"source":null,"dependencies":[{"name":"cubecl","source":"registry+https://github.com/rust-lang/crates.io-index","req":"^0.9.0","kind":null,"rename":null,"optional":false,"uses_default_features":false,"features":["cpu"],"target":null,"registry":null},{"name":"libxc-kernel-math","source":null,"req":"*","kind":null,"rename":null,"optional":false,"uses_default_features":true,"features":[],"target":null,"registry":null,"path":"/home/chemtech/workspace/libxc_rs/crates/kernel-math"}],"targets":[{"kind":["lib"],"crate_types":["lib"],"name":"libxc_kernel_mgga_19g","src_path":"/home/chemtech/workspace/libxc_rs/crates/kernel-mgga-19g/src/lib.rs","edition":"2024","doc":true,"doctest":true,"test":true}],"features":{},"manifest_path":"/home/chemtech/workspace/libxc_rs/crates/kernel-mgga-19g/Cargo.toml","metadata":null,"publish":null,"authors":[],"categories":[],"keywords":[],"readme":null,"repository":null,"homepage":null,"documentation":null,"edition":"2024","links":null,"default_run":null,"rust_version":null},{"name":"libxc-kernel-mgga-1a","version":"0.1.0","id":"path+file:///home/chemtech/workspace/libxc_rs/crates/kernel-mgga-1a#libxc-kernel-mgga-1a@0.1.0","license":null,"license_file":null,"description":null,"source":null,"dependencies":[{"name":"cubecl","source":"registry+https://github.com/rust-lang/crates.io-index","req":"^0.9.0","kind":null,"rename":null,"optional":false,"uses_default_features":false,"features":["cpu"],"target":null,"registry":null},{"name":"libxc-kernel-math","source":null,"req":"*","kind":null,"rename":null,"optional":false,"uses_default_features":true,"features":[],"target":null,"registry":null,"path":"/home/chemtech/workspace/libxc_rs/crates/kernel-math"}],"targets":[{"kind":["lib"],"crate_types":["lib"],"name":"libxc_kernel_mgga_1a","src_path":"/home/chemtech/workspace/libxc_rs/crates/kernel-mgga-1a/src/lib.rs","edition":"2024","doc":true,"doctest":true,"test":true}],"features":{},"manifest_path":"/home/chemtech/workspace/libxc_rs/crates/kernel-mgga-1a/Cargo.toml","metadata":null,"publish":null,"authors":[],"categories":[],"keywords":[],"readme":null,"repository":null,"homepage":null,"documentation":null,"edition":"2024","links":null,"default_run":null,"rust_version":null},{"name":"libxc-kernel-mgga-1b","version":"0.1.0","id":"path+file:///home/chemtech/workspace/libxc_rs/crates/kernel-mgga-1b#libxc-kernel-mgga-1b@0.1.0","license":null,"license_file":null,"description":null,"source":null,"dependencies":[{"name":"cubecl","source":"registry+https://github.com/rust-lang/crates.io-index","req":"^0.9.0","kind":null,"rename":null,"optional":false,"uses_default_features":false,"features":["cpu"],"target":null,"registry":null},{"name":"libxc-kernel-math","source":null,"req":"*","kind":null,"rename":null,"optional":false,"uses_default_features":true,"features":[],"target":null,"registry":null,"path":"/home/chemtech/workspace/libxc_rs/crates/kernel-math"}],"targets":[{"kind":["lib"],"crate_types":["lib"],"name":"libxc_kernel_mgga_1b","src_path":"/home/chemtech/workspace/libxc_rs/crates/kernel-mgga-1b/src/lib.rs","edition":"2024","doc":true,"doctest":true,"test":true}],"features":{},"manifest_path":"/home/chemtech/workspace/libxc_rs/crates/kernel-mgga-1b/Cargo.toml","metadata":null,"publish":null,"authors":[],"categories":[],"keywords":[],"readme":null,"repository":null,"homepage":null,"documentation":null,"edition":"2024","links":null,"default_run":null,"rust_version":null},{"name":"libxc-kernel-mgga-1c","version":"0.1.0","id":"path+file:///home/chemtech/workspace/libxc_rs/crates/kernel-mgga-1c#libxc-kernel-mgga-1c@0.1.0","license":null,"license_file":null,"description":null,"source":null,"dependencies":[{"name":"cubecl","source":"registry+https://github.com/rust-lang/crates.io-index","req":"^0.9.0","kind":null,"rename":null,"optional":false,"uses_default_features":false,"features":["cpu"],"target":null,"registry":null},{"name":"libxc-kernel-math","source":null,"req":"*","kind":null,"rename":null,"optional":false,"uses_default_features":true,"features":[],"target":null,"registry":null,"path":"/home/chemtech/workspace/libxc_rs/crates/kernel-math"}],"targets":[{"kind":["lib"],"crate_types":["lib"],"name":"libxc_kernel_mgga_1c","src_path":"/home/chemtech/workspace/libxc_rs/crates/kernel-mgga-1c/src/lib.rs","edition":"2024","doc":true,"doctest":true,"test":true}],"features":{},"manifest_path":"/home/chemtech/workspace/libxc_rs/crates/kernel-mgga-1c/Cargo.toml","metadata":null,"publish":null,"authors":[],"categories":[],"keywords":[],"readme":null,"repository":null,"homepage":null,"documentation":null,"edition":"2024","links":null,"default_run":null,"rust_version":null},{"name":"libxc-kernel-mgga-1d","version":"0.1.0","id":"path+file:///home/chemtech/workspace/libxc_rs/crates/kernel-mgga-1d#libxc-kernel-mgga-1d@0.1.0","license":null,"license_file":null,"description":null,"source":null,"dependencies":[{"name":"cubecl","source":"registry+https://github.com/rust-lang/crates.io-index","req":"^0.9.0","kind":null,"rename":null,"optional":false,"uses_default_features":false,"features":["cpu"],"target":null,"registry":null},{"name":"libxc-kernel-math","source":null,"req":"*","kind":null,"rename":null,"optional":false,"uses_default_features":true,"features":[],"target":null,"registry":null,"path":"/home/chemtech/workspace/libxc_rs/crates/kernel-math"}],"targets":[{"kind":["lib"],"crate_types":["lib"],"name":"libxc_kernel_mgga_1d","src_path":"/home/chemtech/workspace/libxc_rs/crates/kernel-mgga-1d/src/lib.rs","edition":"2024","doc":true,"doctest":true,"test":true}],"features":{},"manifest_path":"/home/chemtech/workspace/libxc_rs/crates/kernel-mgga-1d/Cargo.toml","metadata":null,"publish":null,"authors":[],"categories":[],"keywords":[],"readme":null,"repository":null,"homepage":null,"documentation":null,"edition":"2024","links":null,"default_run":null,"rust_version":null},{"name":"libxc-kernel-mgga-20a","version":"0.1.0","id":"path+file:///home/chemtech/workspace/libxc_rs/crates/kernel-mgga-20a#libxc-kernel-mgga-20a@0.1.0","license":null,"license_file":null,"description":null,"source":null,"dependencies":[{"name":"cubecl","source":"registry+https://github.com/rust-lang/crates.io-index","req":"^0.9.0","kind":null,"rename":null,"optional":false,"uses_default_features":false,"features":["cpu"],"target":null,"registry":null},{"name":"libxc-kernel-math","source":null,"req":"*","kind":null,"rename":null,"optional":false,"uses_default_features":true,"features":[],"target":null,"registry":null,"path":"/home/chemtech/workspace/libxc_rs/crates/kernel-math"}],"targets":[{"kind":["lib"],"crate_types":["lib"],"name":"libxc_kernel_mgga_20a","src_path":"/home/chemtech/workspace/libxc_rs/crates/kernel-mgga-20a/src/lib.rs","edition":"2024","doc":true,"doctest":true,"test":true}],"features":{},"manifest_path":"/home/chemtech/workspace/libxc_rs/crates/kernel-mgga-20a/Cargo.toml","metadata":null,"publish":null,"authors":[],"categories":[],"keywords":[],"readme":null,"repository":null,"homepage":null,"documentation":null,"edition":"2024","links":null,"default_run":null,"rust_version":null},{"name":"libxc-kernel-mgga-20b","version":"0.1.0","id":"path+file:///home/chemtech/workspace/libxc_rs/crates/kernel-mgga-20b#libxc-kernel-mgga-20b@0.1.0","license":null,"license_file":null,"description":null,"source":null,"dependencies":[{"name":"cubecl","source":"registry+https://github.com/rust-lang/crates.io-index","req":"^0.9.0","kind":null,"rename":null,"optional":false,"uses_default_features":false,"features":["cpu"],"target":null,"registry":null},{"name":"libxc-kernel-math","source":null,"req":"*","kind":null,"rename":null,"optional":false,"uses_default_features":true,"features":[],"target":null,"registry":null,"path":"/home/chemtech/workspace/libxc_rs/crates/kernel-math"}],"targets":[{"kind":["lib"],"crate_types":["lib"],"name":"libxc_kernel_mgga_20b","src_path":"/home/chemtech/workspace/libxc_rs/crates/kernel-mgga-20b/src/lib.rs","edition":"2024","doc":true,"doctest":true,"test":true}],"features":{},"manifest_path":"/home/chemtech/workspace/libxc_rs/crates/kernel-mgga-20b/Cargo.toml","metadata":null,"publish":null,"authors":[],"categories":[],"keywords":[],"readme":null,"repository":null,"homepage":null,"documentation":null,"edition":"2024","links":null,"default_run":null,"rust_version":null},{"name":"libxc-kernel-mgga-20c","version":"0.1.0","id":"path+file:///home/chemtech/workspace/libxc_rs/crates/kernel-mgga-20c#libxc-kernel-mgga-20c@0.1.0","license":null,"license_file":null,"description":null,"source":null,"dependencies":[{"name":"cubecl","source":"registry+https://github.com/rust-lang/crates.io-index","req":"^0.9.0","kind":null,"rename":null,"optional":false,"uses_default_features":false,"features":["cpu"],"target":null,"registry":null},{"name":"libxc-kernel-math","source":null,"req":"*","kind":null,"rename":null,"optional":false,"uses_default_features":true,"features":[],"target":null,"registry":null,"path":"/home/chemtech/workspace/libxc_rs/crates/kernel-math"}],"targets":[{"kind":["lib"],"crate_types":["lib"],"name":"libxc_kernel_mgga_20c","src_path":"/home/chemtech/workspace/libxc_rs/crates/kernel-mgga-20c/src/lib.rs","edition":"2024","doc":true,"doctest":true,"test":true}],"features":{},"manifest_path":"/home/chemtech/workspace/libxc_rs/crates/kernel-mgga-20c/Cargo.toml","metadata":null,"publish":null,"authors":[],"categories":[],"keywords":[],"readme":null,"repository":null,"homepage":null,"documentation":null,"edition":"2024","links":null,"default_run":null,"rust_version":null},{"name":"libxc-kernel-mgga-20d","version":"0.1.0","id":"path+file:///home/chemtech/workspace/libxc_rs/crates/kernel-mgga-20d#libxc-kernel-mgga-20d@0.1.0","license":null,"license_file":null,"description":null,"source":null,"dependencies":[{"name":"cubecl","source":"registry+https://github.com/rust-lang/crates.io-index","req":"^0.9.0","kind":null,"rename":null,"optional":false,"uses_default_features":false,"features":["cpu"],"target":null,"registry":null},{"name":"libxc-kernel-math","source":null,"req":"*","kind":null,"rename":null,"optional":false,"uses_default_features":true,"features":[],"target":null,"registry":null,"path":"/home/chemtech/workspace/libxc_rs/crates/kernel-math"}],"targets":[{"kind":["lib"],"crate_types":["lib"],"name":"libxc_kernel_mgga_20d","src_path":"/home/chemtech/workspace/libxc_rs/crates/kernel-mgga-20d/src/lib.rs","edition":"2024","doc":true,"doctest":true,"test":true}],"features":{},"manifest_path":"/home/chemtech/workspace/libxc_rs/crates/kernel-mgga-20d/Cargo.toml","metadata":null,"publish":null,"authors":[],"categories":[],"keywords":[],"readme":null,"repository":null,"homepage":null,"documentation":null,"edition":"2024","links":null,"default_run":null,"rust_version":null},{"name":"libxc-kernel-mgga-20e","version":"0.1.0","id":"path+file:///home/chemtech/workspace/libxc_rs/crates/kernel-mgga-20e#libxc-kernel-mgga-20e@0.1.0","license":null,"license_file":null,"description":null,"source":null,"dependencies":[{"name":"cubecl","source":"registry+https://github.com/rust-lang/crates.io-index","req":"^0.9.0","kind":null,"rename":null,"optional":false,"uses_default_features":false,"features":["cpu"],"target":null,"registry":null},{"name":"libxc-kernel-math","source":null,"req":"*","kind":null,"rename":null,"optional":false,"uses_default_features":true,"features":[],"target":null,"registry":null,"path":"/home/chemtech/workspace/libxc_rs/crates/kernel-math"}],"targets":[{"kind":["lib"],"crate_types":["lib"],"name":"libxc_kernel_mgga_20e","src_path":"/home/chemtech/workspace/libxc_rs/crates/kernel-mgga-20e/src/lib.rs","edition":"2024","doc":true,"doctest":true,"test":true}],"features":{},"manifest_path":"/home/chemtech/workspace/libxc_rs/crates/kernel-mgga-20e/Cargo.toml","metadata":null,"publish":null,"authors":[],"categories":[],"keywords":[],"readme":null,"repository":null,"homepage":null,"documentation":null,"edition":"2024","links":null,"default_run":null,"rust_version":null},{"name":"libxc-kernel-mgga-20f","version":"0.1.0","id":"path+file:///home/chemtech/workspace/libxc_rs/crates/kernel-mgga-20f#libxc-kernel-mgga-20f@0.1.0","license":null,"license_file":null,"description":null,"source":null,"dependencies":[{"name":"cubecl","source":"registry+https://github.com/rust-lang/crates.io-index","req":"^0.9.0","kind":null,"rename":null,"optional":false,"uses_default_features":false,"features":["cpu"],"target":null,"registry":null},{"name":"libxc-kernel-math","source":null,"req":"*","kind":null,"rename":null,"optional":false,"uses_default_features":true,"features":[],"target":null,"registry":null,"path":"/home/chemtech/workspace/libxc_rs/crates/kernel-math"}],"targets":[{"kind":["lib"],"crate_types":["lib"],"name":"libxc_kernel_mgga_20f","src_path":"/home/chemtech/workspace/libxc_rs/crates/kernel-mgga-20f/src/lib.rs","edition":"2024","doc":true,"doctest":true,"test":true}],"features":{},"manifest_path":"/home/chemtech/workspace/libxc_rs/crates/kernel-mgga-20f/Cargo.toml","metadata":null,"publish":null,"authors":[],"categories":[],"keywords":[],"readme":null,"repository":null,"homepage":null,"documentation":null,"edition":"2024","links":null,"default_run":null,"rust_version":null},{"name":"libxc-kernel-mgga-20g","version":"0.1.0","id":"path+file:///home/chemtech/workspace/libxc_rs/crates/kernel-mgga-20g#libxc-kernel-mgga-20g@0.1.0","license":null,"license_file":null,"description":null,"source":null,"dependencies":[{"name":"cubecl","source":"registry+https://github.com/rust-lang/crates.io-index","req":"^0.9.0","kind":null,"rename":null,"optional":false,"uses_default_features":false,"features":["cpu"],"target":null,"registry":null},{"name":"libxc-kernel-math","source":null,"req":"*","kind":null,"rename":null,"optional":false,"uses_default_features":true,"features":[],"target":null,"registry":null,"path":"/home/chemtech/workspace/libxc_rs/crates/kernel-math"}],"targets":[{"kind":["lib"],"crate_types":["lib"],"name":"libxc_kernel_mgga_20g","src_path":"/home/chemtech/workspace/libxc_rs/crates/kernel-mgga-20g/src/lib.rs","edition":"2024","doc":true,"doctest":true,"test":true}],"features":{},"manifest_path":"/home/chemtech/workspace/libxc_rs/crates/kernel-mgga-20g/Cargo.toml","metadata":null,"publish":null,"authors":[],"categories":[],"keywords":[],"readme":null,"repository":null,"homepage":null,"documentation":null,"edition":"2024","links":null,"default_run":null,"rust_version":null},{"name":"libxc-kernel-mgga-20h","version":"0.1.0","id":"path+file:///home/chemtech/workspace/libxc_rs/crates/kernel-mgga-20h#libxc-kernel-mgga-20h@0.1.0","license":null,"license_file":null,"description":null,"source":null,"dependencies":[{"name":"cubecl","source":"registry+https://github.com/rust-lang/crates.io-index","req":"^0.9.0","kind":null,"rename":null,"optional":false,"uses_default_features":false,"features":["cpu"],"target":null,"registry":null},{"name":"libxc-kernel-math","source":null,"req":"*","kind":null,"rename":null,"optional":false,"uses_default_features":true,"features":[],"target":null,"registry":null,"path":"/home/chemtech/workspace/libxc_rs/crates/kernel-math"}],"targets":[{"kind":["lib"],"crate_types":["lib"],"name":"libxc_kernel_mgga_20h","src_path":"/home/chemtech/workspace/libxc_rs/crates/kernel-mgga-20h/src/lib.rs","edition":"2024","doc":true,"doctest":true,"test":true}],"features":{},"manifest_path":"/home/chemtech/workspace/libxc_rs/crates/kernel-mgga-20h/Cargo.toml","metadata":null,"publish":null,"authors":[],"categories":[],"keywords":[],"readme":null,"repository":null,"homepage":null,"documentation":null,"edition":"2024","links":null,"default_run":null,"rust_version":null},{"name":"libxc-kernel-mgga-20i","version":"0.1.0","id":"path+file:///home/chemtech/workspace/libxc_rs/crates/kernel-mgga-20i#libxc-kernel-mgga-20i@0.1.0","license":null,"license_file":null,"description":null,"source":null,"dependencies":[{"name":"cubecl","source":"registry+https://github.com/rust-lang/crates.io-index","req":"^0.9.0","kind":null,"rename":null,"optional":false,"uses_default_features":false,"features":["cpu"],"target":null,"registry":null},{"name":"libxc-kernel-math","source":null,"req":"*","kind":null,"rename":null,"optional":false,"uses_default_features":true,"features":[],"target":null,"registry":null,"path":"/home/chemtech/workspace/libxc_rs/crates/kernel-math"}],"targets":[{"kind":["lib"],"crate_types":["lib"],"name":"libxc_kernel_mgga_20i","src_path":"/home/chemtech/workspace/libxc_rs/crates/kernel-mgga-20i/src/lib.rs","edition":"2024","doc":true,"doctest":true,"test":true}],"features":{},"manifest_path":"/home/chemtech/workspace/libxc_rs/crates/kernel-mgga-20i/Cargo.toml","metadata":null,"publish":null,"authors":[],"categories":[],"keywords":[],"readme":null,"repository":null,"homepage":null,"documentation":null,"edition":"2024","links":null,"default_run":null,"rust_version":null},{"name":"libxc-kernel-mgga-20j","version":"0.1.0","id":"path+file:///home/chemtech/workspace/libxc_rs/crates/kernel-mgga-20j#libxc-kernel-mgga-20j@0.1.0","license":null,"license_file":null,"description":null,"source":null,"dependencies":[{"name":"cubecl","source":"registry+https://github.com/rust-lang/crates.io-index","req":"^0.9.0","kind":null,"rename":null,"optional":false,"uses_default_features":false,"features":["cpu"],"target":null,"registry":null},{"name":"libxc-kernel-math","source":null,"req":"*","kind":null,"rename":null,"optional":false,"uses_default_features":true,"features":[],"target":null,"registry":null,"path":"/home/chemtech/workspace/libxc_rs/crates/kernel-math"}],"targets":[{"kind":["lib"],"crate_types":["lib"],"name":"libxc_kernel_mgga_20j","src_path":"/home/chemtech/workspace/libxc_rs/crates/kernel-mgga-20j/src/lib.rs","edition":"2024","doc":true,"doctest":true,"test":true}],"features":{},"manifest_path":"/home/chemtech/workspace/libxc_rs/crates/kernel-mgga-20j/Cargo.toml","metadata":null,"publish":null,"authors":[],"categories":[],"keywords":[],"readme":null,"repository":null,"homepage":null,"documentation":null,"edition":"2024","links":null,"default_run":null,"rust_version":null},{"name":"libxc-kernel-mgga-20k","version":"0.1.0","id":"path+file:///home/chemtech/workspace/libxc_rs/crates/kernel-mgga-20k#libxc-kernel-mgga-20k@0.1.0","license":null,"license_file":null,"description":null,"source":null,"dependencies":[{"name":"cubecl","source":"registry+https://github.com/rust-lang/crates.io-index","req":"^0.9.0","kind":null,"rename":null,"optional":false,"uses_default_features":false,"features":["cpu"],"target":null,"registry":null},{"name":"libxc-kernel-math","source":null,"req":"*","kind":null,"rename":null,"optional":false,"uses_default_features":true,"features":[],"target":null,"registry":null,"path":"/home/chemtech/workspace/libxc_rs/crates/kernel-math"}],"targets":[{"kind":["lib"],"crate_types":["lib"],"name":"libxc_kernel_mgga_20k","src_path":"/home/chemtech/workspace/libxc_rs/crates/kernel-mgga-20k/src/lib.rs","edition":"2024","doc":true,"doctest":true,"test":true}],"features":{},"manifest_path":"/home/chemtech/workspace/libxc_rs/crates/kernel-mgga-20k/Cargo.toml","metadata":null,"publish":null,"authors":[],"categories":[],"keywords":[],"readme":null,"repository":null,"homepage":null,"documentation":null,"edition":"2024","links":null,"default_run":null,"rust_version":null},{"name":"libxc-kernel-mgga-20l","version":"0.1.0","id":"path+file:///home/chemtech/workspace/libxc_rs/crates/kernel-mgga-20l#libxc-kernel-mgga-20l@0.1.0","license":null,"license_file":null,"description":null,"source":null,"dependencies":[{"name":"cubecl","source":"registry+https://github.com/rust-lang/crates.io-index","req":"^0.9.0","kind":null,"rename":null,"optional":false,"uses_default_features":false,"features":["cpu"],"target":null,"registry":null},{"name":"libxc-kernel-math","source":null,"req":"*","kind":null,"rename":null,"optional":false,"uses_default_features":true,"features":[],"target":null,"registry":null,"path":"/home/chemtech/workspace/libxc_rs/crates/kernel-math"}],"targets":[{"kind":["lib"],"crate_types":["lib"],"name":"libxc_kernel_mgga_20l","src_path":"/home/chemtech/workspace/libxc_rs/crates/kernel-mgga-20l/src/lib.rs","edition":"2024","doc":true,"doctest":true,"test":true}],"features":{},"manifest_path":"/home/chemtech/workspace/libxc_rs/crates/kernel-mgga-20l/Cargo.toml","metadata":null,"publish":null,"authors":[],"categories":[],"keywords":[],"readme":null,"repository":null,"homepage":null,"documentation":null,"edition":"2024","links":null,"default_run":null,"rust_version":null},{"name":"libxc-kernel-mgga-21","version":"0.1.0","id":"path+file:///home/chemtech/workspace/libxc_rs/crates/kernel-mgga-21#libxc-kernel-mgga-21@0.1.0","license":null,"license_file":null,"description":null,"source":null,"dependencies":[{"name":"cubecl","source":"registry+https://github.com/rust-lang/crates.io-index","req":"^0.9.0","kind":null,"rename":null,"optional":false,"uses_default_features":false,"features":["cpu"],"target":null,"registry":null},{"name":"libxc-kernel-math","source":null,"req":"*","kind":null,"rename":null,"optional":false,"uses_default_features":true,"features":[],"target":null,"registry":null,"path":"/home/chemtech/workspace/libxc_rs/crates/kernel-math"}],"targets":[{"kind":["lib"],"crate_types":["lib"],"name":"libxc_kernel_mgga_21","src_path":"/home/chemtech/workspace/libxc_rs/crates/kernel-mgga-21/src/lib.rs","edition":"2024","doc":true,"doctest":true,"test":true}],"features":{},"manifest_path":"/home/chemtech/workspace/libxc_rs/crates/kernel-mgga-21/Cargo.toml","metadata":null,"publish":null,"authors":[],"categories":[],"keywords":[],"readme":null,"repository":null,"homepage":null,"documentation":null,"edition":"2024","links":null,"default_run":null,"rust_version":null},{"name":"libxc-kernel-mgga-22a","version":"0.1.0","id":"path+file:///home/chemtech/workspace/libxc_rs/crates/kernel-mgga-22a#libxc-kernel-mgga-22a@0.1.0","license":null,"license_file":null,"description":null,"source":null,"dependencies":[{"name":"cubecl","source":"registry+https://github.com/rust-lang/crates.io-index","req":"^0.9.0","kind":null,"rename":null,"optional":false,"uses_default_features":false,"features":["cpu"],"target":null,"registry":null},{"name":"libxc-kernel-math","source":null,"req":"*","kind":null,"rename":null,"optional":false,"uses_default_features":true,"features":[],"target":null,"registry":null,"path":"/home/chemtech/workspace/libxc_rs/crates/kernel-math"}],"targets":[{"kind":["lib"],"crate_types":["lib"],"name":"libxc_kernel_mgga_22a","src_path":"/home/chemtech/workspace/libxc_rs/crates/kernel-mgga-22a/src/lib.rs","edition":"2024","doc":true,"doctest":true,"test":true}],"features":{},"manifest_path":"/home/chemtech/workspace/libxc_rs/crates/kernel-mgga-22a/Cargo.toml","metadata":null,"publish":null,"authors":[],"categories":[],"keywords":[],"readme":null,"repository":null,"homepage":null,"documentation":null,"edition":"2024","links":null,"default_run":null,"rust_version":null},{"name":"libxc-kernel-mgga-22b","version":"0.1.0","id":"path+file:///home/chemtech/workspace/libxc_rs/crates/kernel-mgga-22b#libxc-kernel-mgga-22b@0.1.0","license":null,"license_file":null,"description":null,"source":null,"dependencies":[{"name":"cubecl","source":"registry+https://github.com/rust-lang/crates.io-index","req":"^0.9.0","kind":null,"rename":null,"optional":false,"uses_default_features":false,"features":["cpu"],"target":null,"registry":null},{"name":"libxc-kernel-math","source":null,"req":"*","kind":null,"rename":null,"optional":false,"uses_default_features":true,"features":[],"target":null,"registry":null,"path":"/home/chemtech/workspace/libxc_rs/crates/kernel-math"}],"targets":[{"kind":["lib"],"crate_types":["lib"],"name":"libxc_kernel_mgga_22b","src_path":"/home/chemtech/workspace/libxc_rs/crates/kernel-mgga-22b/src/lib.rs","edition":"2024","doc":true,"doctest":true,"test":true}],"features":{},"manifest_path":"/home/chemtech/workspace/libxc_rs/crates/kernel-mgga-22b/Cargo.toml","metadata":null,"publish":null,"authors":[],"categories":[],"keywords":[],"readme":null,"repository":null,"homepage":null,"documentation":null,"edition":"2024","links":null,"default_run":null,"rust_version":null},{"name":"libxc-kernel-mgga-22c","version":"0.1.0","id":"path+file:///home/chemtech/workspace/libxc_rs/crates/kernel-mgga-22c#libxc-kernel-mgga-22c@0.1.0","license":null,"license_file":null,"description":null,"source":null,"dependencies":[{"name":"cubecl","source":"registry+https://github.com/rust-lang/crates.io-index","req":"^0.9.0","kind":null,"rename":null,"optional":false,"uses_default_features":false,"features":["cpu"],"target":null,"registry":null},{"name":"libxc-kernel-math","source":null,"req":"*","kind":null,"rename":null,"optional":false,"uses_default_features":true,"features":[],"target":null,"registry":null,"path":"/home/chemtech/workspace/libxc_rs/crates/kernel-math"}],"targets":[{"kind":["lib"],"crate_types":["lib"],"name":"libxc_kernel_mgga_22c","src_path":"/home/chemtech/workspace/libxc_rs/crates/kernel-mgga-22c/src/lib.rs","edition":"2024","doc":true,"doctest":true,"test":true}],"features":{},"manifest_path":"/home/chemtech/workspace/libxc_rs/crates/kernel-mgga-22c/Cargo.toml","metadata":null,"publish":null,"authors":[],"categories":[],"keywords":[],"readme":null,"repository":null,"homepage":null,"documentation":null,"edition":"2024","links":null,"default_run":null,"rust_version":null},{"name":"libxc-kernel-mgga-22d","version":"0.1.0","id":"path+file:///home/chemtech/workspace/libxc_rs/crates/kernel-mgga-22d#libxc-kernel-mgga-22d@0.1.0","license":null,"license_file":null,"description":null,"source":null,"dependencies":[{"name":"cubecl","source":"registry+https://github.com/rust-lang/crates.io-index","req":"^0.9.0","kind":null,"rename":null,"optional":false,"uses_default_features":false,"features":["cpu"],"target":null,"registry":null},{"name":"libxc-kernel-math","source":null,"req":"*","kind":null,"rename":null,"optional":false,"uses_default_features":true,"features":[],"target":null,"registry":null,"path":"/home/chemtech/workspace/libxc_rs/crates/kernel-math"}],"targets":[{"kind":["lib"],"crate_types":["lib"],"name":"libxc_kernel_mgga_22d","src_path":"/home/chemtech/workspace/libxc_rs/crates/kernel-mgga-22d/src/lib.rs","edition":"2024","doc":true,"doctest":true,"test":true}],"features":{},"manifest_path":"/home/chemtech/workspace/libxc_rs/crates/kernel-mgga-22d/Cargo.toml","metadata":null,"publish":null,"authors":[],"categories":[],"keywords":[],"readme":null,"repository":null,"homepage":null,"documentation":null,"edition":"2024","links":null,"default_run":null,"rust_version":null},{"name":"libxc-kernel-mgga-23","version":"0.1.0","id":"path+file:///home/chemtech/workspace/libxc_rs/crates/kernel-mgga-23#libxc-kernel-mgga-23@0.1.0","license":null,"license_file":null,"description":null,"source":null,"dependencies":[{"name":"cubecl","source":"registry+https://github.com/rust-lang/crates.io-index","req":"^0.9.0","kind":null,"rename":null,"optional":false,"uses_default_features":false,"features":["cpu"],"target":null,"registry":null},{"name":"libxc-kernel-math","source":null,"req":"*","kind":null,"rename":null,"optional":false,"uses_default_features":true,"features":[],"target":null,"registry":null,"path":"/home/chemtech/workspace/libxc_rs/crates/kernel-math"}],"targets":[{"kind":["lib"],"crate_types":["lib"],"name":"libxc_kernel_mgga_23","src_path":"/home/chemtech/workspace/libxc_rs/crates/kernel-mgga-23/src/lib.rs","edition":"2024","doc":true,"doctest":true,"test":true}],"features":{},"manifest_path":"/home/chemtech/workspace/libxc_rs/crates/kernel-mgga-23/Cargo.toml","metadata":null,"publish":null,"authors":[],"categories":[],"keywords":[],"readme":null,"repository":null,"homepage":null,"documentation":null,"edition":"2024","links":null,"default_run":null,"rust_version":null},{"name":"libxc-kernel-mgga-24a","version":"0.1.0","id":"path+file:///home/chemtech/workspace/libxc_rs/crates/kernel-mgga-24a#libxc-kernel-mgga-24a@0.1.0","license":null,"license_file":null,"description":null,"source":null,"dependencies":[{"name":"cubecl","source":"registry+https://github.com/rust-lang/crates.io-index","req":"^0.9.0","kind":null,"rename":null,"optional":false,"uses_default_features":false,"features":["cpu"],"target":null,"registry":null},{"name":"libxc-kernel-math","source":null,"req":"*","kind":null,"rename":null,"optional":false,"uses_default_features":true,"features":[],"target":null,"registry":null,"path":"/home/chemtech/workspace/libxc_rs/crates/kernel-math"}],"targets":[{"kind":["lib"],"crate_types":["lib"],"name":"libxc_kernel_mgga_24a","src_path":"/home/chemtech/workspace/libxc_rs/crates/kernel-mgga-24a/src/lib.rs","edition":"2024","doc":true,"doctest":true,"test":true}],"features":{},"manifest_path":"/home/chemtech/workspace/libxc_rs/crates/kernel-mgga-24a/Cargo.toml","metadata":null,"publish":null,"authors":[],"categories":[],"keywords":[],"readme":null,"repository":null,"homepage":null,"documentation":null,"edition":"2024","links":null,"default_run":null,"rust_version":null},{"name":"libxc-kernel-mgga-24b","version":"0.1.0","id":"path+file:///home/chemtech/workspace/libxc_rs/crates/kernel-mgga-24b#libxc-kernel-mgga-24b@0.1.0","license":null,"license_file":null,"description":null,"source":null,"dependencies":[{"name":"cubecl","source":"registry+https://github.com/rust-lang/crates.io-index","req":"^0.9.0","kind":null,"rename":null,"optional":false,"uses_default_features":false,"features":["cpu"],"target":null,"registry":null},{"name":"libxc-kernel-math","source":null,"req":"*","kind":null,"rename":null,"optional":false,"uses_default_features":true,"features":[],"target":null,"registry":null,"path":"/home/chemtech/workspace/libxc_rs/crates/kernel-math"}],"targets":[{"kind":["lib"],"crate_types":["lib"],"name":"libxc_kernel_mgga_24b","src_path":"/home/chemtech/workspace/libxc_rs/crates/kernel-mgga-24b/src/lib.rs","edition":"2024","doc":true,"doctest":true,"test":true}],"features":{},"manifest_path":"/home/chemtech/workspace/libxc_rs/crates/kernel-mgga-24b/Cargo.toml","metadata":null,"publish":null,"authors":[],"categories":[],"keywords":[],"readme":null,"repository":null,"homepage":null,"documentation":null,"edition":"2024","links":null,"default_run":null,"rust_version":null},{"name":"libxc-kernel-mgga-25a","version":"0.1.0","id":"path+file:///home/chemtech/workspace/libxc_rs/crates/kernel-mgga-25a#libxc-kernel-mgga-25a@0.1.0","license":null,"license_file":null,"description":null,"source":null,"dependencies":[{"name":"cubecl","source":"registry+https://github.com/rust-lang/crates.io-index","req":"^0.9.0","kind":null,"rename":null,"optional":false,"uses_default_features":false,"features":["cpu"],"target":null,"registry":null},{"name":"libxc-kernel-math","source":null,"req":"*","kind":null,"rename":null,"optional":false,"uses_default_features":true,"features":[],"target":null,"registry":null,"path":"/home/chemtech/workspace/libxc_rs/crates/kernel-math"}],"targets":[{"kind":["lib"],"crate_types":["lib"],"name":"libxc_kernel_mgga_25a","src_path":"/home/chemtech/workspace/libxc_rs/crates/kernel-mgga-25a/src/lib.rs","edition":"2024","doc":true,"doctest":true,"test":true}],"features":{},"manifest_path":"/home/chemtech/workspace/libxc_rs/crates/kernel-mgga-25a/Cargo.toml","metadata":null,"publish":null,"authors":[],"categories":[],"keywords":[],"readme":null,"repository":null,"homepage":null,"documentation":null,"edition":"2024","links":null,"default_run":null,"rust_version":null},{"name":"libxc-kernel-mgga-25b","version":"0.1.0","id":"path+file:///home/chemtech/workspace/libxc_rs/crates/kernel-mgga-25b#libxc-kernel-mgga-25b@0.1.0","license":null,"license_file":null,"description":null,"source":null,"dependencies":[{"name":"cubecl","source":"registry+https://github.com/rust-lang/crates.io-index","req":"^0.9.0","kind":null,"rename":null,"optional":false,"uses_default_features":false,"features":["cpu"],"target":null,"registry":null},{"name":"libxc-kernel-math","source":null,"req":"*","kind":null,"rename":null,"optional":false,"uses_default_features":true,"features":[],"target":null,"registry":null,"path":"/home/chemtech/workspace/libxc_rs/crates/kernel-math"}],"targets":[{"kind":["lib"],"crate_types":["lib"],"name":"libxc_kernel_mgga_25b","src_path":"/home/chemtech/workspace/libxc_rs/crates/kernel-mgga-25b/src/lib.rs","edition":"2024","doc":true,"doctest":true,"test":true}],"features":{},"manifest_path":"/home/chemtech/workspace/libxc_rs/crates/kernel-mgga-25b/Cargo.toml","metadata":null,"publish":null,"authors":[],"categories":[],"keywords":[],"readme":null,"repository":null,"homepage":null,"documentation":null,"edition":"2024","links":null,"default_run":null,"rust_version":null},{"name":"libxc-kernel-mgga-26a","version":"0.1.0","id":"path+file:///home/chemtech/workspace/libxc_rs/crates/kernel-mgga-26a#libxc-kernel-mgga-26a@0.1.0","license":null,"license_file":null,"description":null,"source":null,"dependencies":[{"name":"cubecl","source":"registry+https://github.com/rust-lang/crates.io-index","req":"^0.9.0","kind":null,"rename":null,"optional":false,"uses_default_features":false,"features":["cpu"],"target":null,"registry":null},{"name":"libxc-kernel-math","source":null,"req":"*","kind":null,"rename":null,"optional":false,"uses_default_features":true,"features":[],"target":null,"registry":null,"path":"/home/chemtech/workspace/libxc_rs/crates/kernel-math"}],"targets":[{"kind":["lib"],"crate_types":["lib"],"name":"libxc_kernel_mgga_26a","src_path":"/home/chemtech/workspace/libxc_rs/crates/kernel-mgga-26a/src/lib.rs","edition":"2024","doc":true,"doctest":true,"test":true}],"features":{},"manifest_path":"/home/chemtech/workspace/libxc_rs/crates/kernel-mgga-26a/Cargo.toml","metadata":null,"publish":null,"authors":[],"categories":[],"keywords":[],"readme":null,"repository":null,"homepage":null,"documentation":null,"edition":"2024","links":null,"default_run":null,"rust_version":null},{"name":"libxc-kernel-mgga-26b","version":"0.1.0","id":"path+file:///home/chemtech/workspace/libxc_rs/crates/kernel-mgga-26b#libxc-kernel-mgga-26b@0.1.0","license":null,"license_file":null,"description":null,"source":null,"dependencies":[{"name":"cubecl","source":"registry+https://github.com/rust-lang/crates.io-index","req":"^0.9.0","kind":null,"rename":null,"optional":false,"uses_default_features":false,"features":["cpu"],"target":null,"registry":null},{"name":"libxc-kernel-math","source":null,"req":"*","kind":null,"rename":null,"optional":false,"uses_default_features":true,"features":[],"target":null,"registry":null,"path":"/home/chemtech/workspace/libxc_rs/crates/kernel-math"}],"targets":[{"kind":["lib"],"crate_types":["lib"],"name":"libxc_kernel_mgga_26b","src_path":"/home/chemtech/workspace/libxc_rs/crates/kernel-mgga-26b/src/lib.rs","edition":"2024","doc":true,"doctest":true,"test":true}],"features":{},"manifest_path":"/home/chemtech/workspace/libxc_rs/crates/kernel-mgga-26b/Cargo.toml","metadata":null,"publish":null,"authors":[],"categories":[],"keywords":[],"readme":null,"repository":null,"homepage":null,"documentation":null,"edition":"2024","links":null,"default_run":null,"rust_version":null},{"name":"libxc-kernel-mgga-27a","version":"0.1.0","id":"path+file:///home/chemtech/workspace/libxc_rs/crates/kernel-mgga-27a#libxc-kernel-mgga-27a@0.1.0","license":null,"license_file":null,"description":null,"source":null,"dependencies":[{"name":"cubecl","source":"registry+https://github.com/rust-lang/crates.io-index","req":"^0.9.0","kind":null,"rename":null,"optional":false,"uses_default_features":false,"features":["cpu"],"target":null,"registry":null},{"name":"libxc-kernel-math","source":null,"req":"*","kind":null,"rename":null,"optional":false,"uses_default_features":true,"features":[],"target":null,"registry":null,"path":"/home/chemtech/workspace/libxc_rs/crates/kernel-math"}],"targets":[{"kind":["lib"],"crate_types":["lib"],"name":"libxc_kernel_mgga_27a","src_path":"/home/chemtech/workspace/libxc_rs/crates/kernel-mgga-27a/src/lib.rs","edition":"2024","doc":true,"doctest":true,"test":true}],"features":{},"manifest_path":"/home/chemtech/workspace/libxc_rs/crates/kernel-mgga-27a/Cargo.toml","metadata":null,"publish":null,"authors":[],"categories":[],"keywords":[],"readme":null,"repository":null,"homepage":null,"documentation":null,"edition":"2024","links":null,"default_run":null,"rust_version":null},{"name":"libxc-kernel-mgga-27b","version":"0.1.0","id":"path+file:///home/chemtech/workspace/libxc_rs/crates/kernel-mgga-27b#libxc-kernel-mgga-27b@0.1.0","license":null,"license_file":null,"description":null,"source":null,"dependencies":[{"name":"cubecl","source":"registry+https://github.com/rust-lang/crates.io-index","req":"^0.9.0","kind":null,"rename":null,"optional":false,"uses_default_features":false,"features":["cpu"],"target":null,"registry":null},{"name":"libxc-kernel-math","source":null,"req":"*","kind":null,"rename":null,"optional":false,"uses_default_features":true,"features":[],"target":null,"registry":null,"path":"/home/chemtech/workspace/libxc_rs/crates/kernel-math"}],"targets":[{"kind":["lib"],"crate_types":["lib"],"name":"libxc_kernel_mgga_27b","src_path":"/home/chemtech/workspace/libxc_rs/crates/kernel-mgga-27b/src/lib.rs","edition":"2024","doc":true,"doctest":true,"test":true}],"features":{},"manifest_path":"/home/chemtech/workspace/libxc_rs/crates/kernel-mgga-27b/Cargo.toml","metadata":null,"publish":null,"authors":[],"categories":[],"keywords":[],"readme":null,"repository":null,"homepage":null,"documentation":null,"edition":"2024","links":null,"default_run":null,"rust_version":null},{"name":"libxc-kernel-mgga-27c","version":"0.1.0","id":"path+file:///home/chemtech/workspace/libxc_rs/crates/kernel-mgga-27c#libxc-kernel-mgga-27c@0.1.0","license":null,"license_file":null,"description":null,"source":null,"dependencies":[{"name":"cubecl","source":"registry+https://github.com/rust-lang/crates.io-index","req":"^0.9.0","kind":null,"rename":null,"optional":false,"uses_default_features":false,"features":["cpu"],"target":null,"registry":null},{"name":"libxc-kernel-math","source":null,"req":"*","kind":null,"rename":null,"optional":false,"uses_default_features":true,"features":[],"target":null,"registry":null,"path":"/home/chemtech/workspace/libxc_rs/crates/kernel-math"}],"targets":[{"kind":["lib"],"crate_types":["lib"],"name":"libxc_kernel_mgga_27c","src_path":"/home/chemtech/workspace/libxc_rs/crates/kernel-mgga-27c/src/lib.rs","edition":"2024","doc":true,"doctest":true,"test":true}],"features":{},"manifest_path":"/home/chemtech/workspace/libxc_rs/crates/kernel-mgga-27c/Cargo.toml","metadata":null,"publish":null,"authors":[],"categories":[],"keywords":[],"readme":null,"repository":null,"homepage":null,"documentation":null,"edition":"2024","links":null,"default_run":null,"rust_version":null},{"name":"libxc-kernel-mgga-28","version":"0.1.0","id":"path+file:///home/chemtech/workspace/libxc_rs/crates/kernel-mgga-28#libxc-kernel-mgga-28@0.1.0","license":null,"license_file":null,"description":null,"source":null,"dependencies":[{"name":"cubecl","source":"registry+https://github.com/rust-lang/crates.io-index","req":"^0.9.0","kind":null,"rename":null,"optional":false,"uses_default_features":false,"features":["cpu"],"target":null,"registry":null},{"name":"libxc-kernel-math","source":null,"req":"*","kind":null,"rename":null,"optional":false,"uses_default_features":true,"features":[],"target":null,"registry":null,"path":"/home/chemtech/workspace/libxc_rs/crates/kernel-math"}],"targets":[{"kind":["lib"],"crate_types":["lib"],"name":"libxc_kernel_mgga_28","src_path":"/home/chemtech/workspace/libxc_rs/crates/kernel-mgga-28/src/lib.rs","edition":"2024","doc":true,"doctest":true,"test":true}],"features":{},"manifest_path":"/home/chemtech/workspace/libxc_rs/crates/kernel-mgga-28/Cargo.toml","metadata":null,"publish":null,"authors":[],"categories":[],"keywords":[],"readme":null,"repository":null,"homepage":null,"documentation":null,"edition":"2024","links":null,"default_run":null,"rust_version":null},{"name":"libxc-kernel-mgga-29","version":"0.1.0","id":"path+file:///home/chemtech/workspace/libxc_rs/crates/kernel-mgga-29#libxc-kernel-mgga-29@0.1.0","license":null,"license_file":null,"description":null,"source":null,"dependencies":[{"name":"cubecl","source":"registry+https://github.com/rust-lang/crates.io-index","req":"^0.9.0","kind":null,"rename":null,"optional":false,"uses_default_features":false,"features":["cpu"],"target":null,"registry":null},{"name":"libxc-kernel-math","source":null,"req":"*","kind":null,"rename":null,"optional":false,"uses_default_features":true,"features":[],"target":null,"registry":null,"path":"/home/chemtech/workspace/libxc_rs/crates/kernel-math"}],"targets":[{"kind":["lib"],"crate_types":["lib"],"name":"libxc_kernel_mgga_29","src_path":"/home/chemtech/workspace/libxc_rs/crates/kernel-mgga-29/src/lib.rs","edition":"2024","doc":true,"doctest":true,"test":true}],"features":{},"manifest_path":"/home/chemtech/workspace/libxc_rs/crates/kernel-mgga-29/Cargo.toml","metadata":null,"publish":null,"authors":[],"categories":[],"keywords":[],"readme":null,"repository":null,"homepage":null,"documentation":null,"edition":"2024","links":null,"default_run":null,"rust_version":null},{"name":"libxc-kernel-mgga-2a","version":"0.1.0","id":"path+file:///home/chemtech/workspace/libxc_rs/crates/kernel-mgga-2a#libxc-kernel-mgga-2a@0.1.0","license":null,"license_file":null,"description":null,"source":null,"dependencies":[{"name":"cubecl","source":"registry+https://github.com/rust-lang/crates.io-index","req":"^0.9.0","kind":null,"rename":null,"optional":false,"uses_default_features":false,"features":["cpu"],"target":null,"registry":null},{"name":"libxc-kernel-math","source":null,"req":"*","kind":null,"rename":null,"optional":false,"uses_default_features":true,"features":[],"target":null,"registry":null,"path":"/home/chemtech/workspace/libxc_rs/crates/kernel-math"}],"targets":[{"kind":["lib"],"crate_types":["lib"],"name":"libxc_kernel_mgga_2a","src_path":"/home/chemtech/workspace/libxc_rs/crates/kernel-mgga-2a/src/lib.rs","edition":"2024","doc":true,"doctest":true,"test":true}],"features":{},"manifest_path":"/home/chemtech/workspace/libxc_rs/crates/kernel-mgga-2a/Cargo.toml","metadata":null,"publish":null,"authors":[],"categories":[],"keywords":[],"readme":null,"repository":null,"homepage":null,"documentation":null,"edition":"2024","links":null,"default_run":null,"rust_version":null},{"name":"libxc-kernel-mgga-2b","version":"0.1.0","id":"path+file:///home/chemtech/workspace/libxc_rs/crates/kernel-mgga-2b#libxc-kernel-mgga-2b@0.1.0","license":null,"license_file":null,"description":null,"source":null,"dependencies":[{"name":"cubecl","source":"registry+https://github.com/rust-lang/crates.io-index","req":"^0.9.0","kind":null,"rename":null,"optional":false,"uses_default_features":false,"features":["cpu"],"target":null,"registry":null},{"name":"libxc-kernel-math","source":null,"req":"*","kind":null,"rename":null,"optional":false,"uses_default_features":true,"features":[],"target":null,"registry":null,"path":"/home/chemtech/workspace/libxc_rs/crates/kernel-math"}],"targets":[{"kind":["lib"],"crate_types":["lib"],"name":"libxc_kernel_mgga_2b","src_path":"/home/chemtech/workspace/libxc_rs/crates/kernel-mgga-2b/src/lib.rs","edition":"2024","doc":true,"doctest":true,"test":true}],"features":{},"manifest_path":"/home/chemtech/workspace/libxc_rs/crates/kernel-mgga-2b/Cargo.toml","metadata":null,"publish":null,"authors":[],"categories":[],"keywords":[],"readme":null,"repository":null,"homepage":null,"documentation":null,"edition":"2024","links":null,"default_run":null,"rust_version":null},{"name":"libxc-kernel-mgga-30","version":"0.1.0","id":"path+file:///home/chemtech/workspace/libxc_rs/crates/kernel-mgga-30#libxc-kernel-mgga-30@0.1.0","license":null,"license_file":null,"description":null,"source":null,"dependencies":[{"name":"cubecl","source":"registry+https://github.com/rust-lang/crates.io-index","req":"^0.9.0","kind":null,"rename":null,"optional":false,"uses_default_features":false,"features":["cpu"],"target":null,"registry":null},{"name":"libxc-kernel-math","source":null,"req":"*","kind":null,"rename":null,"optional":false,"uses_default_features":true,"features":[],"target":null,"registry":null,"path":"/home/chemtech/workspace/libxc_rs/crates/kernel-math"}],"targets":[{"kind":["lib"],"crate_types":["lib"],"name":"libxc_kernel_mgga_30","src_path":"/home/chemtech/workspace/libxc_rs/crates/kernel-mgga-30/src/lib.rs","edition":"2024","doc":true,"doctest":true,"test":true}],"features":{},"manifest_path":"/home/chemtech/workspace/libxc_rs/crates/kernel-mgga-30/Cargo.toml","metadata":null,"publish":null,"authors":[],"categories":[],"keywords":[],"readme":null,"repository":null,"homepage":null,"documentation":null,"edition":"2024","links":null,"default_run":null,"rust_version":null},{"name":"libxc-kernel-mgga-31","version":"0.1.0","id":"path+file:///home/chemtech/workspace/libxc_rs/crates/kernel-mgga-31#libxc-kernel-mgga-31@0.1.0","license":null,"license_file":null,"description":null,"source":null,"dependencies":[{"name":"cubecl","source":"registry+https://github.com/rust-lang/crates.io-index","req":"^0.9.0","kind":null,"rename":null,"optional":false,"uses_default_features":false,"features":["cpu"],"target":null,"registry":null},{"name":"libxc-kernel-math","source":null,"req":"*","kind":null,"rename":null,"optional":false,"uses_default_features":true,"features":[],"target":null,"registry":null,"path":"/home/chemtech/workspace/libxc_rs/crates/kernel-math"}],"targets":[{"kind":["lib"],"crate_types":["lib"],"name":"libxc_kernel_mgga_31","src_path":"/home/chemtech/workspace/libxc_rs/crates/kernel-mgga-31/src/lib.rs","edition":"2024","doc":true,"doctest":true,"test":true}],"features":{},"manifest_path":"/home/chemtech/workspace/libxc_rs/crates/kernel-mgga-31/Cargo.toml","metadata":null,"publish":null,"authors":[],"categories":[],"keywords":[],"readme":null,"repository":null,"homepage":null,"documentation":null,"edition":"2024","links":null,"default_run":null,"rust_version":null},{"name":"libxc-kernel-mgga-32a","version":"0.1.0","id":"path+file:///home/chemtech/workspace/libxc_rs/crates/kernel-mgga-32a#libxc-kernel-mgga-32a@0.1.0","license":null,"license_file":null,"description":null,"source":null,"dependencies":[{"name":"cubecl","source":"registry+https://github.com/rust-lang/crates.io-index","req":"^0.9.0","kind":null,"rename":null,"optional":false,"uses_default_features":false,"features":["cpu"],"target":null,"registry":null},{"name":"libxc-kernel-math","source":null,"req":"*","kind":null,"rename":null,"optional":false,"uses_default_features":true,"features":[],"target":null,"registry":null,"path":"/home/chemtech/workspace/libxc_rs/crates/kernel-math"}],"targets":[{"kind":["lib"],"crate_types":["lib"],"name":"libxc_kernel_mgga_32a","src_path":"/home/chemtech/workspace/libxc_rs/crates/kernel-mgga-32a/src/lib.rs","edition":"2024","doc":true,"doctest":true,"test":true}],"features":{},"manifest_path":"/home/chemtech/workspace/libxc_rs/crates/kernel-mgga-32a/Cargo.toml","metadata":null,"publish":null,"authors":[],"categories":[],"keywords":[],"readme":null,"repository":null,"homepage":null,"documentation":null,"edition":"2024","links":null,"default_run":null,"rust_version":null},{"name":"libxc-kernel-mgga-32b","version":"0.1.0","id":"path+file:///home/chemtech/workspace/libxc_rs/crates/kernel-mgga-32b#libxc-kernel-mgga-32b@0.1.0","license":null,"license_file":null,"description":null,"source":null,"dependencies":[{"name":"cubecl","source":"registry+https://github.com/rust-lang/crates.io-index","req":"^0.9.0","kind":null,"rename":null,"optional":false,"uses_default_features":false,"features":["cpu"],"target":null,"registry":null},{"name":"libxc-kernel-math","source":null,"req":"*","kind":null,"rename":null,"optional":false,"uses_default_features":true,"features":[],"target":null,"registry":null,"path":"/home/chemtech/workspace/libxc_rs/crates/kernel-math"}],"targets":[{"kind":["lib"],"crate_types":["lib"],"name":"libxc_kernel_mgga_32b","src_path":"/home/chemtech/workspace/libxc_rs/crates/kernel-mgga-32b/src/lib.rs","edition":"2024","doc":true,"doctest":true,"test":true}],"features":{},"manifest_path":"/home/chemtech/workspace/libxc_rs/crates/kernel-mgga-32b/Cargo.toml","metadata":null,"publish":null,"authors":[],"categories":[],"keywords":[],"readme":null,"repository":null,"homepage":null,"documentation":null,"edition":"2024","links":null,"default_run":null,"rust_version":null},{"name":"libxc-kernel-mgga-33","version":"0.1.0","id":"path+file:///home/chemtech/workspace/libxc_rs/crates/kernel-mgga-33#libxc-kernel-mgga-33@0.1.0","license":null,"license_file":null,"description":null,"source":null,"dependencies":[{"name":"cubecl","source":"registry+https://github.com/rust-lang/crates.io-index","req":"^0.9.0","kind":null,"rename":null,"optional":false,"uses_default_features":false,"features":["cpu"],"target":null,"registry":null},{"name":"libxc-kernel-math","source":null,"req":"*","kind":null,"rename":null,"optional":false,"uses_default_features":true,"features":[],"target":null,"registry":null,"path":"/home/chemtech/workspace/libxc_rs/crates/kernel-math"}],"targets":[{"kind":["lib"],"crate_types":["lib"],"name":"libxc_kernel_mgga_33","src_path":"/home/chemtech/workspace/libxc_rs/crates/kernel-mgga-33/src/lib.rs","edition":"2024","doc":true,"doctest":true,"test":true}],"features":{},"manifest_path":"/home/chemtech/workspace/libxc_rs/crates/kernel-mgga-33/Cargo.toml","metadata":null,"publish":null,"authors":[],"categories":[],"keywords":[],"readme":null,"repository":null,"homepage":null,"documentation":null,"edition":"2024","links":null,"default_run":null,"rust_version":null},{"name":"libxc-kernel-mgga-34","version":"0.1.0","id":"path+file:///home/chemtech/workspace/libxc_rs/crates/kernel-mgga-34#libxc-kernel-mgga-34@0.1.0","license":null,"license_file":null,"description":null,"source":null,"dependencies":[{"name":"cubecl","source":"registry+https://github.com/rust-lang/crates.io-index","req":"^0.9.0","kind":null,"rename":null,"optional":false,"uses_default_features":false,"features":["cpu"],"target":null,"registry":null},{"name":"libxc-kernel-math","source":null,"req":"*","kind":null,"rename":null,"optional":false,"uses_default_features":true,"features":[],"target":null,"registry":null,"path":"/home/chemtech/workspace/libxc_rs/crates/kernel-math"}],"targets":[{"kind":["lib"],"crate_types":["lib"],"name":"libxc_kernel_mgga_34","src_path":"/home/chemtech/workspace/libxc_rs/crates/kernel-mgga-34/src/lib.rs","edition":"2024","doc":true,"doctest":true,"test":true}],"features":{},"manifest_path":"/home/chemtech/workspace/libxc_rs/crates/kernel-mgga-34/Cargo.toml","metadata":null,"publish":null,"authors":[],"categories":[],"keywords":[],"readme":null,"repository":null,"homepage":null,"documentation":null,"edition":"2024","links":null,"default_run":null,"rust_version":null},{"name":"libxc-kernel-mgga-35","version":"0.1.0","id":"path+file:///home/chemtech/workspace/libxc_rs/crates/kernel-mgga-35#libxc-kernel-mgga-35@0.1.0","license":null,"license_file":null,"description":null,"source":null,"dependencies":[{"name":"cubecl","source":"registry+https://github.com/rust-lang/crates.io-index","req":"^0.9.0","kind":null,"rename":null,"optional":false,"uses_default_features":false,"features":["cpu"],"target":null,"registry":null},{"name":"libxc-kernel-math","source":null,"req":"*","kind":null,"rename":null,"optional":false,"uses_default_features":true,"features":[],"target":null,"registry":null,"path":"/home/chemtech/workspace/libxc_rs/crates/kernel-math"}],"targets":[{"kind":["lib"],"crate_types":["lib"],"name":"libxc_kernel_mgga_35","src_path":"/home/chemtech/workspace/libxc_rs/crates/kernel-mgga-35/src/lib.rs","edition":"2024","doc":true,"doctest":true,"test":true}],"features":{},"manifest_path":"/home/chemtech/workspace/libxc_rs/crates/kernel-mgga-35/Cargo.toml","metadata":null,"publish":null,"authors":[],"categories":[],"keywords":[],"readme":null,"repository":null,"homepage":null,"documentation":null,"edition":"2024","links":null,"default_run":null,"rust_version":null},{"name":"libxc-kernel-mgga-36a","version":"0.1.0","id":"path+file:///home/chemtech/workspace/libxc_rs/crates/kernel-mgga-36a#libxc-kernel-mgga-36a@0.1.0","license":null,"license_file":null,"description":null,"source":null,"dependencies":[{"name":"cubecl","source":"registry+https://github.com/rust-lang/crates.io-index","req":"^0.9.0","kind":null,"rename":null,"optional":false,"uses_default_features":false,"features":["cpu"],"target":null,"registry":null},{"name":"libxc-kernel-math","source":null,"req":"*","kind":null,"rename":null,"optional":false,"uses_default_features":true,"features":[],"target":null,"registry":null,"path":"/home/chemtech/workspace/libxc_rs/crates/kernel-math"}],"targets":[{"kind":["lib"],"crate_types":["lib"],"name":"libxc_kernel_mgga_36a","src_path":"/home/chemtech/workspace/libxc_rs/crates/kernel-mgga-36a/src/lib.rs","edition":"2024","doc":true,"doctest":true,"test":true}],"features":{},"manifest_path":"/home/chemtech/workspace/libxc_rs/crates/kernel-mgga-36a/Cargo.toml","metadata":null,"publish":null,"authors":[],"categories":[],"keywords":[],"readme":null,"repository":null,"homepage":null,"documentation":null,"edition":"2024","links":null,"default_run":null,"rust_version":null},{"name":"libxc-kernel-mgga-36b","version":"0.1.0","id":"path+file:///home/chemtech/workspace/libxc_rs/crates/kernel-mgga-36b#libxc-kernel-mgga-36b@0.1.0","license":null,"license_file":null,"description":null,"source":null,"dependencies":[{"name":"cubecl","source":"registry+https://github.com/rust-lang/crates.io-index","req":"^0.9.0","kind":null,"rename":null,"optional":false,"uses_default_features":false,"features":["cpu"],"target":null,"registry":null},{"name":"libxc-kernel-math","source":null,"req":"*","kind":null,"rename":null,"optional":false,"uses_default_features":true,"features":[],"target":null,"registry":null,"path":"/home/chemtech/workspace/libxc_rs/crates/kernel-math"}],"targets":[{"kind":["lib"],"crate_types":["lib"],"name":"libxc_kernel_mgga_36b","src_path":"/home/chemtech/workspace/libxc_rs/crates/kernel-mgga-36b/src/lib.rs","edition":"2024","doc":true,"doctest":true,"test":true}],"features":{},"manifest_path":"/home/chemtech/workspace/libxc_rs/crates/kernel-mgga-36b/Cargo.toml","metadata":null,"publish":null,"authors":[],"categories":[],"keywords":[],"readme":null,"repository":null,"homepage":null,"documentation":null,"edition":"2024","links":null,"default_run":null,"rust_version":null},{"name":"libxc-kernel-mgga-37a","version":"0.1.0","id":"path+file:///home/chemtech/workspace/libxc_rs/crates/kernel-mgga-37a#libxc-kernel-mgga-37a@0.1.0","license":null,"license_file":null,"description":null,"source":null,"dependencies":[{"name":"cubecl","source":"registry+https://github.com/rust-lang/crates.io-index","req":"^0.9.0","kind":null,"rename":null,"optional":false,"uses_default_features":false,"features":["cpu"],"target":null,"registry":null},{"name":"libxc-kernel-math","source":null,"req":"*","kind":null,"rename":null,"optional":false,"uses_default_features":true,"features":[],"target":null,"registry":null,"path":"/home/chemtech/workspace/libxc_rs/crates/kernel-math"}],"targets":[{"kind":["lib"],"crate_types":["lib"],"name":"libxc_kernel_mgga_37a","src_path":"/home/chemtech/workspace/libxc_rs/crates/kernel-mgga-37a/src/lib.rs","edition":"2024","doc":true,"doctest":true,"test":true}],"features":{},"manifest_path":"/home/chemtech/workspace/libxc_rs/crates/kernel-mgga-37a/Cargo.toml","metadata":null,"publish":null,"authors":[],"categories":[],"keywords":[],"readme":null,"repository":null,"homepage":null,"documentation":null,"edition":"2024","links":null,"default_run":null,"rust_version":null},{"name":"libxc-kernel-mgga-37b","version":"0.1.0","id":"path+file:///home/chemtech/workspace/libxc_rs/crates/kernel-mgga-37b#libxc-kernel-mgga-37b@0.1.0","license":null,"license_file":null,"description":null,"source":null,"dependencies":[{"name":"cubecl","source":"registry+https://github.com/rust-lang/crates.io-index","req":"^0.9.0","kind":null,"rename":null,"optional":false,"uses_default_features":false,"features":["cpu"],"target":null,"registry":null},{"name":"libxc-kernel-math","source":null,"req":"*","kind":null,"rename":null,"optional":false,"uses_default_features":true,"features":[],"target":null,"registry":null,"path":"/home/chemtech/workspace/libxc_rs/crates/kernel-math"}],"targets":[{"kind":["lib"],"crate_types":["lib"],"name":"libxc_kernel_mgga_37b","src_path":"/home/chemtech/workspace/libxc_rs/crates/kernel-mgga-37b/src/lib.rs","edition":"2024","doc":true,"doctest":true,"test":true}],"features":{},"manifest_path":"/home/chemtech/workspace/libxc_rs/crates/kernel-mgga-37b/Cargo.toml","metadata":null,"publish":null,"authors":[],"categories":[],"keywords":[],"readme":null,"repository":null,"homepage":null,"documentation":null,"edition":"2024","links":null,"default_run":null,"rust_version":null},{"name":"libxc-kernel-mgga-3a","version":"0.1.0","id":"path+file:///home/chemtech/workspace/libxc_rs/crates/kernel-mgga-3a#libxc-kernel-mgga-3a@0.1.0","license":null,"license_file":null,"description":null,"source":null,"dependencies":[{"name":"cubecl","source":"registry+https://github.com/rust-lang/crates.io-index","req":"^0.9.0","kind":null,"rename":null,"optional":false,"uses_default_features":false,"features":["cpu"],"target":null,"registry":null},{"name":"libxc-kernel-math","source":null,"req":"*","kind":null,"rename":null,"optional":false,"uses_default_features":true,"features":[],"target":null,"registry":null,"path":"/home/chemtech/workspace/libxc_rs/crates/kernel-math"}],"targets":[{"kind":["lib"],"crate_types":["lib"],"name":"libxc_kernel_mgga_3a","src_path":"/home/chemtech/workspace/libxc_rs/crates/kernel-mgga-3a/src/lib.rs","edition":"2024","doc":true,"doctest":true,"test":true}],"features":{},"manifest_path":"/home/chemtech/workspace/libxc_rs/crates/kernel-mgga-3a/Cargo.toml","metadata":null,"publish":null,"authors":[],"categories":[],"keywords":[],"readme":null,"repository":null,"homepage":null,"documentation":null,"edition":"2024","links":null,"default_run":null,"rust_version":null},{"name":"libxc-kernel-mgga-3b","version":"0.1.0","id":"path+file:///home/chemtech/workspace/libxc_rs/crates/kernel-mgga-3b#libxc-kernel-mgga-3b@0.1.0","license":null,"license_file":null,"description":null,"source":null,"dependencies":[{"name":"cubecl","source":"registry+https://github.com/rust-lang/crates.io-index","req":"^0.9.0","kind":null,"rename":null,"optional":false,"uses_default_features":false,"features":["cpu"],"target":null,"registry":null},{"name":"libxc-kernel-math","source":null,"req":"*","kind":null,"rename":null,"optional":false,"uses_default_features":true,"features":[],"target":null,"registry":null,"path":"/home/chemtech/workspace/libxc_rs/crates/kernel-math"}],"targets":[{"kind":["lib"],"crate_types":["lib"],"name":"libxc_kernel_mgga_3b","src_path":"/home/chemtech/workspace/libxc_rs/crates/kernel-mgga-3b/src/lib.rs","edition":"2024","doc":true,"doctest":true,"test":true}],"features":{},"manifest_path":"/home/chemtech/workspace/libxc_rs/crates/kernel-mgga-3b/Cargo.toml","metadata":null,"publish":null,"authors":[],"categories":[],"keywords":[],"readme":null,"repository":null,"homepage":null,"documentation":null,"edition":"2024","links":null,"default_run":null,"rust_version":null},{"name":"libxc-kernel-mgga-4a","version":"0.1.0","id":"path+file:///home/chemtech/workspace/libxc_rs/crates/kernel-mgga-4a#libxc-kernel-mgga-4a@0.1.0","license":null,"license_file":null,"description":null,"source":null,"dependencies":[{"name":"cubecl","source":"registry+https://github.com/rust-lang/crates.io-index","req":"^0.9.0","kind":null,"rename":null,"optional":false,"uses_default_features":false,"features":["cpu"],"target":null,"registry":null},{"name":"libxc-kernel-math","source":null,"req":"*","kind":null,"rename":null,"optional":false,"uses_default_features":true,"features":[],"target":null,"registry":null,"path":"/home/chemtech/workspace/libxc_rs/crates/kernel-math"}],"targets":[{"kind":["lib"],"crate_types":["lib"],"name":"libxc_kernel_mgga_4a","src_path":"/home/chemtech/workspace/libxc_rs/crates/kernel-mgga-4a/src/lib.rs","edition":"2024","doc":true,"doctest":true,"test":true}],"features":{},"manifest_path":"/home/chemtech/workspace/libxc_rs/crates/kernel-mgga-4a/Cargo.toml","metadata":null,"publish":null,"authors":[],"categories":[],"keywords":[],"readme":null,"repository":null,"homepage":null,"documentation":null,"edition":"2024","links":null,"default_run":null,"rust_version":null},{"name":"libxc-kernel-mgga-4b","version":"0.1.0","id":"path+file:///home/chemtech/workspace/libxc_rs/crates/kernel-mgga-4b#libxc-kernel-mgga-4b@0.1.0","license":null,"license_file":null,"description":null,"source":null,"dependencies":[{"name":"cubecl","source":"registry+https://github.com/rust-lang/crates.io-index","req":"^0.9.0","kind":null,"rename":null,"optional":false,"uses_default_features":false,"features":["cpu"],"target":null,"registry":null},{"name":"libxc-kernel-math","source":null,"req":"*","kind":null,"rename":null,"optional":false,"uses_default_features":true,"features":[],"target":null,"registry":null,"path":"/home/chemtech/workspace/libxc_rs/crates/kernel-math"}],"targets":[{"kind":["lib"],"crate_types":["lib"],"name":"libxc_kernel_mgga_4b","src_path":"/home/chemtech/workspace/libxc_rs/crates/kernel-mgga-4b/src/lib.rs","edition":"2024","doc":true,"doctest":true,"test":true}],"features":{},"manifest_path":"/home/chemtech/workspace/libxc_rs/crates/kernel-mgga-4b/Cargo.toml","metadata":null,"publish":null,"authors":[],"categories":[],"keywords":[],"readme":null,"repository":null,"homepage":null,"documentation":null,"edition":"2024","links":null,"default_run":null,"rust_version":null},{"name":"libxc-kernel-mgga-5","version":"0.1.0","id":"path+file:///home/chemtech/workspace/libxc_rs/crates/kernel-mgga-5#libxc-kernel-mgga-5@0.1.0","license":null,"license_file":null,"description":null,"source":null,"dependencies":[{"name":"cubecl","source":"registry+https://github.com/rust-lang/crates.io-index","req":"^0.9.0","kind":null,"rename":null,"optional":false,"uses_default_features":false,"features":["cpu"],"target":null,"registry":null},{"name":"libxc-kernel-math","source":null,"req":"*","kind":null,"rename":null,"optional":false,"uses_default_features":true,"features":[],"target":null,"registry":null,"path":"/home/chemtech/workspace/libxc_rs/crates/kernel-math"}],"targets":[{"kind":["lib"],"crate_types":["lib"],"name":"libxc_kernel_mgga_5","src_path":"/home/chemtech/workspace/libxc_rs/crates/kernel-mgga-5/src/lib.rs","edition":"2024","doc":true,"doctest":true,"test":true}],"features":{},"manifest_path":"/home/chemtech/workspace/libxc_rs/crates/kernel-mgga-5/Cargo.toml","metadata":null,"publish":null,"authors":[],"categories":[],"keywords":[],"readme":null,"repository":null,"homepage":null,"documentation":null,"edition":"2024","links":null,"default_run":null,"rust_version":null},{"name":"libxc-kernel-mgga-6","version":"0.1.0","id":"path+file:///home/chemtech/workspace/libxc_rs/crates/kernel-mgga-6#libxc-kernel-mgga-6@0.1.0","license":null,"license_file":null,"description":null,"source":null,"dependencies":[{"name":"cubecl","source":"registry+https://github.com/rust-lang/crates.io-index","req":"^0.9.0","kind":null,"rename":null,"optional":false,"uses_default_features":false,"features":["cpu"],"target":null,"registry":null},{"name":"libxc-kernel-math","source":null,"req":"*","kind":null,"rename":null,"optional":false,"uses_default_features":true,"features":[],"target":null,"registry":null,"path":"/home/chemtech/workspace/libxc_rs/crates/kernel-math"}],"targets":[{"kind":["lib"],"crate_types":["lib"],"name":"libxc_kernel_mgga_6","src_path":"/home/chemtech/workspace/libxc_rs/crates/kernel-mgga-6/src/lib.rs","edition":"2024","doc":true,"doctest":true,"test":true}],"features":{},"manifest_path":"/home/chemtech/workspace/libxc_rs/crates/kernel-mgga-6/Cargo.toml","metadata":null,"publish":null,"authors":[],"categories":[],"keywords":[],"readme":null,"repository":null,"homepage":null,"documentation":null,"edition":"2024","links":null,"default_run":null,"rust_version":null},{"name":"libxc-kernel-mgga-7a","version":"0.1.0","id":"path+file:///home/chemtech/workspace/libxc_rs/crates/kernel-mgga-7a#libxc-kernel-mgga-7a@0.1.0","license":null,"license_file":null,"description":null,"source":null,"dependencies":[{"name":"cubecl","source":"registry+https://github.com/rust-lang/crates.io-index","req":"^0.9.0","kind":null,"rename":null,"optional":false,"uses_default_features":false,"features":["cpu"],"target":null,"registry":null},{"name":"libxc-kernel-math","source":null,"req":"*","kind":null,"rename":null,"optional":false,"uses_default_features":true,"features":[],"target":null,"registry":null,"path":"/home/chemtech/workspace/libxc_rs/crates/kernel-math"}],"targets":[{"kind":["lib"],"crate_types":["lib"],"name":"libxc_kernel_mgga_7a","src_path":"/home/chemtech/workspace/libxc_rs/crates/kernel-mgga-7a/src/lib.rs","edition":"2024","doc":true,"doctest":true,"test":true}],"features":{},"manifest_path":"/home/chemtech/workspace/libxc_rs/crates/kernel-mgga-7a/Cargo.toml","metadata":null,"publish":null,"authors":[],"categories":[],"keywords":[],"readme":null,"repository":null,"homepage":null,"documentation":null,"edition":"2024","links":null,"default_run":null,"rust_version":null},{"name":"libxc-kernel-mgga-7b","version":"0.1.0","id":"path+file:///home/chemtech/workspace/libxc_rs/crates/kernel-mgga-7b#libxc-kernel-mgga-7b@0.1.0","license":null,"license_file":null,"description":null,"source":null,"dependencies":[{"name":"cubecl","source":"registry+https://github.com/rust-lang/crates.io-index","req":"^0.9.0","kind":null,"rename":null,"optional":false,"uses_default_features":false,"features":["cpu"],"target":null,"registry":null},{"name":"libxc-kernel-math","source":null,"req":"*","kind":null,"rename":null,"optional":false,"uses_default_features":true,"features":[],"target":null,"registry":null,"path":"/home/chemtech/workspace/libxc_rs/crates/kernel-math"}],"targets":[{"kind":["lib"],"crate_types":["lib"],"name":"libxc_kernel_mgga_7b","src_path":"/home/chemtech/workspace/libxc_rs/crates/kernel-mgga-7b/src/lib.rs","edition":"2024","doc":true,"doctest":true,"test":true}],"features":{},"manifest_path":"/home/chemtech/workspace/libxc_rs/crates/kernel-mgga-7b/Cargo.toml","metadata":null,"publish":null,"authors":[],"categories":[],"keywords":[],"readme":null,"repository":null,"homepage":null,"documentation":null,"edition":"2024","links":null,"default_run":null,"rust_version":null},{"name":"libxc-kernel-mgga-7c","version":"0.1.0","id":"path+file:///home/chemtech/workspace/libxc_rs/crates/kernel-mgga-7c#libxc-kernel-mgga-7c@0.1.0","license":null,"license_file":null,"description":null,"source":null,"dependencies":[{"name":"cubecl","source":"registry+https://github.com/rust-lang/crates.io-index","req":"^0.9.0","kind":null,"rename":null,"optional":false,"uses_default_features":false,"features":["cpu"],"target":null,"registry":null},{"name":"libxc-kernel-math","source":null,"req":"*","kind":null,"rename":null,"optional":false,"uses_default_features":true,"features":[],"target":null,"registry":null,"path":"/home/chemtech/workspace/libxc_rs/crates/kernel-math"}],"targets":[{"kind":["lib"],"crate_types":["lib"],"name":"libxc_kernel_mgga_7c","src_path":"/home/chemtech/workspace/libxc_rs/crates/kernel-mgga-7c/src/lib.rs","edition":"2024","doc":true,"doctest":true,"test":true}],"features":{},"manifest_path":"/home/chemtech/workspace/libxc_rs/crates/kernel-mgga-7c/Cargo.toml","metadata":null,"publish":null,"authors":[],"categories":[],"keywords":[],"readme":null,"repository":null,"homepage":null,"documentation":null,"edition":"2024","links":null,"default_run":null,"rust_version":null},{"name":"libxc-kernel-mgga-7d","version":"0.1.0","id":"path+file:///home/chemtech/workspace/libxc_rs/crates/kernel-mgga-7d#libxc-kernel-mgga-7d@0.1.0","license":null,"license_file":null,"description":null,"source":null,"dependencies":[{"name":"cubecl","source":"registry+https://github.com/rust-lang/crates.io-index","req":"^0.9.0","kind":null,"rename":null,"optional":false,"uses_default_features":false,"features":["cpu"],"target":null,"registry":null},{"name":"libxc-kernel-math","source":null,"req":"*","kind":null,"rename":null,"optional":false,"uses_default_features":true,"features":[],"target":null,"registry":null,"path":"/home/chemtech/workspace/libxc_rs/crates/kernel-math"}],"targets":[{"kind":["lib"],"crate_types":["lib"],"name":"libxc_kernel_mgga_7d","src_path":"/home/chemtech/workspace/libxc_rs/crates/kernel-mgga-7d/src/lib.rs","edition":"2024","doc":true,"doctest":true,"test":true}],"features":{},"manifest_path":"/home/chemtech/workspace/libxc_rs/crates/kernel-mgga-7d/Cargo.toml","metadata":null,"publish":null,"authors":[],"categories":[],"keywords":[],"readme":null,"repository":null,"homepage":null,"documentation":null,"edition":"2024","links":null,"default_run":null,"rust_version":null},{"name":"libxc-kernel-mgga-7e","version":"0.1.0","id":"path+file:///home/chemtech/workspace/libxc_rs/crates/kernel-mgga-7e#libxc-kernel-mgga-7e@0.1.0","license":null,"license_file":null,"description":null,"source":null,"dependencies":[{"name":"cubecl","source":"registry+https://github.com/rust-lang/crates.io-index","req":"^0.9.0","kind":null,"rename":null,"optional":false,"uses_default_features":false,"features":["cpu"],"target":null,"registry":null},{"name":"libxc-kernel-math","source":null,"req":"*","kind":null,"rename":null,"optional":false,"uses_default_features":true,"features":[],"target":null,"registry":null,"path":"/home/chemtech/workspace/libxc_rs/crates/kernel-math"}],"targets":[{"kind":["lib"],"crate_types":["lib"],"name":"libxc_kernel_mgga_7e","src_path":"/home/chemtech/workspace/libxc_rs/crates/kernel-mgga-7e/src/lib.rs","edition":"2024","doc":true,"doctest":true,"test":true}],"features":{},"manifest_path":"/home/chemtech/workspace/libxc_rs/crates/kernel-mgga-7e/Cargo.toml","metadata":null,"publish":null,"authors":[],"categories":[],"keywords":[],"readme":null,"repository":null,"homepage":null,"documentation":null,"edition":"2024","links":null,"default_run":null,"rust_version":null},{"name":"libxc-kernel-mgga-8a","version":"0.1.0","id":"path+file:///home/chemtech/workspace/libxc_rs/crates/kernel-mgga-8a#libxc-kernel-mgga-8a@0.1.0","license":null,"license_file":null,"description":null,"source":null,"dependencies":[{"name":"cubecl","source":"registry+https://github.com/rust-lang/crates.io-index","req":"^0.9.0","kind":null,"rename":null,"optional":false,"uses_default_features":false,"features":["cpu"],"target":null,"registry":null},{"name":"libxc-kernel-math","source":null,"req":"*","kind":null,"rename":null,"optional":false,"uses_default_features":true,"features":[],"target":null,"registry":null,"path":"/home/chemtech/workspace/libxc_rs/crates/kernel-math"}],"targets":[{"kind":["lib"],"crate_types":["lib"],"name":"libxc_kernel_mgga_8a","src_path":"/home/chemtech/workspace/libxc_rs/crates/kernel-mgga-8a/src/lib.rs","edition":"2024","doc":true,"doctest":true,"test":true}],"features":{},"manifest_path":"/home/chemtech/workspace/libxc_rs/crates/kernel-mgga-8a/Cargo.toml","metadata":null,"publish":null,"authors":[],"categories":[],"keywords":[],"readme":null,"repository":null,"homepage":null,"documentation":null,"edition":"2024","links":null,"default_run":null,"rust_version":null},{"name":"libxc-kernel-mgga-8b","version":"0.1.0","id":"path+file:///home/chemtech/workspace/libxc_rs/crates/kernel-mgga-8b#libxc-kernel-mgga-8b@0.1.0","license":null,"license_file":null,"description":null,"source":null,"dependencies":[{"name":"cubecl","source":"registry+https://github.com/rust-lang/crates.io-index","req":"^0.9.0","kind":null,"rename":null,"optional":false,"uses_default_features":false,"features":["cpu"],"target":null,"registry":null},{"name":"libxc-kernel-math","source":null,"req":"*","kind":null,"rename":null,"optional":false,"uses_default_features":true,"features":[],"target":null,"registry":null,"path":"/home/chemtech/workspace/libxc_rs/crates/kernel-math"}],"targets":[{"kind":["lib"],"crate_types":["lib"],"name":"libxc_kernel_mgga_8b","src_path":"/home/chemtech/workspace/libxc_rs/crates/kernel-mgga-8b/src/lib.rs","edition":"2024","doc":true,"doctest":true,"test":true}],"features":{},"manifest_path":"/home/chemtech/workspace/libxc_rs/crates/kernel-mgga-8b/Cargo.toml","metadata":null,"publish":null,"authors":[],"categories":[],"keywords":[],"readme":null,"repository":null,"homepage":null,"documentation":null,"edition":"2024","links":null,"default_run":null,"rust_version":null},{"name":"libxc-kernel-mgga-8c","version":"0.1.0","id":"path+file:///home/chemtech/workspace/libxc_rs/crates/kernel-mgga-8c#libxc-kernel-mgga-8c@0.1.0","license":null,"license_file":null,"description":null,"source":null,"dependencies":[{"name":"cubecl","source":"registry+https://github.com/rust-lang/crates.io-index","req":"^0.9.0","kind":null,"rename":null,"optional":false,"uses_default_features":false,"features":["cpu"],"target":null,"registry":null},{"name":"libxc-kernel-math","source":null,"req":"*","kind":null,"rename":null,"optional":false,"uses_default_features":true,"features":[],"target":null,"registry":null,"path":"/home/chemtech/workspace/libxc_rs/crates/kernel-math"}],"targets":[{"kind":["lib"],"crate_types":["lib"],"name":"libxc_kernel_mgga_8c","src_path":"/home/chemtech/workspace/libxc_rs/crates/kernel-mgga-8c/src/lib.rs","edition":"2024","doc":true,"doctest":true,"test":true}],"features":{},"manifest_path":"/home/chemtech/workspace/libxc_rs/crates/kernel-mgga-8c/Cargo.toml","metadata":null,"publish":null,"authors":[],"categories":[],"keywords":[],"readme":null,"repository":null,"homepage":null,"documentation":null,"edition":"2024","links":null,"default_run":null,"rust_version":null},{"name":"libxc-kernel-mgga-8d","version":"0.1.0","id":"path+file:///home/chemtech/workspace/libxc_rs/crates/kernel-mgga-8d#libxc-kernel-mgga-8d@0.1.0","license":null,"license_file":null,"description":null,"source":null,"dependencies":[{"name":"cubecl","source":"registry+https://github.com/rust-lang/crates.io-index","req":"^0.9.0","kind":null,"rename":null,"optional":false,"uses_default_features":false,"features":["cpu"],"target":null,"registry":null},{"name":"libxc-kernel-math","source":null,"req":"*","kind":null,"rename":null,"optional":false,"uses_default_features":true,"features":[],"target":null,"registry":null,"path":"/home/chemtech/workspace/libxc_rs/crates/kernel-math"}],"targets":[{"kind":["lib"],"crate_types":["lib"],"name":"libxc_kernel_mgga_8d","src_path":"/home/chemtech/workspace/libxc_rs/crates/kernel-mgga-8d/src/lib.rs","edition":"2024","doc":true,"doctest":true,"test":true}],"features":{},"manifest_path":"/home/chemtech/workspace/libxc_rs/crates/kernel-mgga-8d/Cargo.toml","metadata":null,"publish":null,"authors":[],"categories":[],"keywords":[],"readme":null,"repository":null,"homepage":null,"documentation":null,"edition":"2024","links":null,"default_run":null,"rust_version":null},{"name":"libxc-kernel-mgga-8e","version":"0.1.0","id":"path+file:///home/chemtech/workspace/libxc_rs/crates/kernel-mgga-8e#libxc-kernel-mgga-8e@0.1.0","license":null,"license_file":null,"description":null,"source":null,"dependencies":[{"name":"cubecl","source":"registry+https://github.com/rust-lang/crates.io-index","req":"^0.9.0","kind":null,"rename":null,"optional":false,"uses_default_features":false,"features":["cpu"],"target":null,"registry":null},{"name":"libxc-kernel-math","source":null,"req":"*","kind":null,"rename":null,"optional":false,"uses_default_features":true,"features":[],"target":null,"registry":null,"path":"/home/chemtech/workspace/libxc_rs/crates/kernel-math"}],"targets":[{"kind":["lib"],"crate_types":["lib"],"name":"libxc_kernel_mgga_8e","src_path":"/home/chemtech/workspace/libxc_rs/crates/kernel-mgga-8e/src/lib.rs","edition":"2024","doc":true,"doctest":true,"test":true}],"features":{},"manifest_path":"/home/chemtech/workspace/libxc_rs/crates/kernel-mgga-8e/Cargo.toml","metadata":null,"publish":null,"authors":[],"categories":[],"keywords":[],"readme":null,"repository":null,"homepage":null,"documentation":null,"edition":"2024","links":null,"default_run":null,"rust_version":null},{"name":"libxc-kernel-mgga-8f","version":"0.1.0","id":"path+file:///home/chemtech/workspace/libxc_rs/crates/kernel-mgga-8f#libxc-kernel-mgga-8f@0.1.0","license":null,"license_file":null,"description":null,"source":null,"dependencies":[{"name":"cubecl","source":"registry+https://github.com/rust-lang/crates.io-index","req":"^0.9.0","kind":null,"rename":null,"optional":false,"uses_default_features":false,"features":["cpu"],"target":null,"registry":null},{"name":"libxc-kernel-math","source":null,"req":"*","kind":null,"rename":null,"optional":false,"uses_default_features":true,"features":[],"target":null,"registry":null,"path":"/home/chemtech/workspace/libxc_rs/crates/kernel-math"}],"targets":[{"kind":["lib"],"crate_types":["lib"],"name":"libxc_kernel_mgga_8f","src_path":"/home/chemtech/workspace/libxc_rs/crates/kernel-mgga-8f/src/lib.rs","edition":"2024","doc":true,"doctest":true,"test":true}],"features":{},"manifest_path":"/home/chemtech/workspace/libxc_rs/crates/kernel-mgga-8f/Cargo.toml","metadata":null,"publish":null,"authors":[],"categories":[],"keywords":[],"readme":null,"repository":null,"homepage":null,"documentation":null,"edition":"2024","links":null,"default_run":null,"rust_version":null},{"name":"libxc-kernel-mgga-9a","version":"0.1.0","id":"path+file:///home/chemtech/workspace/libxc_rs/crates/kernel-mgga-9a#libxc-kernel-mgga-9a@0.1.0","license":null,"license_file":null,"description":null,"source":null,"dependencies":[{"name":"cubecl","source":"registry+https://github.com/rust-lang/crates.io-index","req":"^0.9.0","kind":null,"rename":null,"optional":false,"uses_default_features":false,"features":["cpu"],"target":null,"registry":null},{"name":"libxc-kernel-math","source":null,"req":"*","kind":null,"rename":null,"optional":false,"uses_default_features":true,"features":[],"target":null,"registry":null,"path":"/home/chemtech/workspace/libxc_rs/crates/kernel-math"}],"targets":[{"kind":["lib"],"crate_types":["lib"],"name":"libxc_kernel_mgga_9a","src_path":"/home/chemtech/workspace/libxc_rs/crates/kernel-mgga-9a/src/lib.rs","edition":"2024","doc":true,"doctest":true,"test":true}],"features":{},"manifest_path":"/home/chemtech/workspace/libxc_rs/crates/kernel-mgga-9a/Cargo.toml","metadata":null,"publish":null,"authors":[],"categories":[],"keywords":[],"readme":null,"repository":null,"homepage":null,"documentation":null,"edition":"2024","links":null,"default_run":null,"rust_version":null},{"name":"libxc-kernel-mgga-9b","version":"0.1.0","id":"path+file:///home/chemtech/workspace/libxc_rs/crates/kernel-mgga-9b#libxc-kernel-mgga-9b@0.1.0","license":null,"license_file":null,"description":null,"source":null,"dependencies":[{"name":"cubecl","source":"registry+https://github.com/rust-lang/crates.io-index","req":"^0.9.0","kind":null,"rename":null,"optional":false,"uses_default_features":false,"features":["cpu"],"target":null,"registry":null},{"name":"libxc-kernel-math","source":null,"req":"*","kind":null,"rename":null,"optional":false,"uses_default_features":true,"features":[],"target":null,"registry":null,"path":"/home/chemtech/workspace/libxc_rs/crates/kernel-math"}],"targets":[{"kind":["lib"],"crate_types":["lib"],"name":"libxc_kernel_mgga_9b","src_path":"/home/chemtech/workspace/libxc_rs/crates/kernel-mgga-9b/src/lib.rs","edition":"2024","doc":true,"doctest":true,"test":true}],"features":{},"manifest_path":"/home/chemtech/workspace/libxc_rs/crates/kernel-mgga-9b/Cargo.toml","metadata":null,"publish":null,"authors":[],"categories":[],"keywords":[],"readme":null,"repository":null,"homepage":null,"documentation":null,"edition":"2024","links":null,"default_run":null,"rust_version":null}],"workspace_members":["path+file:///home/chemtech/workspace/libxc_rs/xtask#0.1.0","path+file:///home/chemtech/workspace/libxc_rs/verify#libxc_rs-verify@0.1.0","path+file:///home/chemtech/workspace/libxc_rs#0.1.0","path+file:///home/chemtech/workspace/libxc_rs/crates/kernel-gga#libxc-kernel-gga@0.1.0","path+file:///home/chemtech/workspace/libxc_rs/crates/kernel-gga-10a#libxc-kernel-gga-10a@0.1.0","path+file:///home/chemtech/workspace/libxc_rs/crates/kernel-math#libxc-kernel-math@0.1.0","path+file:///home/chemtech/workspace/libxc_rs/crates/kernel-gga-10b#libxc-kernel-gga-10b@0.1.0","path+file:///home/chemtech/workspace/libxc_rs/crates/kernel-gga-10c#libxc-kernel-gga-10c@0.1.0","path+file:///home/chemtech/workspace/libxc_rs/crates/kernel-gga-10d#libxc-kernel-gga-10d@0.1.0","path+file:///home/chemtech/workspace/libxc_rs/crates/kernel-gga-11#libxc-kernel-gga-11@0.1.0","path+file:///home/chemtech/workspace/libxc_rs/crates/kernel-gga-12#libxc-kernel-gga-12@0.1.0","path+file:///home/chemtech/workspace/libxc_rs/crates/kernel-gga-13#libxc-kernel-gga-13@0.1.0","path+file:///home/chemtech/workspace/libxc_rs/crates/kernel-gga-14#libxc-kernel-gga-14@0.1.0","path+file:///home/chemtech/workspace/libxc_rs/crates/kernel-gga-15#libxc-kernel-gga-15@0.1.0","path+file:///home/chemtech/workspace/libxc_rs/crates/kernel-gga-16#libxc-kernel-gga-16@0.1.0","path+file:///home/chemtech/workspace/libxc_rs/crates/kernel-gga-17#libxc-kernel-gga-17@0.1.0","path+file:///home/chemtech/workspace/libxc_rs/crates/kernel-gga-18#libxc-kernel-gga-18@0.1.0","path+file:///home/chemtech/workspace/libxc_rs/crates/kernel-gga-19#libxc-kernel-gga-19@0.1.0","path+file:///home/chemtech/workspace/libxc_rs/crates/kernel-gga-1a#libxc-kernel-gga-1a@0.1.0","path+file:///home/chemtech/workspace/libxc_rs/crates/kernel-gga-1b#libxc-kernel-gga-1b@0.1.0","path+file:///home/chemtech/workspace/libxc_rs/crates/kernel-gga-1c#libxc-kernel-gga-1c@0.1.0","path+file:///home/chemtech/workspace/libxc_rs/crates/kernel-gga-1d#libxc-kernel-gga-1d@0.1.0","path+file:///home/chemtech/workspace/libxc_rs/crates/kernel-gga-20#libxc-kernel-gga-20@0.1.0","path+file:///home/chemtech/workspace/libxc_rs/crates/kernel-gga-21#libxc-kernel-gga-21@0.1.0","path+file:///home/chemtech/workspace/libxc_rs/crates/kernel-gga-22#libxc-kernel-gga-22@0.1.0","path+file:///home/chemtech/workspace/libxc_rs/crates/kernel-gga-2a#libxc-kernel-gga-2a@0.1.0","path+file:///home/chemtech/workspace/libxc_rs/crates/kernel-gga-2b#libxc-kernel-gga-2b@0.1.0","path+file:///home/chemtech/workspace/libxc_rs/crates/kernel-gga-2c#libxc-kernel-gga-2c@0.1.0","path+file:///home/chemtech/workspace/libxc_rs/crates/kernel-gga-2d#libxc-kernel-gga-2d@0.1.0","path+file:///home/chemtech/workspace/libxc_rs/crates/kernel-gga-3a#libxc-kernel-gga-3a@0.1.0","path+file:///home/chemtech/workspace/libxc_rs/crates/kernel-gga-3b#libxc-kernel-gga-3b@0.1.0","path+file:///home/chemtech/workspace/libxc_rs/crates/kernel-gga-3c#libxc-kernel-gga-3c@0.1.0","path+file:///home/chemtech/workspace/libxc_rs/crates/kernel-gga-3d#libxc-kernel-gga-3d@0.1.0","path+file:///home/chemtech/workspace/libxc_rs/crates/kernel-gga-3e#libxc-kernel-gga-3e@0.1.0","path+file:///home/chemtech/workspace/libxc_rs/crates/kernel-gga-4a#libxc-kernel-gga-4a@0.1.0","path+file:///home/chemtech/workspace/libxc_rs/crates/kernel-gga-4b#libxc-kernel-gga-4b@0.1.0","path+file:///home/chemtech/workspace/libxc_rs/crates/kernel-gga-4c#libxc-kernel-gga-4c@0.1.0","path+file:///home/chemtech/workspace/libxc_rs/crates/kernel-gga-4d#libxc-kernel-gga-4d@0.1.0","path+file:///home/chemtech/workspace/libxc_rs/crates/kernel-gga-4e#libxc-kernel-gga-4e@0.1.0","path+file:///home/chemtech/workspace/libxc_rs/crates/kernel-gga-4f#libxc-kernel-gga-4f@0.1.0","path+file:///home/chemtech/workspace/libxc_rs/crates/kernel-gga-4g#libxc-kernel-gga-4g@0.1.0","path+file:///home/chemtech/workspace/libxc_rs/crates/kernel-gga-5a#libxc-kernel-gga-5a@0.1.0","path+file:///home/chemtech/workspace/libxc_rs/crates/kernel-gga-5b#libxc-kernel-gga-5b@0.1.0","path+file:///home/chemtech/workspace/libxc_rs/crates/kernel-gga-5c#libxc-kernel-gga-5c@0.1.0","path+file:///home/chemtech/workspace/libxc_rs/crates/kernel-gga-5d#libxc-kernel-gga-5d@0.1.0","path+file:///home/chemtech/workspace/libxc_rs/crates/kernel-gga-5e#libxc-kernel-gga-5e@0.1.0","path+file:///home/chemtech/workspace/libxc_rs/crates/kernel-gga-5f#libxc-kernel-gga-5f@0.1.0","path+file:///home/chemtech/workspace/libxc_rs/crates/kernel-gga-5g#libxc-kernel-gga-5g@0.1.0","path+file:///home/chemtech/workspace/libxc_rs/crates/kernel-gga-6a#libxc-kernel-gga-6a@0.1.0","path+file:///home/chemtech/workspace/libxc_rs/crates/kernel-gga-6b#libxc-kernel-gga-6b@0.1.0","path+file:///home/chemtech/workspace/libxc_rs/crates/kernel-gga-6c#libxc-kernel-gga-6c@0.1.0","path+file:///home/chemtech/workspace/libxc_rs/crates/kernel-gga-6d#libxc-kernel-gga-6d@0.1.0","path+file:///home/chemtech/workspace/libxc_rs/crates/kernel-gga-7a#libxc-kernel-gga-7a@0.1.0","path+file:///home/chemtech/workspace/libxc_rs/crates/kernel-gga-7b#libxc-kernel-gga-7b@0.1.0","path+file:///home/chemtech/workspace/libxc_rs/crates/kernel-gga-7c#libxc-kernel-gga-7c@0.1.0","path+file:///home/chemtech/workspace/libxc_rs/crates/kernel-gga-7d#libxc-kernel-gga-7d@0.1.0","path+file:///home/chemtech/workspace/libxc_rs/crates/kernel-gga-8a#libxc-kernel-gga-8a@0.1.0","path+file:///home/chemtech/workspace/libxc_rs/crates/kernel-gga-8b#libxc-kernel-gga-8b@0.1.0","path+file:///home/chemtech/workspace/libxc_rs/crates/kernel-gga-8c#libxc-kernel-gga-8c@0.1.0","path+file:///home/chemtech/workspace/libxc_rs/crates/kernel-gga-8d#libxc-kernel-gga-8d@0.1.0","path+file:///home/chemtech/workspace/libxc_rs/crates/kernel-gga-9a#libxc-kernel-gga-9a@0.1.0","path+file:///home/chemtech/workspace/libxc_rs/crates/kernel-gga-9b#libxc-kernel-gga-9b@0.1.0","path+file:///home/chemtech/workspace/libxc_rs/crates/kernel-gga-9c#libxc-kernel-gga-9c@0.1.0","path+file:///home/chemtech/workspace/libxc_rs/crates/kernel-lda#libxc-kernel-lda@0.1.0","path+file:///home/chemtech/workspace/libxc_rs/crates/kernel-mgga#libxc-kernel-mgga@0.1.0","path+file:///home/chemtech/workspace/libxc_rs/crates/kernel-mgga-10a#libxc-kernel-mgga-10a@0.1.0","path+file:///home/chemtech/workspace/libxc_rs/crates/kernel-mgga-10b#libxc-kernel-mgga-10b@0.1.0","path+file:///home/chemtech/workspace/libxc_rs/crates/kernel-mgga-11a#libxc-kernel-mgga-11a@0.1.0","path+file:///home/chemtech/workspace/libxc_rs/crates/kernel-mgga-11b#libxc-kernel-mgga-11b@0.1.0","path+file:///home/chemtech/workspace/libxc_rs/crates/kernel-mgga-11c#libxc-kernel-mgga-11c@0.1.0","path+file:///home/chemtech/workspace/libxc_rs/crates/kernel-mgga-12a#libxc-kernel-mgga-12a@0.1.0","path+file:///home/chemtech/workspace/libxc_rs/crates/kernel-mgga-12b#libxc-kernel-mgga-12b@0.1.0","path+file:///home/chemtech/workspace/libxc_rs/crates/kernel-mgga-12c#libxc-kernel-mgga-12c@0.1.0","path+file:///home/chemtech/workspace/libxc_rs/crates/kernel-mgga-12d#libxc-kernel-mgga-12d@0.1.0","path+file:///home/chemtech/workspace/libxc_rs/crates/kernel-mgga-13a#libxc-kernel-mgga-13a@0.1.0","path+file:///home/chemtech/workspace/libxc_rs/crates/kernel-mgga-13b#libxc-kernel-mgga-13b@0.1.0","path+file:///home/chemtech/workspace/libxc_rs/crates/kernel-mgga-14a#libxc-kernel-mgga-14a@0.1.0","path+file:///home/chemtech/workspace/libxc_rs/crates/kernel-mgga-14b#libxc-kernel-mgga-14b@0.1.0","path+file:///home/chemtech/workspace/libxc_rs/crates/kernel-mgga-14c#libxc-kernel-mgga-14c@0.1.0","path+file:///home/chemtech/workspace/libxc_rs/crates/kernel-mgga-14d#libxc-kernel-mgga-14d@0.1.0","path+file:///home/chemtech/workspace/libxc_rs/crates/kernel-mgga-14e#libxc-kernel-mgga-14e@0.1.0","path+file:///home/chemtech/workspace/libxc_rs/crates/kernel-mgga-14f#libxc-kernel-mgga-14f@0.1.0","path+file:///home/chemtech/workspace/libxc_rs/crates/kernel-mgga-14g#libxc-kernel-mgga-14g@0.1.0","path+file:///home/chemtech/workspace/libxc_rs/crates/kernel-mgga-14h#libxc-kernel-mgga-14h@0.1.0","path+file:///home/chemtech/workspace/libxc_rs/crates/kernel-mgga-14i#libxc-kernel-mgga-14i@0.1.0","path+file:///home/chemtech/workspace/libxc_rs/crates/kernel-mgga-14j#libxc-kernel-mgga-14j@0.1.0","path+file:///home/chemtech/workspace/libxc_rs/crates/kernel-mgga-14k#libxc-kernel-mgga-14k@0.1.0","path+file:///home/chemtech/workspace/libxc_rs/crates/kernel-mgga-14l#libxc-kernel-mgga-14l@0.1.0","path+file:///home/chemtech/workspace/libxc_rs/crates/kernel-mgga-15a#libxc-kernel-mgga-15a@0.1.0","path+file:///home/chemtech/workspace/libxc_rs/crates/kernel-mgga-15b#libxc-kernel-mgga-15b@0.1.0","path+file:///home/chemtech/workspace/libxc_rs/crates/kernel-mgga-15c#libxc-kernel-mgga-15c@0.1.0","path+file:///home/chemtech/workspace/libxc_rs/crates/kernel-mgga-15d#libxc-kernel-mgga-15d@0.1.0","path+file:///home/chemtech/workspace/libxc_rs/crates/kernel-mgga-15e#libxc-kernel-mgga-15e@0.1.0","path+file:///home/chemtech/workspace/libxc_rs/crates/kernel-mgga-15f#libxc-kernel-mgga-15f@0.1.0","path+file:///home/chemtech/workspace/libxc_rs/crates/kernel-mgga-15g#libxc-kernel-mgga-15g@0.1.0","path+file:///home/chemtech/workspace/libxc_rs/crates/kernel-mgga-15h#libxc-kernel-mgga-15h@0.1.0","path+file:///home/chemtech/workspace/libxc_rs/crates/kernel-mgga-16#libxc-kernel-mgga-16@0.1.0","path+file:///home/chemtech/workspace/libxc_rs/crates/kernel-mgga-17#libxc-kernel-mgga-17@0.1.0","path+file:///home/chemtech/workspace/libxc_rs/crates/kernel-mgga-18a#libxc-kernel-mgga-18a@0.1.0","path+file:///home/chemtech/workspace/libxc_rs/crates/kernel-mgga-18b#libxc-kernel-mgga-18b@0.1.0","path+file:///home/chemtech/workspace/libxc_rs/crates/kernel-mgga-18c#libxc-kernel-mgga-18c@0.1.0","path+file:///home/chemtech/workspace/libxc_rs/crates/kernel-mgga-19a#libxc-kernel-mgga-19a@0.1.0","path+file:///home/chemtech/workspace/libxc_rs/crates/kernel-mgga-19b#libxc-kernel-mgga-19b@0.1.0","path+file:///home/chemtech/workspace/libxc_rs/crates/kernel-mgga-19c#libxc-kernel-mgga-19c@0.1.0","path+file:///home/chemtech/workspace/libxc_rs/crates/kernel-mgga-19d#libxc-kernel-mgga-19d@0.1.0","path+file:///home/chemtech/workspace/libxc_rs/crates/kernel-mgga-19e#libxc-kernel-mgga-19e@0.1.0","path+file:///home/chemtech/workspace/libxc_rs/crates/kernel-mgga-19f#libxc-kernel-mgga-19f@0.1.0","path+file:///home/chemtech/workspace/libxc_rs/crates/kernel-mgga-19g#libxc-kernel-mgga-19g@0.1.0","path+file:///home/chemtech/workspace/libxc_rs/crates/kernel-mgga-1a#libxc-kernel-mgga-1a@0.1.0","path+file:///home/chemtech/workspace/libxc_rs/crates/kernel-mgga-1b#libxc-kernel-mgga-1b@0.1.0","path+file:///home/chemtech/workspace/libxc_rs/crates/kernel-mgga-1c#libxc-kernel-mgga-1c@0.1.0","path+file:///home/chemtech/workspace/libxc_rs/crates/kernel-mgga-1d#libxc-kernel-mgga-1d@0.1.0","path+file:///home/chemtech/workspace/libxc_rs/crates/kernel-mgga-20a#libxc-kernel-mgga-20a@0.1.0","path+file:///home/chemtech/workspace/libxc_rs/crates/kernel-mgga-20b#libxc-kernel-mgga-20b@0.1.0","path+file:///home/chemtech/workspace/libxc_rs/crates/kernel-mgga-20c#libxc-kernel-mgga-20c@0.1.0","path+file:///home/chemtech/workspace/libxc_rs/crates/kernel-mgga-20d#libxc-kernel-mgga-20d@0.1.0","path+file:///home/chemtech/workspace/libxc_rs/crates/kernel-mgga-20e#libxc-kernel-mgga-20e@0.1.0","path+file:///home/chemtech/workspace/libxc_rs/crates/kernel-mgga-20f#libxc-kernel-mgga-20f@0.1.0","path+file:///home/chemtech/workspace/libxc_rs/crates/kernel-mgga-20g#libxc-kernel-mgga-20g@0.1.0","path+file:///home/chemtech/workspace/libxc_rs/crates/kernel-mgga-20h#libxc-kernel-mgga-20h@0.1.0","path+file:///home/chemtech/workspace/libxc_rs/crates/kernel-mgga-20i#libxc-kernel-mgga-20i@0.1.0","path+file:///home/chemtech/workspace/libxc_rs/crates/kernel-mgga-20j#libxc-kernel-mgga-20j@0.1.0","path+file:///home/chemtech/workspace/libxc_rs/crates/kernel-mgga-20k#libxc-kernel-mgga-20k@0.1.0","path+file:///home/chemtech/workspace/libxc_rs/crates/kernel-mgga-20l#libxc-kernel-mgga-20l@0.1.0","path+file:///home/chemtech/workspace/libxc_rs/crates/kernel-mgga-21#libxc-kernel-mgga-21@0.1.0","path+file:///home/chemtech/workspace/libxc_rs/crates/kernel-mgga-22a#libxc-kernel-mgga-22a@0.1.0","path+file:///home/chemtech/workspace/libxc_rs/crates/kernel-mgga-22b#libxc-kernel-mgga-22b@0.1.0","path+file:///home/chemtech/workspace/libxc_rs/crates/kernel-mgga-22c#libxc-kernel-mgga-22c@0.1.0","path+file:///home/chemtech/workspace/libxc_rs/crates/kernel-mgga-22d#libxc-kernel-mgga-22d@0.1.0","path+file:///home/chemtech/workspace/libxc_rs/crates/kernel-mgga-23#libxc-kernel-mgga-23@0.1.0","path+file:///home/chemtech/workspace/libxc_rs/crates/kernel-mgga-24a#libxc-kernel-mgga-24a@0.1.0","path+file:///home/chemtech/workspace/libxc_rs/crates/kernel-mgga-24b#libxc-kernel-mgga-24b@0.1.0","path+file:///home/chemtech/workspace/libxc_rs/crates/kernel-mgga-25a#libxc-kernel-mgga-25a@0.1.0","path+file:///home/chemtech/workspace/libxc_rs/crates/kernel-mgga-25b#libxc-kernel-mgga-25b@0.1.0","path+file:///home/chemtech/workspace/libxc_rs/crates/kernel-mgga-26a#libxc-kernel-mgga-26a@0.1.0","path+file:///home/chemtech/workspace/libxc_rs/crates/kernel-mgga-26b#libxc-kernel-mgga-26b@0.1.0","path+file:///home/chemtech/workspace/libxc_rs/crates/kernel-mgga-27a#libxc-kernel-mgga-27a@0.1.0","path+file:///home/chemtech/workspace/libxc_rs/crates/kernel-mgga-27b#libxc-kernel-mgga-27b@0.1.0","path+file:///home/chemtech/workspace/libxc_rs/crates/kernel-mgga-27c#libxc-kernel-mgga-27c@0.1.0","path+file:///home/chemtech/workspace/libxc_rs/crates/kernel-mgga-28#libxc-kernel-mgga-28@0.1.0","path+file:///home/chemtech/workspace/libxc_rs/crates/kernel-mgga-29#libxc-kernel-mgga-29@0.1.0","path+file:///home/chemtech/workspace/libxc_rs/crates/kernel-mgga-2a#libxc-kernel-mgga-2a@0.1.0","path+file:///home/chemtech/workspace/libxc_rs/crates/kernel-mgga-2b#libxc-kernel-mgga-2b@0.1.0","path+file:///home/chemtech/workspace/libxc_rs/crates/kernel-mgga-30#libxc-kernel-mgga-30@0.1.0","path+file:///home/chemtech/workspace/libxc_rs/crates/kernel-mgga-31#libxc-kernel-mgga-31@0.1.0","path+file:///home/chemtech/workspace/libxc_rs/crates/kernel-mgga-32a#libxc-kernel-mgga-32a@0.1.0","path+file:///home/chemtech/workspace/libxc_rs/crates/kernel-mgga-32b#libxc-kernel-mgga-32b@0.1.0","path+file:///home/chemtech/workspace/libxc_rs/crates/kernel-mgga-33#libxc-kernel-mgga-33@0.1.0","path+file:///home/chemtech/workspace/libxc_rs/crates/kernel-mgga-34#libxc-kernel-mgga-34@0.1.0","path+file:///home/chemtech/workspace/libxc_rs/crates/kernel-mgga-35#libxc-kernel-mgga-35@0.1.0","path+file:///home/chemtech/workspace/libxc_rs/crates/kernel-mgga-36a#libxc-kernel-mgga-36a@0.1.0","path+file:///home/chemtech/workspace/libxc_rs/crates/kernel-mgga-36b#libxc-kernel-mgga-36b@0.1.0","path+file:///home/chemtech/workspace/libxc_rs/crates/kernel-mgga-37a#libxc-kernel-mgga-37a@0.1.0","path+file:///home/chemtech/workspace/libxc_rs/crates/kernel-mgga-37b#libxc-kernel-mgga-37b@0.1.0","path+file:///home/chemtech/workspace/libxc_rs/crates/kernel-mgga-3a#libxc-kernel-mgga-3a@0.1.0","path+file:///home/chemtech/workspace/libxc_rs/crates/kernel-mgga-3b#libxc-kernel-mgga-3b@0.1.0","path+file:///home/chemtech/workspace/libxc_rs/crates/kernel-mgga-4a#libxc-kernel-mgga-4a@0.1.0","path+file:///home/chemtech/workspace/libxc_rs/crates/kernel-mgga-4b#libxc-kernel-mgga-4b@0.1.0","path+file:///home/chemtech/workspace/libxc_rs/crates/kernel-mgga-5#libxc-kernel-mgga-5@0.1.0","path+file:///home/chemtech/workspace/libxc_rs/crates/kernel-mgga-6#libxc-kernel-mgga-6@0.1.0","path+file:///home/chemtech/workspace/libxc_rs/crates/kernel-mgga-7a#libxc-kernel-mgga-7a@0.1.0","path+file:///home/chemtech/workspace/libxc_rs/crates/kernel-mgga-7b#libxc-kernel-mgga-7b@0.1.0","path+file:///home/chemtech/workspace/libxc_rs/crates/kernel-mgga-7c#libxc-kernel-mgga-7c@0.1.0","path+file:///home/chemtech/workspace/libxc_rs/crates/kernel-mgga-7d#libxc-kernel-mgga-7d@0.1.0","path+file:///home/chemtech/workspace/libxc_rs/crates/kernel-mgga-7e#libxc-kernel-mgga-7e@0.1.0","path+file:///home/chemtech/workspace/libxc_rs/crates/kernel-mgga-8a#libxc-kernel-mgga-8a@0.1.0","path+file:///home/chemtech/workspace/libxc_rs/crates/kernel-mgga-8b#libxc-kernel-mgga-8b@0.1.0","path+file:///home/chemtech/workspace/libxc_rs/crates/kernel-mgga-8c#libxc-kernel-mgga-8c@0.1.0","path+file:///home/chemtech/workspace/libxc_rs/crates/kernel-mgga-8d#libxc-kernel-mgga-8d@0.1.0","path+file:///home/chemtech/workspace/libxc_rs/crates/kernel-mgga-8e#libxc-kernel-mgga-8e@0.1.0","path+file:///home/chemtech/workspace/libxc_rs/crates/kernel-mgga-8f#libxc-kernel-mgga-8f@0.1.0","path+file:///home/chemtech/workspace/libxc_rs/crates/kernel-mgga-9a#libxc-kernel-mgga-9a@0.1.0","path+file:///home/chemtech/workspace/libxc_rs/crates/kernel-mgga-9b#libxc-kernel-mgga-9b@0.1.0"],"workspace_default_members":["path+file:///home/chemtech/workspace/libxc_rs#0.1.0"],"resolve":null,"target_directory":"/home/chemtech/workspace/libxc_rs/target","build_directory":"/home/chemtech/workspace/libxc_rs/target","version":1,"workspace_root":"/home/chemtech/workspace/libxc_rs","metadata":null}
