warning: profiles for the non root package will be ignored, specify profiles at the workspace root:
package:   /home/chemtech/workspace/libxc_rs/crates/kernel-gga-10a/Cargo.toml
workspace: /home/chemtech/workspace/libxc_rs/Cargo.toml
warning: profiles for the non root package will be ignored, specify profiles at the workspace root:
package:   /home/chemtech/workspace/libxc_rs/crates/kernel-gga-10b/Cargo.toml
workspace: /home/chemtech/workspace/libxc_rs/Cargo.toml
warning: profiles for the non root package will be ignored, specify profiles at the workspace root:
package:   /home/chemtech/workspace/libxc_rs/crates/kernel-gga-10c/Cargo.toml
workspace: /home/chemtech/workspace/libxc_rs/Cargo.toml
warning: profiles for the non root package will be ignored, specify profiles at the workspace root:
package:   /home/chemtech/workspace/libxc_rs/crates/kernel-gga-10d/Cargo.toml
workspace: /home/chemtech/workspace/libxc_rs/Cargo.toml
warning: profiles for the non root package will be ignored, specify profiles at the workspace root:
package:   /home/chemtech/workspace/libxc_rs/crates/kernel-gga-1a/Cargo.toml
workspace: /home/chemtech/workspace/libxc_rs/Cargo.toml
warning: profiles for the non root package will be ignored, specify profiles at the workspace root:
package:   /home/chemtech/workspace/libxc_rs/crates/kernel-gga-1b/Cargo.toml
workspace: /home/chemtech/workspace/libxc_rs/Cargo.toml
warning: profiles for the non root package will be ignored, specify profiles at the workspace root:
package:   /home/chemtech/workspace/libxc_rs/crates/kernel-gga-1c/Cargo.toml
workspace: /home/chemtech/workspace/libxc_rs/Cargo.toml
warning: profiles for the non root package will be ignored, specify profiles at the workspace root:
package:   /home/chemtech/workspace/libxc_rs/crates/kernel-gga-1d/Cargo.toml
workspace: /home/chemtech/workspace/libxc_rs/Cargo.toml
warning: profiles for the non root package will be ignored, specify profiles at the workspace root:
package:   /home/chemtech/workspace/libxc_rs/crates/kernel-gga-2a/Cargo.toml
workspace: /home/chemtech/workspace/libxc_rs/Cargo.toml
warning: profiles for the non root package will be ignored, specify profiles at the workspace root:
package:   /home/chemtech/workspace/libxc_rs/crates/kernel-gga-2b/Cargo.toml
workspace: /home/chemtech/workspace/libxc_rs/Cargo.toml
warning: profiles for the non root package will be ignored, specify profiles at the workspace root:
package:   /home/chemtech/workspace/libxc_rs/crates/kernel-gga-2c/Cargo.toml
workspace: /home/chemtech/workspace/libxc_rs/Cargo.toml
warning: profiles for the non root package will be ignored, specify profiles at the workspace root:
package:   /home/chemtech/workspace/libxc_rs/crates/kernel-gga-2d/Cargo.toml
workspace: /home/chemtech/workspace/libxc_rs/Cargo.toml
warning: profiles for the non root package will be ignored, specify profiles at the workspace root:
package:   /home/chemtech/workspace/libxc_rs/crates/kernel-gga-3a/Cargo.toml
workspace: /home/chemtech/workspace/libxc_rs/Cargo.toml
warning: profiles for the non root package will be ignored, specify profiles at the workspace root:
package:   /home/chemtech/workspace/libxc_rs/crates/kernel-gga-3b/Cargo.toml
workspace: /home/chemtech/workspace/libxc_rs/Cargo.toml
warning: profiles for the non root package will be ignored, specify profiles at the workspace root:
package:   /home/chemtech/workspace/libxc_rs/crates/kernel-gga-3c/Cargo.toml
workspace: /home/chemtech/workspace/libxc_rs/Cargo.toml
warning: profiles for the non root package will be ignored, specify profiles at the workspace root:
package:   /home/chemtech/workspace/libxc_rs/crates/kernel-gga-3d/Cargo.toml
workspace: /home/chemtech/workspace/libxc_rs/Cargo.toml
warning: profiles for the non root package will be ignored, specify profiles at the workspace root:
package:   /home/chemtech/workspace/libxc_rs/crates/kernel-gga-3e/Cargo.toml
workspace: /home/chemtech/workspace/libxc_rs/Cargo.toml
warning: profiles for the non root package will be ignored, specify profiles at the workspace root:
package:   /home/chemtech/workspace/libxc_rs/crates/kernel-gga-4a/Cargo.toml
workspace: /home/chemtech/workspace/libxc_rs/Cargo.toml
warning: profiles for the non root package will be ignored, specify profiles at the workspace root:
package:   /home/chemtech/workspace/libxc_rs/crates/kernel-gga-4b/Cargo.toml
workspace: /home/chemtech/workspace/libxc_rs/Cargo.toml
warning: profiles for the non root package will be ignored, specify profiles at the workspace root:
package:   /home/chemtech/workspace/libxc_rs/crates/kernel-gga-4c/Cargo.toml
workspace: /home/chemtech/workspace/libxc_rs/Cargo.toml
warning: profiles for the non root package will be ignored, specify profiles at the workspace root:
package:   /home/chemtech/workspace/libxc_rs/crates/kernel-gga-4d/Cargo.toml
workspace: /home/chemtech/workspace/libxc_rs/Cargo.toml
warning: profiles for the non root package will be ignored, specify profiles at the workspace root:
package:   /home/chemtech/workspace/libxc_rs/crates/kernel-gga-4e/Cargo.toml
workspace: /home/chemtech/workspace/libxc_rs/Cargo.toml
warning: profiles for the non root package will be ignored, specify profiles at the workspace root:
package:   /home/chemtech/workspace/libxc_rs/crates/kernel-gga-4f/Cargo.toml
workspace: /home/chemtech/workspace/libxc_rs/Cargo.toml
warning: profiles for the non root package will be ignored, specify profiles at the workspace root:
package:   /home/chemtech/workspace/libxc_rs/crates/kernel-gga-4g/Cargo.toml
workspace: /home/chemtech/workspace/libxc_rs/Cargo.toml
warning: profiles for the non root package will be ignored, specify profiles at the workspace root:
package:   /home/chemtech/workspace/libxc_rs/crates/kernel-gga-5a/Cargo.toml
workspace: /home/chemtech/workspace/libxc_rs/Cargo.toml
warning: profiles for the non root package will be ignored, specify profiles at the workspace root:
package:   /home/chemtech/workspace/libxc_rs/crates/kernel-gga-5b/Cargo.toml
workspace: /home/chemtech/workspace/libxc_rs/Cargo.toml
warning: profiles for the non root package will be ignored, specify profiles at the workspace root:
package:   /home/chemtech/workspace/libxc_rs/crates/kernel-gga-5c/Cargo.toml
workspace: /home/chemtech/workspace/libxc_rs/Cargo.toml
warning: profiles for the non root package will be ignored, specify profiles at the workspace root:
package:   /home/chemtech/workspace/libxc_rs/crates/kernel-gga-5d/Cargo.toml
workspace: /home/chemtech/workspace/libxc_rs/Cargo.toml
warning: profiles for the non root package will be ignored, specify profiles at the workspace root:
package:   /home/chemtech/workspace/libxc_rs/crates/kernel-gga-5e/Cargo.toml
workspace: /home/chemtech/workspace/libxc_rs/Cargo.toml
warning: profiles for the non root package will be ignored, specify profiles at the workspace root:
package:   /home/chemtech/workspace/libxc_rs/crates/kernel-gga-5f/Cargo.toml
workspace: /home/chemtech/workspace/libxc_rs/Cargo.toml
warning: profiles for the non root package will be ignored, specify profiles at the workspace root:
package:   /home/chemtech/workspace/libxc_rs/crates/kernel-gga-5g/Cargo.toml
workspace: /home/chemtech/workspace/libxc_rs/Cargo.toml
warning: profiles for the non root package will be ignored, specify profiles at the workspace root:
package:   /home/chemtech/workspace/libxc_rs/crates/kernel-gga-6a/Cargo.toml
workspace: /home/chemtech/workspace/libxc_rs/Cargo.toml
warning: profiles for the non root package will be ignored, specify profiles at the workspace root:
package:   /home/chemtech/workspace/libxc_rs/crates/kernel-gga-6b/Cargo.toml
workspace: /home/chemtech/workspace/libxc_rs/Cargo.toml
warning: profiles for the non root package will be ignored, specify profiles at the workspace root:
package:   /home/chemtech/workspace/libxc_rs/crates/kernel-gga-6c/Cargo.toml
workspace: /home/chemtech/workspace/libxc_rs/Cargo.toml
warning: profiles for the non root package will be ignored, specify profiles at the workspace root:
package:   /home/chemtech/workspace/libxc_rs/crates/kernel-gga-6d/Cargo.toml
workspace: /home/chemtech/workspace/libxc_rs/Cargo.toml
warning: profiles for the non root package will be ignored, specify profiles at the workspace root:
package:   /home/chemtech/workspace/libxc_rs/crates/kernel-gga-7a/Cargo.toml
workspace: /home/chemtech/workspace/libxc_rs/Cargo.toml
warning: profiles for the non root package will be ignored, specify profiles at the workspace root:
package:   /home/chemtech/workspace/libxc_rs/crates/kernel-gga-7b/Cargo.toml
workspace: /home/chemtech/workspace/libxc_rs/Cargo.toml
warning: profiles for the non root package will be ignored, specify profiles at the workspace root:
package:   /home/chemtech/workspace/libxc_rs/crates/kernel-gga-7c/Cargo.toml
workspace: /home/chemtech/workspace/libxc_rs/Cargo.toml
warning: profiles for the non root package will be ignored, specify profiles at the workspace root:
package:   /home/chemtech/workspace/libxc_rs/crates/kernel-gga-7d/Cargo.toml
workspace: /home/chemtech/workspace/libxc_rs/Cargo.toml
warning: profiles for the non root package will be ignored, specify profiles at the workspace root:
package:   /home/chemtech/workspace/libxc_rs/crates/kernel-gga-8a/Cargo.toml
workspace: /home/chemtech/workspace/libxc_rs/Cargo.toml
warning: profiles for the non root package will be ignored, specify profiles at the workspace root:
package:   /home/chemtech/workspace/libxc_rs/crates/kernel-gga-8b/Cargo.toml
workspace: /home/chemtech/workspace/libxc_rs/Cargo.toml
warning: profiles for the non root package will be ignored, specify profiles at the workspace root:
package:   /home/chemtech/workspace/libxc_rs/crates/kernel-gga-8c/Cargo.toml
workspace: /home/chemtech/workspace/libxc_rs/Cargo.toml
warning: profiles for the non root package will be ignored, specify profiles at the workspace root:
package:   /home/chemtech/workspace/libxc_rs/crates/kernel-gga-8d/Cargo.toml
workspace: /home/chemtech/workspace/libxc_rs/Cargo.toml
warning: profiles for the non root package will be ignored, specify profiles at the workspace root:
package:   /home/chemtech/workspace/libxc_rs/crates/kernel-gga-9a/Cargo.toml
workspace: /home/chemtech/workspace/libxc_rs/Cargo.toml
warning: profiles for the non root package will be ignored, specify profiles at the workspace root:
package:   /home/chemtech/workspace/libxc_rs/crates/kernel-gga-9b/Cargo.toml
workspace: /home/chemtech/workspace/libxc_rs/Cargo.toml
warning: profiles for the non root package will be ignored, specify profiles at the workspace root:
package:   /home/chemtech/workspace/libxc_rs/crates/kernel-gga-9c/Cargo.toml
workspace: /home/chemtech/workspace/libxc_rs/Cargo.toml
warning: profiles for the non root package will be ignored, specify profiles at the workspace root:
package:   /home/chemtech/workspace/libxc_rs/crates/kernel-mgga-10a/Cargo.toml
workspace: /home/chemtech/workspace/libxc_rs/Cargo.toml
warning: profiles for the non root package will be ignored, specify profiles at the workspace root:
package:   /home/chemtech/workspace/libxc_rs/crates/kernel-mgga-10b/Cargo.toml
workspace: /home/chemtech/workspace/libxc_rs/Cargo.toml
warning: profiles for the non root package will be ignored, specify profiles at the workspace root:
package:   /home/chemtech/workspace/libxc_rs/crates/kernel-mgga-11a/Cargo.toml
workspace: /home/chemtech/workspace/libxc_rs/Cargo.toml
warning: profiles for the non root package will be ignored, specify profiles at the workspace root:
package:   /home/chemtech/workspace/libxc_rs/crates/kernel-mgga-11b/Cargo.toml
workspace: /home/chemtech/workspace/libxc_rs/Cargo.toml
warning: profiles for the non root package will be ignored, specify profiles at the workspace root:
package:   /home/chemtech/workspace/libxc_rs/crates/kernel-mgga-11c/Cargo.toml
workspace: /home/chemtech/workspace/libxc_rs/Cargo.toml
warning: profiles for the non root package will be ignored, specify profiles at the workspace root:
package:   /home/chemtech/workspace/libxc_rs/crates/kernel-mgga-12a/Cargo.toml
workspace: /home/chemtech/workspace/libxc_rs/Cargo.toml
warning: profiles for the non root package will be ignored, specify profiles at the workspace root:
package:   /home/chemtech/workspace/libxc_rs/crates/kernel-mgga-12b/Cargo.toml
workspace: /home/chemtech/workspace/libxc_rs/Cargo.toml
warning: profiles for the non root package will be ignored, specify profiles at the workspace root:
package:   /home/chemtech/workspace/libxc_rs/crates/kernel-mgga-12c/Cargo.toml
workspace: /home/chemtech/workspace/libxc_rs/Cargo.toml
warning: profiles for the non root package will be ignored, specify profiles at the workspace root:
package:   /home/chemtech/workspace/libxc_rs/crates/kernel-mgga-12d/Cargo.toml
workspace: /home/chemtech/workspace/libxc_rs/Cargo.toml
warning: profiles for the non root package will be ignored, specify profiles at the workspace root:
package:   /home/chemtech/workspace/libxc_rs/crates/kernel-mgga-13a/Cargo.toml
workspace: /home/chemtech/workspace/libxc_rs/Cargo.toml
warning: profiles for the non root package will be ignored, specify profiles at the workspace root:
package:   /home/chemtech/workspace/libxc_rs/crates/kernel-mgga-13b/Cargo.toml
workspace: /home/chemtech/workspace/libxc_rs/Cargo.toml
warning: profiles for the non root package will be ignored, specify profiles at the workspace root:
package:   /home/chemtech/workspace/libxc_rs/crates/kernel-mgga-14a/Cargo.toml
workspace: /home/chemtech/workspace/libxc_rs/Cargo.toml
warning: profiles for the non root package will be ignored, specify profiles at the workspace root:
package:   /home/chemtech/workspace/libxc_rs/crates/kernel-mgga-14b/Cargo.toml
workspace: /home/chemtech/workspace/libxc_rs/Cargo.toml
warning: profiles for the non root package will be ignored, specify profiles at the workspace root:
package:   /home/chemtech/workspace/libxc_rs/crates/kernel-mgga-14c/Cargo.toml
workspace: /home/chemtech/workspace/libxc_rs/Cargo.toml
warning: profiles for the non root package will be ignored, specify profiles at the workspace root:
package:   /home/chemtech/workspace/libxc_rs/crates/kernel-mgga-14d/Cargo.toml
workspace: /home/chemtech/workspace/libxc_rs/Cargo.toml
warning: profiles for the non root package will be ignored, specify profiles at the workspace root:
package:   /home/chemtech/workspace/libxc_rs/crates/kernel-mgga-14e/Cargo.toml
workspace: /home/chemtech/workspace/libxc_rs/Cargo.toml
warning: profiles for the non root package will be ignored, specify profiles at the workspace root:
package:   /home/chemtech/workspace/libxc_rs/crates/kernel-mgga-14f/Cargo.toml
workspace: /home/chemtech/workspace/libxc_rs/Cargo.toml
warning: profiles for the non root package will be ignored, specify profiles at the workspace root:
package:   /home/chemtech/workspace/libxc_rs/crates/kernel-mgga-14g/Cargo.toml
workspace: /home/chemtech/workspace/libxc_rs/Cargo.toml
warning: profiles for the non root package will be ignored, specify profiles at the workspace root:
package:   /home/chemtech/workspace/libxc_rs/crates/kernel-mgga-14h/Cargo.toml
workspace: /home/chemtech/workspace/libxc_rs/Cargo.toml
warning: profiles for the non root package will be ignored, specify profiles at the workspace root:
package:   /home/chemtech/workspace/libxc_rs/crates/kernel-mgga-14i/Cargo.toml
workspace: /home/chemtech/workspace/libxc_rs/Cargo.toml
warning: profiles for the non root package will be ignored, specify profiles at the workspace root:
package:   /home/chemtech/workspace/libxc_rs/crates/kernel-mgga-14j/Cargo.toml
workspace: /home/chemtech/workspace/libxc_rs/Cargo.toml
warning: profiles for the non root package will be ignored, specify profiles at the workspace root:
package:   /home/chemtech/workspace/libxc_rs/crates/kernel-mgga-14k/Cargo.toml
workspace: /home/chemtech/workspace/libxc_rs/Cargo.toml
warning: profiles for the non root package will be ignored, specify profiles at the workspace root:
package:   /home/chemtech/workspace/libxc_rs/crates/kernel-mgga-14l/Cargo.toml
workspace: /home/chemtech/workspace/libxc_rs/Cargo.toml
warning: profiles for the non root package will be ignored, specify profiles at the workspace root:
package:   /home/chemtech/workspace/libxc_rs/crates/kernel-mgga-15a/Cargo.toml
workspace: /home/chemtech/workspace/libxc_rs/Cargo.toml
warning: profiles for the non root package will be ignored, specify profiles at the workspace root:
package:   /home/chemtech/workspace/libxc_rs/crates/kernel-mgga-15b/Cargo.toml
workspace: /home/chemtech/workspace/libxc_rs/Cargo.toml
warning: profiles for the non root package will be ignored, specify profiles at the workspace root:
package:   /home/chemtech/workspace/libxc_rs/crates/kernel-mgga-15c/Cargo.toml
workspace: /home/chemtech/workspace/libxc_rs/Cargo.toml
warning: profiles for the non root package will be ignored, specify profiles at the workspace root:
package:   /home/chemtech/workspace/libxc_rs/crates/kernel-mgga-15d/Cargo.toml
workspace: /home/chemtech/workspace/libxc_rs/Cargo.toml
warning: profiles for the non root package will be ignored, specify profiles at the workspace root:
package:   /home/chemtech/workspace/libxc_rs/crates/kernel-mgga-15e/Cargo.toml
workspace: /home/chemtech/workspace/libxc_rs/Cargo.toml
warning: profiles for the non root package will be ignored, specify profiles at the workspace root:
package:   /home/chemtech/workspace/libxc_rs/crates/kernel-mgga-15f/Cargo.toml
workspace: /home/chemtech/workspace/libxc_rs/Cargo.toml
warning: profiles for the non root package will be ignored, specify profiles at the workspace root:
package:   /home/chemtech/workspace/libxc_rs/crates/kernel-mgga-15g/Cargo.toml
workspace: /home/chemtech/workspace/libxc_rs/Cargo.toml
warning: profiles for the non root package will be ignored, specify profiles at the workspace root:
package:   /home/chemtech/workspace/libxc_rs/crates/kernel-mgga-15h/Cargo.toml
workspace: /home/chemtech/workspace/libxc_rs/Cargo.toml
warning: profiles for the non root package will be ignored, specify profiles at the workspace root:
package:   /home/chemtech/workspace/libxc_rs/crates/kernel-mgga-18a/Cargo.toml
workspace: /home/chemtech/workspace/libxc_rs/Cargo.toml
warning: profiles for the non root package will be ignored, specify profiles at the workspace root:
package:   /home/chemtech/workspace/libxc_rs/crates/kernel-mgga-18b/Cargo.toml
workspace: /home/chemtech/workspace/libxc_rs/Cargo.toml
warning: profiles for the non root package will be ignored, specify profiles at the workspace root:
package:   /home/chemtech/workspace/libxc_rs/crates/kernel-mgga-18c/Cargo.toml
workspace: /home/chemtech/workspace/libxc_rs/Cargo.toml
warning: profiles for the non root package will be ignored, specify profiles at the workspace root:
package:   /home/chemtech/workspace/libxc_rs/crates/kernel-mgga-19a/Cargo.toml
workspace: /home/chemtech/workspace/libxc_rs/Cargo.toml
warning: profiles for the non root package will be ignored, specify profiles at the workspace root:
package:   /home/chemtech/workspace/libxc_rs/crates/kernel-mgga-19b/Cargo.toml
workspace: /home/chemtech/workspace/libxc_rs/Cargo.toml
warning: profiles for the non root package will be ignored, specify profiles at the workspace root:
package:   /home/chemtech/workspace/libxc_rs/crates/kernel-mgga-19c/Cargo.toml
workspace: /home/chemtech/workspace/libxc_rs/Cargo.toml
warning: profiles for the non root package will be ignored, specify profiles at the workspace root:
package:   /home/chemtech/workspace/libxc_rs/crates/kernel-mgga-19d/Cargo.toml
workspace: /home/chemtech/workspace/libxc_rs/Cargo.toml
warning: profiles for the non root package will be ignored, specify profiles at the workspace root:
package:   /home/chemtech/workspace/libxc_rs/crates/kernel-mgga-19e/Cargo.toml
workspace: /home/chemtech/workspace/libxc_rs/Cargo.toml
warning: profiles for the non root package will be ignored, specify profiles at the workspace root:
package:   /home/chemtech/workspace/libxc_rs/crates/kernel-mgga-19f/Cargo.toml
workspace: /home/chemtech/workspace/libxc_rs/Cargo.toml
warning: profiles for the non root package will be ignored, specify profiles at the workspace root:
package:   /home/chemtech/workspace/libxc_rs/crates/kernel-mgga-19g/Cargo.toml
workspace: /home/chemtech/workspace/libxc_rs/Cargo.toml
warning: profiles for the non root package will be ignored, specify profiles at the workspace root:
package:   /home/chemtech/workspace/libxc_rs/crates/kernel-mgga-1a/Cargo.toml
workspace: /home/chemtech/workspace/libxc_rs/Cargo.toml
warning: profiles for the non root package will be ignored, specify profiles at the workspace root:
package:   /home/chemtech/workspace/libxc_rs/crates/kernel-mgga-1b/Cargo.toml
workspace: /home/chemtech/workspace/libxc_rs/Cargo.toml
warning: profiles for the non root package will be ignored, specify profiles at the workspace root:
package:   /home/chemtech/workspace/libxc_rs/crates/kernel-mgga-1c/Cargo.toml
workspace: /home/chemtech/workspace/libxc_rs/Cargo.toml
warning: profiles for the non root package will be ignored, specify profiles at the workspace root:
package:   /home/chemtech/workspace/libxc_rs/crates/kernel-mgga-1d/Cargo.toml
workspace: /home/chemtech/workspace/libxc_rs/Cargo.toml
warning: profiles for the non root package will be ignored, specify profiles at the workspace root:
package:   /home/chemtech/workspace/libxc_rs/crates/kernel-mgga-20a/Cargo.toml
workspace: /home/chemtech/workspace/libxc_rs/Cargo.toml
warning: profiles for the non root package will be ignored, specify profiles at the workspace root:
package:   /home/chemtech/workspace/libxc_rs/crates/kernel-mgga-20b/Cargo.toml
workspace: /home/chemtech/workspace/libxc_rs/Cargo.toml
warning: profiles for the non root package will be ignored, specify profiles at the workspace root:
package:   /home/chemtech/workspace/libxc_rs/crates/kernel-mgga-20c/Cargo.toml
workspace: /home/chemtech/workspace/libxc_rs/Cargo.toml
warning: profiles for the non root package will be ignored, specify profiles at the workspace root:
package:   /home/chemtech/workspace/libxc_rs/crates/kernel-mgga-20d/Cargo.toml
workspace: /home/chemtech/workspace/libxc_rs/Cargo.toml
warning: profiles for the non root package will be ignored, specify profiles at the workspace root:
package:   /home/chemtech/workspace/libxc_rs/crates/kernel-mgga-20e/Cargo.toml
workspace: /home/chemtech/workspace/libxc_rs/Cargo.toml
warning: profiles for the non root package will be ignored, specify profiles at the workspace root:
package:   /home/chemtech/workspace/libxc_rs/crates/kernel-mgga-20f/Cargo.toml
workspace: /home/chemtech/workspace/libxc_rs/Cargo.toml
warning: profiles for the non root package will be ignored, specify profiles at the workspace root:
package:   /home/chemtech/workspace/libxc_rs/crates/kernel-mgga-20g/Cargo.toml
workspace: /home/chemtech/workspace/libxc_rs/Cargo.toml
warning: profiles for the non root package will be ignored, specify profiles at the workspace root:
package:   /home/chemtech/workspace/libxc_rs/crates/kernel-mgga-20h/Cargo.toml
workspace: /home/chemtech/workspace/libxc_rs/Cargo.toml
warning: profiles for the non root package will be ignored, specify profiles at the workspace root:
package:   /home/chemtech/workspace/libxc_rs/crates/kernel-mgga-20i/Cargo.toml
workspace: /home/chemtech/workspace/libxc_rs/Cargo.toml
warning: profiles for the non root package will be ignored, specify profiles at the workspace root:
package:   /home/chemtech/workspace/libxc_rs/crates/kernel-mgga-20j/Cargo.toml
workspace: /home/chemtech/workspace/libxc_rs/Cargo.toml
warning: profiles for the non root package will be ignored, specify profiles at the workspace root:
package:   /home/chemtech/workspace/libxc_rs/crates/kernel-mgga-20k/Cargo.toml
workspace: /home/chemtech/workspace/libxc_rs/Cargo.toml
warning: profiles for the non root package will be ignored, specify profiles at the workspace root:
package:   /home/chemtech/workspace/libxc_rs/crates/kernel-mgga-20l/Cargo.toml
workspace: /home/chemtech/workspace/libxc_rs/Cargo.toml
warning: profiles for the non root package will be ignored, specify profiles at the workspace root:
package:   /home/chemtech/workspace/libxc_rs/crates/kernel-mgga-22a/Cargo.toml
workspace: /home/chemtech/workspace/libxc_rs/Cargo.toml
warning: profiles for the non root package will be ignored, specify profiles at the workspace root:
package:   /home/chemtech/workspace/libxc_rs/crates/kernel-mgga-22b/Cargo.toml
workspace: /home/chemtech/workspace/libxc_rs/Cargo.toml
warning: profiles for the non root package will be ignored, specify profiles at the workspace root:
package:   /home/chemtech/workspace/libxc_rs/crates/kernel-mgga-22c/Cargo.toml
workspace: /home/chemtech/workspace/libxc_rs/Cargo.toml
warning: profiles for the non root package will be ignored, specify profiles at the workspace root:
package:   /home/chemtech/workspace/libxc_rs/crates/kernel-mgga-22d/Cargo.toml
workspace: /home/chemtech/workspace/libxc_rs/Cargo.toml
warning: profiles for the non root package will be ignored, specify profiles at the workspace root:
package:   /home/chemtech/workspace/libxc_rs/crates/kernel-mgga-24a/Cargo.toml
workspace: /home/chemtech/workspace/libxc_rs/Cargo.toml
warning: profiles for the non root package will be ignored, specify profiles at the workspace root:
package:   /home/chemtech/workspace/libxc_rs/crates/kernel-mgga-24b/Cargo.toml
workspace: /home/chemtech/workspace/libxc_rs/Cargo.toml
warning: profiles for the non root package will be ignored, specify profiles at the workspace root:
package:   /home/chemtech/workspace/libxc_rs/crates/kernel-mgga-25a/Cargo.toml
workspace: /home/chemtech/workspace/libxc_rs/Cargo.toml
warning: profiles for the non root package will be ignored, specify profiles at the workspace root:
package:   /home/chemtech/workspace/libxc_rs/crates/kernel-mgga-25b/Cargo.toml
workspace: /home/chemtech/workspace/libxc_rs/Cargo.toml
warning: profiles for the non root package will be ignored, specify profiles at the workspace root:
package:   /home/chemtech/workspace/libxc_rs/crates/kernel-mgga-26a/Cargo.toml
workspace: /home/chemtech/workspace/libxc_rs/Cargo.toml
warning: profiles for the non root package will be ignored, specify profiles at the workspace root:
package:   /home/chemtech/workspace/libxc_rs/crates/kernel-mgga-26b/Cargo.toml
workspace: /home/chemtech/workspace/libxc_rs/Cargo.toml
warning: profiles for the non root package will be ignored, specify profiles at the workspace root:
package:   /home/chemtech/workspace/libxc_rs/crates/kernel-mgga-27a/Cargo.toml
workspace: /home/chemtech/workspace/libxc_rs/Cargo.toml
warning: profiles for the non root package will be ignored, specify profiles at the workspace root:
package:   /home/chemtech/workspace/libxc_rs/crates/kernel-mgga-27b/Cargo.toml
workspace: /home/chemtech/workspace/libxc_rs/Cargo.toml
warning: profiles for the non root package will be ignored, specify profiles at the workspace root:
package:   /home/chemtech/workspace/libxc_rs/crates/kernel-mgga-27c/Cargo.toml
workspace: /home/chemtech/workspace/libxc_rs/Cargo.toml
warning: profiles for the non root package will be ignored, specify profiles at the workspace root:
package:   /home/chemtech/workspace/libxc_rs/crates/kernel-mgga-2a/Cargo.toml
workspace: /home/chemtech/workspace/libxc_rs/Cargo.toml
warning: profiles for the non root package will be ignored, specify profiles at the workspace root:
package:   /home/chemtech/workspace/libxc_rs/crates/kernel-mgga-2b/Cargo.toml
workspace: /home/chemtech/workspace/libxc_rs/Cargo.toml
warning: profiles for the non root package will be ignored, specify profiles at the workspace root:
package:   /home/chemtech/workspace/libxc_rs/crates/kernel-mgga-32a/Cargo.toml
workspace: /home/chemtech/workspace/libxc_rs/Cargo.toml
warning: profiles for the non root package will be ignored, specify profiles at the workspace root:
package:   /home/chemtech/workspace/libxc_rs/crates/kernel-mgga-32b/Cargo.toml
workspace: /home/chemtech/workspace/libxc_rs/Cargo.toml
warning: profiles for the non root package will be ignored, specify profiles at the workspace root:
package:   /home/chemtech/workspace/libxc_rs/crates/kernel-mgga-36a/Cargo.toml
workspace: /home/chemtech/workspace/libxc_rs/Cargo.toml
warning: profiles for the non root package will be ignored, specify profiles at the workspace root:
package:   /home/chemtech/workspace/libxc_rs/crates/kernel-mgga-36b/Cargo.toml
workspace: /home/chemtech/workspace/libxc_rs/Cargo.toml
warning: profiles for the non root package will be ignored, specify profiles at the workspace root:
package:   /home/chemtech/workspace/libxc_rs/crates/kernel-mgga-37a/Cargo.toml
workspace: /home/chemtech/workspace/libxc_rs/Cargo.toml
warning: profiles for the non root package will be ignored, specify profiles at the workspace root:
package:   /home/chemtech/workspace/libxc_rs/crates/kernel-mgga-37b/Cargo.toml
workspace: /home/chemtech/workspace/libxc_rs/Cargo.toml
warning: profiles for the non root package will be ignored, specify profiles at the workspace root:
package:   /home/chemtech/workspace/libxc_rs/crates/kernel-mgga-3a/Cargo.toml
workspace: /home/chemtech/workspace/libxc_rs/Cargo.toml
warning: profiles for the non root package will be ignored, specify profiles at the workspace root:
package:   /home/chemtech/workspace/libxc_rs/crates/kernel-mgga-3b/Cargo.toml
workspace: /home/chemtech/workspace/libxc_rs/Cargo.toml
warning: profiles for the non root package will be ignored, specify profiles at the workspace root:
package:   /home/chemtech/workspace/libxc_rs/crates/kernel-mgga-4a/Cargo.toml
workspace: /home/chemtech/workspace/libxc_rs/Cargo.toml
warning: profiles for the non root package will be ignored, specify profiles at the workspace root:
package:   /home/chemtech/workspace/libxc_rs/crates/kernel-mgga-4b/Cargo.toml
workspace: /home/chemtech/workspace/libxc_rs/Cargo.toml
warning: profiles for the non root package will be ignored, specify profiles at the workspace root:
package:   /home/chemtech/workspace/libxc_rs/crates/kernel-mgga-7a/Cargo.toml
workspace: /home/chemtech/workspace/libxc_rs/Cargo.toml
warning: profiles for the non root package will be ignored, specify profiles at the workspace root:
package:   /home/chemtech/workspace/libxc_rs/crates/kernel-mgga-7b/Cargo.toml
workspace: /home/chemtech/workspace/libxc_rs/Cargo.toml
warning: profiles for the non root package will be ignored, specify profiles at the workspace root:
package:   /home/chemtech/workspace/libxc_rs/crates/kernel-mgga-7c/Cargo.toml
workspace: /home/chemtech/workspace/libxc_rs/Cargo.toml
warning: profiles for the non root package will be ignored, specify profiles at the workspace root:
package:   /home/chemtech/workspace/libxc_rs/crates/kernel-mgga-7d/Cargo.toml
workspace: /home/chemtech/workspace/libxc_rs/Cargo.toml
warning: profiles for the non root package will be ignored, specify profiles at the workspace root:
package:   /home/chemtech/workspace/libxc_rs/crates/kernel-mgga-7e/Cargo.toml
workspace: /home/chemtech/workspace/libxc_rs/Cargo.toml
warning: profiles for the non root package will be ignored, specify profiles at the workspace root:
package:   /home/chemtech/workspace/libxc_rs/crates/kernel-mgga-8a/Cargo.toml
workspace: /home/chemtech/workspace/libxc_rs/Cargo.toml
warning: profiles for the non root package will be ignored, specify profiles at the workspace root:
package:   /home/chemtech/workspace/libxc_rs/crates/kernel-mgga-8b/Cargo.toml
workspace: /home/chemtech/workspace/libxc_rs/Cargo.toml
warning: profiles for the non root package will be ignored, specify profiles at the workspace root:
package:   /home/chemtech/workspace/libxc_rs/crates/kernel-mgga-8c/Cargo.toml
workspace: /home/chemtech/workspace/libxc_rs/Cargo.toml
warning: profiles for the non root package will be ignored, specify profiles at the workspace root:
package:   /home/chemtech/workspace/libxc_rs/crates/kernel-mgga-8d/Cargo.toml
workspace: /home/chemtech/workspace/libxc_rs/Cargo.toml
warning: profiles for the non root package will be ignored, specify profiles at the workspace root:
package:   /home/chemtech/workspace/libxc_rs/crates/kernel-mgga-8e/Cargo.toml
workspace: /home/chemtech/workspace/libxc_rs/Cargo.toml
warning: profiles for the non root package will be ignored, specify profiles at the workspace root:
package:   /home/chemtech/workspace/libxc_rs/crates/kernel-mgga-8f/Cargo.toml
workspace: /home/chemtech/workspace/libxc_rs/Cargo.toml
warning: profiles for the non root package will be ignored, specify profiles at the workspace root:
package:   /home/chemtech/workspace/libxc_rs/crates/kernel-mgga-9a/Cargo.toml
workspace: /home/chemtech/workspace/libxc_rs/Cargo.toml
warning: profiles for the non root package will be ignored, specify profiles at the workspace root:
package:   /home/chemtech/workspace/libxc_rs/crates/kernel-mgga-9b/Cargo.toml
workspace: /home/chemtech/workspace/libxc_rs/Cargo.toml
warning: value assigned to `result` is never read
  --> crates/kernel-math/src/lambert_w.rs:26:22
   |
26 |     let mut result = 0.0f64;
   |                      ^^^^^^
   |
   = help: maybe it is overwritten before being read?
   = note: `#[warn(unused_assignments)]` (part of `#[warn(unused)]`) on by default

warning: value assigned to `w0` is never read
  --> crates/kernel-math/src/lambert_w.rs:36:22
   |
36 |         let mut w0 = 0.0f64;
   |                      ^^^^^^
   |
   = help: maybe it is overwritten before being read?

warning: value assigned to `b2` is never read
  --> crates/kernel-math/src/expint_e1.rs:22:23
   |
22 |     let mut b2: f64 = 0.0;
   |                       ^^^
   |
   = help: maybe it is overwritten before being read?

warning: value assigned to `b2` is never read
  --> crates/kernel-math/src/expint_e1.rs:72:23
   |
72 |     let mut b2: f64 = 0.0;
   |                       ^^^
   |
   = help: maybe it is overwritten before being read?

warning: value assigned to `b2` is never read
   --> crates/kernel-math/src/expint_e1.rs:107:23
    |
107 |     let mut b2: f64 = 0.0;
    |                       ^^^
    |
    = help: maybe it is overwritten before being read?

warning: value assigned to `b2` is never read
   --> crates/kernel-math/src/expint_e1.rs:136:23
    |
136 |     let mut b2: f64 = 0.0;
    |                       ^^^
    |
    = help: maybe it is overwritten before being read?

warning: value assigned to `b2` is never read
   --> crates/kernel-math/src/expint_e1.rs:162:23
    |
162 |     let mut b2: f64 = 0.0;
    |                       ^^^
    |
    = help: maybe it is overwritten before being read?

warning: value assigned to `b2` is never read
   --> crates/kernel-math/src/expint_e1.rs:197:23
    |
197 |     let mut b2: f64 = 0.0;
    |                       ^^^
    |
    = help: maybe it is overwritten before being read?

warning: value assigned to `e1` is never read
   --> crates/kernel-math/src/expint_e1.rs:233:18
    |
233 |     let mut e1 = 0.0f64;
    |                  ^^^^^^
    |
    = help: maybe it is overwritten before being read?

warning: value assigned to `b2` is never read
  --> crates/kernel-math/src/special.rs:36:18
   |
36 |     let mut b2 = 0.0f64;
   |                  ^^^^^^
   |
   = help: maybe it is overwritten before being read?

warning: value assigned to `dspenc` is never read
   --> crates/kernel-math/src/special.rs:139:22
    |
139 |     let mut dspenc = 0.0f64;
    |                      ^^^^^^
    |
    = help: maybe it is overwritten before being read?

warning: value assigned to `result` is never read
   --> crates/kernel-math/src/special.rs:208:22
    |
208 |     let mut result = 0.0f64;
    |                      ^^^^^^
    |
    = help: maybe it is overwritten before being read?

warning: value assigned to `result` is never read
   --> crates/kernel-math/src/special.rs:242:22
    |
242 |     let mut result = 0.0f64;
    |                      ^^^^^^
    |
    = help: maybe it is overwritten before being read?

warning: value assigned to `fa` is never read
   --> crates/kernel-math/src/br89.rs:223:830
    |
223 | ...a; let tfb = fb; a = select(sw, tb, ta); fa = select(sw, tfb, tfa); b = select(sw, ta, tb); fb = select(sw, ...
    |                                             ^^^^^^^^^^^^^^^^^^^^^^^^^
    |
    = help: maybe it is overwritten before being read?

warning: value assigned to `fb` is never read
   --> crates/kernel-math/src/br89.rs:223:881
    |
223 | ...t(sw, tfb, tfa); b = select(sw, ta, tb); fb = select(sw, tfa, tfb);
    |                                             ^^^^^^^^^^^^^^^^^^^^^^^^^
    |
    = help: maybe it is overwritten before being read?

warning: value assigned to `c` is never read
   --> crates/kernel-math/src/br89.rs:223:584
    |
223 | ...1.0f64, 0.0f64); let fs = br89_obj(s, rhs); d = c; c = b; fc = fb; let rl = fa*fs < 0.0; b = select(rl, s, b...
    |                                                       ^^^^^
    |
    = help: maybe it is overwritten before being read?

warning: value assigned to `fc` is never read
   --> crates/kernel-math/src/br89.rs:223:591
    |
223 | ...0.0f64); let fs = br89_obj(s, rhs); d = c; c = b; fc = fb; let rl = fa*fs < 0.0; b = select(rl, s, b); fb = ...
    |                                                      ^^^^^^^
    |
    = help: maybe it is overwritten before being read?

warning: value assigned to `d` is never read
   --> crates/kernel-math/src/br89.rs:223:577
    |
223 | ...do_bi, 1.0f64, 0.0f64); let fs = br89_obj(s, rhs); d = c; c = b; fc = fb; let rl = fa*fs < 0.0; b = select(r...
    |                                                       ^^^^^
    |
    = help: maybe it is overwritten before being read?

warning: value assigned to `mf` is never read
   --> crates/kernel-math/src/br89.rs:223:514
    |
223 | ...c5; s = select(do_bi, (a+b)*0.5, s); mf = select(do_bi, 1.0f64, 0.0f64); let fs = br89_obj(s, rhs); d = c; c...
    |                                         ^^^^^^^^^^^^^^^^^^^^^^^^^^^^^^^^^^
    |
    = help: maybe it is overwritten before being read?

warning: value assigned to `fa` is never read
   --> crates/kernel-math/src/mbrxc.rs:129:831
    |
129 | ...a; let tfb = fb; a = select(sw, tb, ta); fa = select(sw, tfb, tfa); b = select(sw, ta, tb); fb = select(sw, ...
    |                                             ^^^^^^^^^^^^^^^^^^^^^^^^^
    |
    = help: maybe it is overwritten before being read?

warning: value assigned to `fb` is never read
   --> crates/kernel-math/src/mbrxc.rs:129:882
    |
129 | ...t(sw, tfb, tfa); b = select(sw, ta, tb); fb = select(sw, tfa, tfb);
    |                                             ^^^^^^^^^^^^^^^^^^^^^^^^^
    |
    = help: maybe it is overwritten before being read?

warning: value assigned to `c` is never read
   --> crates/kernel-math/src/mbrxc.rs:129:585
    |
129 | ....0f64, 0.0f64); let fs = mbrxc_obj(s, rhs); d = c; c = b; fc = fb; let rl = fa*fs < 0.0; b = select(rl, s, b...
    |                                                       ^^^^^
    |
    = help: maybe it is overwritten before being read?

warning: value assigned to `fc` is never read
   --> crates/kernel-math/src/mbrxc.rs:129:592
    |
129 | ....0f64); let fs = mbrxc_obj(s, rhs); d = c; c = b; fc = fb; let rl = fa*fs < 0.0; b = select(rl, s, b); fb = ...
    |                                                      ^^^^^^^
    |
    = help: maybe it is overwritten before being read?

warning: value assigned to `d` is never read
   --> crates/kernel-math/src/mbrxc.rs:129:578
    |
129 | ...o_bi, 1.0f64, 0.0f64); let fs = mbrxc_obj(s, rhs); d = c; c = b; fc = fb; let rl = fa*fs < 0.0; b = select(r...
    |                                                       ^^^^^
    |
    = help: maybe it is overwritten before being read?

warning: value assigned to `mf` is never read
   --> crates/kernel-math/src/mbrxc.rs:129:514
    |
129 | ...c5; s = select(do_bi, (a+b)*0.5, s); mf = select(do_bi, 1.0f64, 0.0f64); let fs = mbrxc_obj(s, rhs); d = c; ...
    |                                         ^^^^^^^^^^^^^^^^^^^^^^^^^^^^^^^^^^
    |
    = help: maybe it is overwritten before being read?

warning: value assigned to `s` is never read
  --> crates/kernel-math/src/mbrxc.rs:67:21
   |
67 |         let mut s = 0.0f64;
   |                     ^^^^^^
   |
   = help: maybe it is overwritten before being read?

warning: module `Heaviside` should have a snake case name
  --> crates/kernel-math/src/piecewise.rs:22:8
   |
22 | pub fn Heaviside(x: f64) -> f64 {
   |        ^^^^^^^^^ help: convert the identifier to snake case: `heaviside`
   |
   = note: `#[warn(non_snake_case)]` (part of `#[warn(nonstandard_style)]`) on by default

warning: `libxc-kernel-math` (lib) generated 27 warnings
sccache: warning: The server looks like it shut down unexpectedly, compiling locally instead
sccache: warning: The server looks like it shut down unexpectedly, compiling locally instead
sccache: warning: The server looks like it shut down unexpectedly, compiling locally instead
sccache: warning: The server looks like it shut down unexpectedly, compiling locally instead
   Compiling libxc_rs v0.1.0 (/home/chemtech/workspace/libxc_rs)
error[E0573]: expected type, found module `exc_unpol::lda_x_exc_unpol`
   --> src/eval/dispatch.rs:544:9
    |
544 |         exc_unpol::lda_x_exc_unpol, vxc_unpol::lda_x_vxc_unpol,
    |         ^^^^^^^^^^^^^^^^^^^^^^^^^^ not a type

error[E0573]: expected type, found module `vxc_unpol::lda_x_vxc_unpol`
   --> src/eval/dispatch.rs:544:37
    |
544 |         exc_unpol::lda_x_exc_unpol, vxc_unpol::lda_x_vxc_unpol,
    |                                     ^^^^^^^^^^^^^^^^^^^^^^^^^^ not a type

error[E0573]: expected type, found module `fxc_unpol::lda_x_fxc_unpol`
   --> src/eval/dispatch.rs:545:9
    |
545 |         fxc_unpol::lda_x_fxc_unpol, kxc_unpol::lda_x_kxc_unpol,
    |         ^^^^^^^^^^^^^^^^^^^^^^^^^^ not a type

error[E0573]: expected type, found module `kxc_unpol::lda_x_kxc_unpol`
   --> src/eval/dispatch.rs:545:37
    |
545 |         fxc_unpol::lda_x_fxc_unpol, kxc_unpol::lda_x_kxc_unpol,
    |                                     ^^^^^^^^^^^^^^^^^^^^^^^^^^ not a type

error[E0573]: expected type, found module `lxc_unpol::lda_x_lxc_unpol`
   --> src/eval/dispatch.rs:546:9
    |
546 |         lxc_unpol::lda_x_lxc_unpol,
    |         ^^^^^^^^^^^^^^^^^^^^^^^^^^ not a type

error[E0573]: expected type, found module `exc_pol::lda_x_exc_pol`
   --> src/eval/dispatch.rs:547:9
    |
547 |         exc_pol::lda_x_exc_pol,    vxc_pol::lda_x_vxc_pol,
    |         ^^^^^^^^^^^^^^^^^^^^^^ not a type

error[E0573]: expected type, found module `vxc_pol::lda_x_vxc_pol`
   --> src/eval/dispatch.rs:547:36
    |
547 |         exc_pol::lda_x_exc_pol,    vxc_pol::lda_x_vxc_pol,
    |                                    ^^^^^^^^^^^^^^^^^^^^^^ not a type

error[E0573]: expected type, found module `fxc_pol::lda_x_fxc_pol`
   --> src/eval/dispatch.rs:548:9
    |
548 |         fxc_pol::lda_x_fxc_pol,    kxc_pol::lda_x_kxc_pol,
    |         ^^^^^^^^^^^^^^^^^^^^^^ not a type

error[E0573]: expected type, found module `kxc_pol::lda_x_kxc_pol`
   --> src/eval/dispatch.rs:548:36
    |
548 |         fxc_pol::lda_x_fxc_pol,    kxc_pol::lda_x_kxc_pol,
    |                                    ^^^^^^^^^^^^^^^^^^^^^^ not a type

error[E0573]: expected type, found module `lxc_pol::lda_x_lxc_pol`
   --> src/eval/dispatch.rs:549:9
    |
549 |         lxc_pol::lda_x_lxc_pol,
    |         ^^^^^^^^^^^^^^^^^^^^^^ not a type

error[E0573]: expected type, found module `exc_unpol::lda_x_2d_exc_unpol`
   --> src/eval/dispatch.rs:559:9
    |
559 |         exc_unpol::lda_x_2d_exc_unpol, vxc_unpol::lda_x_2d_vxc_unpol,
    |         ^^^^^^^^^^^^^^^^^^^^^^^^^^^^^ not a type

error[E0573]: expected type, found module `vxc_unpol::lda_x_2d_vxc_unpol`
   --> src/eval/dispatch.rs:559:40
    |
559 |         exc_unpol::lda_x_2d_exc_unpol, vxc_unpol::lda_x_2d_vxc_unpol,
    |                                        ^^^^^^^^^^^^^^^^^^^^^^^^^^^^^ not a type

error[E0573]: expected type, found module `fxc_unpol::lda_x_2d_fxc_unpol`
   --> src/eval/dispatch.rs:560:9
    |
560 |         fxc_unpol::lda_x_2d_fxc_unpol, kxc_unpol::lda_x_2d_kxc_unpol,
    |         ^^^^^^^^^^^^^^^^^^^^^^^^^^^^^ not a type

error[E0573]: expected type, found module `kxc_unpol::lda_x_2d_kxc_unpol`
   --> src/eval/dispatch.rs:560:40
    |
560 |         fxc_unpol::lda_x_2d_fxc_unpol, kxc_unpol::lda_x_2d_kxc_unpol,
    |                                        ^^^^^^^^^^^^^^^^^^^^^^^^^^^^^ not a type

error[E0573]: expected type, found module `lxc_unpol::lda_x_2d_lxc_unpol`
   --> src/eval/dispatch.rs:561:9
    |
561 |         lxc_unpol::lda_x_2d_lxc_unpol,
    |         ^^^^^^^^^^^^^^^^^^^^^^^^^^^^^ not a type

error[E0573]: expected type, found module `exc_pol::lda_x_2d_exc_pol`
   --> src/eval/dispatch.rs:562:9
    |
562 |         exc_pol::lda_x_2d_exc_pol,    vxc_pol::lda_x_2d_vxc_pol,
    |         ^^^^^^^^^^^^^^^^^^^^^^^^^ not a type

error[E0573]: expected type, found module `vxc_pol::lda_x_2d_vxc_pol`
   --> src/eval/dispatch.rs:562:39
    |
562 |         exc_pol::lda_x_2d_exc_pol,    vxc_pol::lda_x_2d_vxc_pol,
    |                                       ^^^^^^^^^^^^^^^^^^^^^^^^^ not a type

error[E0573]: expected type, found module `fxc_pol::lda_x_2d_fxc_pol`
   --> src/eval/dispatch.rs:563:9
    |
563 |         fxc_pol::lda_x_2d_fxc_pol,    kxc_pol::lda_x_2d_kxc_pol,
    |         ^^^^^^^^^^^^^^^^^^^^^^^^^ not a type

error[E0573]: expected type, found module `kxc_pol::lda_x_2d_kxc_pol`
   --> src/eval/dispatch.rs:563:39
    |
563 |         fxc_pol::lda_x_2d_fxc_pol,    kxc_pol::lda_x_2d_kxc_pol,
    |                                       ^^^^^^^^^^^^^^^^^^^^^^^^^ not a type

error[E0573]: expected type, found module `lxc_pol::lda_x_2d_lxc_pol`
   --> src/eval/dispatch.rs:564:9
    |
564 |         lxc_pol::lda_x_2d_lxc_pol,
    |         ^^^^^^^^^^^^^^^^^^^^^^^^^ not a type

error[E0573]: expected type, found module `exc_unpol::lda_x_rel_exc_unpol`
   --> src/eval/dispatch.rs:574:9
    |
574 |         exc_unpol::lda_x_rel_exc_unpol, vxc_unpol::lda_x_rel_vxc_unpol,
    |         ^^^^^^^^^^^^^^^^^^^^^^^^^^^^^^ not a type

error[E0573]: expected type, found module `vxc_unpol::lda_x_rel_vxc_unpol`
   --> src/eval/dispatch.rs:574:41
    |
574 |         exc_unpol::lda_x_rel_exc_unpol, vxc_unpol::lda_x_rel_vxc_unpol,
    |                                         ^^^^^^^^^^^^^^^^^^^^^^^^^^^^^^ not a type

error[E0573]: expected type, found module `fxc_unpol::lda_x_rel_fxc_unpol`
   --> src/eval/dispatch.rs:575:9
    |
575 |         fxc_unpol::lda_x_rel_fxc_unpol, kxc_unpol::lda_x_rel_kxc_unpol,
    |         ^^^^^^^^^^^^^^^^^^^^^^^^^^^^^^ not a type

error[E0573]: expected type, found module `kxc_unpol::lda_x_rel_kxc_unpol`
   --> src/eval/dispatch.rs:575:41
    |
575 |         fxc_unpol::lda_x_rel_fxc_unpol, kxc_unpol::lda_x_rel_kxc_unpol,
    |                                         ^^^^^^^^^^^^^^^^^^^^^^^^^^^^^^ not a type

error[E0573]: expected type, found module `lxc_unpol::lda_x_rel_lxc_unpol`
   --> src/eval/dispatch.rs:576:9
    |
576 |         lxc_unpol::lda_x_rel_lxc_unpol,
    |         ^^^^^^^^^^^^^^^^^^^^^^^^^^^^^^ not a type

error[E0573]: expected type, found module `exc_pol::lda_x_rel_exc_pol`
   --> src/eval/dispatch.rs:577:9
    |
577 |         exc_pol::lda_x_rel_exc_pol,    vxc_pol::lda_x_rel_vxc_pol,
    |         ^^^^^^^^^^^^^^^^^^^^^^^^^^ not a type

error[E0573]: expected type, found module `vxc_pol::lda_x_rel_vxc_pol`
   --> src/eval/dispatch.rs:577:40
    |
577 |         exc_pol::lda_x_rel_exc_pol,    vxc_pol::lda_x_rel_vxc_pol,
    |                                        ^^^^^^^^^^^^^^^^^^^^^^^^^^ not a type

error[E0573]: expected type, found module `fxc_pol::lda_x_rel_fxc_pol`
   --> src/eval/dispatch.rs:578:9
    |
578 |         fxc_pol::lda_x_rel_fxc_pol,    kxc_pol::lda_x_rel_kxc_pol,
    |         ^^^^^^^^^^^^^^^^^^^^^^^^^^ not a type

error[E0573]: expected type, found module `kxc_pol::lda_x_rel_kxc_pol`
   --> src/eval/dispatch.rs:578:40
    |
578 |         fxc_pol::lda_x_rel_fxc_pol,    kxc_pol::lda_x_rel_kxc_pol,
    |                                        ^^^^^^^^^^^^^^^^^^^^^^^^^^ not a type

error[E0573]: expected type, found module `lxc_pol::lda_x_rel_lxc_pol`
   --> src/eval/dispatch.rs:579:9
    |
579 |         lxc_pol::lda_x_rel_lxc_pol,
    |         ^^^^^^^^^^^^^^^^^^^^^^^^^^ not a type

error[E0573]: expected type, found module `exc_unpol::lda_x_erf_exc_unpol`
   --> src/eval/dispatch.rs:590:9
    |
590 |         exc_unpol::lda_x_erf_exc_unpol, vxc_unpol::lda_x_erf_vxc_unpol,
    |         ^^^^^^^^^^^^^^^^^^^^^^^^^^^^^^ not a type

error[E0573]: expected type, found module `vxc_unpol::lda_x_erf_vxc_unpol`
   --> src/eval/dispatch.rs:590:41
    |
590 |         exc_unpol::lda_x_erf_exc_unpol, vxc_unpol::lda_x_erf_vxc_unpol,
    |                                         ^^^^^^^^^^^^^^^^^^^^^^^^^^^^^^ not a type

error[E0573]: expected type, found module `fxc_unpol::lda_x_erf_fxc_unpol`
   --> src/eval/dispatch.rs:591:9
    |
591 |         fxc_unpol::lda_x_erf_fxc_unpol, kxc_unpol::lda_x_erf_kxc_unpol,
    |         ^^^^^^^^^^^^^^^^^^^^^^^^^^^^^^ not a type

error[E0573]: expected type, found module `kxc_unpol::lda_x_erf_kxc_unpol`
   --> src/eval/dispatch.rs:591:41
    |
591 |         fxc_unpol::lda_x_erf_fxc_unpol, kxc_unpol::lda_x_erf_kxc_unpol,
    |                                         ^^^^^^^^^^^^^^^^^^^^^^^^^^^^^^ not a type

error[E0573]: expected type, found module `lxc_unpol::lda_x_erf_lxc_unpol`
   --> src/eval/dispatch.rs:592:9
    |
592 |         lxc_unpol::lda_x_erf_lxc_unpol,
    |         ^^^^^^^^^^^^^^^^^^^^^^^^^^^^^^ not a type

error[E0573]: expected type, found module `exc_pol::lda_x_erf_exc_pol`
   --> src/eval/dispatch.rs:593:9
    |
593 |         exc_pol::lda_x_erf_exc_pol,    vxc_pol::lda_x_erf_vxc_pol,
    |         ^^^^^^^^^^^^^^^^^^^^^^^^^^ not a type

error[E0573]: expected type, found module `vxc_pol::lda_x_erf_vxc_pol`
   --> src/eval/dispatch.rs:593:40
    |
593 |         exc_pol::lda_x_erf_exc_pol,    vxc_pol::lda_x_erf_vxc_pol,
    |                                        ^^^^^^^^^^^^^^^^^^^^^^^^^^ not a type

error[E0573]: expected type, found module `fxc_pol::lda_x_erf_fxc_pol`
   --> src/eval/dispatch.rs:594:9
    |
594 |         fxc_pol::lda_x_erf_fxc_pol,    kxc_pol::lda_x_erf_kxc_pol,
    |         ^^^^^^^^^^^^^^^^^^^^^^^^^^ not a type

error[E0573]: expected type, found module `kxc_pol::lda_x_erf_kxc_pol`
   --> src/eval/dispatch.rs:594:40
    |
594 |         fxc_pol::lda_x_erf_fxc_pol,    kxc_pol::lda_x_erf_kxc_pol,
    |                                        ^^^^^^^^^^^^^^^^^^^^^^^^^^ not a type

error[E0573]: expected type, found module `lxc_pol::lda_x_erf_lxc_pol`
   --> src/eval/dispatch.rs:595:9
    |
595 |         lxc_pol::lda_x_erf_lxc_pol,
    |         ^^^^^^^^^^^^^^^^^^^^^^^^^^ not a type

error[E0573]: expected type, found module `exc_unpol::lda_x_sloc_exc_unpol`
   --> src/eval/dispatch.rs:606:9
    |
606 |         exc_unpol::lda_x_sloc_exc_unpol, vxc_unpol::lda_x_sloc_vxc_unpol,
    |         ^^^^^^^^^^^^^^^^^^^^^^^^^^^^^^^ not a type

error[E0573]: expected type, found module `vxc_unpol::lda_x_sloc_vxc_unpol`
   --> src/eval/dispatch.rs:606:42
    |
606 |         exc_unpol::lda_x_sloc_exc_unpol, vxc_unpol::lda_x_sloc_vxc_unpol,
    |                                          ^^^^^^^^^^^^^^^^^^^^^^^^^^^^^^^ not a type

error[E0573]: expected type, found module `fxc_unpol::lda_x_sloc_fxc_unpol`
   --> src/eval/dispatch.rs:607:9
    |
607 |         fxc_unpol::lda_x_sloc_fxc_unpol, kxc_unpol::lda_x_sloc_kxc_unpol,
    |         ^^^^^^^^^^^^^^^^^^^^^^^^^^^^^^^ not a type

error[E0573]: expected type, found module `kxc_unpol::lda_x_sloc_kxc_unpol`
   --> src/eval/dispatch.rs:607:42
    |
607 |         fxc_unpol::lda_x_sloc_fxc_unpol, kxc_unpol::lda_x_sloc_kxc_unpol,
    |                                          ^^^^^^^^^^^^^^^^^^^^^^^^^^^^^^^ not a type

error[E0573]: expected type, found module `lxc_unpol::lda_x_sloc_lxc_unpol`
   --> src/eval/dispatch.rs:608:9
    |
608 |         lxc_unpol::lda_x_sloc_lxc_unpol,
    |         ^^^^^^^^^^^^^^^^^^^^^^^^^^^^^^^ not a type

error[E0573]: expected type, found module `exc_pol::lda_x_sloc_exc_pol`
   --> src/eval/dispatch.rs:609:9
    |
609 |         exc_pol::lda_x_sloc_exc_pol,    vxc_pol::lda_x_sloc_vxc_pol,
    |         ^^^^^^^^^^^^^^^^^^^^^^^^^^^ not a type

error[E0573]: expected type, found module `vxc_pol::lda_x_sloc_vxc_pol`
   --> src/eval/dispatch.rs:609:41
    |
609 |         exc_pol::lda_x_sloc_exc_pol,    vxc_pol::lda_x_sloc_vxc_pol,
    |                                         ^^^^^^^^^^^^^^^^^^^^^^^^^^^ not a type

error[E0573]: expected type, found module `fxc_pol::lda_x_sloc_fxc_pol`
   --> src/eval/dispatch.rs:610:9
    |
610 |         fxc_pol::lda_x_sloc_fxc_pol,    kxc_pol::lda_x_sloc_kxc_pol,
    |         ^^^^^^^^^^^^^^^^^^^^^^^^^^^ not a type

error[E0573]: expected type, found module `kxc_pol::lda_x_sloc_kxc_pol`
   --> src/eval/dispatch.rs:610:41
    |
610 |         fxc_pol::lda_x_sloc_fxc_pol,    kxc_pol::lda_x_sloc_kxc_pol,
    |                                         ^^^^^^^^^^^^^^^^^^^^^^^^^^^ not a type

error[E0573]: expected type, found module `lxc_pol::lda_x_sloc_lxc_pol`
   --> src/eval/dispatch.rs:611:9
    |
611 |         lxc_pol::lda_x_sloc_lxc_pol,
    |         ^^^^^^^^^^^^^^^^^^^^^^^^^^^ not a type

error[E0573]: expected type, found module `exc_unpol::lda_x_yukawa_exc_unpol`
   --> src/eval/dispatch.rs:622:9
    |
622 |         exc_unpol::lda_x_yukawa_exc_unpol, vxc_unpol::lda_x_yukawa_vxc_unpol,
    |         ^^^^^^^^^^^^^^^^^^^^^^^^^^^^^^^^^ not a type

error[E0573]: expected type, found module `vxc_unpol::lda_x_yukawa_vxc_unpol`
   --> src/eval/dispatch.rs:622:44
    |
622 |         exc_unpol::lda_x_yukawa_exc_unpol, vxc_unpol::lda_x_yukawa_vxc_unpol,
    |                                            ^^^^^^^^^^^^^^^^^^^^^^^^^^^^^^^^^ not a type

error[E0573]: expected type, found module `fxc_unpol::lda_x_yukawa_fxc_unpol`
   --> src/eval/dispatch.rs:623:9
    |
623 |         fxc_unpol::lda_x_yukawa_fxc_unpol, kxc_unpol::lda_x_yukawa_kxc_unpol,
    |         ^^^^^^^^^^^^^^^^^^^^^^^^^^^^^^^^^ not a type

error[E0573]: expected type, found module `kxc_unpol::lda_x_yukawa_kxc_unpol`
   --> src/eval/dispatch.rs:623:44
    |
623 |         fxc_unpol::lda_x_yukawa_fxc_unpol, kxc_unpol::lda_x_yukawa_kxc_unpol,
    |                                            ^^^^^^^^^^^^^^^^^^^^^^^^^^^^^^^^^ not a type

error[E0573]: expected type, found module `lxc_unpol::lda_x_yukawa_lxc_unpol`
   --> src/eval/dispatch.rs:624:9
    |
624 |         lxc_unpol::lda_x_yukawa_lxc_unpol,
    |         ^^^^^^^^^^^^^^^^^^^^^^^^^^^^^^^^^ not a type

error[E0573]: expected type, found module `exc_pol::lda_x_yukawa_exc_pol`
   --> src/eval/dispatch.rs:625:9
    |
625 |         exc_pol::lda_x_yukawa_exc_pol,    vxc_pol::lda_x_yukawa_vxc_pol,
    |         ^^^^^^^^^^^^^^^^^^^^^^^^^^^^^ not a type

error[E0573]: expected type, found module `vxc_pol::lda_x_yukawa_vxc_pol`
   --> src/eval/dispatch.rs:625:43
    |
625 |         exc_pol::lda_x_yukawa_exc_pol,    vxc_pol::lda_x_yukawa_vxc_pol,
    |                                           ^^^^^^^^^^^^^^^^^^^^^^^^^^^^^ not a type

error[E0573]: expected type, found module `fxc_pol::lda_x_yukawa_fxc_pol`
   --> src/eval/dispatch.rs:626:9
    |
626 |         fxc_pol::lda_x_yukawa_fxc_pol,    kxc_pol::lda_x_yukawa_kxc_pol,
    |         ^^^^^^^^^^^^^^^^^^^^^^^^^^^^^ not a type

error[E0573]: expected type, found module `kxc_pol::lda_x_yukawa_kxc_pol`
   --> src/eval/dispatch.rs:626:43
    |
626 |         fxc_pol::lda_x_yukawa_fxc_pol,    kxc_pol::lda_x_yukawa_kxc_pol,
    |                                           ^^^^^^^^^^^^^^^^^^^^^^^^^^^^^ not a type

error[E0573]: expected type, found module `lxc_pol::lda_x_yukawa_lxc_pol`
   --> src/eval/dispatch.rs:627:9
    |
627 |         lxc_pol::lda_x_yukawa_lxc_pol,
    |         ^^^^^^^^^^^^^^^^^^^^^^^^^^^^^ not a type

error[E0573]: expected type, found module `exc_unpol::lda_c_rpa_exc_unpol`
   --> src/eval/dispatch.rs:637:9
    |
637 |         exc_unpol::lda_c_rpa_exc_unpol, vxc_unpol::lda_c_rpa_vxc_unpol,
    |         ^^^^^^^^^^^^^^^^^^^^^^^^^^^^^^ not a type

error[E0573]: expected type, found module `vxc_unpol::lda_c_rpa_vxc_unpol`
   --> src/eval/dispatch.rs:637:41
    |
637 |         exc_unpol::lda_c_rpa_exc_unpol, vxc_unpol::lda_c_rpa_vxc_unpol,
    |                                         ^^^^^^^^^^^^^^^^^^^^^^^^^^^^^^ not a type

error[E0573]: expected type, found module `fxc_unpol::lda_c_rpa_fxc_unpol`
   --> src/eval/dispatch.rs:638:9
    |
638 |         fxc_unpol::lda_c_rpa_fxc_unpol, kxc_unpol::lda_c_rpa_kxc_unpol,
    |         ^^^^^^^^^^^^^^^^^^^^^^^^^^^^^^ not a type

error[E0573]: expected type, found module `kxc_unpol::lda_c_rpa_kxc_unpol`
   --> src/eval/dispatch.rs:638:41
    |
638 |         fxc_unpol::lda_c_rpa_fxc_unpol, kxc_unpol::lda_c_rpa_kxc_unpol,
    |                                         ^^^^^^^^^^^^^^^^^^^^^^^^^^^^^^ not a type

error[E0573]: expected type, found module `lxc_unpol::lda_c_rpa_lxc_unpol`
   --> src/eval/dispatch.rs:639:9
    |
639 |         lxc_unpol::lda_c_rpa_lxc_unpol,
    |         ^^^^^^^^^^^^^^^^^^^^^^^^^^^^^^ not a type

error[E0573]: expected type, found module `exc_pol::lda_c_rpa_exc_pol`
   --> src/eval/dispatch.rs:640:9
    |
640 |         exc_pol::lda_c_rpa_exc_pol,    vxc_pol::lda_c_rpa_vxc_pol,
    |         ^^^^^^^^^^^^^^^^^^^^^^^^^^ not a type

error[E0573]: expected type, found module `vxc_pol::lda_c_rpa_vxc_pol`
   --> src/eval/dispatch.rs:640:40
    |
640 |         exc_pol::lda_c_rpa_exc_pol,    vxc_pol::lda_c_rpa_vxc_pol,
    |                                        ^^^^^^^^^^^^^^^^^^^^^^^^^^ not a type

error[E0573]: expected type, found module `fxc_pol::lda_c_rpa_fxc_pol`
   --> src/eval/dispatch.rs:641:9
    |
641 |         fxc_pol::lda_c_rpa_fxc_pol,    kxc_pol::lda_c_rpa_kxc_pol,
    |         ^^^^^^^^^^^^^^^^^^^^^^^^^^ not a type

error[E0573]: expected type, found module `kxc_pol::lda_c_rpa_kxc_pol`
   --> src/eval/dispatch.rs:641:40
    |
641 |         fxc_pol::lda_c_rpa_fxc_pol,    kxc_pol::lda_c_rpa_kxc_pol,
    |                                        ^^^^^^^^^^^^^^^^^^^^^^^^^^ not a type

error[E0573]: expected type, found module `lxc_pol::lda_c_rpa_lxc_pol`
   --> src/eval/dispatch.rs:642:9
    |
642 |         lxc_pol::lda_c_rpa_lxc_pol,
    |         ^^^^^^^^^^^^^^^^^^^^^^^^^^ not a type

error[E0573]: expected type, found module `exc_unpol::lda_c_hl_exc_unpol`
   --> src/eval/dispatch.rs:655:9
    |
655 |         exc_unpol::lda_c_hl_exc_unpol, vxc_unpol::lda_c_hl_vxc_unpol,
    |         ^^^^^^^^^^^^^^^^^^^^^^^^^^^^^ not a type

error[E0573]: expected type, found module `vxc_unpol::lda_c_hl_vxc_unpol`
   --> src/eval/dispatch.rs:655:40
    |
655 |         exc_unpol::lda_c_hl_exc_unpol, vxc_unpol::lda_c_hl_vxc_unpol,
    |                                        ^^^^^^^^^^^^^^^^^^^^^^^^^^^^^ not a type

error[E0573]: expected type, found module `fxc_unpol::lda_c_hl_fxc_unpol`
   --> src/eval/dispatch.rs:656:9
    |
656 |         fxc_unpol::lda_c_hl_fxc_unpol, kxc_unpol::lda_c_hl_kxc_unpol,
    |         ^^^^^^^^^^^^^^^^^^^^^^^^^^^^^ not a type

error[E0573]: expected type, found module `kxc_unpol::lda_c_hl_kxc_unpol`
   --> src/eval/dispatch.rs:656:40
    |
656 |         fxc_unpol::lda_c_hl_fxc_unpol, kxc_unpol::lda_c_hl_kxc_unpol,
    |                                        ^^^^^^^^^^^^^^^^^^^^^^^^^^^^^ not a type

error[E0573]: expected type, found module `lxc_unpol::lda_c_hl_lxc_unpol`
   --> src/eval/dispatch.rs:657:9
    |
657 |         lxc_unpol::lda_c_hl_lxc_unpol,
    |         ^^^^^^^^^^^^^^^^^^^^^^^^^^^^^ not a type

error[E0573]: expected type, found module `exc_pol::lda_c_hl_exc_pol`
   --> src/eval/dispatch.rs:658:9
    |
658 |         exc_pol::lda_c_hl_exc_pol,    vxc_pol::lda_c_hl_vxc_pol,
    |         ^^^^^^^^^^^^^^^^^^^^^^^^^ not a type

error[E0573]: expected type, found module `vxc_pol::lda_c_hl_vxc_pol`
   --> src/eval/dispatch.rs:658:39
    |
658 |         exc_pol::lda_c_hl_exc_pol,    vxc_pol::lda_c_hl_vxc_pol,
    |                                       ^^^^^^^^^^^^^^^^^^^^^^^^^ not a type

error[E0573]: expected type, found module `fxc_pol::lda_c_hl_fxc_pol`
   --> src/eval/dispatch.rs:659:9
    |
659 |         fxc_pol::lda_c_hl_fxc_pol,    kxc_pol::lda_c_hl_kxc_pol,
    |         ^^^^^^^^^^^^^^^^^^^^^^^^^ not a type

error[E0573]: expected type, found module `kxc_pol::lda_c_hl_kxc_pol`
   --> src/eval/dispatch.rs:659:39
    |
659 |         fxc_pol::lda_c_hl_fxc_pol,    kxc_pol::lda_c_hl_kxc_pol,
    |                                       ^^^^^^^^^^^^^^^^^^^^^^^^^ not a type

error[E0573]: expected type, found module `lxc_pol::lda_c_hl_lxc_pol`
   --> src/eval/dispatch.rs:660:9
    |
660 |         lxc_pol::lda_c_hl_lxc_pol,
    |         ^^^^^^^^^^^^^^^^^^^^^^^^^ not a type

error[E0573]: expected type, found module `exc_unpol::lda_c_vwn_exc_unpol`
   --> src/eval/dispatch.rs:670:9
    |
670 |         exc_unpol::lda_c_vwn_exc_unpol, vxc_unpol::lda_c_vwn_vxc_unpol,
    |         ^^^^^^^^^^^^^^^^^^^^^^^^^^^^^^ not a type

error[E0573]: expected type, found module `vxc_unpol::lda_c_vwn_vxc_unpol`
   --> src/eval/dispatch.rs:670:41
    |
670 |         exc_unpol::lda_c_vwn_exc_unpol, vxc_unpol::lda_c_vwn_vxc_unpol,
    |                                         ^^^^^^^^^^^^^^^^^^^^^^^^^^^^^^ not a type

error[E0573]: expected type, found module `fxc_unpol::lda_c_vwn_fxc_unpol`
   --> src/eval/dispatch.rs:671:9
    |
671 |         fxc_unpol::lda_c_vwn_fxc_unpol, kxc_unpol::lda_c_vwn_kxc_unpol,
    |         ^^^^^^^^^^^^^^^^^^^^^^^^^^^^^^ not a type

error[E0573]: expected type, found module `kxc_unpol::lda_c_vwn_kxc_unpol`
   --> src/eval/dispatch.rs:671:41
    |
671 |         fxc_unpol::lda_c_vwn_fxc_unpol, kxc_unpol::lda_c_vwn_kxc_unpol,
    |                                         ^^^^^^^^^^^^^^^^^^^^^^^^^^^^^^ not a type

error[E0573]: expected type, found module `lxc_unpol::lda_c_vwn_lxc_unpol`
   --> src/eval/dispatch.rs:672:9
    |
672 |         lxc_unpol::lda_c_vwn_lxc_unpol,
    |         ^^^^^^^^^^^^^^^^^^^^^^^^^^^^^^ not a type

error[E0573]: expected type, found module `exc_pol::lda_c_vwn_exc_pol`
   --> src/eval/dispatch.rs:673:9
    |
673 |         exc_pol::lda_c_vwn_exc_pol,    vxc_pol::lda_c_vwn_vxc_pol,
    |         ^^^^^^^^^^^^^^^^^^^^^^^^^^ not a type

error[E0573]: expected type, found module `vxc_pol::lda_c_vwn_vxc_pol`
   --> src/eval/dispatch.rs:673:40
    |
673 |         exc_pol::lda_c_vwn_exc_pol,    vxc_pol::lda_c_vwn_vxc_pol,
    |                                        ^^^^^^^^^^^^^^^^^^^^^^^^^^ not a type

error[E0573]: expected type, found module `fxc_pol::lda_c_vwn_fxc_pol`
   --> src/eval/dispatch.rs:674:9
    |
674 |         fxc_pol::lda_c_vwn_fxc_pol,    kxc_pol::lda_c_vwn_kxc_pol,
    |         ^^^^^^^^^^^^^^^^^^^^^^^^^^ not a type

error[E0573]: expected type, found module `kxc_pol::lda_c_vwn_kxc_pol`
   --> src/eval/dispatch.rs:674:40
    |
674 |         fxc_pol::lda_c_vwn_fxc_pol,    kxc_pol::lda_c_vwn_kxc_pol,
    |                                        ^^^^^^^^^^^^^^^^^^^^^^^^^^ not a type

error[E0573]: expected type, found module `lxc_pol::lda_c_vwn_lxc_pol`
   --> src/eval/dispatch.rs:675:9
    |
675 |         lxc_pol::lda_c_vwn_lxc_pol,
    |         ^^^^^^^^^^^^^^^^^^^^^^^^^^ not a type

error[E0573]: expected type, found module `exc_unpol::lda_c_vwn_rpa_exc_unpol`
   --> src/eval/dispatch.rs:685:9
    |
685 |         exc_unpol::lda_c_vwn_rpa_exc_unpol, vxc_unpol::lda_c_vwn_rpa_vxc_unpol,
    |         ^^^^^^^^^^^^^^^^^^^^^^^^^^^^^^^^^^ not a type

error[E0573]: expected type, found module `vxc_unpol::lda_c_vwn_rpa_vxc_unpol`
   --> src/eval/dispatch.rs:685:45
    |
685 |         exc_unpol::lda_c_vwn_rpa_exc_unpol, vxc_unpol::lda_c_vwn_rpa_vxc_unpol,
    |                                             ^^^^^^^^^^^^^^^^^^^^^^^^^^^^^^^^^^ not a type

error[E0573]: expected type, found module `fxc_unpol::lda_c_vwn_rpa_fxc_unpol`
   --> src/eval/dispatch.rs:686:9
    |
686 |         fxc_unpol::lda_c_vwn_rpa_fxc_unpol, kxc_unpol::lda_c_vwn_rpa_kxc_unpol,
    |         ^^^^^^^^^^^^^^^^^^^^^^^^^^^^^^^^^^ not a type

error[E0573]: expected type, found module `kxc_unpol::lda_c_vwn_rpa_kxc_unpol`
   --> src/eval/dispatch.rs:686:45
    |
686 |         fxc_unpol::lda_c_vwn_rpa_fxc_unpol, kxc_unpol::lda_c_vwn_rpa_kxc_unpol,
    |                                             ^^^^^^^^^^^^^^^^^^^^^^^^^^^^^^^^^^ not a type

error[E0573]: expected type, found module `lxc_unpol::lda_c_vwn_rpa_lxc_unpol`
   --> src/eval/dispatch.rs:687:9
    |
687 |         lxc_unpol::lda_c_vwn_rpa_lxc_unpol,
    |         ^^^^^^^^^^^^^^^^^^^^^^^^^^^^^^^^^^ not a type

error[E0573]: expected type, found module `exc_pol::lda_c_vwn_rpa_exc_pol`
   --> src/eval/dispatch.rs:688:9
    |
688 |         exc_pol::lda_c_vwn_rpa_exc_pol,    vxc_pol::lda_c_vwn_rpa_vxc_pol,
    |         ^^^^^^^^^^^^^^^^^^^^^^^^^^^^^^ not a type

error[E0573]: expected type, found module `vxc_pol::lda_c_vwn_rpa_vxc_pol`
   --> src/eval/dispatch.rs:688:44
    |
688 |         exc_pol::lda_c_vwn_rpa_exc_pol,    vxc_pol::lda_c_vwn_rpa_vxc_pol,
    |                                            ^^^^^^^^^^^^^^^^^^^^^^^^^^^^^^ not a type

error[E0573]: expected type, found module `fxc_pol::lda_c_vwn_rpa_fxc_pol`
   --> src/eval/dispatch.rs:689:9
    |
689 |         fxc_pol::lda_c_vwn_rpa_fxc_pol,    kxc_pol::lda_c_vwn_rpa_kxc_pol,
    |         ^^^^^^^^^^^^^^^^^^^^^^^^^^^^^^ not a type

error[E0573]: expected type, found module `kxc_pol::lda_c_vwn_rpa_kxc_pol`
   --> src/eval/dispatch.rs:689:44
    |
689 |         fxc_pol::lda_c_vwn_rpa_fxc_pol,    kxc_pol::lda_c_vwn_rpa_kxc_pol,
    |                                            ^^^^^^^^^^^^^^^^^^^^^^^^^^^^^^ not a type

error[E0573]: expected type, found module `lxc_pol::lda_c_vwn_rpa_lxc_pol`
   --> src/eval/dispatch.rs:690:9
    |
690 |         lxc_pol::lda_c_vwn_rpa_lxc_pol,
    |         ^^^^^^^^^^^^^^^^^^^^^^^^^^^^^^ not a type

error[E0573]: expected type, found module `exc_unpol::lda_c_vwn_1_exc_unpol`
   --> src/eval/dispatch.rs:700:9
    |
700 |         exc_unpol::lda_c_vwn_1_exc_unpol, vxc_unpol::lda_c_vwn_1_vxc_unpol,
    |         ^^^^^^^^^^^^^^^^^^^^^^^^^^^^^^^^ not a type

error[E0573]: expected type, found module `vxc_unpol::lda_c_vwn_1_vxc_unpol`
   --> src/eval/dispatch.rs:700:43
    |
700 |         exc_unpol::lda_c_vwn_1_exc_unpol, vxc_unpol::lda_c_vwn_1_vxc_unpol,
    |                                           ^^^^^^^^^^^^^^^^^^^^^^^^^^^^^^^^ not a type

error[E0573]: expected type, found module `fxc_unpol::lda_c_vwn_1_fxc_unpol`
   --> src/eval/dispatch.rs:701:9
    |
701 |         fxc_unpol::lda_c_vwn_1_fxc_unpol, kxc_unpol::lda_c_vwn_1_kxc_unpol,
    |         ^^^^^^^^^^^^^^^^^^^^^^^^^^^^^^^^ not a type

error[E0573]: expected type, found module `kxc_unpol::lda_c_vwn_1_kxc_unpol`
   --> src/eval/dispatch.rs:701:43
    |
701 |         fxc_unpol::lda_c_vwn_1_fxc_unpol, kxc_unpol::lda_c_vwn_1_kxc_unpol,
    |                                           ^^^^^^^^^^^^^^^^^^^^^^^^^^^^^^^^ not a type

error[E0573]: expected type, found module `lxc_unpol::lda_c_vwn_1_lxc_unpol`
   --> src/eval/dispatch.rs:702:9
    |
702 |         lxc_unpol::lda_c_vwn_1_lxc_unpol,
    |         ^^^^^^^^^^^^^^^^^^^^^^^^^^^^^^^^ not a type

error[E0573]: expected type, found module `exc_pol::lda_c_vwn_1_exc_pol`
   --> src/eval/dispatch.rs:703:9
    |
703 |         exc_pol::lda_c_vwn_1_exc_pol,    vxc_pol::lda_c_vwn_1_vxc_pol,
    |         ^^^^^^^^^^^^^^^^^^^^^^^^^^^^ not a type

error[E0573]: expected type, found module `vxc_pol::lda_c_vwn_1_vxc_pol`
   --> src/eval/dispatch.rs:703:42
    |
703 |         exc_pol::lda_c_vwn_1_exc_pol,    vxc_pol::lda_c_vwn_1_vxc_pol,
    |                                          ^^^^^^^^^^^^^^^^^^^^^^^^^^^^ not a type

error[E0573]: expected type, found module `fxc_pol::lda_c_vwn_1_fxc_pol`
   --> src/eval/dispatch.rs:704:9
    |
704 |         fxc_pol::lda_c_vwn_1_fxc_pol,    kxc_pol::lda_c_vwn_1_kxc_pol,
    |         ^^^^^^^^^^^^^^^^^^^^^^^^^^^^ not a type

error[E0573]: expected type, found module `kxc_pol::lda_c_vwn_1_kxc_pol`
   --> src/eval/dispatch.rs:704:42
    |
704 |         fxc_pol::lda_c_vwn_1_fxc_pol,    kxc_pol::lda_c_vwn_1_kxc_pol,
    |                                          ^^^^^^^^^^^^^^^^^^^^^^^^^^^^ not a type

error[E0573]: expected type, found module `lxc_pol::lda_c_vwn_1_lxc_pol`
   --> src/eval/dispatch.rs:705:9
    |
705 |         lxc_pol::lda_c_vwn_1_lxc_pol,
    |         ^^^^^^^^^^^^^^^^^^^^^^^^^^^^ not a type

error[E0573]: expected type, found module `exc_unpol::lda_c_vwn_2_exc_unpol`
   --> src/eval/dispatch.rs:715:9
    |
715 |         exc_unpol::lda_c_vwn_2_exc_unpol, vxc_unpol::lda_c_vwn_2_vxc_unpol,
    |         ^^^^^^^^^^^^^^^^^^^^^^^^^^^^^^^^ not a type

error[E0573]: expected type, found module `vxc_unpol::lda_c_vwn_2_vxc_unpol`
   --> src/eval/dispatch.rs:715:43
    |
715 |         exc_unpol::lda_c_vwn_2_exc_unpol, vxc_unpol::lda_c_vwn_2_vxc_unpol,
    |                                           ^^^^^^^^^^^^^^^^^^^^^^^^^^^^^^^^ not a type

error[E0573]: expected type, found module `fxc_unpol::lda_c_vwn_2_fxc_unpol`
   --> src/eval/dispatch.rs:716:9
    |
716 |         fxc_unpol::lda_c_vwn_2_fxc_unpol, kxc_unpol::lda_c_vwn_2_kxc_unpol,
    |         ^^^^^^^^^^^^^^^^^^^^^^^^^^^^^^^^ not a type

error[E0573]: expected type, found module `kxc_unpol::lda_c_vwn_2_kxc_unpol`
   --> src/eval/dispatch.rs:716:43
    |
716 |         fxc_unpol::lda_c_vwn_2_fxc_unpol, kxc_unpol::lda_c_vwn_2_kxc_unpol,
    |                                           ^^^^^^^^^^^^^^^^^^^^^^^^^^^^^^^^ not a type

error[E0573]: expected type, found module `lxc_unpol::lda_c_vwn_2_lxc_unpol`
   --> src/eval/dispatch.rs:717:9
    |
717 |         lxc_unpol::lda_c_vwn_2_lxc_unpol,
    |         ^^^^^^^^^^^^^^^^^^^^^^^^^^^^^^^^ not a type

error[E0573]: expected type, found module `exc_pol::lda_c_vwn_2_exc_pol`
   --> src/eval/dispatch.rs:718:9
    |
718 |         exc_pol::lda_c_vwn_2_exc_pol,    vxc_pol::lda_c_vwn_2_vxc_pol,
    |         ^^^^^^^^^^^^^^^^^^^^^^^^^^^^ not a type

error[E0573]: expected type, found module `vxc_pol::lda_c_vwn_2_vxc_pol`
   --> src/eval/dispatch.rs:718:42
    |
718 |         exc_pol::lda_c_vwn_2_exc_pol,    vxc_pol::lda_c_vwn_2_vxc_pol,
    |                                          ^^^^^^^^^^^^^^^^^^^^^^^^^^^^ not a type

error[E0573]: expected type, found module `fxc_pol::lda_c_vwn_2_fxc_pol`
   --> src/eval/dispatch.rs:719:9
    |
719 |         fxc_pol::lda_c_vwn_2_fxc_pol,    kxc_pol::lda_c_vwn_2_kxc_pol,
    |         ^^^^^^^^^^^^^^^^^^^^^^^^^^^^ not a type

error[E0573]: expected type, found module `kxc_pol::lda_c_vwn_2_kxc_pol`
   --> src/eval/dispatch.rs:719:42
    |
719 |         fxc_pol::lda_c_vwn_2_fxc_pol,    kxc_pol::lda_c_vwn_2_kxc_pol,
    |                                          ^^^^^^^^^^^^^^^^^^^^^^^^^^^^ not a type

error[E0573]: expected type, found module `lxc_pol::lda_c_vwn_2_lxc_pol`
   --> src/eval/dispatch.rs:720:9
    |
720 |         lxc_pol::lda_c_vwn_2_lxc_pol,
    |         ^^^^^^^^^^^^^^^^^^^^^^^^^^^^ not a type

error[E0573]: expected type, found module `exc_unpol::lda_c_vwn_3_exc_unpol`
   --> src/eval/dispatch.rs:730:9
    |
730 |         exc_unpol::lda_c_vwn_3_exc_unpol, vxc_unpol::lda_c_vwn_3_vxc_unpol,
    |         ^^^^^^^^^^^^^^^^^^^^^^^^^^^^^^^^ not a type

error[E0573]: expected type, found module `vxc_unpol::lda_c_vwn_3_vxc_unpol`
   --> src/eval/dispatch.rs:730:43
    |
730 |         exc_unpol::lda_c_vwn_3_exc_unpol, vxc_unpol::lda_c_vwn_3_vxc_unpol,
    |                                           ^^^^^^^^^^^^^^^^^^^^^^^^^^^^^^^^ not a type

error[E0573]: expected type, found module `fxc_unpol::lda_c_vwn_3_fxc_unpol`
   --> src/eval/dispatch.rs:731:9
    |
731 |         fxc_unpol::lda_c_vwn_3_fxc_unpol, kxc_unpol::lda_c_vwn_3_kxc_unpol,
    |         ^^^^^^^^^^^^^^^^^^^^^^^^^^^^^^^^ not a type

error[E0573]: expected type, found module `kxc_unpol::lda_c_vwn_3_kxc_unpol`
   --> src/eval/dispatch.rs:731:43
    |
731 |         fxc_unpol::lda_c_vwn_3_fxc_unpol, kxc_unpol::lda_c_vwn_3_kxc_unpol,
    |                                           ^^^^^^^^^^^^^^^^^^^^^^^^^^^^^^^^ not a type

error[E0573]: expected type, found module `lxc_unpol::lda_c_vwn_3_lxc_unpol`
   --> src/eval/dispatch.rs:732:9
    |
732 |         lxc_unpol::lda_c_vwn_3_lxc_unpol,
    |         ^^^^^^^^^^^^^^^^^^^^^^^^^^^^^^^^ not a type

error[E0573]: expected type, found module `exc_pol::lda_c_vwn_3_exc_pol`
   --> src/eval/dispatch.rs:733:9
    |
733 |         exc_pol::lda_c_vwn_3_exc_pol,    vxc_pol::lda_c_vwn_3_vxc_pol,
    |         ^^^^^^^^^^^^^^^^^^^^^^^^^^^^ not a type

error[E0573]: expected type, found module `vxc_pol::lda_c_vwn_3_vxc_pol`
   --> src/eval/dispatch.rs:733:42
    |
733 |         exc_pol::lda_c_vwn_3_exc_pol,    vxc_pol::lda_c_vwn_3_vxc_pol,
    |                                          ^^^^^^^^^^^^^^^^^^^^^^^^^^^^ not a type

error[E0573]: expected type, found module `fxc_pol::lda_c_vwn_3_fxc_pol`
   --> src/eval/dispatch.rs:734:9
    |
734 |         fxc_pol::lda_c_vwn_3_fxc_pol,    kxc_pol::lda_c_vwn_3_kxc_pol,
    |         ^^^^^^^^^^^^^^^^^^^^^^^^^^^^ not a type

error[E0573]: expected type, found module `kxc_pol::lda_c_vwn_3_kxc_pol`
   --> src/eval/dispatch.rs:734:42
    |
734 |         fxc_pol::lda_c_vwn_3_fxc_pol,    kxc_pol::lda_c_vwn_3_kxc_pol,
    |                                          ^^^^^^^^^^^^^^^^^^^^^^^^^^^^ not a type

error[E0573]: expected type, found module `lxc_pol::lda_c_vwn_3_lxc_pol`
   --> src/eval/dispatch.rs:735:9
    |
735 |         lxc_pol::lda_c_vwn_3_lxc_pol,
    |         ^^^^^^^^^^^^^^^^^^^^^^^^^^^^ not a type

error[E0573]: expected type, found module `exc_unpol::lda_c_vwn_4_exc_unpol`
   --> src/eval/dispatch.rs:745:9
    |
745 |         exc_unpol::lda_c_vwn_4_exc_unpol, vxc_unpol::lda_c_vwn_4_vxc_unpol,
    |         ^^^^^^^^^^^^^^^^^^^^^^^^^^^^^^^^ not a type

error[E0573]: expected type, found module `vxc_unpol::lda_c_vwn_4_vxc_unpol`
   --> src/eval/dispatch.rs:745:43
    |
745 |         exc_unpol::lda_c_vwn_4_exc_unpol, vxc_unpol::lda_c_vwn_4_vxc_unpol,
    |                                           ^^^^^^^^^^^^^^^^^^^^^^^^^^^^^^^^ not a type

error[E0573]: expected type, found module `fxc_unpol::lda_c_vwn_4_fxc_unpol`
   --> src/eval/dispatch.rs:746:9
    |
746 |         fxc_unpol::lda_c_vwn_4_fxc_unpol, kxc_unpol::lda_c_vwn_4_kxc_unpol,
    |         ^^^^^^^^^^^^^^^^^^^^^^^^^^^^^^^^ not a type

error[E0573]: expected type, found module `kxc_unpol::lda_c_vwn_4_kxc_unpol`
   --> src/eval/dispatch.rs:746:43
    |
746 |         fxc_unpol::lda_c_vwn_4_fxc_unpol, kxc_unpol::lda_c_vwn_4_kxc_unpol,
    |                                           ^^^^^^^^^^^^^^^^^^^^^^^^^^^^^^^^ not a type

error[E0573]: expected type, found module `lxc_unpol::lda_c_vwn_4_lxc_unpol`
   --> src/eval/dispatch.rs:747:9
    |
747 |         lxc_unpol::lda_c_vwn_4_lxc_unpol,
    |         ^^^^^^^^^^^^^^^^^^^^^^^^^^^^^^^^ not a type

error[E0573]: expected type, found module `exc_pol::lda_c_vwn_4_exc_pol`
   --> src/eval/dispatch.rs:748:9
    |
748 |         exc_pol::lda_c_vwn_4_exc_pol,    vxc_pol::lda_c_vwn_4_vxc_pol,
    |         ^^^^^^^^^^^^^^^^^^^^^^^^^^^^ not a type

error[E0573]: expected type, found module `vxc_pol::lda_c_vwn_4_vxc_pol`
   --> src/eval/dispatch.rs:748:42
    |
748 |         exc_pol::lda_c_vwn_4_exc_pol,    vxc_pol::lda_c_vwn_4_vxc_pol,
    |                                          ^^^^^^^^^^^^^^^^^^^^^^^^^^^^ not a type

error[E0573]: expected type, found module `fxc_pol::lda_c_vwn_4_fxc_pol`
   --> src/eval/dispatch.rs:749:9
    |
749 |         fxc_pol::lda_c_vwn_4_fxc_pol,    kxc_pol::lda_c_vwn_4_kxc_pol,
    |         ^^^^^^^^^^^^^^^^^^^^^^^^^^^^ not a type

error[E0573]: expected type, found module `kxc_pol::lda_c_vwn_4_kxc_pol`
   --> src/eval/dispatch.rs:749:42
    |
749 |         fxc_pol::lda_c_vwn_4_fxc_pol,    kxc_pol::lda_c_vwn_4_kxc_pol,
    |                                          ^^^^^^^^^^^^^^^^^^^^^^^^^^^^ not a type

error[E0573]: expected type, found module `lxc_pol::lda_c_vwn_4_lxc_pol`
   --> src/eval/dispatch.rs:750:9
    |
750 |         lxc_pol::lda_c_vwn_4_lxc_pol,
    |         ^^^^^^^^^^^^^^^^^^^^^^^^^^^^ not a type

error[E0573]: expected type, found module `exc_unpol::lda_c_pz_exc_unpol`
   --> src/eval/dispatch.rs:765:9
    |
765 |         exc_unpol::lda_c_pz_exc_unpol, vxc_unpol::lda_c_pz_vxc_unpol,
    |         ^^^^^^^^^^^^^^^^^^^^^^^^^^^^^ not a type

error[E0573]: expected type, found module `vxc_unpol::lda_c_pz_vxc_unpol`
   --> src/eval/dispatch.rs:765:40
    |
765 |         exc_unpol::lda_c_pz_exc_unpol, vxc_unpol::lda_c_pz_vxc_unpol,
    |                                        ^^^^^^^^^^^^^^^^^^^^^^^^^^^^^ not a type

error[E0573]: expected type, found module `fxc_unpol::lda_c_pz_fxc_unpol`
   --> src/eval/dispatch.rs:766:9
    |
766 |         fxc_unpol::lda_c_pz_fxc_unpol, kxc_unpol::lda_c_pz_kxc_unpol,
    |         ^^^^^^^^^^^^^^^^^^^^^^^^^^^^^ not a type

error[E0573]: expected type, found module `kxc_unpol::lda_c_pz_kxc_unpol`
   --> src/eval/dispatch.rs:766:40
    |
766 |         fxc_unpol::lda_c_pz_fxc_unpol, kxc_unpol::lda_c_pz_kxc_unpol,
    |                                        ^^^^^^^^^^^^^^^^^^^^^^^^^^^^^ not a type

error[E0573]: expected type, found module `lxc_unpol::lda_c_pz_lxc_unpol`
   --> src/eval/dispatch.rs:767:9
    |
767 |         lxc_unpol::lda_c_pz_lxc_unpol,
    |         ^^^^^^^^^^^^^^^^^^^^^^^^^^^^^ not a type

error[E0573]: expected type, found module `exc_pol::lda_c_pz_exc_pol`
   --> src/eval/dispatch.rs:768:9
    |
768 |         exc_pol::lda_c_pz_exc_pol,    vxc_pol::lda_c_pz_vxc_pol,
    |         ^^^^^^^^^^^^^^^^^^^^^^^^^ not a type

error[E0573]: expected type, found module `vxc_pol::lda_c_pz_vxc_pol`
   --> src/eval/dispatch.rs:768:39
    |
768 |         exc_pol::lda_c_pz_exc_pol,    vxc_pol::lda_c_pz_vxc_pol,
    |                                       ^^^^^^^^^^^^^^^^^^^^^^^^^ not a type

error[E0573]: expected type, found module `fxc_pol::lda_c_pz_fxc_pol`
   --> src/eval/dispatch.rs:769:9
    |
769 |         fxc_pol::lda_c_pz_fxc_pol,    kxc_pol::lda_c_pz_kxc_pol,
    |         ^^^^^^^^^^^^^^^^^^^^^^^^^ not a type

error[E0573]: expected type, found module `kxc_pol::lda_c_pz_kxc_pol`
   --> src/eval/dispatch.rs:769:39
    |
769 |         fxc_pol::lda_c_pz_fxc_pol,    kxc_pol::lda_c_pz_kxc_pol,
    |                                       ^^^^^^^^^^^^^^^^^^^^^^^^^ not a type

error[E0573]: expected type, found module `lxc_pol::lda_c_pz_lxc_pol`
   --> src/eval/dispatch.rs:770:9
    |
770 |         lxc_pol::lda_c_pz_lxc_pol,
    |         ^^^^^^^^^^^^^^^^^^^^^^^^^ not a type

error[E0573]: expected type, found module `exc_unpol::lda_c_pw_exc_unpol`
   --> src/eval/dispatch.rs:793:9
    |
793 |         exc_unpol::lda_c_pw_exc_unpol, vxc_unpol::lda_c_pw_vxc_unpol,
    |         ^^^^^^^^^^^^^^^^^^^^^^^^^^^^^ not a type

error[E0573]: expected type, found module `vxc_unpol::lda_c_pw_vxc_unpol`
   --> src/eval/dispatch.rs:793:40
    |
793 |         exc_unpol::lda_c_pw_exc_unpol, vxc_unpol::lda_c_pw_vxc_unpol,
    |                                        ^^^^^^^^^^^^^^^^^^^^^^^^^^^^^ not a type

error[E0573]: expected type, found module `fxc_unpol::lda_c_pw_fxc_unpol`
   --> src/eval/dispatch.rs:794:9
    |
794 |         fxc_unpol::lda_c_pw_fxc_unpol, kxc_unpol::lda_c_pw_kxc_unpol,
    |         ^^^^^^^^^^^^^^^^^^^^^^^^^^^^^ not a type

error[E0573]: expected type, found module `kxc_unpol::lda_c_pw_kxc_unpol`
   --> src/eval/dispatch.rs:794:40
    |
794 |         fxc_unpol::lda_c_pw_fxc_unpol, kxc_unpol::lda_c_pw_kxc_unpol,
    |                                        ^^^^^^^^^^^^^^^^^^^^^^^^^^^^^ not a type

error[E0573]: expected type, found module `lxc_unpol::lda_c_pw_lxc_unpol`
   --> src/eval/dispatch.rs:795:9
    |
795 |         lxc_unpol::lda_c_pw_lxc_unpol,
    |         ^^^^^^^^^^^^^^^^^^^^^^^^^^^^^ not a type

error[E0573]: expected type, found module `exc_pol::lda_c_pw_exc_pol`
   --> src/eval/dispatch.rs:796:9
    |
796 |         exc_pol::lda_c_pw_exc_pol,    vxc_pol::lda_c_pw_vxc_pol,
    |         ^^^^^^^^^^^^^^^^^^^^^^^^^ not a type

error[E0573]: expected type, found module `vxc_pol::lda_c_pw_vxc_pol`
   --> src/eval/dispatch.rs:796:39
    |
796 |         exc_pol::lda_c_pw_exc_pol,    vxc_pol::lda_c_pw_vxc_pol,
    |                                       ^^^^^^^^^^^^^^^^^^^^^^^^^ not a type

error[E0573]: expected type, found module `fxc_pol::lda_c_pw_fxc_pol`
   --> src/eval/dispatch.rs:797:9
    |
797 |         fxc_pol::lda_c_pw_fxc_pol,    kxc_pol::lda_c_pw_kxc_pol,
    |         ^^^^^^^^^^^^^^^^^^^^^^^^^ not a type

error[E0573]: expected type, found module `kxc_pol::lda_c_pw_kxc_pol`
   --> src/eval/dispatch.rs:797:39
    |
797 |         fxc_pol::lda_c_pw_fxc_pol,    kxc_pol::lda_c_pw_kxc_pol,
    |                                       ^^^^^^^^^^^^^^^^^^^^^^^^^ not a type

error[E0573]: expected type, found module `lxc_pol::lda_c_pw_lxc_pol`
   --> src/eval/dispatch.rs:798:9
    |
798 |         lxc_pol::lda_c_pw_lxc_pol,
    |         ^^^^^^^^^^^^^^^^^^^^^^^^^ not a type

error[E0573]: expected type, found module `exc_unpol::lda_c_wigner_exc_unpol`
   --> src/eval/dispatch.rs:818:9
    |
818 |         exc_unpol::lda_c_wigner_exc_unpol, vxc_unpol::lda_c_wigner_vxc_unpol,
    |         ^^^^^^^^^^^^^^^^^^^^^^^^^^^^^^^^^ not a type

error[E0573]: expected type, found module `vxc_unpol::lda_c_wigner_vxc_unpol`
   --> src/eval/dispatch.rs:818:44
    |
818 |         exc_unpol::lda_c_wigner_exc_unpol, vxc_unpol::lda_c_wigner_vxc_unpol,
    |                                            ^^^^^^^^^^^^^^^^^^^^^^^^^^^^^^^^^ not a type

error[E0573]: expected type, found module `fxc_unpol::lda_c_wigner_fxc_unpol`
   --> src/eval/dispatch.rs:819:9
    |
819 |         fxc_unpol::lda_c_wigner_fxc_unpol, kxc_unpol::lda_c_wigner_kxc_unpol,
    |         ^^^^^^^^^^^^^^^^^^^^^^^^^^^^^^^^^ not a type

error[E0573]: expected type, found module `kxc_unpol::lda_c_wigner_kxc_unpol`
   --> src/eval/dispatch.rs:819:44
    |
819 |         fxc_unpol::lda_c_wigner_fxc_unpol, kxc_unpol::lda_c_wigner_kxc_unpol,
    |                                            ^^^^^^^^^^^^^^^^^^^^^^^^^^^^^^^^^ not a type

error[E0573]: expected type, found module `lxc_unpol::lda_c_wigner_lxc_unpol`
   --> src/eval/dispatch.rs:820:9
    |
820 |         lxc_unpol::lda_c_wigner_lxc_unpol,
    |         ^^^^^^^^^^^^^^^^^^^^^^^^^^^^^^^^^ not a type

error[E0573]: expected type, found module `exc_pol::lda_c_wigner_exc_pol`
   --> src/eval/dispatch.rs:821:9
    |
821 |         exc_pol::lda_c_wigner_exc_pol,    vxc_pol::lda_c_wigner_vxc_pol,
    |         ^^^^^^^^^^^^^^^^^^^^^^^^^^^^^ not a type

error[E0573]: expected type, found module `vxc_pol::lda_c_wigner_vxc_pol`
   --> src/eval/dispatch.rs:821:43
    |
821 |         exc_pol::lda_c_wigner_exc_pol,    vxc_pol::lda_c_wigner_vxc_pol,
    |                                           ^^^^^^^^^^^^^^^^^^^^^^^^^^^^^ not a type

error[E0573]: expected type, found module `fxc_pol::lda_c_wigner_fxc_pol`
   --> src/eval/dispatch.rs:822:9
    |
822 |         fxc_pol::lda_c_wigner_fxc_pol,    kxc_pol::lda_c_wigner_kxc_pol,
    |         ^^^^^^^^^^^^^^^^^^^^^^^^^^^^^ not a type

error[E0573]: expected type, found module `kxc_pol::lda_c_wigner_kxc_pol`
   --> src/eval/dispatch.rs:822:43
    |
822 |         fxc_pol::lda_c_wigner_fxc_pol,    kxc_pol::lda_c_wigner_kxc_pol,
    |                                           ^^^^^^^^^^^^^^^^^^^^^^^^^^^^^ not a type

error[E0573]: expected type, found module `lxc_pol::lda_c_wigner_lxc_pol`
   --> src/eval/dispatch.rs:823:9
    |
823 |         lxc_pol::lda_c_wigner_lxc_pol,
    |         ^^^^^^^^^^^^^^^^^^^^^^^^^^^^^ not a type

error[E0573]: expected type, found module `exc_unpol::lda_c_rc04_exc_unpol`
   --> src/eval/dispatch.rs:833:9
    |
833 |         exc_unpol::lda_c_rc04_exc_unpol, vxc_unpol::lda_c_rc04_vxc_unpol,
    |         ^^^^^^^^^^^^^^^^^^^^^^^^^^^^^^^ not a type

error[E0573]: expected type, found module `vxc_unpol::lda_c_rc04_vxc_unpol`
   --> src/eval/dispatch.rs:833:42
    |
833 |         exc_unpol::lda_c_rc04_exc_unpol, vxc_unpol::lda_c_rc04_vxc_unpol,
    |                                          ^^^^^^^^^^^^^^^^^^^^^^^^^^^^^^^ not a type

error[E0573]: expected type, found module `fxc_unpol::lda_c_rc04_fxc_unpol`
   --> src/eval/dispatch.rs:834:9
    |
834 |         fxc_unpol::lda_c_rc04_fxc_unpol, kxc_unpol::lda_c_rc04_kxc_unpol,
    |         ^^^^^^^^^^^^^^^^^^^^^^^^^^^^^^^ not a type

error[E0573]: expected type, found module `kxc_unpol::lda_c_rc04_kxc_unpol`
   --> src/eval/dispatch.rs:834:42
    |
834 |         fxc_unpol::lda_c_rc04_fxc_unpol, kxc_unpol::lda_c_rc04_kxc_unpol,
    |                                          ^^^^^^^^^^^^^^^^^^^^^^^^^^^^^^^ not a type

error[E0573]: expected type, found module `lxc_unpol::lda_c_rc04_lxc_unpol`
   --> src/eval/dispatch.rs:835:9
    |
835 |         lxc_unpol::lda_c_rc04_lxc_unpol,
    |         ^^^^^^^^^^^^^^^^^^^^^^^^^^^^^^^ not a type

error[E0573]: expected type, found module `exc_pol::lda_c_rc04_exc_pol`
   --> src/eval/dispatch.rs:836:9
    |
836 |         exc_pol::lda_c_rc04_exc_pol,    vxc_pol::lda_c_rc04_vxc_pol,
    |         ^^^^^^^^^^^^^^^^^^^^^^^^^^^ not a type

error[E0573]: expected type, found module `vxc_pol::lda_c_rc04_vxc_pol`
   --> src/eval/dispatch.rs:836:41
    |
836 |         exc_pol::lda_c_rc04_exc_pol,    vxc_pol::lda_c_rc04_vxc_pol,
    |                                         ^^^^^^^^^^^^^^^^^^^^^^^^^^^ not a type

error[E0573]: expected type, found module `fxc_pol::lda_c_rc04_fxc_pol`
   --> src/eval/dispatch.rs:837:9
    |
837 |         fxc_pol::lda_c_rc04_fxc_pol,    kxc_pol::lda_c_rc04_kxc_pol,
    |         ^^^^^^^^^^^^^^^^^^^^^^^^^^^ not a type

error[E0573]: expected type, found module `kxc_pol::lda_c_rc04_kxc_pol`
   --> src/eval/dispatch.rs:837:41
    |
837 |         fxc_pol::lda_c_rc04_fxc_pol,    kxc_pol::lda_c_rc04_kxc_pol,
    |                                         ^^^^^^^^^^^^^^^^^^^^^^^^^^^ not a type

error[E0573]: expected type, found module `lxc_pol::lda_c_rc04_lxc_pol`
   --> src/eval/dispatch.rs:838:9
    |
838 |         lxc_pol::lda_c_rc04_lxc_pol,
    |         ^^^^^^^^^^^^^^^^^^^^^^^^^^^ not a type

error[E0573]: expected type, found module `exc_unpol::lda_c_2d_amgb_exc_unpol`
   --> src/eval/dispatch.rs:848:9
    |
848 |         exc_unpol::lda_c_2d_amgb_exc_unpol, vxc_unpol::lda_c_2d_amgb_vxc_unpol,
    |         ^^^^^^^^^^^^^^^^^^^^^^^^^^^^^^^^^^ not a type

error[E0573]: expected type, found module `vxc_unpol::lda_c_2d_amgb_vxc_unpol`
   --> src/eval/dispatch.rs:848:45
    |
848 |         exc_unpol::lda_c_2d_amgb_exc_unpol, vxc_unpol::lda_c_2d_amgb_vxc_unpol,
    |                                             ^^^^^^^^^^^^^^^^^^^^^^^^^^^^^^^^^^ not a type

error[E0573]: expected type, found module `fxc_unpol::lda_c_2d_amgb_fxc_unpol`
   --> src/eval/dispatch.rs:849:9
    |
849 |         fxc_unpol::lda_c_2d_amgb_fxc_unpol, kxc_unpol::lda_c_2d_amgb_kxc_unpol,
    |         ^^^^^^^^^^^^^^^^^^^^^^^^^^^^^^^^^^ not a type

error[E0573]: expected type, found module `kxc_unpol::lda_c_2d_amgb_kxc_unpol`
   --> src/eval/dispatch.rs:849:45
    |
849 |         fxc_unpol::lda_c_2d_amgb_fxc_unpol, kxc_unpol::lda_c_2d_amgb_kxc_unpol,
    |                                             ^^^^^^^^^^^^^^^^^^^^^^^^^^^^^^^^^^ not a type

error[E0573]: expected type, found module `lxc_unpol::lda_c_2d_amgb_lxc_unpol`
   --> src/eval/dispatch.rs:850:9
    |
850 |         lxc_unpol::lda_c_2d_amgb_lxc_unpol,
    |         ^^^^^^^^^^^^^^^^^^^^^^^^^^^^^^^^^^ not a type

error[E0573]: expected type, found module `exc_pol::lda_c_2d_amgb_exc_pol`
   --> src/eval/dispatch.rs:851:9
    |
851 |         exc_pol::lda_c_2d_amgb_exc_pol,    vxc_pol::lda_c_2d_amgb_vxc_pol,
    |         ^^^^^^^^^^^^^^^^^^^^^^^^^^^^^^ not a type

error[E0573]: expected type, found module `vxc_pol::lda_c_2d_amgb_vxc_pol`
   --> src/eval/dispatch.rs:851:44
    |
851 |         exc_pol::lda_c_2d_amgb_exc_pol,    vxc_pol::lda_c_2d_amgb_vxc_pol,
    |                                            ^^^^^^^^^^^^^^^^^^^^^^^^^^^^^^ not a type

error[E0573]: expected type, found module `fxc_pol::lda_c_2d_amgb_fxc_pol`
   --> src/eval/dispatch.rs:852:9
    |
852 |         fxc_pol::lda_c_2d_amgb_fxc_pol,    kxc_pol::lda_c_2d_amgb_kxc_pol,
    |         ^^^^^^^^^^^^^^^^^^^^^^^^^^^^^^ not a type

error[E0573]: expected type, found module `kxc_pol::lda_c_2d_amgb_kxc_pol`
   --> src/eval/dispatch.rs:852:44
    |
852 |         fxc_pol::lda_c_2d_amgb_fxc_pol,    kxc_pol::lda_c_2d_amgb_kxc_pol,
    |                                            ^^^^^^^^^^^^^^^^^^^^^^^^^^^^^^ not a type

error[E0573]: expected type, found module `lxc_pol::lda_c_2d_amgb_lxc_pol`
   --> src/eval/dispatch.rs:853:9
    |
853 |         lxc_pol::lda_c_2d_amgb_lxc_pol,
    |         ^^^^^^^^^^^^^^^^^^^^^^^^^^^^^^ not a type

error[E0573]: expected type, found module `exc_unpol::lda_c_2d_prm_exc_unpol`
   --> src/eval/dispatch.rs:866:9
    |
866 |         exc_unpol::lda_c_2d_prm_exc_unpol, vxc_unpol::lda_c_2d_prm_vxc_unpol,
    |         ^^^^^^^^^^^^^^^^^^^^^^^^^^^^^^^^^ not a type

error[E0573]: expected type, found module `vxc_unpol::lda_c_2d_prm_vxc_unpol`
   --> src/eval/dispatch.rs:866:44
    |
866 |         exc_unpol::lda_c_2d_prm_exc_unpol, vxc_unpol::lda_c_2d_prm_vxc_unpol,
    |                                            ^^^^^^^^^^^^^^^^^^^^^^^^^^^^^^^^^ not a type

error[E0573]: expected type, found module `fxc_unpol::lda_c_2d_prm_fxc_unpol`
   --> src/eval/dispatch.rs:867:9
    |
867 |         fxc_unpol::lda_c_2d_prm_fxc_unpol, kxc_unpol::lda_c_2d_prm_kxc_unpol,
    |         ^^^^^^^^^^^^^^^^^^^^^^^^^^^^^^^^^ not a type

error[E0573]: expected type, found module `kxc_unpol::lda_c_2d_prm_kxc_unpol`
   --> src/eval/dispatch.rs:867:44
    |
867 |         fxc_unpol::lda_c_2d_prm_fxc_unpol, kxc_unpol::lda_c_2d_prm_kxc_unpol,
    |                                            ^^^^^^^^^^^^^^^^^^^^^^^^^^^^^^^^^ not a type

error[E0573]: expected type, found module `lxc_unpol::lda_c_2d_prm_lxc_unpol`
   --> src/eval/dispatch.rs:868:9
    |
868 |         lxc_unpol::lda_c_2d_prm_lxc_unpol,
    |         ^^^^^^^^^^^^^^^^^^^^^^^^^^^^^^^^^ not a type

error[E0573]: expected type, found module `exc_pol::lda_c_2d_prm_exc_pol`
   --> src/eval/dispatch.rs:869:9
    |
869 |         exc_pol::lda_c_2d_prm_exc_pol,    vxc_pol::lda_c_2d_prm_vxc_pol,
    |         ^^^^^^^^^^^^^^^^^^^^^^^^^^^^^ not a type

error[E0573]: expected type, found module `vxc_pol::lda_c_2d_prm_vxc_pol`
   --> src/eval/dispatch.rs:869:43
    |
869 |         exc_pol::lda_c_2d_prm_exc_pol,    vxc_pol::lda_c_2d_prm_vxc_pol,
    |                                           ^^^^^^^^^^^^^^^^^^^^^^^^^^^^^ not a type

error[E0573]: expected type, found module `fxc_pol::lda_c_2d_prm_fxc_pol`
   --> src/eval/dispatch.rs:870:9
    |
870 |         fxc_pol::lda_c_2d_prm_fxc_pol,    kxc_pol::lda_c_2d_prm_kxc_pol,
    |         ^^^^^^^^^^^^^^^^^^^^^^^^^^^^^ not a type

error[E0573]: expected type, found module `kxc_pol::lda_c_2d_prm_kxc_pol`
   --> src/eval/dispatch.rs:870:43
    |
870 |         fxc_pol::lda_c_2d_prm_fxc_pol,    kxc_pol::lda_c_2d_prm_kxc_pol,
    |                                           ^^^^^^^^^^^^^^^^^^^^^^^^^^^^^ not a type

error[E0573]: expected type, found module `lxc_pol::lda_c_2d_prm_lxc_pol`
   --> src/eval/dispatch.rs:871:9
    |
871 |         lxc_pol::lda_c_2d_prm_lxc_pol,
    |         ^^^^^^^^^^^^^^^^^^^^^^^^^^^^^ not a type

error[E0573]: expected type, found module `exc_unpol::lda_c_1d_csc_exc_unpol`
   --> src/eval/dispatch.rs:884:9
    |
884 |         exc_unpol::lda_c_1d_csc_exc_unpol, vxc_unpol::lda_c_1d_csc_vxc_unpol,
    |         ^^^^^^^^^^^^^^^^^^^^^^^^^^^^^^^^^ not a type

error[E0573]: expected type, found module `vxc_unpol::lda_c_1d_csc_vxc_unpol`
   --> src/eval/dispatch.rs:884:44
    |
884 |         exc_unpol::lda_c_1d_csc_exc_unpol, vxc_unpol::lda_c_1d_csc_vxc_unpol,
    |                                            ^^^^^^^^^^^^^^^^^^^^^^^^^^^^^^^^^ not a type

error[E0573]: expected type, found module `fxc_unpol::lda_c_1d_csc_fxc_unpol`
   --> src/eval/dispatch.rs:885:9
    |
885 |         fxc_unpol::lda_c_1d_csc_fxc_unpol, kxc_unpol::lda_c_1d_csc_kxc_unpol,
    |         ^^^^^^^^^^^^^^^^^^^^^^^^^^^^^^^^^ not a type

error[E0573]: expected type, found module `kxc_unpol::lda_c_1d_csc_kxc_unpol`
   --> src/eval/dispatch.rs:885:44
    |
885 |         fxc_unpol::lda_c_1d_csc_fxc_unpol, kxc_unpol::lda_c_1d_csc_kxc_unpol,
    |                                            ^^^^^^^^^^^^^^^^^^^^^^^^^^^^^^^^^ not a type

error[E0573]: expected type, found module `lxc_unpol::lda_c_1d_csc_lxc_unpol`
   --> src/eval/dispatch.rs:886:9
    |
886 |         lxc_unpol::lda_c_1d_csc_lxc_unpol,
    |         ^^^^^^^^^^^^^^^^^^^^^^^^^^^^^^^^^ not a type

error[E0573]: expected type, found module `exc_pol::lda_c_1d_csc_exc_pol`
   --> src/eval/dispatch.rs:887:9
    |
887 |         exc_pol::lda_c_1d_csc_exc_pol,    vxc_pol::lda_c_1d_csc_vxc_pol,
    |         ^^^^^^^^^^^^^^^^^^^^^^^^^^^^^ not a type

error[E0573]: expected type, found module `vxc_pol::lda_c_1d_csc_vxc_pol`
   --> src/eval/dispatch.rs:887:43
    |
887 |         exc_pol::lda_c_1d_csc_exc_pol,    vxc_pol::lda_c_1d_csc_vxc_pol,
    |                                           ^^^^^^^^^^^^^^^^^^^^^^^^^^^^^ not a type

error[E0573]: expected type, found module `fxc_pol::lda_c_1d_csc_fxc_pol`
   --> src/eval/dispatch.rs:888:9
    |
888 |         fxc_pol::lda_c_1d_csc_fxc_pol,    kxc_pol::lda_c_1d_csc_kxc_pol,
    |         ^^^^^^^^^^^^^^^^^^^^^^^^^^^^^ not a type

error[E0573]: expected type, found module `kxc_pol::lda_c_1d_csc_kxc_pol`
   --> src/eval/dispatch.rs:888:43
    |
888 |         fxc_pol::lda_c_1d_csc_fxc_pol,    kxc_pol::lda_c_1d_csc_kxc_pol,
    |                                           ^^^^^^^^^^^^^^^^^^^^^^^^^^^^^ not a type

error[E0573]: expected type, found module `lxc_pol::lda_c_1d_csc_lxc_pol`
   --> src/eval/dispatch.rs:889:9
    |
889 |         lxc_pol::lda_c_1d_csc_lxc_pol,
    |         ^^^^^^^^^^^^^^^^^^^^^^^^^^^^^ not a type

error[E0573]: expected type, found module `exc_unpol::lda_c_1d_loos_exc_unpol`
   --> src/eval/dispatch.rs:902:9
    |
902 |         exc_unpol::lda_c_1d_loos_exc_unpol, vxc_unpol::lda_c_1d_loos_vxc_unpol,
    |         ^^^^^^^^^^^^^^^^^^^^^^^^^^^^^^^^^^ not a type

error[E0573]: expected type, found module `vxc_unpol::lda_c_1d_loos_vxc_unpol`
   --> src/eval/dispatch.rs:902:45
    |
902 |         exc_unpol::lda_c_1d_loos_exc_unpol, vxc_unpol::lda_c_1d_loos_vxc_unpol,
    |                                             ^^^^^^^^^^^^^^^^^^^^^^^^^^^^^^^^^^ not a type

error[E0573]: expected type, found module `fxc_unpol::lda_c_1d_loos_fxc_unpol`
   --> src/eval/dispatch.rs:903:9
    |
903 |         fxc_unpol::lda_c_1d_loos_fxc_unpol, kxc_unpol::lda_c_1d_loos_kxc_unpol,
    |         ^^^^^^^^^^^^^^^^^^^^^^^^^^^^^^^^^^ not a type

error[E0573]: expected type, found module `kxc_unpol::lda_c_1d_loos_kxc_unpol`
   --> src/eval/dispatch.rs:903:45
    |
903 |         fxc_unpol::lda_c_1d_loos_fxc_unpol, kxc_unpol::lda_c_1d_loos_kxc_unpol,
    |                                             ^^^^^^^^^^^^^^^^^^^^^^^^^^^^^^^^^^ not a type

error[E0573]: expected type, found module `lxc_unpol::lda_c_1d_loos_lxc_unpol`
   --> src/eval/dispatch.rs:904:9
    |
904 |         lxc_unpol::lda_c_1d_loos_lxc_unpol,
    |         ^^^^^^^^^^^^^^^^^^^^^^^^^^^^^^^^^^ not a type

error[E0573]: expected type, found module `exc_pol::lda_c_1d_loos_exc_pol`
   --> src/eval/dispatch.rs:905:9
    |
905 |         exc_pol::lda_c_1d_loos_exc_pol,    vxc_pol::lda_c_1d_loos_vxc_pol,
    |         ^^^^^^^^^^^^^^^^^^^^^^^^^^^^^^ not a type

error[E0573]: expected type, found module `vxc_pol::lda_c_1d_loos_vxc_pol`
   --> src/eval/dispatch.rs:905:44
    |
905 |         exc_pol::lda_c_1d_loos_exc_pol,    vxc_pol::lda_c_1d_loos_vxc_pol,
    |                                            ^^^^^^^^^^^^^^^^^^^^^^^^^^^^^^ not a type

error[E0573]: expected type, found module `fxc_pol::lda_c_1d_loos_fxc_pol`
   --> src/eval/dispatch.rs:906:9
    |
906 |         fxc_pol::lda_c_1d_loos_fxc_pol,    kxc_pol::lda_c_1d_loos_kxc_pol,
    |         ^^^^^^^^^^^^^^^^^^^^^^^^^^^^^^ not a type

error[E0573]: expected type, found module `kxc_pol::lda_c_1d_loos_kxc_pol`
   --> src/eval/dispatch.rs:906:44
    |
906 |         fxc_pol::lda_c_1d_loos_fxc_pol,    kxc_pol::lda_c_1d_loos_kxc_pol,
    |                                            ^^^^^^^^^^^^^^^^^^^^^^^^^^^^^^ not a type

error[E0573]: expected type, found module `lxc_pol::lda_c_1d_loos_lxc_pol`
   --> src/eval/dispatch.rs:907:9
    |
907 |         lxc_pol::lda_c_1d_loos_lxc_pol,
    |         ^^^^^^^^^^^^^^^^^^^^^^^^^^^^^^ not a type

error[E0573]: expected type, found module `exc_unpol::lda_c_gk72_exc_unpol`
   --> src/eval/dispatch.rs:917:9
    |
917 |         exc_unpol::lda_c_gk72_exc_unpol, vxc_unpol::lda_c_gk72_vxc_unpol,
    |         ^^^^^^^^^^^^^^^^^^^^^^^^^^^^^^^ not a type

error[E0573]: expected type, found module `vxc_unpol::lda_c_gk72_vxc_unpol`
   --> src/eval/dispatch.rs:917:42
    |
917 |         exc_unpol::lda_c_gk72_exc_unpol, vxc_unpol::lda_c_gk72_vxc_unpol,
    |                                          ^^^^^^^^^^^^^^^^^^^^^^^^^^^^^^^ not a type

error[E0573]: expected type, found module `fxc_unpol::lda_c_gk72_fxc_unpol`
   --> src/eval/dispatch.rs:918:9
    |
918 |         fxc_unpol::lda_c_gk72_fxc_unpol, kxc_unpol::lda_c_gk72_kxc_unpol,
    |         ^^^^^^^^^^^^^^^^^^^^^^^^^^^^^^^ not a type

error[E0573]: expected type, found module `kxc_unpol::lda_c_gk72_kxc_unpol`
   --> src/eval/dispatch.rs:918:42
    |
918 |         fxc_unpol::lda_c_gk72_fxc_unpol, kxc_unpol::lda_c_gk72_kxc_unpol,
    |                                          ^^^^^^^^^^^^^^^^^^^^^^^^^^^^^^^ not a type

error[E0573]: expected type, found module `lxc_unpol::lda_c_gk72_lxc_unpol`
   --> src/eval/dispatch.rs:919:9
    |
919 |         lxc_unpol::lda_c_gk72_lxc_unpol,
    |         ^^^^^^^^^^^^^^^^^^^^^^^^^^^^^^^ not a type

error[E0573]: expected type, found module `exc_pol::lda_c_gk72_exc_pol`
   --> src/eval/dispatch.rs:920:9
    |
920 |         exc_pol::lda_c_gk72_exc_pol,    vxc_pol::lda_c_gk72_vxc_pol,
    |         ^^^^^^^^^^^^^^^^^^^^^^^^^^^ not a type

error[E0573]: expected type, found module `vxc_pol::lda_c_gk72_vxc_pol`
   --> src/eval/dispatch.rs:920:41
    |
920 |         exc_pol::lda_c_gk72_exc_pol,    vxc_pol::lda_c_gk72_vxc_pol,
    |                                         ^^^^^^^^^^^^^^^^^^^^^^^^^^^ not a type

error[E0573]: expected type, found module `fxc_pol::lda_c_gk72_fxc_pol`
   --> src/eval/dispatch.rs:921:9
    |
921 |         fxc_pol::lda_c_gk72_fxc_pol,    kxc_pol::lda_c_gk72_kxc_pol,
    |         ^^^^^^^^^^^^^^^^^^^^^^^^^^^ not a type

error[E0573]: expected type, found module `kxc_pol::lda_c_gk72_kxc_pol`
   --> src/eval/dispatch.rs:921:41
    |
921 |         fxc_pol::lda_c_gk72_fxc_pol,    kxc_pol::lda_c_gk72_kxc_pol,
    |                                         ^^^^^^^^^^^^^^^^^^^^^^^^^^^ not a type

error[E0573]: expected type, found module `lxc_pol::lda_c_gk72_lxc_pol`
   --> src/eval/dispatch.rs:922:9
    |
922 |         lxc_pol::lda_c_gk72_lxc_pol,
    |         ^^^^^^^^^^^^^^^^^^^^^^^^^^^ not a type

error[E0573]: expected type, found module `exc_unpol::lda_c_gombas_exc_unpol`
   --> src/eval/dispatch.rs:932:9
    |
932 |         exc_unpol::lda_c_gombas_exc_unpol, vxc_unpol::lda_c_gombas_vxc_unpol,
    |         ^^^^^^^^^^^^^^^^^^^^^^^^^^^^^^^^^ not a type

error[E0573]: expected type, found module `vxc_unpol::lda_c_gombas_vxc_unpol`
   --> src/eval/dispatch.rs:932:44
    |
932 |         exc_unpol::lda_c_gombas_exc_unpol, vxc_unpol::lda_c_gombas_vxc_unpol,
    |                                            ^^^^^^^^^^^^^^^^^^^^^^^^^^^^^^^^^ not a type

error[E0573]: expected type, found module `fxc_unpol::lda_c_gombas_fxc_unpol`
   --> src/eval/dispatch.rs:933:9
    |
933 |         fxc_unpol::lda_c_gombas_fxc_unpol, kxc_unpol::lda_c_gombas_kxc_unpol,
    |         ^^^^^^^^^^^^^^^^^^^^^^^^^^^^^^^^^ not a type

error[E0573]: expected type, found module `kxc_unpol::lda_c_gombas_kxc_unpol`
   --> src/eval/dispatch.rs:933:44
    |
933 |         fxc_unpol::lda_c_gombas_fxc_unpol, kxc_unpol::lda_c_gombas_kxc_unpol,
    |                                            ^^^^^^^^^^^^^^^^^^^^^^^^^^^^^^^^^ not a type

error[E0573]: expected type, found module `lxc_unpol::lda_c_gombas_lxc_unpol`
   --> src/eval/dispatch.rs:934:9
    |
934 |         lxc_unpol::lda_c_gombas_lxc_unpol,
    |         ^^^^^^^^^^^^^^^^^^^^^^^^^^^^^^^^^ not a type

error[E0573]: expected type, found module `exc_pol::lda_c_gombas_exc_pol`
   --> src/eval/dispatch.rs:935:9
    |
935 |         exc_pol::lda_c_gombas_exc_pol,    vxc_pol::lda_c_gombas_vxc_pol,
    |         ^^^^^^^^^^^^^^^^^^^^^^^^^^^^^ not a type

error[E0573]: expected type, found module `vxc_pol::lda_c_gombas_vxc_pol`
   --> src/eval/dispatch.rs:935:43
    |
935 |         exc_pol::lda_c_gombas_exc_pol,    vxc_pol::lda_c_gombas_vxc_pol,
    |                                           ^^^^^^^^^^^^^^^^^^^^^^^^^^^^^ not a type

error[E0573]: expected type, found module `fxc_pol::lda_c_gombas_fxc_pol`
   --> src/eval/dispatch.rs:936:9
    |
936 |         fxc_pol::lda_c_gombas_fxc_pol,    kxc_pol::lda_c_gombas_kxc_pol,
    |         ^^^^^^^^^^^^^^^^^^^^^^^^^^^^^ not a type

error[E0573]: expected type, found module `kxc_pol::lda_c_gombas_kxc_pol`
   --> src/eval/dispatch.rs:936:43
    |
936 |         fxc_pol::lda_c_gombas_fxc_pol,    kxc_pol::lda_c_gombas_kxc_pol,
    |                                           ^^^^^^^^^^^^^^^^^^^^^^^^^^^^^ not a type

error[E0573]: expected type, found module `lxc_pol::lda_c_gombas_lxc_pol`
   --> src/eval/dispatch.rs:937:9
    |
937 |         lxc_pol::lda_c_gombas_lxc_pol,
    |         ^^^^^^^^^^^^^^^^^^^^^^^^^^^^^ not a type

error[E0573]: expected type, found module `exc_unpol::lda_c_lp96_exc_unpol`
   --> src/eval/dispatch.rs:948:9
    |
948 |         exc_unpol::lda_c_lp96_exc_unpol, vxc_unpol::lda_c_lp96_vxc_unpol,
    |         ^^^^^^^^^^^^^^^^^^^^^^^^^^^^^^^ not a type

error[E0573]: expected type, found module `vxc_unpol::lda_c_lp96_vxc_unpol`
   --> src/eval/dispatch.rs:948:42
    |
948 |         exc_unpol::lda_c_lp96_exc_unpol, vxc_unpol::lda_c_lp96_vxc_unpol,
    |                                          ^^^^^^^^^^^^^^^^^^^^^^^^^^^^^^^ not a type

error[E0573]: expected type, found module `fxc_unpol::lda_c_lp96_fxc_unpol`
   --> src/eval/dispatch.rs:949:9
    |
949 |         fxc_unpol::lda_c_lp96_fxc_unpol, kxc_unpol::lda_c_lp96_kxc_unpol,
    |         ^^^^^^^^^^^^^^^^^^^^^^^^^^^^^^^ not a type

error[E0573]: expected type, found module `kxc_unpol::lda_c_lp96_kxc_unpol`
   --> src/eval/dispatch.rs:949:42
    |
949 |         fxc_unpol::lda_c_lp96_fxc_unpol, kxc_unpol::lda_c_lp96_kxc_unpol,
    |                                          ^^^^^^^^^^^^^^^^^^^^^^^^^^^^^^^ not a type

error[E0573]: expected type, found module `lxc_unpol::lda_c_lp96_lxc_unpol`
   --> src/eval/dispatch.rs:950:9
    |
950 |         lxc_unpol::lda_c_lp96_lxc_unpol,
    |         ^^^^^^^^^^^^^^^^^^^^^^^^^^^^^^^ not a type

error[E0573]: expected type, found module `exc_pol::lda_c_lp96_exc_pol`
   --> src/eval/dispatch.rs:951:9
    |
951 |         exc_pol::lda_c_lp96_exc_pol,    vxc_pol::lda_c_lp96_vxc_pol,
    |         ^^^^^^^^^^^^^^^^^^^^^^^^^^^ not a type

error[E0573]: expected type, found module `vxc_pol::lda_c_lp96_vxc_pol`
   --> src/eval/dispatch.rs:951:41
    |
951 |         exc_pol::lda_c_lp96_exc_pol,    vxc_pol::lda_c_lp96_vxc_pol,
    |                                         ^^^^^^^^^^^^^^^^^^^^^^^^^^^ not a type

error[E0573]: expected type, found module `fxc_pol::lda_c_lp96_fxc_pol`
   --> src/eval/dispatch.rs:952:9
    |
952 |         fxc_pol::lda_c_lp96_fxc_pol,    kxc_pol::lda_c_lp96_kxc_pol,
    |         ^^^^^^^^^^^^^^^^^^^^^^^^^^^ not a type

error[E0573]: expected type, found module `kxc_pol::lda_c_lp96_kxc_pol`
   --> src/eval/dispatch.rs:952:41
    |
952 |         fxc_pol::lda_c_lp96_fxc_pol,    kxc_pol::lda_c_lp96_kxc_pol,
    |                                         ^^^^^^^^^^^^^^^^^^^^^^^^^^^ not a type

error[E0573]: expected type, found module `lxc_pol::lda_c_lp96_lxc_pol`
   --> src/eval/dispatch.rs:953:9
    |
953 |         lxc_pol::lda_c_lp96_lxc_pol,
    |         ^^^^^^^^^^^^^^^^^^^^^^^^^^^ not a type

error[E0573]: expected type, found module `exc_unpol::lda_c_ml1_exc_unpol`
   --> src/eval/dispatch.rs:964:9
    |
964 |         exc_unpol::lda_c_ml1_exc_unpol, vxc_unpol::lda_c_ml1_vxc_unpol,
    |         ^^^^^^^^^^^^^^^^^^^^^^^^^^^^^^ not a type

error[E0573]: expected type, found module `vxc_unpol::lda_c_ml1_vxc_unpol`
   --> src/eval/dispatch.rs:964:41
    |
964 |         exc_unpol::lda_c_ml1_exc_unpol, vxc_unpol::lda_c_ml1_vxc_unpol,
    |                                         ^^^^^^^^^^^^^^^^^^^^^^^^^^^^^^ not a type

error[E0573]: expected type, found module `fxc_unpol::lda_c_ml1_fxc_unpol`
   --> src/eval/dispatch.rs:965:9
    |
965 |         fxc_unpol::lda_c_ml1_fxc_unpol, kxc_unpol::lda_c_ml1_kxc_unpol,
    |         ^^^^^^^^^^^^^^^^^^^^^^^^^^^^^^ not a type

error[E0573]: expected type, found module `kxc_unpol::lda_c_ml1_kxc_unpol`
   --> src/eval/dispatch.rs:965:41
    |
965 |         fxc_unpol::lda_c_ml1_fxc_unpol, kxc_unpol::lda_c_ml1_kxc_unpol,
    |                                         ^^^^^^^^^^^^^^^^^^^^^^^^^^^^^^ not a type

error[E0573]: expected type, found module `lxc_unpol::lda_c_ml1_lxc_unpol`
   --> src/eval/dispatch.rs:966:9
    |
966 |         lxc_unpol::lda_c_ml1_lxc_unpol,
    |         ^^^^^^^^^^^^^^^^^^^^^^^^^^^^^^ not a type

error[E0573]: expected type, found module `exc_pol::lda_c_ml1_exc_pol`
   --> src/eval/dispatch.rs:967:9
    |
967 |         exc_pol::lda_c_ml1_exc_pol,    vxc_pol::lda_c_ml1_vxc_pol,
    |         ^^^^^^^^^^^^^^^^^^^^^^^^^^ not a type

error[E0573]: expected type, found module `vxc_pol::lda_c_ml1_vxc_pol`
   --> src/eval/dispatch.rs:967:40
    |
967 |         exc_pol::lda_c_ml1_exc_pol,    vxc_pol::lda_c_ml1_vxc_pol,
    |                                        ^^^^^^^^^^^^^^^^^^^^^^^^^^ not a type

error[E0573]: expected type, found module `fxc_pol::lda_c_ml1_fxc_pol`
   --> src/eval/dispatch.rs:968:9
    |
968 |         fxc_pol::lda_c_ml1_fxc_pol,    kxc_pol::lda_c_ml1_kxc_pol,
    |         ^^^^^^^^^^^^^^^^^^^^^^^^^^ not a type

error[E0573]: expected type, found module `kxc_pol::lda_c_ml1_kxc_pol`
   --> src/eval/dispatch.rs:968:40
    |
968 |         fxc_pol::lda_c_ml1_fxc_pol,    kxc_pol::lda_c_ml1_kxc_pol,
    |                                        ^^^^^^^^^^^^^^^^^^^^^^^^^^ not a type

error[E0573]: expected type, found module `lxc_pol::lda_c_ml1_lxc_pol`
   --> src/eval/dispatch.rs:969:9
    |
969 |         lxc_pol::lda_c_ml1_lxc_pol,
    |         ^^^^^^^^^^^^^^^^^^^^^^^^^^ not a type

error[E0573]: expected type, found module `exc_unpol::lda_c_w20_exc_unpol`
   --> src/eval/dispatch.rs:979:9
    |
979 |         exc_unpol::lda_c_w20_exc_unpol, vxc_unpol::lda_c_w20_vxc_unpol,
    |         ^^^^^^^^^^^^^^^^^^^^^^^^^^^^^^ not a type

error[E0573]: expected type, found module `vxc_unpol::lda_c_w20_vxc_unpol`
   --> src/eval/dispatch.rs:979:41
    |
979 |         exc_unpol::lda_c_w20_exc_unpol, vxc_unpol::lda_c_w20_vxc_unpol,
    |                                         ^^^^^^^^^^^^^^^^^^^^^^^^^^^^^^ not a type

error[E0573]: expected type, found module `fxc_unpol::lda_c_w20_fxc_unpol`
   --> src/eval/dispatch.rs:980:9
    |
980 |         fxc_unpol::lda_c_w20_fxc_unpol, kxc_unpol::lda_c_w20_kxc_unpol,
    |         ^^^^^^^^^^^^^^^^^^^^^^^^^^^^^^ not a type

error[E0573]: expected type, found module `kxc_unpol::lda_c_w20_kxc_unpol`
   --> src/eval/dispatch.rs:980:41
    |
980 |         fxc_unpol::lda_c_w20_fxc_unpol, kxc_unpol::lda_c_w20_kxc_unpol,
    |                                         ^^^^^^^^^^^^^^^^^^^^^^^^^^^^^^ not a type

error[E0573]: expected type, found module `lxc_unpol::lda_c_w20_lxc_unpol`
   --> src/eval/dispatch.rs:981:9
    |
981 |         lxc_unpol::lda_c_w20_lxc_unpol,
    |         ^^^^^^^^^^^^^^^^^^^^^^^^^^^^^^ not a type

error[E0573]: expected type, found module `exc_pol::lda_c_w20_exc_pol`
   --> src/eval/dispatch.rs:982:9
    |
982 |         exc_pol::lda_c_w20_exc_pol,    vxc_pol::lda_c_w20_vxc_pol,
    |         ^^^^^^^^^^^^^^^^^^^^^^^^^^ not a type

error[E0573]: expected type, found module `vxc_pol::lda_c_w20_vxc_pol`
   --> src/eval/dispatch.rs:982:40
    |
982 |         exc_pol::lda_c_w20_exc_pol,    vxc_pol::lda_c_w20_vxc_pol,
    |                                        ^^^^^^^^^^^^^^^^^^^^^^^^^^ not a type

error[E0573]: expected type, found module `fxc_pol::lda_c_w20_fxc_pol`
   --> src/eval/dispatch.rs:983:9
    |
983 |         fxc_pol::lda_c_w20_fxc_pol,    kxc_pol::lda_c_w20_kxc_pol,
    |         ^^^^^^^^^^^^^^^^^^^^^^^^^^ not a type

error[E0573]: expected type, found module `kxc_pol::lda_c_w20_kxc_pol`
   --> src/eval/dispatch.rs:983:40
    |
983 |         fxc_pol::lda_c_w20_fxc_pol,    kxc_pol::lda_c_w20_kxc_pol,
    |                                        ^^^^^^^^^^^^^^^^^^^^^^^^^^ not a type

error[E0573]: expected type, found module `lxc_pol::lda_c_w20_lxc_pol`
   --> src/eval/dispatch.rs:984:9
    |
984 |         lxc_pol::lda_c_w20_lxc_pol,
    |         ^^^^^^^^^^^^^^^^^^^^^^^^^^ not a type

error[E0573]: expected type, found module `exc_unpol::lda_c_chachiyo_exc_unpol`
   --> src/eval/dispatch.rs:996:9
    |
996 |         exc_unpol::lda_c_chachiyo_exc_unpol, vxc_unpol::lda_c_chachiyo_vxc_unpol,
    |         ^^^^^^^^^^^^^^^^^^^^^^^^^^^^^^^^^^^ not a type

error[E0573]: expected type, found module `vxc_unpol::lda_c_chachiyo_vxc_unpol`
   --> src/eval/dispatch.rs:996:46
    |
996 |         exc_unpol::lda_c_chachiyo_exc_unpol, vxc_unpol::lda_c_chachiyo_vxc_unpol,
    |                                              ^^^^^^^^^^^^^^^^^^^^^^^^^^^^^^^^^^^ not a type

error[E0573]: expected type, found module `fxc_unpol::lda_c_chachiyo_fxc_unpol`
   --> src/eval/dispatch.rs:997:9
    |
997 |         fxc_unpol::lda_c_chachiyo_fxc_unpol, kxc_unpol::lda_c_chachiyo_kxc_unpol,
    |         ^^^^^^^^^^^^^^^^^^^^^^^^^^^^^^^^^^^ not a type

error[E0573]: expected type, found module `kxc_unpol::lda_c_chachiyo_kxc_unpol`
   --> src/eval/dispatch.rs:997:46
    |
997 |         fxc_unpol::lda_c_chachiyo_fxc_unpol, kxc_unpol::lda_c_chachiyo_kxc_unpol,
    |                                              ^^^^^^^^^^^^^^^^^^^^^^^^^^^^^^^^^^^ not a type

error[E0573]: expected type, found module `lxc_unpol::lda_c_chachiyo_lxc_unpol`
   --> src/eval/dispatch.rs:998:9
    |
998 |         lxc_unpol::lda_c_chachiyo_lxc_unpol,
    |         ^^^^^^^^^^^^^^^^^^^^^^^^^^^^^^^^^^^ not a type

error[E0573]: expected type, found module `exc_pol::lda_c_chachiyo_exc_pol`
   --> src/eval/dispatch.rs:999:9
    |
999 |         exc_pol::lda_c_chachiyo_exc_pol,    vxc_pol::lda_c_chachiyo_vxc_pol,
    |         ^^^^^^^^^^^^^^^^^^^^^^^^^^^^^^^ not a type

error[E0573]: expected type, found module `vxc_pol::lda_c_chachiyo_vxc_pol`
   --> src/eval/dispatch.rs:999:45
    |
999 |         exc_pol::lda_c_chachiyo_exc_pol,    vxc_pol::lda_c_chachiyo_vxc_pol,
    |                                             ^^^^^^^^^^^^^^^^^^^^^^^^^^^^^^^ not a type

error[E0573]: expected type, found module `fxc_pol::lda_c_chachiyo_fxc_pol`
    --> src/eval/dispatch.rs:1000:9
     |
1000 |         fxc_pol::lda_c_chachiyo_fxc_pol,    kxc_pol::lda_c_chachiyo_kxc_pol,
     |         ^^^^^^^^^^^^^^^^^^^^^^^^^^^^^^^ not a type

error[E0573]: expected type, found module `kxc_pol::lda_c_chachiyo_kxc_pol`
    --> src/eval/dispatch.rs:1000:45
     |
1000 |         fxc_pol::lda_c_chachiyo_fxc_pol,    kxc_pol::lda_c_chachiyo_kxc_pol,
     |                                             ^^^^^^^^^^^^^^^^^^^^^^^^^^^^^^^ not a type

error[E0573]: expected type, found module `lxc_pol::lda_c_chachiyo_lxc_pol`
    --> src/eval/dispatch.rs:1001:9
     |
1001 |         lxc_pol::lda_c_chachiyo_lxc_pol,
     |         ^^^^^^^^^^^^^^^^^^^^^^^^^^^^^^^ not a type

error[E0573]: expected type, found module `exc_unpol::lda_c_chachiyo_mod_exc_unpol`
    --> src/eval/dispatch.rs:1019:9
     |
1019 |         exc_unpol::lda_c_chachiyo_mod_exc_unpol, vxc_unpol::lda_c_chachiyo_mod_vxc_unpol,
     |         ^^^^^^^^^^^^^^^^^^^^^^^^^^^^^^^^^^^^^^^ not a type

error[E0573]: expected type, found module `vxc_unpol::lda_c_chachiyo_mod_vxc_unpol`
    --> src/eval/dispatch.rs:1019:50
     |
1019 |         exc_unpol::lda_c_chachiyo_mod_exc_unpol, vxc_unpol::lda_c_chachiyo_mod_vxc_unpol,
     |                                                  ^^^^^^^^^^^^^^^^^^^^^^^^^^^^^^^^^^^^^^^ not a type

error[E0573]: expected type, found module `fxc_unpol::lda_c_chachiyo_mod_fxc_unpol`
    --> src/eval/dispatch.rs:1020:9
     |
1020 |         fxc_unpol::lda_c_chachiyo_mod_fxc_unpol, kxc_unpol::lda_c_chachiyo_mod_kxc_unpol,
     |         ^^^^^^^^^^^^^^^^^^^^^^^^^^^^^^^^^^^^^^^ not a type

error[E0573]: expected type, found module `kxc_unpol::lda_c_chachiyo_mod_kxc_unpol`
    --> src/eval/dispatch.rs:1020:50
     |
1020 |         fxc_unpol::lda_c_chachiyo_mod_fxc_unpol, kxc_unpol::lda_c_chachiyo_mod_kxc_unpol,
     |                                                  ^^^^^^^^^^^^^^^^^^^^^^^^^^^^^^^^^^^^^^^ not a type

error[E0573]: expected type, found module `lxc_unpol::lda_c_chachiyo_mod_lxc_unpol`
    --> src/eval/dispatch.rs:1021:9
     |
1021 |         lxc_unpol::lda_c_chachiyo_mod_lxc_unpol,
     |         ^^^^^^^^^^^^^^^^^^^^^^^^^^^^^^^^^^^^^^^ not a type

error[E0573]: expected type, found module `exc_pol::lda_c_chachiyo_mod_exc_pol`
    --> src/eval/dispatch.rs:1022:9
     |
1022 |         exc_pol::lda_c_chachiyo_mod_exc_pol,    vxc_pol::lda_c_chachiyo_mod_vxc_pol,
     |         ^^^^^^^^^^^^^^^^^^^^^^^^^^^^^^^^^^^ not a type

error[E0573]: expected type, found module `vxc_pol::lda_c_chachiyo_mod_vxc_pol`
    --> src/eval/dispatch.rs:1022:49
     |
1022 |         exc_pol::lda_c_chachiyo_mod_exc_pol,    vxc_pol::lda_c_chachiyo_mod_vxc_pol,
     |                                                 ^^^^^^^^^^^^^^^^^^^^^^^^^^^^^^^^^^^ not a type

error[E0573]: expected type, found module `fxc_pol::lda_c_chachiyo_mod_fxc_pol`
    --> src/eval/dispatch.rs:1023:9
     |
1023 |         fxc_pol::lda_c_chachiyo_mod_fxc_pol,    kxc_pol::lda_c_chachiyo_mod_kxc_pol,
     |         ^^^^^^^^^^^^^^^^^^^^^^^^^^^^^^^^^^^ not a type

error[E0573]: expected type, found module `kxc_pol::lda_c_chachiyo_mod_kxc_pol`
    --> src/eval/dispatch.rs:1023:49
     |
1023 |         fxc_pol::lda_c_chachiyo_mod_fxc_pol,    kxc_pol::lda_c_chachiyo_mod_kxc_pol,
     |                                                 ^^^^^^^^^^^^^^^^^^^^^^^^^^^^^^^^^^^ not a type

error[E0573]: expected type, found module `lxc_pol::lda_c_chachiyo_mod_lxc_pol`
    --> src/eval/dispatch.rs:1024:9
     |
1024 |         lxc_pol::lda_c_chachiyo_mod_lxc_pol,
     |         ^^^^^^^^^^^^^^^^^^^^^^^^^^^^^^^^^^^ not a type

error[E0573]: expected type, found module `exc_unpol::lda_k_tf_exc_unpol`
    --> src/eval/dispatch.rs:1041:9
     |
1041 |         exc_unpol::lda_k_tf_exc_unpol, vxc_unpol::lda_k_tf_vxc_unpol,
     |         ^^^^^^^^^^^^^^^^^^^^^^^^^^^^^ not a type

error[E0573]: expected type, found module `vxc_unpol::lda_k_tf_vxc_unpol`
    --> src/eval/dispatch.rs:1041:40
     |
1041 |         exc_unpol::lda_k_tf_exc_unpol, vxc_unpol::lda_k_tf_vxc_unpol,
     |                                        ^^^^^^^^^^^^^^^^^^^^^^^^^^^^^ not a type

error[E0573]: expected type, found module `fxc_unpol::lda_k_tf_fxc_unpol`
    --> src/eval/dispatch.rs:1042:9
     |
1042 |         fxc_unpol::lda_k_tf_fxc_unpol, kxc_unpol::lda_k_tf_kxc_unpol,
     |         ^^^^^^^^^^^^^^^^^^^^^^^^^^^^^ not a type

error[E0573]: expected type, found module `kxc_unpol::lda_k_tf_kxc_unpol`
    --> src/eval/dispatch.rs:1042:40
     |
1042 |         fxc_unpol::lda_k_tf_fxc_unpol, kxc_unpol::lda_k_tf_kxc_unpol,
     |                                        ^^^^^^^^^^^^^^^^^^^^^^^^^^^^^ not a type

error[E0573]: expected type, found module `lxc_unpol::lda_k_tf_lxc_unpol`
    --> src/eval/dispatch.rs:1043:9
     |
1043 |         lxc_unpol::lda_k_tf_lxc_unpol,
     |         ^^^^^^^^^^^^^^^^^^^^^^^^^^^^^ not a type

error[E0573]: expected type, found module `exc_pol::lda_k_tf_exc_pol`
    --> src/eval/dispatch.rs:1044:9
     |
1044 |         exc_pol::lda_k_tf_exc_pol,    vxc_pol::lda_k_tf_vxc_pol,
     |         ^^^^^^^^^^^^^^^^^^^^^^^^^ not a type

error[E0573]: expected type, found module `vxc_pol::lda_k_tf_vxc_pol`
    --> src/eval/dispatch.rs:1044:39
     |
1044 |         exc_pol::lda_k_tf_exc_pol,    vxc_pol::lda_k_tf_vxc_pol,
     |                                       ^^^^^^^^^^^^^^^^^^^^^^^^^ not a type

error[E0573]: expected type, found module `fxc_pol::lda_k_tf_fxc_pol`
    --> src/eval/dispatch.rs:1045:9
     |
1045 |         fxc_pol::lda_k_tf_fxc_pol,    kxc_pol::lda_k_tf_kxc_pol,
     |         ^^^^^^^^^^^^^^^^^^^^^^^^^ not a type

error[E0573]: expected type, found module `kxc_pol::lda_k_tf_kxc_pol`
    --> src/eval/dispatch.rs:1045:39
     |
1045 |         fxc_pol::lda_k_tf_fxc_pol,    kxc_pol::lda_k_tf_kxc_pol,
     |                                       ^^^^^^^^^^^^^^^^^^^^^^^^^ not a type

error[E0573]: expected type, found module `lxc_pol::lda_k_tf_lxc_pol`
    --> src/eval/dispatch.rs:1046:9
     |
1046 |         lxc_pol::lda_k_tf_lxc_pol,
     |         ^^^^^^^^^^^^^^^^^^^^^^^^^ not a type

error[E0573]: expected type, found module `exc_unpol::lda_k_zlp_exc_unpol`
    --> src/eval/dispatch.rs:1056:9
     |
1056 |         exc_unpol::lda_k_zlp_exc_unpol, vxc_unpol::lda_k_zlp_vxc_unpol,
     |         ^^^^^^^^^^^^^^^^^^^^^^^^^^^^^^ not a type

error[E0573]: expected type, found module `vxc_unpol::lda_k_zlp_vxc_unpol`
    --> src/eval/dispatch.rs:1056:41
     |
1056 |         exc_unpol::lda_k_zlp_exc_unpol, vxc_unpol::lda_k_zlp_vxc_unpol,
     |                                         ^^^^^^^^^^^^^^^^^^^^^^^^^^^^^^ not a type

error[E0573]: expected type, found module `fxc_unpol::lda_k_zlp_fxc_unpol`
    --> src/eval/dispatch.rs:1057:9
     |
1057 |         fxc_unpol::lda_k_zlp_fxc_unpol, kxc_unpol::lda_k_zlp_kxc_unpol,
     |         ^^^^^^^^^^^^^^^^^^^^^^^^^^^^^^ not a type

error[E0573]: expected type, found module `kxc_unpol::lda_k_zlp_kxc_unpol`
    --> src/eval/dispatch.rs:1057:41
     |
1057 |         fxc_unpol::lda_k_zlp_fxc_unpol, kxc_unpol::lda_k_zlp_kxc_unpol,
     |                                         ^^^^^^^^^^^^^^^^^^^^^^^^^^^^^^ not a type

error[E0573]: expected type, found module `lxc_unpol::lda_k_zlp_lxc_unpol`
    --> src/eval/dispatch.rs:1058:9
     |
1058 |         lxc_unpol::lda_k_zlp_lxc_unpol,
     |         ^^^^^^^^^^^^^^^^^^^^^^^^^^^^^^ not a type

error[E0573]: expected type, found module `exc_pol::lda_k_zlp_exc_pol`
    --> src/eval/dispatch.rs:1059:9
     |
1059 |         exc_pol::lda_k_zlp_exc_pol,    vxc_pol::lda_k_zlp_vxc_pol,
     |         ^^^^^^^^^^^^^^^^^^^^^^^^^^ not a type

error[E0573]: expected type, found module `vxc_pol::lda_k_zlp_vxc_pol`
    --> src/eval/dispatch.rs:1059:40
     |
1059 |         exc_pol::lda_k_zlp_exc_pol,    vxc_pol::lda_k_zlp_vxc_pol,
     |                                        ^^^^^^^^^^^^^^^^^^^^^^^^^^ not a type

error[E0573]: expected type, found module `fxc_pol::lda_k_zlp_fxc_pol`
    --> src/eval/dispatch.rs:1060:9
     |
1060 |         fxc_pol::lda_k_zlp_fxc_pol,    kxc_pol::lda_k_zlp_kxc_pol,
     |         ^^^^^^^^^^^^^^^^^^^^^^^^^^ not a type

error[E0573]: expected type, found module `kxc_pol::lda_k_zlp_kxc_pol`
    --> src/eval/dispatch.rs:1060:40
     |
1060 |         fxc_pol::lda_k_zlp_fxc_pol,    kxc_pol::lda_k_zlp_kxc_pol,
     |                                        ^^^^^^^^^^^^^^^^^^^^^^^^^^ not a type

error[E0573]: expected type, found module `lxc_pol::lda_k_zlp_lxc_pol`
    --> src/eval/dispatch.rs:1061:9
     |
1061 |         lxc_pol::lda_k_zlp_lxc_pol,
     |         ^^^^^^^^^^^^^^^^^^^^^^^^^^ not a type

error[E0573]: expected type, found module `exc_unpol::lda_xc_teter93_exc_unpol`
    --> src/eval/dispatch.rs:1071:9
     |
1071 |         exc_unpol::lda_xc_teter93_exc_unpol, vxc_unpol::lda_xc_teter93_vxc_unpol,
     |         ^^^^^^^^^^^^^^^^^^^^^^^^^^^^^^^^^^^ not a type

error[E0573]: expected type, found module `vxc_unpol::lda_xc_teter93_vxc_unpol`
    --> src/eval/dispatch.rs:1071:46
     |
1071 |         exc_unpol::lda_xc_teter93_exc_unpol, vxc_unpol::lda_xc_teter93_vxc_unpol,
     |                                              ^^^^^^^^^^^^^^^^^^^^^^^^^^^^^^^^^^^ not a type

error[E0573]: expected type, found module `fxc_unpol::lda_xc_teter93_fxc_unpol`
    --> src/eval/dispatch.rs:1072:9
     |
1072 |         fxc_unpol::lda_xc_teter93_fxc_unpol, kxc_unpol::lda_xc_teter93_kxc_unpol,
     |         ^^^^^^^^^^^^^^^^^^^^^^^^^^^^^^^^^^^ not a type

error[E0573]: expected type, found module `kxc_unpol::lda_xc_teter93_kxc_unpol`
    --> src/eval/dispatch.rs:1072:46
     |
1072 |         fxc_unpol::lda_xc_teter93_fxc_unpol, kxc_unpol::lda_xc_teter93_kxc_unpol,
     |                                              ^^^^^^^^^^^^^^^^^^^^^^^^^^^^^^^^^^^ not a type

error[E0573]: expected type, found module `lxc_unpol::lda_xc_teter93_lxc_unpol`
    --> src/eval/dispatch.rs:1073:9
     |
1073 |         lxc_unpol::lda_xc_teter93_lxc_unpol,
     |         ^^^^^^^^^^^^^^^^^^^^^^^^^^^^^^^^^^^ not a type

error[E0573]: expected type, found module `exc_pol::lda_xc_teter93_exc_pol`
    --> src/eval/dispatch.rs:1074:9
     |
1074 |         exc_pol::lda_xc_teter93_exc_pol,    vxc_pol::lda_xc_teter93_vxc_pol,
     |         ^^^^^^^^^^^^^^^^^^^^^^^^^^^^^^^ not a type

error[E0573]: expected type, found module `vxc_pol::lda_xc_teter93_vxc_pol`
    --> src/eval/dispatch.rs:1074:45
     |
1074 |         exc_pol::lda_xc_teter93_exc_pol,    vxc_pol::lda_xc_teter93_vxc_pol,
     |                                             ^^^^^^^^^^^^^^^^^^^^^^^^^^^^^^^ not a type

error[E0573]: expected type, found module `fxc_pol::lda_xc_teter93_fxc_pol`
    --> src/eval/dispatch.rs:1075:9
     |
1075 |         fxc_pol::lda_xc_teter93_fxc_pol,    kxc_pol::lda_xc_teter93_kxc_pol,
     |         ^^^^^^^^^^^^^^^^^^^^^^^^^^^^^^^ not a type

error[E0573]: expected type, found module `kxc_pol::lda_xc_teter93_kxc_pol`
    --> src/eval/dispatch.rs:1075:45
     |
1075 |         fxc_pol::lda_xc_teter93_fxc_pol,    kxc_pol::lda_xc_teter93_kxc_pol,
     |                                             ^^^^^^^^^^^^^^^^^^^^^^^^^^^^^^^ not a type

error[E0573]: expected type, found module `lxc_pol::lda_xc_teter93_lxc_pol`
    --> src/eval/dispatch.rs:1076:9
     |
1076 |         lxc_pol::lda_xc_teter93_lxc_pol,
     |         ^^^^^^^^^^^^^^^^^^^^^^^^^^^^^^^ not a type

error[E0573]: expected type, found module `exc_unpol::lda_xc_zlp_exc_unpol`
    --> src/eval/dispatch.rs:1086:9
     |
1086 |         exc_unpol::lda_xc_zlp_exc_unpol, vxc_unpol::lda_xc_zlp_vxc_unpol,
     |         ^^^^^^^^^^^^^^^^^^^^^^^^^^^^^^^ not a type

error[E0573]: expected type, found module `vxc_unpol::lda_xc_zlp_vxc_unpol`
    --> src/eval/dispatch.rs:1086:42
     |
1086 |         exc_unpol::lda_xc_zlp_exc_unpol, vxc_unpol::lda_xc_zlp_vxc_unpol,
     |                                          ^^^^^^^^^^^^^^^^^^^^^^^^^^^^^^^ not a type

error[E0573]: expected type, found module `fxc_unpol::lda_xc_zlp_fxc_unpol`
    --> src/eval/dispatch.rs:1087:9
     |
1087 |         fxc_unpol::lda_xc_zlp_fxc_unpol, kxc_unpol::lda_xc_zlp_kxc_unpol,
     |         ^^^^^^^^^^^^^^^^^^^^^^^^^^^^^^^ not a type

error[E0573]: expected type, found module `kxc_unpol::lda_xc_zlp_kxc_unpol`
    --> src/eval/dispatch.rs:1087:42
     |
1087 |         fxc_unpol::lda_xc_zlp_fxc_unpol, kxc_unpol::lda_xc_zlp_kxc_unpol,
     |                                          ^^^^^^^^^^^^^^^^^^^^^^^^^^^^^^^ not a type

error[E0573]: expected type, found module `lxc_unpol::lda_xc_zlp_lxc_unpol`
    --> src/eval/dispatch.rs:1088:9
     |
1088 |         lxc_unpol::lda_xc_zlp_lxc_unpol,
     |         ^^^^^^^^^^^^^^^^^^^^^^^^^^^^^^^ not a type

error[E0573]: expected type, found module `exc_pol::lda_xc_zlp_exc_pol`
    --> src/eval/dispatch.rs:1089:9
     |
1089 |         exc_pol::lda_xc_zlp_exc_pol,    vxc_pol::lda_xc_zlp_vxc_pol,
     |         ^^^^^^^^^^^^^^^^^^^^^^^^^^^ not a type

error[E0573]: expected type, found module `vxc_pol::lda_xc_zlp_vxc_pol`
    --> src/eval/dispatch.rs:1089:41
     |
1089 |         exc_pol::lda_xc_zlp_exc_pol,    vxc_pol::lda_xc_zlp_vxc_pol,
     |                                         ^^^^^^^^^^^^^^^^^^^^^^^^^^^ not a type

error[E0573]: expected type, found module `fxc_pol::lda_xc_zlp_fxc_pol`
    --> src/eval/dispatch.rs:1090:9
     |
1090 |         fxc_pol::lda_xc_zlp_fxc_pol,    kxc_pol::lda_xc_zlp_kxc_pol,
     |         ^^^^^^^^^^^^^^^^^^^^^^^^^^^ not a type

error[E0573]: expected type, found module `kxc_pol::lda_xc_zlp_kxc_pol`
    --> src/eval/dispatch.rs:1090:41
     |
1090 |         fxc_pol::lda_xc_zlp_fxc_pol,    kxc_pol::lda_xc_zlp_kxc_pol,
     |                                         ^^^^^^^^^^^^^^^^^^^^^^^^^^^ not a type

error[E0573]: expected type, found module `lxc_pol::lda_xc_zlp_lxc_pol`
    --> src/eval/dispatch.rs:1091:9
     |
1091 |         lxc_pol::lda_xc_zlp_lxc_pol,
     |         ^^^^^^^^^^^^^^^^^^^^^^^^^^^ not a type

error[E0573]: expected type, found module `vxc_unpol::lda_xc_tih_vxc_unpol`
    --> src/eval/dispatch.rs:1101:9
     |
1101 |         vxc_unpol::lda_xc_tih_vxc_unpol, fxc_unpol::lda_xc_tih_fxc_unpol,
     |         ^^^^^^^^^^^^^^^^^^^^^^^^^^^^^^^ not a type

error[E0573]: expected type, found module `fxc_unpol::lda_xc_tih_fxc_unpol`
    --> src/eval/dispatch.rs:1101:42
     |
1101 |         vxc_unpol::lda_xc_tih_vxc_unpol, fxc_unpol::lda_xc_tih_fxc_unpol,
     |                                          ^^^^^^^^^^^^^^^^^^^^^^^^^^^^^^^ not a type

error[E0573]: expected type, found module `kxc_unpol::lda_xc_tih_kxc_unpol`
    --> src/eval/dispatch.rs:1102:9
     |
1102 |         kxc_unpol::lda_xc_tih_kxc_unpol, lxc_unpol::lda_xc_tih_lxc_unpol,
     |         ^^^^^^^^^^^^^^^^^^^^^^^^^^^^^^^ not a type

error[E0573]: expected type, found module `lxc_unpol::lda_xc_tih_lxc_unpol`
    --> src/eval/dispatch.rs:1102:42
     |
1102 |         kxc_unpol::lda_xc_tih_kxc_unpol, lxc_unpol::lda_xc_tih_lxc_unpol,
     |                                          ^^^^^^^^^^^^^^^^^^^^^^^^^^^^^^^ not a type

error[E0573]: expected type, found module `vxc_pol::lda_xc_tih_vxc_pol`
    --> src/eval/dispatch.rs:1103:9
     |
1103 |         vxc_pol::lda_xc_tih_vxc_pol,    fxc_pol::lda_xc_tih_fxc_pol,
     |         ^^^^^^^^^^^^^^^^^^^^^^^^^^^ not a type

error[E0573]: expected type, found module `fxc_pol::lda_xc_tih_fxc_pol`
    --> src/eval/dispatch.rs:1103:41
     |
1103 |         vxc_pol::lda_xc_tih_vxc_pol,    fxc_pol::lda_xc_tih_fxc_pol,
     |                                         ^^^^^^^^^^^^^^^^^^^^^^^^^^^ not a type

error[E0573]: expected type, found module `kxc_pol::lda_xc_tih_kxc_pol`
    --> src/eval/dispatch.rs:1104:9
     |
1104 |         kxc_pol::lda_xc_tih_kxc_pol,    lxc_pol::lda_xc_tih_lxc_pol,
     |         ^^^^^^^^^^^^^^^^^^^^^^^^^^^ not a type

error[E0573]: expected type, found module `lxc_pol::lda_xc_tih_lxc_pol`
    --> src/eval/dispatch.rs:1104:41
     |
1104 |         kxc_pol::lda_xc_tih_kxc_pol,    lxc_pol::lda_xc_tih_lxc_pol,
     |                                         ^^^^^^^^^^^^^^^^^^^^^^^^^^^ not a type

error[E0573]: expected type, found module `exc_unpol::lda_xc_1d_ehwlrg_exc_unpol`
    --> src/eval/dispatch.rs:1122:9
     |
1122 |         exc_unpol::lda_xc_1d_ehwlrg_exc_unpol, vxc_unpol::lda_xc_1d_ehwlrg_vxc_unpol,
     |         ^^^^^^^^^^^^^^^^^^^^^^^^^^^^^^^^^^^^^ not a type

error[E0573]: expected type, found module `vxc_unpol::lda_xc_1d_ehwlrg_vxc_unpol`
    --> src/eval/dispatch.rs:1122:48
     |
1122 |         exc_unpol::lda_xc_1d_ehwlrg_exc_unpol, vxc_unpol::lda_xc_1d_ehwlrg_vxc_unpol,
     |                                                ^^^^^^^^^^^^^^^^^^^^^^^^^^^^^^^^^^^^^ not a type

error[E0573]: expected type, found module `fxc_unpol::lda_xc_1d_ehwlrg_fxc_unpol`
    --> src/eval/dispatch.rs:1123:9
     |
1123 |         fxc_unpol::lda_xc_1d_ehwlrg_fxc_unpol, kxc_unpol::lda_xc_1d_ehwlrg_kxc_unpol,
     |         ^^^^^^^^^^^^^^^^^^^^^^^^^^^^^^^^^^^^^ not a type

error[E0573]: expected type, found module `kxc_unpol::lda_xc_1d_ehwlrg_kxc_unpol`
    --> src/eval/dispatch.rs:1123:48
     |
1123 |         fxc_unpol::lda_xc_1d_ehwlrg_fxc_unpol, kxc_unpol::lda_xc_1d_ehwlrg_kxc_unpol,
     |                                                ^^^^^^^^^^^^^^^^^^^^^^^^^^^^^^^^^^^^^ not a type

error[E0573]: expected type, found module `lxc_unpol::lda_xc_1d_ehwlrg_lxc_unpol`
    --> src/eval/dispatch.rs:1124:9
     |
1124 |         lxc_unpol::lda_xc_1d_ehwlrg_lxc_unpol,
     |         ^^^^^^^^^^^^^^^^^^^^^^^^^^^^^^^^^^^^^ not a type

error[E0573]: expected type, found module `exc_pol::lda_xc_1d_ehwlrg_exc_pol`
    --> src/eval/dispatch.rs:1125:9
     |
1125 |         exc_pol::lda_xc_1d_ehwlrg_exc_pol,    vxc_pol::lda_xc_1d_ehwlrg_vxc_pol,
     |         ^^^^^^^^^^^^^^^^^^^^^^^^^^^^^^^^^ not a type

error[E0573]: expected type, found module `vxc_pol::lda_xc_1d_ehwlrg_vxc_pol`
    --> src/eval/dispatch.rs:1125:47
     |
1125 |         exc_pol::lda_xc_1d_ehwlrg_exc_pol,    vxc_pol::lda_xc_1d_ehwlrg_vxc_pol,
     |                                               ^^^^^^^^^^^^^^^^^^^^^^^^^^^^^^^^^ not a type

error[E0573]: expected type, found module `fxc_pol::lda_xc_1d_ehwlrg_fxc_pol`
    --> src/eval/dispatch.rs:1126:9
     |
1126 |         fxc_pol::lda_xc_1d_ehwlrg_fxc_pol,    kxc_pol::lda_xc_1d_ehwlrg_kxc_pol,
     |         ^^^^^^^^^^^^^^^^^^^^^^^^^^^^^^^^^ not a type

error[E0573]: expected type, found module `kxc_pol::lda_xc_1d_ehwlrg_kxc_pol`
    --> src/eval/dispatch.rs:1126:47
     |
1126 |         fxc_pol::lda_xc_1d_ehwlrg_fxc_pol,    kxc_pol::lda_xc_1d_ehwlrg_kxc_pol,
     |                                               ^^^^^^^^^^^^^^^^^^^^^^^^^^^^^^^^^ not a type

error[E0573]: expected type, found module `lxc_pol::lda_xc_1d_ehwlrg_lxc_pol`
    --> src/eval/dispatch.rs:1127:9
     |
1127 |         lxc_pol::lda_xc_1d_ehwlrg_lxc_pol,
     |         ^^^^^^^^^^^^^^^^^^^^^^^^^^^^^^^^^ not a type

error[E0573]: expected type, found module `exc_unpol::hyb_lda_xc_bn05_exc_unpol`
    --> src/eval/dispatch.rs:1138:9
     |
1138 |         exc_unpol::hyb_lda_xc_bn05_exc_unpol, vxc_unpol::hyb_lda_xc_bn05_vxc_unpol,
     |         ^^^^^^^^^^^^^^^^^^^^^^^^^^^^^^^^^^^^ not a type

error[E0573]: expected type, found module `vxc_unpol::hyb_lda_xc_bn05_vxc_unpol`
    --> src/eval/dispatch.rs:1138:47
     |
1138 |         exc_unpol::hyb_lda_xc_bn05_exc_unpol, vxc_unpol::hyb_lda_xc_bn05_vxc_unpol,
     |                                               ^^^^^^^^^^^^^^^^^^^^^^^^^^^^^^^^^^^^ not a type

error[E0573]: expected type, found module `fxc_unpol::hyb_lda_xc_bn05_fxc_unpol`
    --> src/eval/dispatch.rs:1139:9
     |
1139 |         fxc_unpol::hyb_lda_xc_bn05_fxc_unpol, kxc_unpol::hyb_lda_xc_bn05_kxc_unpol,
     |         ^^^^^^^^^^^^^^^^^^^^^^^^^^^^^^^^^^^^ not a type

error[E0573]: expected type, found module `kxc_unpol::hyb_lda_xc_bn05_kxc_unpol`
    --> src/eval/dispatch.rs:1139:47
     |
1139 |         fxc_unpol::hyb_lda_xc_bn05_fxc_unpol, kxc_unpol::hyb_lda_xc_bn05_kxc_unpol,
     |                                               ^^^^^^^^^^^^^^^^^^^^^^^^^^^^^^^^^^^^ not a type

error[E0573]: expected type, found module `lxc_unpol::hyb_lda_xc_bn05_lxc_unpol`
    --> src/eval/dispatch.rs:1140:9
     |
1140 |         lxc_unpol::hyb_lda_xc_bn05_lxc_unpol,
     |         ^^^^^^^^^^^^^^^^^^^^^^^^^^^^^^^^^^^^ not a type

error[E0573]: expected type, found module `exc_pol::hyb_lda_xc_bn05_exc_pol`
    --> src/eval/dispatch.rs:1141:9
     |
1141 |         exc_pol::hyb_lda_xc_bn05_exc_pol,    vxc_pol::hyb_lda_xc_bn05_vxc_pol,
     |         ^^^^^^^^^^^^^^^^^^^^^^^^^^^^^^^^ not a type

error[E0573]: expected type, found module `vxc_pol::hyb_lda_xc_bn05_vxc_pol`
    --> src/eval/dispatch.rs:1141:46
     |
1141 |         exc_pol::hyb_lda_xc_bn05_exc_pol,    vxc_pol::hyb_lda_xc_bn05_vxc_pol,
     |                                              ^^^^^^^^^^^^^^^^^^^^^^^^^^^^^^^^ not a type

error[E0573]: expected type, found module `fxc_pol::hyb_lda_xc_bn05_fxc_pol`
    --> src/eval/dispatch.rs:1142:9
     |
1142 |         fxc_pol::hyb_lda_xc_bn05_fxc_pol,    kxc_pol::hyb_lda_xc_bn05_kxc_pol,
     |         ^^^^^^^^^^^^^^^^^^^^^^^^^^^^^^^^ not a type

error[E0573]: expected type, found module `kxc_pol::hyb_lda_xc_bn05_kxc_pol`
    --> src/eval/dispatch.rs:1142:46
     |
1142 |         fxc_pol::hyb_lda_xc_bn05_fxc_pol,    kxc_pol::hyb_lda_xc_bn05_kxc_pol,
     |                                              ^^^^^^^^^^^^^^^^^^^^^^^^^^^^^^^^ not a type

error[E0573]: expected type, found module `lxc_pol::hyb_lda_xc_bn05_lxc_pol`
    --> src/eval/dispatch.rs:1143:9
     |
1143 |         lxc_pol::hyb_lda_xc_bn05_lxc_pol,
     |         ^^^^^^^^^^^^^^^^^^^^^^^^^^^^^^^^ not a type

For more information about this error, try `rustc --explain E0573`.
error: could not compile `libxc_rs` (lib) due to 358 previous errors
